--------- beginning of main
09-17 15:49:58.712 I/Choreographer( 6073): first vsync insert message into MessageQueue Head
09-17 15:49:58.961 I/Choreographer(18588): first vsync insert message into MessageQueue Head
09-17 15:50:02.347 I/Choreographer(18588): Skipped 55 frames!  The application may be doing too much work on its main thread.
09-17 15:50:02.933 I/Choreographer(18588): Skipped 69 frames!  The application may be doing too much work on its main thread.
09-17 15:50:04.939 I/StapelScan(18588): stoss start=1789653004736 dauer=68 spitze=6,4 einwurf=false
09-17 15:50:04.996 I/GuideArt(18588): umrandung - in 77ms kandidaten=38699854@0,56 38699854@0,54 38699854@0,57 38699854@0,53 38699854@0,49 guide=NRect(l=0.23501578, t=0.20780757, r=0.7649842, b=0.79219246)
09-17 15:50:05.033 I/StapelScan(18588): stoss start=1789653004950 dauer=0 spitze=3,0 einwurf=false
09-17 15:50:05.140 I/GuideArt(18588): umrandung - in 48ms kandidaten=38699854@0,58 38699854@0,53 38699854@0,55 94256039@0,52 38699854@0,54 guide=NRect(l=0.23501578, t=0.20780757, r=0.7649842, b=0.79219246)
09-17 15:50:05.300 I/GuideArt(18588): umrandung - in 47ms kandidaten=38699854@0,58 38699854@0,53 38699854@0,55 94256039@0,52 38699854@0,53 guide=NRect(l=0.23501578, t=0.20780757, r=0.7649842, b=0.79219246)
09-17 15:50:05.604 I/GuideArt(18588): umrandung - in 48ms kandidaten=38699854@0,58 38699854@0,53 38699854@0,53 94256039@0,51 38699854@0,53 guide=NRect(l=0.23501578, t=0.20780757, r=0.7649842, b=0.79219246)
09-17 15:50:05.776 I/GuideArt(18588): umrandung - in 49ms kandidaten=38699854@0,58 38699854@0,53 38699854@0,54 38699854@0,50 38699854@0,53 guide=NRect(l=0.23501578, t=0.20780757, r=0.7649842, b=0.79219246)
09-17 15:50:05.954 I/GuideArt(18588): umrandung - in 47ms kandidaten=38699854@0,58 38699854@0,53 38699854@0,53 38699854@0,50 38699854@0,54 guide=NRect(l=0.23501578, t=0.20780757, r=0.7649842, b=0.79219246)
09-17 15:50:06.126 I/GuideArt(18588): umrandung - in 49ms kandidaten=38699854@0,58 38699854@0,53 38699854@0,54 38699854@0,50 38699854@0,53 guide=NRect(l=0.23501578, t=0.20780757, r=0.7649842, b=0.79219246)
09-17 15:50:06.281 I/GuideArt(18588): umrandung - in 47ms kandidaten=38699854@0,56 38699854@0,52 38699854@0,54 38699854@0,51 38699854@0,54 guide=NRect(l=0.23501578, t=0.20780757, r=0.7649842, b=0.79219246)
09-17 15:50:06.459 I/GuideArt(18588): umrandung - in 48ms kandidaten=38699854@0,56 38699854@0,52 2204140@0,54 38699854@0,51 38699854@0,53 guide=NRect(l=0.23501578, t=0.20780757, r=0.7649842, b=0.79219246)
09-17 15:50:06.605 I/GuideArt(18588): umrandung - in 49ms kandidaten=38699854@0,57 38699854@0,52 38699854@0,53 38699854@0,51 38699854@0,53 guide=NRect(l=0.23501578, t=0.20780757, r=0.7649842, b=0.79219246)
09-17 15:50:06.777 I/GuideArt(18588): umrandung - in 49ms kandidaten=38699854@0,57 38699854@0,53 2204140@0,54 38699854@0,51 38699854@0,53 guide=NRect(l=0.23501578, t=0.20780757, r=0.7649842, b=0.79219246)
09-17 15:50:06.944 I/GuideArt(18588): umrandung - in 48ms kandidaten=38699854@0,56 38699854@0,52 2204140@0,56 38699854@0,52 38699854@0,53 guide=NRect(l=0.23501578, t=0.20780757, r=0.7649842, b=0.79219246)
09-17 15:50:07.151 I/GuideArt(18588): umrandung - in 52ms kandidaten=38699854@0,56 38699854@0,53 2204140@0,55 38699854@0,51 38699854@0,52 guide=NRect(l=0.23501578, t=0.20780757, r=0.7649842, b=0.79219246)
09-17 15:50:07.338 I/GuideArt(18588): umrandung - in 56ms kandidaten=38699854@0,58 38699854@0,53 38699854@0,55 38699854@0,50 38699854@0,53 guide=NRect(l=0.23501578, t=0.20780757, r=0.7649842, b=0.79219246)
09-17 15:50:07.553 I/GuideArt(18588): umrandung - in 55ms kandidaten=38699854@0,57 38699854@0,54 2204140@0,56 38699854@0,52 38699854@0,53 guide=NRect(l=0.23501578, t=0.20780757, r=0.7649842, b=0.79219246)
09-17 15:50:07.748 I/GuideArt(18588): umrandung - in 56ms kandidaten=38699854@0,56 38699854@0,54 2204140@0,55 38699854@0,51 38699854@0,53 guide=NRect(l=0.23501578, t=0.20780757, r=0.7649842, b=0.79219246)
09-17 15:50:07.971 I/GuideArt(18588): umrandung - in 68ms kandidaten=38699854@0,56 38699854@0,53 2204140@0,55 38699854@0,51 38699854@0,54 guide=NRect(l=0.23501578, t=0.20780757, r=0.7649842, b=0.79219246)
09-17 15:50:08.186 I/GuideArt(18588): umrandung - in 71ms kandidaten=38699854@0,58 38699854@0,54 38699854@0,55 38699854@0,50 38699854@0,52 guide=NRect(l=0.23501578, t=0.20780757, r=0.7649842, b=0.79219246)
09-17 15:50:08.424 I/GuideArt(18588): umrandung - in 72ms kandidaten=38699854@0,58 38699854@0,54 38699854@0,56 38699854@0,51 38699854@0,52 guide=NRect(l=0.23501578, t=0.20780757, r=0.7649842, b=0.79219246)
09-17 15:50:08.625 I/GuideArt(18588): umrandung - in 70ms kandidaten=38699854@0,57 38699854@0,54 38699854@0,56 38699854@0,50 38699854@0,52 guide=NRect(l=0.23501578, t=0.20780757, r=0.7649842, b=0.79219246)
09-17 15:50:08.831 I/GuideArt(18588): umrandung - in 73ms kandidaten=38699854@0,58 38699854@0,55 38699854@0,56 38699854@0,51 38699854@0,52 guide=NRect(l=0.23501578, t=0.20780757, r=0.7649842, b=0.79219246)
09-17 15:50:09.094 I/GuideArt(18588): umrandung - in 70ms kandidaten=38699854@0,58 38699854@0,54 38699854@0,56 38699854@0,50 38699854@0,53 guide=NRect(l=0.23501578, t=0.20780757, r=0.7649842, b=0.79219246)
09-17 15:50:09.113 I/StapelScan(18588): stoss start=1789653009041 dauer=0 spitze=5,2 einwurf=false
09-17 15:50:09.305 I/GuideArt(18588): umrandung - in 70ms kandidaten=2204140@0,53 94256039@0,52 2204140@0,52 38699854@0,53 38699854@0,52 guide=NRect(l=0.23501578, t=0.20780757, r=0.7649842, b=0.79219246)
09-17 15:50:09.511 I/GuideArt(18588): umrandung - in 70ms kandidaten=38699854@0,52 94256039@0,54 38699854@0,50 94256039@0,53 38699854@0,52 guide=NRect(l=0.23501578, t=0.20780757, r=0.7649842, b=0.79219246)
09-17 15:50:09.750 I/GuideArt(18588): umrandung - in 72ms kandidaten=94256039@0,51 94256039@0,53 38699854@0,52 94256039@0,53 41044418@0,51 guide=NRect(l=0.23501578, t=0.20780757, r=0.7649842, b=0.79219246)
09-17 15:50:09.810 I/StapelScan(18588): stoss start=1789653009192 dauer=521 spitze=9,5 einwurf=false
09-17 15:50:09.958 I/GuideArt(18588): umrandung - in 71ms kandidaten=94256039@0,53 94256039@0,49 38699854@0,50 94256039@0,52 41044418@0,53 guide=NRect(l=0.23501578, t=0.20780757, r=0.7649842, b=0.79219246)
09-17 15:50:10.178 I/GuideArt(18588): umrandung - in 69ms kandidaten=94256039@0,53 94256039@0,50 38699854@0,50 94256039@0,50 41044418@0,55 guide=NRect(l=0.23501578, t=0.20780757, r=0.7649842, b=0.79219246)
09-17 15:50:10.478 I/GuideArt(18588): umrandung - in 70ms kandidaten=94256039@0,53 94256039@0,51 94256039@0,49 94256039@0,51 41044418@0,54 guide=NRect(l=0.23501578, t=0.20780757, r=0.7649842, b=0.79219246)
09-17 15:50:10.677 I/GuideArt(18588): umrandung - in 58ms kandidaten=94256039@0,53 94256039@0,51 38699854@0,50 94256039@0,50 41044418@0,52 guide=NRect(l=0.23501578, t=0.20780757, r=0.7649842, b=0.79219246)
09-17 15:50:10.902 I/GuideArt(18588): umrandung - in 69ms kandidaten=94256039@0,54 41044418@0,52 94256039@0,50 94256039@0,52 41044418@0,55 guide=NRect(l=0.23501578, t=0.20780757, r=0.7649842, b=0.79219246)
09-17 15:50:11.159 I/GuideArt(18588): umrandung - in 70ms kandidaten=94256039@0,53 41044418@0,50 38699854@0,51 94256039@0,51 41044418@0,55 guide=NRect(l=0.23501578, t=0.20780757, r=0.7649842, b=0.79219246)
09-17 15:50:11.369 I/GuideArt(18588): umrandung - in 83ms kandidaten=94256039@0,52 94256039@0,50 38699854@0,51 94256039@0,50 41044418@0,54 guide=NRect(l=0.23501578, t=0.20780757, r=0.7649842, b=0.79219246)
09-17 15:50:11.559 I/GuideArt(18588): umrandung - in 69ms kandidaten=94256039@0,52 41044418@0,50 38699854@0,51 94256039@0,51 41044418@0,55 guide=NRect(l=0.23501578, t=0.20780757, r=0.7649842, b=0.79219246)
09-17 15:50:11.822 I/GuideArt(18588): umrandung - in 70ms kandidaten=94256039@0,53 41044418@0,51 38699854@0,50 94256039@0,52 41044418@0,55 guide=NRect(l=0.23501578, t=0.20780757, r=0.7649842, b=0.79219246)
09-17 15:50:12.024 I/GuideArt(18588): umrandung - in 72ms kandidaten=94256039@0,52 94256039@0,51 38699854@0,50 94256039@0,50 41044418@0,54 guide=NRect(l=0.23501578, t=0.20780757, r=0.7649842, b=0.79219246)
09-17 15:50:12.220 I/GuideArt(18588): umrandung - in 70ms kandidaten=94256039@0,51 94256039@0,51 38699854@0,51 94256039@0,50 41044418@0,55 guide=NRect(l=0.23501578, t=0.20780757, r=0.7649842, b=0.79219246)
09-17 15:50:12.485 I/GuideArt(18588): umrandung - in 68ms kandidaten=94256039@0,51 94256039@0,51 38699854@0,51 94256039@0,50 41044418@0,54 guide=NRect(l=0.23501578, t=0.20780757, r=0.7649842, b=0.79219246)
09-17 15:50:12.687 I/GuideArt(18588): umrandung - in 69ms kandidaten=94256039@0,51 94256039@0,51 38699854@0,51 94256039@0,50 41044418@0,54 guide=NRect(l=0.23501578, t=0.20780757, r=0.7649842, b=0.79219246)
09-17 15:50:12.889 I/GuideArt(18588): umrandung - in 68ms kandidaten=94256039@0,51 94256039@0,51 38699854@0,51 94256039@0,50 41044418@0,54 guide=NRect(l=0.23501578, t=0.20780757, r=0.7649842, b=0.79219246)
09-17 15:50:13.149 I/GuideArt(18588): umrandung - in 68ms kandidaten=94256039@0,51 94256039@0,51 38699854@0,51 94256039@0,50 41044418@0,54 guide=NRect(l=0.23501578, t=0.20780757, r=0.7649842, b=0.79219246)
09-17 15:50:13.354 I/GuideArt(18588): umrandung - in 68ms kandidaten=28120197@0,43 38699854@0,48 23434538@0,44 21208154@0,43 63748694@0,44 guide=NRect(l=0.23501578, t=0.20780757, r=0.7649842, b=0.79219246)
09-17 15:50:13.556 I/GuideArt(18588): umrandung - in 73ms kandidaten=77044671@0,65 77044671@0,64 77044671@0,66 77044671@0,66 77044671@0,50 guide=NRect(l=0.23501578, t=0.20780757, r=0.7649842, b=0.79219246)
09-17 15:50:13.700 I/MlScan  (18588): frame: 1 cards in 298ms top=77044671@1,00
09-17 15:50:13.830 I/StapelScan(18588): stoss start=1789653013163 dauer=165 spitze=42,1 einwurf=true
09-17 15:50:13.927 I/GuideArt(18588): umrandung - in 69ms kandidaten=77044671@0,64 77044671@0,63 77044671@0,65 77044671@0,64 77044671@0,47 guide=NRect(l=0.23501578, t=0.20780757, r=0.7649842, b=0.79219246)
09-17 15:50:14.118 I/GuideArt(18588): umrandung - in 70ms kandidaten=77044671@0,64 77044671@0,63 77044671@0,66 77044671@0,64 77044671@0,47 guide=NRect(l=0.23501578, t=0.20780757, r=0.7649842, b=0.79219246)
09-17 15:50:14.119 I/StapelScan(18588): einwurf anzahl=1 rearmt=[] t=1789653014118
09-17 15:50:14.325 I/GuideArt(18588): umrandung - in 70ms kandidaten=77044671@0,63 77044671@0,63 77044671@0,65 77044671@0,64 77044671@0,47 guide=NRect(l=0.23501578, t=0.20780757, r=0.7649842, b=0.79219246)
09-17 15:50:14.445 I/MlScan  (18588): frame: 1 cards in 274ms top=77044671@1,00
09-17 15:50:14.678 I/GuideArt(18588): umrandung - in 87ms kandidaten=77044671@0,64 77044671@0,63 77044671@0,65 77044671@0,64 77044671@0,47 guide=NRect(l=0.23501578, t=0.20780757, r=0.7649842, b=0.79219246)
09-17 15:50:14.895 I/GuideArt(18588): umrandung - in 75ms kandidaten=77044671@0,64 77044671@0,63 77044671@0,65 77044671@0,64 77044671@0,47 guide=NRect(l=0.23501578, t=0.20780757, r=0.7649842, b=0.79219246)
09-17 15:50:15.106 I/GuideArt(18588): umrandung - in 72ms kandidaten=77044671@0,63 77044671@0,63 77044671@0,65 77044671@0,64 77044671@0,47 guide=NRect(l=0.23501578, t=0.20780757, r=0.7649842, b=0.79219246)
09-17 15:50:15.256 I/MlScan  (18588): frame: 1 cards in 306ms top=77044671@1,00
09-17 15:50:15.479 I/GuideArt(18588): umrandung - in 75ms kandidaten=77044671@0,63 77044671@0,63 77044671@0,65 77044671@0,64 77044671@0,47 guide=NRect(l=0.23501578, t=0.20780757, r=0.7649842, b=0.79219246)
09-17 15:50:15.708 I/GuideArt(18588): umrandung - in 89ms kandidaten=77044671@0,64 77044671@0,63 77044671@0,65 77044671@0,64 77044671@0,47 guide=NRect(l=0.23501578, t=0.20780757, r=0.7649842, b=0.79219246)
09-17 15:50:15.936 I/GuideArt(18588): umrandung - in 76ms kandidaten=77044671@0,63 77044671@0,63 77044671@0,65 77044671@0,64 77044671@0,47 guide=NRect(l=0.23501578, t=0.20780757, r=0.7649842, b=0.79219246)
09-17 15:50:16.069 I/MlScan  (18588): confirmed card 77044671
09-17 15:50:16.069 I/StapelScan(18588): gebucht 77044671 x1
09-17 15:50:16.120 I/MlScan  (18588): frame: 1 cards in 291ms top=77044671@1,00
09-17 15:50:16.456 I/GuideArt(18588): umrandung - in 82ms kandidaten=77044671@0,63 77044671@0,63 77044671@0,65 77044671@0,64 77044671@0,47 guide=NRect(l=0.23501578, t=0.20780757, r=0.7649842, b=0.79219246)
09-17 15:50:16.688 I/GuideArt(18588): umrandung - in 82ms kandidaten=77044671@0,64 77044671@0,63 77044671@0,65 77044671@0,64 77044671@0,48 guide=NRect(l=0.23501578, t=0.20780757, r=0.7649842, b=0.79219246)
09-17 15:50:16.912 I/GuideArt(18588): umrandung - in 77ms kandidaten=77044671@0,64 77044671@0,63 77044671@0,66 77044671@0,64 77044671@0,48 guide=NRect(l=0.23501578, t=0.20780757, r=0.7649842, b=0.79219246)
09-17 15:50:17.061 I/MlScan  (18588): frame: 1 cards in 324ms top=77044671@1,00
09-17 15:50:17.271 I/GuideArt(18588): umrandung - in 80ms kandidaten=77044671@0,64 77044671@0,63 77044671@0,66 77044671@0,64 77044671@0,48 guide=NRect(l=0.23501578, t=0.20780757, r=0.7649842, b=0.79219246)
09-17 15:50:17.509 I/GuideArt(18588): umrandung - in 81ms kandidaten=77044671@0,64 77044671@0,64 77044671@0,66 77044671@0,65 77044671@0,48 guide=NRect(l=0.23501578, t=0.20780757, r=0.7649842, b=0.79219246)
09-17 15:50:17.744 I/GuideArt(18588): umrandung - in 86ms kandidaten=77044671@0,64 77044671@0,60 77044671@0,62 77044671@0,65 77044671@0,64 guide=NRect(l=0.23501578, t=0.20780757, r=0.7649842, b=0.79219246)
09-17 15:50:18.227 I/StapelScan(18588): stoss start=1789653017402 dauer=299 spitze=51,2 einwurf=true
09-17 15:50:18.261 I/MlScan  (18588): frame: 1 cards in 322ms top=77044671@0,84
09-17 15:50:18.501 I/GuideArt(18588): umrandung - in 84ms kandidaten=77044671@0,68 77044671@0,68 77044671@0,67 77044671@0,67 77044671@0,63 guide=NRect(l=0.23501578, t=0.20780757, r=0.7649842, b=0.79219246)
09-17 15:50:18.501 I/StapelScan(18588): einwurf anzahl=1 rearmt=[77044671] t=1789653018501
09-17 15:50:18.894 I/MlScan  (18588): frame: 1 cards in 329ms top=77044671@0,83
09-17 15:50:19.294 I/MlScan  (18588): confirmed card 77044671
09-17 15:50:19.294 I/StapelScan(18588): gebucht 77044671 x1
09-17 15:50:19.304 I/MlScan  (18588): frame: 1 cards in 315ms top=77044671@0,83
09-17 15:50:19.595 I/GuideArt(18588): umrandung - in 81ms kandidaten=77044671@0,68 77044671@0,68 77044671@0,67 77044671@0,67 77044671@0,64 guide=NRect(l=0.23501578, t=0.20780757, r=0.7649842, b=0.79219246)
09-17 15:50:19.839 I/GuideArt(18588): umrandung - in 77ms kandidaten=77044671@0,70 77044671@0,69 77044671@0,68 77044671@0,67 77044671@0,65 guide=NRect(l=0.23501578, t=0.20780757, r=0.7649842, b=0.79219246)
09-17 15:50:20.008 I/MlScan  (18588): frame: 1 cards in 340ms top=77044671@1,00
09-17 15:50:20.256 I/GuideArt(18588): umrandung - in 82ms kandidaten=77044671@0,69 77044671@0,68 77044671@0,68 77044671@0,67 77044671@0,65 guide=NRect(l=0.23501578, t=0.20780757, r=0.7649842, b=0.79219246)
09-17 15:50:20.493 I/GuideArt(18588): umrandung - in 82ms kandidaten=77044671@0,70 77044671@0,68 77044671@0,68 77044671@0,67 77044671@0,65 guide=NRect(l=0.23501578, t=0.20780757, r=0.7649842, b=0.79219246)
09-17 15:50:20.712 I/GuideArt(18588): umrandung - in 81ms kandidaten=77044671@0,69 77044671@0,68 77044671@0,68 77044671@0,67 77044671@0,65 guide=NRect(l=0.23501578, t=0.20780757, r=0.7649842, b=0.79219246)
09-17 15:50:20.848 I/MlScan  (18588): frame: 1 cards in 312ms top=77044671@1,00
09-17 15:50:21.219 I/MlScan  (18588): frame: 1 cards in 302ms top=77044671@0,83
09-17 15:50:21.463 I/StapelScan(18588): stoss start=1789653020728 dauer=234 spitze=61,4 einwurf=true
09-17 15:50:21.576 I/MlScan  (18588): frame: 1 cards in 310ms top=77044671@0,83
09-17 15:50:21.816 I/GuideArt(18588): umrandung 77044671 in 79ms kandidaten=77044671@0,68 77044671@0,66 77044671@0,70 77044671@0,66 77044671@0,67 guide=NRect(l=0.23501578, t=0.20780757, r=0.7649842, b=0.79219246)
09-17 15:50:22.021 I/StapelScan(18588): einwurf anzahl=1 rearmt=[77044671] t=1789653022021
09-17 15:50:22.021 I/MlScan  (18588): frame: 1 cards in 373ms top=77044671@0,70
09-17 15:50:22.249 I/GuideArt(18588): umrandung 77044671 in 82ms kandidaten=77044671@0,68 77044671@0,66 77044671@0,70 77044671@0,66 77044671@0,67 guide=NRect(l=0.23501578, t=0.20780757, r=0.7649842, b=0.79219246)
09-17 15:50:22.442 I/MlScan  (18588): confirmed card 77044671
09-17 15:50:22.442 I/StapelScan(18588): gebucht 77044671 x1
09-17 15:50:22.459 I/MlScan  (18588): frame: 1 cards in 365ms top=77044671@0,70
09-17 15:50:22.753 I/GuideArt(18588): umrandung 77044671 in 84ms kandidaten=77044671@0,68 77044671@0,66 77044671@0,70 77044671@0,66 77044671@0,67 guide=NRect(l=0.23501578, t=0.20780757, r=0.7649842, b=0.79219246)
09-17 15:50:22.951 I/MlScan  (18588): frame: 1 cards in 419ms top=77044671@0,70
09-17 15:50:23.172 I/GuideArt(18588): umrandung 77044671 in 79ms kandidaten=77044671@0,68 77044671@0,66 77044671@0,70 77044671@0,66 77044671@0,67 guide=NRect(l=0.23501578, t=0.20780757, r=0.7649842, b=0.79219246)
09-17 15:50:23.369 I/MlScan  (18588): frame: 1 cards in 370ms top=77044671@0,70
09-17 15:50:23.603 I/GuideArt(18588): umrandung 77044671 in 79ms kandidaten=77044671@0,68 77044671@0,66 77044671@0,70 77044671@0,66 77044671@0,67 guide=NRect(l=0.23501578, t=0.20780757, r=0.7649842, b=0.79219246)
09-17 15:50:23.795 I/MlScan  (18588): frame: 1 cards in 364ms top=77044671@0,70
09-17 15:50:23.984 I/MlScan  (18588): frame: 1 cards in 108ms top=77044671@0,70
09-17 15:50:24.323 I/StapelScan(18588): stoss start=1789653023523 dauer=300 spitze=41,3 einwurf=true
09-17 15:50:24.373 I/MlScan  (18588): frame: 1 cards in 330ms top=77044671@0,85
09-17 15:50:24.793 I/StapelScan(18588): einwurf anzahl=1 rearmt=[77044671] t=1789653024793
09-17 15:50:24.793 I/MlScan  (18588): frame: 1 cards in 342ms top=77044671@0,84
09-17 15:50:25.242 I/MlScan  (18588): confirmed card 77044671
09-17 15:50:25.242 I/StapelScan(18588): gebucht 77044671 x1
09-17 15:50:25.257 I/MlScan  (18588): frame: 1 cards in 355ms top=77044671@0,84
09-17 15:50:25.695 I/MlScan  (18588): frame: 1 cards in 371ms top=77044671@0,85
09-17 15:50:26.121 I/MlScan  (18588): frame: 1 cards in 344ms top=77044671@0,83
09-17 15:50:26.507 I/MlScan  (18588): frame: 1 cards in 330ms top=77044671@0,85
09-17 15:50:26.746 I/GuideArt(18588): umrandung 77044671 in 79ms kandidaten=77044671@0,71 77044671@0,70 77044671@0,70 77044671@0,66 77044671@0,65 guide=NRect(l=0.23501578, t=0.20780757, r=0.7649842, b=0.79219246)
09-17 15:50:26.930 I/MlScan  (18588): frame: 1 cards in 356ms top=77044671@0,71
09-17 15:50:27.089 I/StapelScan(18588): stoss start=1789653026256 dauer=304 spitze=63,0 einwurf=true
09-17 15:50:27.207 I/GuideArt(18588): umrandung - in 82ms kandidaten=77044671@0,68 77044671@0,66 77044671@0,66 77044671@0,68 77044671@0,70 guide=NRect(l=0.23501578, t=0.20780757, r=0.7649842, b=0.79219246)
09-17 15:50:27.439 I/GuideArt(18588): umrandung - in 81ms kandidaten=77044671@0,68 77044671@0,66 77044671@0,66 77044671@0,68 77044671@0,70 guide=NRect(l=0.23501578, t=0.20780757, r=0.7649842, b=0.79219246)
09-17 15:50:27.439 I/StapelScan(18588): einwurf anzahl=1 rearmt=[77044671] t=1789653027439
09-17 15:50:27.679 I/GuideArt(18588): umrandung - in 76ms kandidaten=77044671@0,68 77044671@0,65 77044671@0,66 77044671@0,68 77044671@0,69 guide=NRect(l=0.23501578, t=0.20780757, r=0.7649842, b=0.79219246)
09-17 15:50:27.848 I/MlScan  (18588): frame: 1 cards in 340ms top=77044671@1,00
09-17 15:50:28.074 I/GuideArt(18588): umrandung - in 80ms kandidaten=77044671@0,68 77044671@0,66 77044671@0,66 77044671@0,68 77044671@0,70 guide=NRect(l=0.23501578, t=0.20780757, r=0.7649842, b=0.79219246)
09-17 15:50:28.312 I/GuideArt(18588): umrandung - in 81ms kandidaten=77044671@0,68 77044671@0,66 77044671@0,66 77044671@0,68 77044671@0,70 guide=NRect(l=0.23501578, t=0.20780757, r=0.7649842, b=0.79219246)
09-17 15:50:28.532 I/GuideArt(18588): umrandung - in 79ms kandidaten=77044671@0,68 77044671@0,66 77044671@0,66 77044671@0,68 77044671@0,70 guide=NRect(l=0.23501578, t=0.20780757, r=0.7649842, b=0.79219246)
09-17 15:50:28.657 I/MlScan  (18588): confirmed card 77044671
09-17 15:50:28.657 I/StapelScan(18588): gebucht 77044671 x1
09-17 15:50:28.668 I/MlScan  (18588): frame: 1 cards in 293ms top=77044671@1,00
09-17 15:50:28.944 I/GuideArt(18588): umrandung - in 81ms kandidaten=77044671@0,68 77044671@0,66 77044671@0,66 77044671@0,68 77044671@0,70 guide=NRect(l=0.23501578, t=0.20780757, r=0.7649842, b=0.79219246)
09-17 15:50:29.207 I/GuideArt(18588): umrandung 77044671 in 80ms kandidaten=77044671@0,68 77044671@0,65 77044671@0,67 77044671@0,68 77044671@0,70 guide=NRect(l=0.23501578, t=0.20780757, r=0.7649842, b=0.79219246)
09-17 15:50:29.351 I/MlScan  (18588): frame: 1 cards in 336ms top=77044671@0,70
09-17 15:50:29.582 I/GuideArt(18588): umrandung - in 83ms kandidaten=77044671@0,68 77044671@0,66 77044671@0,66 77044671@0,68 77044671@0,70 guide=NRect(l=0.23501578, t=0.20780757, r=0.7649842, b=0.79219246)
09-17 15:50:29.761 I/MlScan  (18588): frame: 1 cards in 365ms top=77044671@1,00
09-17 15:50:29.959 I/StapelScan(18588): stoss start=1789653029722 dauer=132 spitze=7,1 einwurf=false
09-17 15:50:30.167 I/MlScan  (18588): frame: 1 cards in 313ms top=77044671@0,86
09-17 15:50:30.428 I/GuideArt(18588): umrandung - in 83ms kandidaten=77044671@0,49 77044671@0,57 61948106@0,48 61948106@0,48 77044671@0,57 guide=NRect(l=0.23501578, t=0.20780757, r=0.7649842, b=0.79219246)
09-17 15:50:30.561 I/StapelScan(18588): stoss start=1789653030354 dauer=96 spitze=3,3 einwurf=false
09-17 15:50:30.652 I/GuideArt(18588): umrandung - in 80ms kandidaten=15150371@0,46 67646312@0,47 15150371@0,45 31855260@0,47 15150371@0,48 guide=NRect(l=0.23501578, t=0.20780757, r=0.7649842, b=0.79219246)
09-17 15:50:30.921 I/StapelScan(18588): stoss start=1789653030691 dauer=135 spitze=6,2 einwurf=false
09-17 15:50:31.063 I/GuideArt(18588): umrandung - in 82ms kandidaten=34717238@0,59 34717238@0,57 34717238@0,55 34717238@0,59 34717238@0,56 guide=NRect(l=0.23501578, t=0.20780757, r=0.7649842, b=0.79219246)
09-17 15:50:31.309 I/GuideArt(18588): umrandung - in 80ms kandidaten=21208154@0,56 21208154@0,54 21208154@0,53 21208154@0,52 21208154@0,61 guide=NRect(l=0.23501578, t=0.20780757, r=0.7649842, b=0.79219246)
09-17 15:50:31.535 I/GuideArt(18588): umrandung - in 77ms kandidaten=21208154@0,48 21208154@0,45 21208154@0,50 94256039@0,44 21208154@0,48 guide=NRect(l=0.23501578, t=0.20780757, r=0.7649842, b=0.79219246)
09-17 15:50:31.565 I/StapelScan(18588): stoss start=1789653030991 dauer=462 spitze=8,0 einwurf=false
09-17 15:50:31.884 I/GuideArt(18588): umrandung - in 77ms kandidaten=21208154@0,51 21208154@0,46 21208154@0,52 63748694@0,42 21208154@0,45 guide=NRect(l=0.23501578, t=0.20780757, r=0.7649842, b=0.79219246)
09-17 15:50:32.113 I/GuideArt(18588): umrandung - in 94ms kandidaten=21208154@0,55 21208154@0,53 21208154@0,55 21208154@0,52 34717238@0,47 guide=NRect(l=0.23501578, t=0.20780757, r=0.7649842, b=0.79219246)
09-17 15:50:32.332 I/GuideArt(18588): umrandung - in 83ms kandidaten=21208154@0,55 94256039@0,53 21208154@0,57 34717238@0,58 21208154@0,62 guide=NRect(l=0.23501578, t=0.20780757, r=0.7649842, b=0.79219246)
09-17 15:50:32.598 I/GuideArt(18588): umrandung - in 78ms kandidaten=80036543@0,51 80036543@0,49 34717238@0,52 80036543@0,52 34717238@0,55 guide=NRect(l=0.23501578, t=0.20780757, r=0.7649842, b=0.79219246)
09-17 15:50:32.831 I/GuideArt(18588): umrandung - in 78ms kandidaten=98582704@0,46 98022050@0,44 38552107@0,45 98582704@0,44 7405310@0,50 guide=NRect(l=0.23501578, t=0.20780757, r=0.7649842, b=0.79219246)
09-17 15:50:33.065 I/GuideArt(18588): umrandung - in 78ms kandidaten=83764719@0,47 83764719@0,47 83764719@0,47 83764719@0,49 25259669@0,46 guide=NRect(l=0.23501578, t=0.20780757, r=0.7649842, b=0.79219246)
09-17 15:50:33.369 I/GuideArt(18588): umrandung - in 76ms kandidaten=94256039@0,47 83764719@0,46 2084239@0,46 94256039@0,48 2084239@0,48 guide=NRect(l=0.23501578, t=0.20780757, r=0.7649842, b=0.79219246)
09-17 15:50:33.619 I/StapelScan(18588): stoss start=1789653031851 dauer=1673 spitze=45,2 einwurf=false
09-17 15:50:33.818 I/GuideArt(18588): umrandung - in 85ms kandidaten=45939841@0,51 45939841@0,51 45939841@0,56 33550694@0,53 23639291@0,52 guide=NRect(l=0.23501578, t=0.20780757, r=0.7649842, b=0.79219246)
09-17 15:50:34.028 I/GuideArt(18588): umrandung - in 63ms kandidaten=45939841@0,54 45939841@0,53 45939841@0,55 33550694@0,56 80749819@0,52 guide=NRect(l=0.23501578, t=0.20780757, r=0.7649842, b=0.79219246)
09-17 15:50:34.266 I/GuideArt(18588): umrandung - in 60ms kandidaten=45939841@0,54 22082432@0,51 45939841@0,55 33550694@0,55 22082432@0,52 guide=NRect(l=0.23501578, t=0.20780757, r=0.7649842, b=0.79219246)
09-17 15:50:34.451 I/StapelScan(18588): stoss start=1789653034215 dauer=141 spitze=8,7 einwurf=false
09-17 15:50:34.475 I/GuideArt(18588): umrandung - in 62ms kandidaten=22082432@0,57 22082432@0,55 22082432@0,55 22082432@0,48 22082432@0,57 guide=NRect(l=0.23501578, t=0.20780757, r=0.7649842, b=0.79219246)
09-17 15:50:34.699 I/GuideArt(18588): umrandung - in 80ms kandidaten=22082432@0,50 22082432@0,48 22082432@0,47 22933016@0,45 22082432@0,48 guide=NRect(l=0.23501578, t=0.20780757, r=0.7649842, b=0.79219246)
09-17 15:50:35.042 I/GuideArt(18588): umrandung - in 81ms kandidaten=34717238@0,55 38552107@0,47 21208154@0,55 21208154@0,51 59197169@0,43 guide=NRect(l=0.23501578, t=0.20780757, r=0.7649842, b=0.79219246)
09-17 15:50:35.263 I/GuideArt(18588): umrandung - in 78ms kandidaten=34717238@0,49 34717238@0,55 34717238@0,41 34717238@0,51 34717238@0,49 guide=NRect(l=0.23501578, t=0.20780757, r=0.7649842, b=0.79219246)
09-17 15:50:35.525 I/GuideArt(18588): umrandung - in 90ms kandidaten=17888577@0,47 34717238@0,49 17888577@0,46 17888577@0,48 55117418@0,40 guide=NRect(l=0.23501578, t=0.20780757, r=0.7649842, b=0.79219246)
09-17 15:50:35.822 I/StapelScan(18588): stoss start=1789653034484 dauer=1235 spitze=41,1 einwurf=false
09-17 15:50:35.860 I/GuideArt(18588): umrandung - in 78ms kandidaten=35686188@0,47 22933016@0,46 35686188@0,47 35686188@0,47 35686188@0,51 guide=NRect(l=0.23501578, t=0.20780757, r=0.7649842, b=0.79219246)
09-17 15:50:36.099 I/GuideArt(18588): umrandung - in 79ms kandidaten=38480590@0,45 76045757@0,43 38480590@0,47 38480590@0,47 55117418@0,42 guide=NRect(l=0.23501578, t=0.20780757, r=0.7649842, b=0.79219246)
09-17 15:50:36.329 I/GuideArt(18588): umrandung - in 80ms kandidaten=34717238@0,66 34717238@0,66 34717238@0,62 34717238@0,56 34717238@0,65 guide=NRect(l=0.23501578, t=0.20780757, r=0.7649842, b=0.79219246)
09-17 15:50:36.593 I/GuideArt(18588): umrandung - in 79ms kandidaten=28120197@0,47 21208154@0,50 34717238@0,49 28120197@0,49 34717238@0,48 guide=NRect(l=0.23501578, t=0.20780757, r=0.7649842, b=0.79219246)
09-17 15:50:36.813 I/GuideArt(18588): umrandung - in 60ms kandidaten=3204467@0,40 3204467@0,42 3204467@0,39 11876803@0,44 73134082@0,39 guide=NRect(l=0.23501578, t=0.20780757, r=0.7649842, b=0.79219246)
09-17 15:50:36.887 I/StapelScan(18588): stoss start=1789653035850 dauer=930 spitze=19,3 einwurf=false
09-17 15:50:37.004 I/GuideArt(18588): umrandung - in 60ms kandidaten=96945958@0,49 95194279@0,51 31305911@0,49 95194279@0,49 96945958@0,51 guide=NRect(l=0.23501578, t=0.20780757, r=0.7649842, b=0.79219246)
09-17 15:50:37.120 I/StapelScan(18588): stoss start=1789653037025 dauer=0 spitze=3,2 einwurf=false
09-17 15:50:37.292 I/GuideArt(18588): umrandung - in 80ms kandidaten=94256039@0,53 94256039@0,46 94256039@0,48 94256039@0,51 94256039@0,50 guide=NRect(l=0.23501578, t=0.20780757, r=0.7649842, b=0.79219246)
09-17 15:50:37.539 I/GuideArt(18588): umrandung - in 82ms kandidaten=94256039@0,50 94256039@0,46 38699854@0,49 94256039@0,52 94256039@0,50 guide=NRect(l=0.23501578, t=0.20780757, r=0.7649842, b=0.79219246)
09-17 15:50:37.767 I/GuideArt(18588): umrandung - in 78ms kandidaten=94256039@0,49 38699854@0,47 38699854@0,49 94256039@0,52 94256039@0,49 guide=NRect(l=0.23501578, t=0.20780757, r=0.7649842, b=0.79219246)
09-17 15:50:38.061 I/GuideArt(18588): umrandung - in 76ms kandidaten=94256039@0,49 38699854@0,47 38699854@0,50 94256039@0,52 94256039@0,49 guide=NRect(l=0.23501578, t=0.20780757, r=0.7649842, b=0.79219246)
09-17 15:50:38.284 I/GuideArt(18588): umrandung - in 63ms kandidaten=94256039@0,49 38699854@0,47 38699854@0,49 94256039@0,52 2084239@0,50 guide=NRect(l=0.23501578, t=0.20780757, r=0.7649842, b=0.79219246)
09-17 15:50:38.532 I/GuideArt(18588): umrandung - in 80ms kandidaten=94256039@0,49 38699854@0,47 38699854@0,50 94256039@0,52 2084239@0,50 guide=NRect(l=0.23501578, t=0.20780757, r=0.7649842, b=0.79219246)
09-17 15:50:38.824 I/GuideArt(18588): umrandung - in 79ms kandidaten=94256039@0,49 38699854@0,47 38699854@0,50 94256039@0,52 94256039@0,49 guide=NRect(l=0.23501578, t=0.20780757, r=0.7649842, b=0.79219246)
09-17 15:50:39.059 I/GuideArt(18588): umrandung - in 77ms kandidaten=94256039@0,49 38699854@0,47 38699854@0,49 94256039@0,52 2084239@0,49 guide=NRect(l=0.23501578, t=0.20780757, r=0.7649842, b=0.79219246)
09-17 15:50:39.297 I/GuideArt(18588): umrandung - in 80ms kandidaten=94256039@0,49 38699854@0,47 38699854@0,50 94256039@0,52 2084239@0,49 guide=NRect(l=0.23501578, t=0.20780757, r=0.7649842, b=0.79219246)
09-17 15:50:39.597 I/GuideArt(18588): umrandung - in 78ms kandidaten=94256039@0,49 38699854@0,47 38699854@0,50 94256039@0,52 94256039@0,49 guide=NRect(l=0.23501578, t=0.20780757, r=0.7649842, b=0.79219246)
09-17 15:50:39.964 I/MlScan  (18588): frame: 1 cards in 309ms top=77044671@0,87
09-17 15:50:40.151 I/StapelScan(18588): stoss start=1789653039414 dauer=236 spitze=41,8 einwurf=true
09-17 15:50:40.180 I/GuideArt(18588): umrandung - in 77ms kandidaten=77044671@0,69 77044671@0,65 77044671@0,69 77044671@0,65 77044671@0,62 guide=NRect(l=0.23501578, t=0.20780757, r=0.7649842, b=0.79219246)
09-17 15:50:40.336 I/MlScan  (18588): frame: 1 cards in 323ms top=77044671@1,00
09-17 15:50:40.587 I/GuideArt(18588): umrandung - in 80ms kandidaten=77044671@0,70 77044671@0,65 77044671@0,69 77044671@0,66 77044671@0,62 guide=NRect(l=0.23501578, t=0.20780757, r=0.7649842, b=0.79219246)
09-17 15:50:40.587 I/StapelScan(18588): einwurf anzahl=1 rearmt=[] t=1789653040587
09-17 15:50:40.805 I/GuideArt(18588): umrandung - in 62ms kandidaten=77044671@0,69 77044671@0,65 77044671@0,69 77044671@0,66 77044671@0,62 guide=NRect(l=0.23501578, t=0.20780757, r=0.7649842, b=0.79219246)
09-17 15:50:40.987 I/GuideArt(18588): umrandung - in 60ms kandidaten=77044671@0,69 77044671@0,65 77044671@0,69 77044671@0,65 77044671@0,62 guide=NRect(l=0.23501578, t=0.20780757, r=0.7649842, b=0.79219246)
09-17 15:50:41.108 I/MlScan  (18588): frame: 1 cards in 265ms top=77044671@1,00
09-17 15:50:41.334 I/GuideArt(18588): umrandung - in 82ms kandidaten=77044671@0,69 77044671@0,65 77044671@0,69 77044671@0,65 77044671@0,62 guide=NRect(l=0.23501578, t=0.20780757, r=0.7649842, b=0.79219246)
09-17 15:50:41.593 I/GuideArt(18588): umrandung - in 82ms kandidaten=77044671@0,69 77044671@0,65 77044671@0,69 77044671@0,65 77044671@0,63 guide=NRect(l=0.23501578, t=0.20780757, r=0.7649842, b=0.79219246)
09-17 15:50:41.821 I/GuideArt(18588): umrandung 77044671 in 79ms kandidaten=77044671@0,70 77044671@0,66 77044671@0,70 77044671@0,66 77044671@0,62 guide=NRect(l=0.23501578, t=0.20780757, r=0.7649842, b=0.79219246)
09-17 15:50:41.983 I/MlScan  (18588): confirmed card 77044671
09-17 15:50:41.983 I/StapelScan(18588): gebucht 77044671 x1
09-17 15:50:41.997 I/MlScan  (18588): frame: 1 cards in 334ms top=77044671@0,70
09-17 15:50:42.306 I/GuideArt(18588): umrandung - in 90ms kandidaten=77044671@0,69 77044671@0,65 77044671@0,69 77044671@0,65 77044671@0,63 guide=NRect(l=0.23501578, t=0.20780757, r=0.7649842, b=0.79219246)
09-17 15:50:42.531 I/GuideArt(18588): umrandung - in 82ms kandidaten=77044671@0,70 77044671@0,65 77044671@0,69 77044671@0,65 77044671@0,62 guide=NRect(l=0.23501578, t=0.20780757, r=0.7649842, b=0.79219246)
09-17 15:50:42.735 I/GuideArt(18588): umrandung - in 64ms kandidaten=77044671@0,70 77044671@0,65 77044671@0,69 77044671@0,65 77044671@0,62 guide=NRect(l=0.23501578, t=0.20780757, r=0.7649842, b=0.79219246)
09-17 15:50:42.896 I/MlScan  (18588): frame: 1 cards in 316ms top=77044671@1,00
09-17 15:50:43.125 I/GuideArt(18588): umrandung - in 77ms kandidaten=77044671@0,66 77044671@0,65 77044671@0,66 77044671@0,61 77044671@0,56 guide=NRect(l=0.23501578, t=0.20780757, r=0.7649842, b=0.79219246)
09-17 15:50:43.296 I/MlScan  (18588): frame: 1 cards in 111ms top=77044671@0,66
09-17 15:50:43.447 I/StapelScan(18588): stoss start=1789653042775 dauer=168 spitze=63,9 einwurf=true
09-17 15:50:43.530 I/GuideArt(18588): umrandung - in 80ms kandidaten=77044671@0,70 77044671@0,68 77044671@0,69 77044671@0,64 77044671@0,64 guide=NRect(l=0.23501578, t=0.20780757, r=0.7649842, b=0.79219246)
09-17 15:50:43.659 I/MlScan  (18588): frame: 1 cards in 301ms top=77044671@1,00
09-17 15:50:43.894 I/GuideArt(18588): umrandung - in 81ms kandidaten=77044671@0,70 77044671@0,67 77044671@0,69 77044671@0,63 77044671@0,63 guide=NRect(l=0.23501578, t=0.20780757, r=0.7649842, b=0.79219246)
09-17 15:50:43.895 I/StapelScan(18588): einwurf anzahl=1 rearmt=[77044671] t=1789653043895
09-17 15:50:44.134 I/GuideArt(18588): umrandung - in 78ms kandidaten=77044671@0,70 77044671@0,68 77044671@0,69 77044671@0,64 77044671@0,64 guide=NRect(l=0.23501578, t=0.20780757, r=0.7649842, b=0.79219246)
09-17 15:50:44.353 I/GuideArt(18588): umrandung - in 82ms kandidaten=77044671@0,70 77044671@0,68 77044671@0,69 77044671@0,64 77044671@0,63 guide=NRect(l=0.23501578, t=0.20780757, r=0.7649842, b=0.79219246)
09-17 15:50:44.475 I/MlScan  (18588): frame: 1 cards in 294ms top=77044671@1,00
09-17 15:50:44.692 I/GuideArt(18588): umrandung - in 80ms kandidaten=77044671@0,70 77044671@0,68 77044671@0,69 77044671@0,64 77044671@0,63 guide=NRect(l=0.23501578, t=0.20780757, r=0.7649842, b=0.79219246)
09-17 15:50:44.923 I/GuideArt(18588): umrandung - in 79ms kandidaten=77044671@0,70 77044671@0,68 77044671@0,69 77044671@0,63 77044671@0,64 guide=NRect(l=0.23501578, t=0.20780757, r=0.7649842, b=0.79219246)
09-17 15:50:45.156 I/GuideArt(18588): umrandung - in 79ms kandidaten=77044671@0,70 77044671@0,68 77044671@0,69 77044671@0,64 77044671@0,64 guide=NRect(l=0.23501578, t=0.20780757, r=0.7649842, b=0.79219246)
09-17 15:50:45.289 I/MlScan  (18588): confirmed card 77044671
09-17 15:50:45.289 I/StapelScan(18588): gebucht 77044671 x1
09-17 15:50:45.300 I/MlScan  (18588): frame: 1 cards in 301ms top=77044671@1,00
09-17 15:50:45.560 I/GuideArt(18588): umrandung - in 87ms kandidaten=77044671@0,70 77044671@0,67 77044671@0,69 77044671@0,63 77044671@0,64 guide=NRect(l=0.23501578, t=0.20780757, r=0.7649842, b=0.79219246)
09-17 15:50:45.791 I/GuideArt(18588): umrandung - in 80ms kandidaten=77044671@0,69 77044671@0,68 77044671@0,69 77044671@0,65 77044671@0,66 guide=NRect(l=0.23501578, t=0.20780757, r=0.7649842, b=0.79219246)
09-17 15:50:46.029 I/GuideArt(18588): umrandung - in 75ms kandidaten=77044671@0,69 77044671@0,67 77044671@0,68 77044671@0,64 77044671@0,65 guide=NRect(l=0.23501578, t=0.20780757, r=0.7649842, b=0.79219246)
09-17 15:50:46.187 I/MlScan  (18588): frame: 1 cards in 334ms top=77044671@1,00
09-17 15:50:46.571 I/MlScan  (18588): frame: 1 cards in 310ms top=77044671@0,85
09-17 15:50:46.646 I/StapelScan(18588): stoss start=1789653045984 dauer=162 spitze=57,2 einwurf=true
09-17 15:50:46.795 I/GuideArt(18588): umrandung - in 79ms kandidaten=77044671@0,70 77044671@0,69 77044671@0,69 77044671@0,67 77044671@0,64 guide=NRect(l=0.23501578, t=0.20780757, r=0.7649842, b=0.79219246)
09-17 15:50:47.033 I/GuideArt(18588): umrandung - in 80ms kandidaten=77044671@0,70 77044671@0,69 77044671@0,69 77044671@0,67 77044671@0,65 guide=NRect(l=0.23501578, t=0.20780757, r=0.7649842, b=0.79219246)
09-17 15:50:47.055 I/StapelScan(18588): stoss start=1789653046941 dauer=0 spitze=4,2 einwurf=false
09-17 15:50:47.198 I/StapelScan(18588): einwurf anzahl=1 rearmt=[77044671] t=1789653047198
09-17 15:50:47.199 I/MlScan  (18588): frame: 1 cards in 335ms top=77044671@1,00
09-17 15:50:47.419 I/GuideArt(18588): umrandung - in 63ms kandidaten=77044671@0,70 77044671@0,69 77044671@0,69 77044671@0,67 77044671@0,65 guide=NRect(l=0.23501578, t=0.20780757, r=0.7649842, b=0.79219246)
09-17 15:50:47.658 I/GuideArt(18588): umrandung 77044671 in 79ms kandidaten=77044671@0,70 77044671@0,69 77044671@0,69 77044671@0,68 77044671@0,65 guide=NRect(l=0.23501578, t=0.20780757, r=0.7649842, b=0.79219246)
09-17 15:50:47.843 I/MlScan  (18588): confirmed card 77044671
09-17 15:50:47.843 I/StapelScan(18588): gebucht 77044671 x1
09-17 15:50:47.853 I/MlScan  (18588): frame: 1 cards in 354ms top=77044671@0,70
09-17 15:50:48.143 I/GuideArt(18588): umrandung - in 97ms kandidaten=77044671@0,70 77044671@0,69 77044671@0,69 77044671@0,67 77044671@0,64 guide=NRect(l=0.23501578, t=0.20780757, r=0.7649842, b=0.79219246)
09-17 15:50:48.317 I/MlScan  (18588): frame: 1 cards in 385ms top=77044671@1,00
09-17 15:50:48.539 I/GuideArt(18588): umrandung 77044671 in 62ms kandidaten=77044671@0,70 77044671@0,69 77044671@0,70 77044671@0,67 77044671@0,65 guide=NRect(l=0.23501578, t=0.20780757, r=0.7649842, b=0.79219246)
09-17 15:50:48.687 I/MlScan  (18588): frame: 1 cards in 302ms top=77044671@0,70
09-17 15:50:48.927 I/GuideArt(18588): umrandung 77044671 in 80ms kandidaten=77044671@0,75 77044671@0,74 77044671@0,78 77044671@0,68 77044671@0,67 guide=NRect(l=0.23501578, t=0.20780757, r=0.7649842, b=0.79219246)
09-17 15:50:49.076 I/MlScan  (18588): frame: 1 cards in 321ms top=77044671@0,78
09-17 15:50:49.273 I/StapelScan(18588): stoss start=1789653048577 dauer=196 spitze=54,5 einwurf=true
09-17 15:50:49.303 I/GuideArt(18588): umrandung - in 81ms kandidaten=77044671@0,68 77044671@0,67 77044671@0,68 77044671@0,69 77044671@0,54 guide=NRect(l=0.23501578, t=0.20780757, r=0.7649842, b=0.79219246)
09-17 15:50:49.476 I/MlScan  (18588): frame: 1 cards in 350ms top=77044671@1,00
09-17 15:50:49.743 I/GuideArt(18588): umrandung - in 80ms kandidaten=77044671@0,68 77044671@0,67 77044671@0,67 77044671@0,68 77044671@0,53 guide=NRect(l=0.23501578, t=0.20780757, r=0.7649842, b=0.79219246)
09-17 15:50:49.744 I/StapelScan(18588): einwurf anzahl=1 rearmt=[77044671] t=1789653049744
09-17 15:50:49.928 I/GuideArt(18588): umrandung - in 59ms kandidaten=77044671@0,68 77044671@0,67 77044671@0,67 77044671@0,68 77044671@0,53 guide=NRect(l=0.23501578, t=0.20780757, r=0.7649842, b=0.79219246)
09-17 15:50:50.132 I/GuideArt(18588): umrandung - in 63ms kandidaten=77044671@0,68 77044671@0,67 77044671@0,67 77044671@0,68 77044671@0,54 guide=NRect(l=0.23501578, t=0.20780757, r=0.7649842, b=0.79219246)
09-17 15:50:50.263 I/MlScan  (18588): frame: 1 cards in 287ms top=77044671@1,00
09-17 15:50:50.490 I/GuideArt(18588): umrandung - in 80ms kandidaten=77044671@0,68 77044671@0,67 77044671@0,67 77044671@0,68 77044671@0,53 guide=NRect(l=0.23501578, t=0.20780757, r=0.7649842, b=0.79219246)
09-17 15:50:50.726 I/GuideArt(18588): umrandung - in 80ms kandidaten=77044671@0,68 77044671@0,67 77044671@0,67 77044671@0,68 77044671@0,54 guide=NRect(l=0.23501578, t=0.20780757, r=0.7649842, b=0.79219246)
09-17 15:50:50.965 I/GuideArt(18588): umrandung - in 81ms kandidaten=77044671@0,68 77044671@0,66 77044671@0,67 77044671@0,68 77044671@0,53 guide=NRect(l=0.23501578, t=0.20780757, r=0.7649842, b=0.79219246)
09-17 15:50:51.096 I/MlScan  (18588): confirmed card 77044671
09-17 15:50:51.096 I/StapelScan(18588): gebucht 77044671 x1
09-17 15:50:51.110 I/MlScan  (18588): frame: 1 cards in 304ms top=77044671@1,00
09-17 15:50:51.409 I/GuideArt(18588): umrandung - in 85ms kandidaten=77044671@0,68 77044671@0,67 77044671@0,68 77044671@0,68 77044671@0,52 guide=NRect(l=0.23501578, t=0.20780757, r=0.7649842, b=0.79219246)
09-17 15:50:51.663 I/GuideArt(18588): umrandung - in 81ms kandidaten=77044671@0,68 77044671@0,67 77044671@0,68 77044671@0,69 77044671@0,52 guide=NRect(l=0.23501578, t=0.20780757, r=0.7649842, b=0.79219246)
09-17 15:50:51.896 I/GuideArt(18588): umrandung - in 85ms kandidaten=77044671@0,68 77044671@0,67 77044671@0,67 77044671@0,69 77044671@0,53 guide=NRect(l=0.23501578, t=0.20780757, r=0.7649842, b=0.79219246)
09-17 15:50:52.030 I/MlScan  (18588): frame: 1 cards in 314ms top=77044671@1,00
09-17 15:50:52.245 I/GuideArt(18588): umrandung - in 80ms kandidaten=77044671@0,67 77044671@0,66 77044671@0,69 77044671@0,61 77044671@0,58 guide=NRect(l=0.23501578, t=0.20780757, r=0.7649842, b=0.79219246)
09-17 15:50:52.310 I/StapelScan(18588): stoss start=1789653052180 dauer=28 spitze=4,3 einwurf=false
09-17 15:50:52.572 I/StapelScan(18588): stoss start=1789653051839 dauer=199 spitze=61,5 einwurf=true
09-17 15:50:52.620 I/MlScan  (18588): frame: 1 cards in 306ms top=77044671@0,85
09-17 15:50:52.855 I/GuideArt(18588): umrandung 77044671 in 80ms kandidaten=77044671@0,71 77044671@0,66 77044671@0,70 77044671@0,69 77044671@0,49 guide=NRect(l=0.23501578, t=0.20780757, r=0.7649842, b=0.79219246)
09-17 15:50:53.022 I/StapelScan(18588): einwurf anzahl=1 rearmt=[77044671] t=1789653053021
09-17 15:50:53.022 I/MlScan  (18588): frame: 1 cards in 335ms top=77044671@0,71
09-17 15:50:53.273 I/GuideArt(18588): umrandung 77044671 in 82ms kandidaten=77044671@0,70 77044671@0,67 77044671@0,70 77044671@0,69 77044671@0,49 guide=NRect(l=0.23501578, t=0.20780757, r=0.7649842, b=0.79219246)
09-17 15:50:53.433 I/MlScan  (18588): confirmed card 77044671
09-17 15:50:53.433 I/StapelScan(18588): gebucht 77044671 x1
09-17 15:50:53.465 I/MlScan  (18588): frame: 1 cards in 332ms top=77044671@0,70
09-17 15:50:53.716 I/GuideArt(18588): umrandung - in 79ms kandidaten=77044671@0,70 77044671@0,66 77044671@0,70 77044671@0,69 77044671@0,49 guide=NRect(l=0.23501578, t=0.20780757, r=0.7649842, b=0.79219246)
09-17 15:50:53.967 I/GuideArt(18588): umrandung - in 81ms kandidaten=77044671@0,69 77044671@0,67 77044671@0,69 77044671@0,68 77044671@0,48 guide=NRect(l=0.23501578, t=0.20780757, r=0.7649842, b=0.79219246)
09-17 15:50:54.134 I/MlScan  (18588): frame: 1 cards in 353ms top=77044671@1,00
09-17 15:50:54.365 I/GuideArt(18588): umrandung - in 86ms kandidaten=77044671@0,69 77044671@0,66 77044671@0,69 77044671@0,68 77044671@0,48 guide=NRect(l=0.23501578, t=0.20780757, r=0.7649842, b=0.79219246)
09-17 15:50:54.600 I/GuideArt(18588): umrandung - in 81ms kandidaten=77044671@0,69 77044671@0,66 77044671@0,69 77044671@0,67 77044671@0,47 guide=NRect(l=0.23501578, t=0.20780757, r=0.7649842, b=0.79219246)
09-17 15:50:54.828 I/GuideArt(18588): umrandung - in 82ms kandidaten=77044671@0,68 77044671@0,66 77044671@0,68 77044671@0,67 77044671@0,48 guide=NRect(l=0.23501578, t=0.20780757, r=0.7649842, b=0.79219246)
09-17 15:50:54.961 I/MlScan  (18588): frame: 1 cards in 306ms top=77044671@1,00
09-17 15:50:55.187 I/GuideArt(18588): umrandung - in 78ms kandidaten=77044671@0,69 77044671@0,67 77044671@0,70 77044671@0,67 77044671@0,49 guide=NRect(l=0.23501578, t=0.20780757, r=0.7649842, b=0.79219246)
09-17 15:50:55.419 I/GuideArt(18588): umrandung - in 78ms kandidaten=34717238@0,54 34717238@0,53 81954378@0,53 81954378@0,52 81954378@0,53 guide=NRect(l=0.23501578, t=0.20780757, r=0.7649842, b=0.79219246)
09-17 15:50:55.435 I/StapelScan(18588): stoss start=1789653055206 dauer=136 spitze=9,3 einwurf=false
09-17 15:50:55.570 I/StapelScan(18588): stoss start=1789653055472 dauer=0 spitze=5,1 einwurf=false
09-17 15:50:55.659 I/GuideArt(18588): umrandung - in 79ms kandidaten=34717238@0,59 34717238@0,56 34717238@0,56 34717238@0,62 34717238@0,58 guide=NRect(l=0.23501578, t=0.20780757, r=0.7649842, b=0.79219246)
09-17 15:50:55.768 I/StapelScan(18588): stoss start=1789653055674 dauer=0 spitze=4,2 einwurf=false
09-17 15:50:55.956 I/GuideArt(18588): umrandung - in 79ms kandidaten=31242786@0,47 31242786@0,45 31242786@0,46 34717238@0,53 34717238@0,50 guide=NRect(l=0.23501578, t=0.20780757, r=0.7649842, b=0.79219246)
09-17 15:50:56.184 I/GuideArt(18588): umrandung - in 77ms kandidaten=21208154@0,47 21208154@0,43 21208154@0,53 21208154@0,47 21208154@0,44 guide=NRect(l=0.23501578, t=0.20780757, r=0.7649842, b=0.79219246)
09-17 15:50:56.410 I/GuideArt(18588): umrandung - in 80ms kandidaten=21208154@0,48 96012004@0,45 21208154@0,50 21208154@0,48 21208154@0,50 guide=NRect(l=0.23501578, t=0.20780757, r=0.7649842, b=0.79219246)
09-17 15:50:56.683 I/GuideArt(18588): umrandung - in 78ms kandidaten=21208154@0,45 94256039@0,46 21208154@0,52 94256039@0,43 21208154@0,43 guide=NRect(l=0.23501578, t=0.20780757, r=0.7649842, b=0.79219246)
09-17 15:50:56.933 I/GuideArt(18588): umrandung - in 79ms kandidaten=94256039@0,50 94256039@0,50 2055403@0,49 94256039@0,45 10476868@0,44 guide=NRect(l=0.23501578, t=0.20780757, r=0.7649842, b=0.79219246)
09-17 15:50:57.003 I/StapelScan(18588): stoss start=1789653055806 dauer=1098 spitze=11,9 einwurf=false
09-17 15:50:57.158 I/GuideArt(18588): umrandung - in 82ms kandidaten=94256039@0,47 94256039@0,45 34717238@0,43 94256039@0,48 21208154@0,46 guide=NRect(l=0.23501578, t=0.20780757, r=0.7649842, b=0.79219246)
09-17 15:50:57.201 I/StapelScan(18588): stoss start=1789653057104 dauer=0 spitze=3,6 einwurf=false
09-17 15:50:57.503 I/GuideArt(18588): umrandung - in 83ms kandidaten=21208154@0,48 21208154@0,44 34717238@0,49 63748694@0,44 21208154@0,48 guide=NRect(l=0.23501578, t=0.20780757, r=0.7649842, b=0.79219246)
09-17 15:50:57.721 I/GuideArt(18588): umrandung - in 80ms kandidaten=34717238@0,54 34717238@0,54 34717238@0,54 34717238@0,58 34717238@0,51 guide=NRect(l=0.23501578, t=0.20780757, r=0.7649842, b=0.79219246)
09-17 15:50:57.949 I/GuideArt(18588): umrandung - in 78ms kandidaten=80036543@0,50 80036543@0,46 34717238@0,47 31242786@0,49 34717238@0,51 guide=NRect(l=0.23501578, t=0.20780757, r=0.7649842, b=0.79219246)
09-17 15:50:58.214 I/GuideArt(18588): umrandung - in 80ms kandidaten=37209439@0,46 37209439@0,48 37209439@0,47 25880422@0,45 37209439@0,47 guide=NRect(l=0.23501578, t=0.20780757, r=0.7649842, b=0.79219246)
09-17 15:50:58.451 I/GuideArt(18588): umrandung - in 78ms kandidaten=25880422@0,53 25880422@0,49 25880422@0,54 25880422@0,58 45812361@0,52 guide=NRect(l=0.23501578, t=0.20780757, r=0.7649842, b=0.79219246)
09-17 15:50:58.535 I/StapelScan(18588): stoss start=1789653057338 dauer=1098 spitze=13,6 einwurf=false
09-17 15:50:58.682 I/GuideArt(18588): umrandung - in 83ms kandidaten=94256039@0,51 57062206@0,45 94256039@0,46 94256039@0,51 2084239@0,49 guide=NRect(l=0.23501578, t=0.20780757, r=0.7649842, b=0.79219246)
09-17 15:50:58.952 I/GuideArt(18588): umrandung - in 78ms kandidaten=94256039@0,52 94256039@0,47 38699854@0,49 94256039@0,54 94256039@0,50 guide=NRect(l=0.23501578, t=0.20780757, r=0.7649842, b=0.79219246)
09-17 15:50:59.189 I/GuideArt(18588): umrandung - in 80ms kandidaten=94256039@0,49 94256039@0,47 38699854@0,50 94256039@0,53 41044418@0,50 guide=NRect(l=0.23501578, t=0.20780757, r=0.7649842, b=0.79219246)
09-17 15:50:59.415 I/GuideArt(18588): umrandung - in 79ms kandidaten=94256039@0,49 38699854@0,47 38699854@0,50 94256039@0,52 41044418@0,50 guide=NRect(l=0.23501578, t=0.20780757, r=0.7649842, b=0.79219246)
09-17 15:50:59.721 I/GuideArt(18588): umrandung - in 78ms kandidaten=94256039@0,49 38699854@0,47 38699854@0,50 94256039@0,52 41044418@0,49 guide=NRect(l=0.23501578, t=0.20780757, r=0.7649842, b=0.79219246)
09-17 15:50:59.951 I/GuideArt(18588): umrandung - in 80ms kandidaten=94256039@0,49 38699854@0,47 38699854@0,50 94256039@0,52 41044418@0,50 guide=NRect(l=0.23501578, t=0.20780757, r=0.7649842, b=0.79219246)
09-17 15:51:00.184 I/GuideArt(18588): umrandung - in 79ms kandidaten=94256039@0,49 38699854@0,47 38699854@0,50 94256039@0,53 41044418@0,50 guide=NRect(l=0.23501578, t=0.20780757, r=0.7649842, b=0.79219246)
09-17 15:51:00.444 I/GuideArt(18588): umrandung - in 78ms kandidaten=94256039@0,49 38699854@0,47 38699854@0,51 94256039@0,52 41044418@0,50 guide=NRect(l=0.23501578, t=0.20780757, r=0.7649842, b=0.79219246)
09-17 15:51:00.681 I/GuideArt(18588): umrandung - in 80ms kandidaten=94256039@0,49 38699854@0,47 38699854@0,51 94256039@0,52 41044418@0,50 guide=NRect(l=0.23501578, t=0.20780757, r=0.7649842, b=0.79219246)
09-17 15:51:00.914 I/GuideArt(18588): umrandung - in 81ms kandidaten=94256039@0,49 38699854@0,47 38699854@0,50 94256039@0,52 41044418@0,50 guide=NRect(l=0.23501578, t=0.20780757, r=0.7649842, b=0.79219246)
09-17 15:51:01.175 I/GuideArt(18588): umrandung - in 78ms kandidaten=94256039@0,49 94256039@0,47 38699854@0,50 94256039@0,53 41044418@0,49 guide=NRect(l=0.23501578, t=0.20780757, r=0.7649842, b=0.79219246)
09-17 15:51:01.419 I/GuideArt(18588): umrandung - in 78ms kandidaten=94256039@0,49 38699854@0,47 38699854@0,51 94256039@0,52 41044418@0,49 guide=NRect(l=0.23501578, t=0.20780757, r=0.7649842, b=0.79219246)
09-17 15:51:01.644 I/GuideArt(18588): umrandung - in 76ms kandidaten=94256039@0,50 94256039@0,47 38699854@0,50 94256039@0,52 41044418@0,49 guide=NRect(l=0.23501578, t=0.20780757, r=0.7649842, b=0.79219246)
09-17 15:51:01.912 I/GuideArt(18588): umrandung - in 79ms kandidaten=94256039@0,49 94256039@0,46 38699854@0,50 94256039@0,52 41044418@0,49 guide=NRect(l=0.23501578, t=0.20780757, r=0.7649842, b=0.79219246)
09-17 15:51:02.149 I/GuideArt(18588): umrandung - in 77ms kandidaten=94256039@0,50 94256039@0,47 38699854@0,50 94256039@0,52 94256039@0,49 guide=NRect(l=0.23501578, t=0.20780757, r=0.7649842, b=0.79219246)
09-17 15:51:02.386 I/GuideArt(18588): umrandung - in 79ms kandidaten=94256039@0,50 94256039@0,47 38699854@0,51 94256039@0,52 41044418@0,50 guide=NRect(l=0.23501578, t=0.20780757, r=0.7649842, b=0.79219246)
09-17 15:51:02.693 I/GuideArt(18588): umrandung - in 82ms kandidaten=94256039@0,49 94256039@0,47 38699854@0,51 94256039@0,52 41044418@0,49 guide=NRect(l=0.23501578, t=0.20780757, r=0.7649842, b=0.79219246)
09-17 15:51:02.911 I/GuideArt(18588): umrandung - in 75ms kandidaten=94256039@0,49 38699854@0,47 38699854@0,51 94256039@0,52 41044418@0,49 guide=NRect(l=0.23501578, t=0.20780757, r=0.7649842, b=0.79219246)
09-17 15:51:03.147 I/GuideArt(18588): umrandung - in 83ms kandidaten=94256039@0,49 94256039@0,47 38699854@0,51 94256039@0,52 41044418@0,49 guide=NRect(l=0.23501578, t=0.20780757, r=0.7649842, b=0.79219246)
09-17 15:51:03.427 I/GuideArt(18588): umrandung - in 80ms kandidaten=94256039@0,49 38699854@0,47 38699854@0,50 94256039@0,52 41044418@0,49 guide=NRect(l=0.23501578, t=0.20780757, r=0.7649842, b=0.79219246)
09-17 15:51:03.650 I/GuideArt(18588): umrandung - in 79ms kandidaten=94256039@0,49 94256039@0,47 38699854@0,51 94256039@0,52 41044418@0,49 guide=NRect(l=0.23501578, t=0.20780757, r=0.7649842, b=0.79219246)
09-17 15:51:03.878 I/GuideArt(18588): umrandung - in 77ms kandidaten=94256039@0,49 38699854@0,47 38699854@0,51 94256039@0,52 41044418@0,50 guide=NRect(l=0.23501578, t=0.20780757, r=0.7649842, b=0.79219246)
09-17 15:51:04.155 I/GuideArt(18588): umrandung - in 84ms kandidaten=94256039@0,49 38699854@0,47 38699854@0,51 94256039@0,52 41044418@0,50 guide=NRect(l=0.23501578, t=0.20780757, r=0.7649842, b=0.79219246)
09-17 15:51:04.372 I/GuideArt(18588): umrandung - in 79ms kandidaten=94256039@0,49 94256039@0,47 38699854@0,51 94256039@0,52 41044418@0,50 guide=NRect(l=0.23501578, t=0.20780757, r=0.7649842, b=0.79219246)
09-17 15:51:04.626 I/GuideArt(18588): umrandung - in 77ms kandidaten=94256039@0,49 94256039@0,47 38699854@0,51 94256039@0,52 41044418@0,49 guide=NRect(l=0.23501578, t=0.20780757, r=0.7649842, b=0.79219246)
09-17 15:51:04.881 I/GuideArt(18588): umrandung - in 79ms kandidaten=94256039@0,49 38699854@0,47 38699854@0,51 94256039@0,52 41044418@0,49 guide=NRect(l=0.23501578, t=0.20780757, r=0.7649842, b=0.79219246)
09-17 15:51:05.117 I/GuideArt(18588): umrandung - in 79ms kandidaten=94256039@0,50 94256039@0,47 38699854@0,51 94256039@0,52 94256039@0,49 guide=NRect(l=0.23501578, t=0.20780757, r=0.7649842, b=0.79219246)
09-17 15:51:05.353 I/GuideArt(18588): umrandung - in 79ms kandidaten=94256039@0,49 38699854@0,47 38699854@0,50 94256039@0,52 41044418@0,49 guide=NRect(l=0.23501578, t=0.20780757, r=0.7649842, b=0.79219246)
09-17 15:51:05.602 I/GuideArt(18588): umrandung - in 79ms kandidaten=94256039@0,49 94256039@0,47 38699854@0,51 94256039@0,52 41044418@0,49 guide=NRect(l=0.23501578, t=0.20780757, r=0.7649842, b=0.79219246)
09-17 15:51:05.850 I/GuideArt(18588): umrandung - in 80ms kandidaten=94256039@0,50 94256039@0,47 38699854@0,51 94256039@0,52 41044418@0,49 guide=NRect(l=0.23501578, t=0.20780757, r=0.7649842, b=0.79219246)
09-17 15:51:06.081 I/GuideArt(18588): umrandung - in 78ms kandidaten=94256039@0,49 94256039@0,47 38699854@0,51 94256039@0,52 41044418@0,50 guide=NRect(l=0.23501578, t=0.20780757, r=0.7649842, b=0.79219246)
09-17 15:51:06.388 I/GuideArt(18588): umrandung - in 81ms kandidaten=94256039@0,49 94256039@0,47 38699854@0,51 94256039@0,52 41044418@0,49 guide=NRect(l=0.23501578, t=0.20780757, r=0.7649842, b=0.79219246)
09-17 15:51:06.609 I/GuideArt(18588): umrandung - in 80ms kandidaten=94256039@0,49 38699854@0,47 38699854@0,51 94256039@0,52 41044418@0,50 guide=NRect(l=0.23501578, t=0.20780757, r=0.7649842, b=0.79219246)
09-17 15:51:06.849 I/GuideArt(18588): umrandung - in 81ms kandidaten=94256039@0,49 94256039@0,47 38699854@0,51 94256039@0,52 41044418@0,50 guide=NRect(l=0.23501578, t=0.20780757, r=0.7649842, b=0.79219246)
09-17 15:51:07.161 I/GuideArt(18588): umrandung - in 83ms kandidaten=94256039@0,49 38699854@0,47 38699854@0,51 94256039@0,52 41044418@0,49 guide=NRect(l=0.23501578, t=0.20780757, r=0.7649842, b=0.79219246)
09-17 15:51:07.379 I/GuideArt(18588): umrandung - in 80ms kandidaten=94256039@0,49 38699854@0,47 38699854@0,50 94256039@0,52 41044418@0,49 guide=NRect(l=0.23501578, t=0.20780757, r=0.7649842, b=0.79219246)
09-17 15:51:07.609 I/GuideArt(18588): umrandung - in 77ms kandidaten=94256039@0,49 94256039@0,47 38699854@0,51 94256039@0,52 41044418@0,49 guide=NRect(l=0.23501578, t=0.20780757, r=0.7649842, b=0.79219246)
09-17 15:51:07.879 I/GuideArt(18588): umrandung - in 79ms kandidaten=94256039@0,49 38699854@0,47 38699854@0,51 94256039@0,52 41044418@0,49 guide=NRect(l=0.23501578, t=0.20780757, r=0.7649842, b=0.79219246)
09-17 15:51:08.113 I/GuideArt(18588): umrandung - in 78ms kandidaten=94256039@0,49 38699854@0,47 38699854@0,51 94256039@0,52 41044418@0,49 guide=NRect(l=0.23501578, t=0.20780757, r=0.7649842, b=0.79219246)
09-17 15:51:08.356 I/GuideArt(18588): umrandung - in 81ms kandidaten=94256039@0,49 94256039@0,47 38699854@0,50 94256039@0,52 41044418@0,49 guide=NRect(l=0.23501578, t=0.20780757, r=0.7649842, b=0.79219246)
09-17 15:51:08.637 I/GuideArt(18588): umrandung - in 78ms kandidaten=94256039@0,49 94256039@0,47 38699854@0,50 94256039@0,52 94256039@0,49 guide=NRect(l=0.23501578, t=0.20780757, r=0.7649842, b=0.79219246)
09-17 15:51:08.891 I/GuideArt(18588): umrandung - in 80ms kandidaten=94256039@0,49 38699854@0,47 38699854@0,51 94256039@0,52 41044418@0,49 guide=NRect(l=0.23501578, t=0.20780757, r=0.7649842, b=0.79219246)
09-17 15:51:09.108 I/GuideArt(18588): umrandung - in 78ms kandidaten=94256039@0,49 38699854@0,47 38699854@0,51 94256039@0,52 41044418@0,50 guide=NRect(l=0.23501578, t=0.20780757, r=0.7649842, b=0.79219246)
09-17 15:51:09.368 I/GuideArt(18588): umrandung - in 80ms kandidaten=94256039@0,49 38699854@0,47 38699854@0,51 94256039@0,52 41044418@0,49 guide=NRect(l=0.23501578, t=0.20780757, r=0.7649842, b=0.79219246)
09-17 15:51:09.585 I/GuideArt(18588): umrandung - in 77ms kandidaten=94256039@0,50 38699854@0,47 38699854@0,51 94256039@0,52 41044418@0,49 guide=NRect(l=0.23501578, t=0.20780757, r=0.7649842, b=0.79219246)
09-17 15:51:09.826 I/GuideArt(18588): umrandung - in 83ms kandidaten=94256039@0,49 94256039@0,47 38699854@0,51 94256039@0,52 41044418@0,49 guide=NRect(l=0.23501578, t=0.20780757, r=0.7649842, b=0.79219246)
09-17 15:51:10.708 I/GuideArt(18588): umrandung - in 83ms kandidaten=94256039@0,49 94256039@0,47 38699854@0,51 94256039@0,52 41044418@0,49 guide=NRect(l=0.23501578, t=0.20780757, r=0.7649842, b=0.79219246)
09-17 15:51:10.997 I/Choreographer( 6073): first vsync insert message into MessageQueue Head
09-17 15:51:11.406 I/GuideArt(18588): umrandung - in 101ms kandidaten=94256039@0,49 94256039@0,47 38699854@0,51 94256039@0,53 41044418@0,49 guide=NRect(l=0.23501578, t=0.20780757, r=0.7649842, b=0.79219246)
09-17 15:51:12.082 I/GuideArt(18588): umrandung - in 121ms kandidaten=94256039@0,49 94256039@0,47 38699854@0,51 94256039@0,52 41044418@0,50 guide=NRect(l=0.23501578, t=0.20780757, r=0.7649842, b=0.79219246)
09-17 15:51:12.461 I/GuideArt(18588): umrandung - in 87ms kandidaten=94256039@0,49 38699854@0,47 38699854@0,51 94256039@0,52 41044418@0,50 guide=NRect(l=0.23501578, t=0.20780757, r=0.7649842, b=0.79219246)
09-17 15:51:12.700 I/GuideArt(18588): umrandung - in 86ms kandidaten=94256039@0,49 38699854@0,47 38699854@0,51 94256039@0,52 41044418@0,49 guide=NRect(l=0.23501578, t=0.20780757, r=0.7649842, b=0.79219246)
09-17 15:51:12.956 I/GuideArt(18588): umrandung - in 88ms kandidaten=94256039@0,49 94256039@0,47 38699854@0,51 94256039@0,52 94256039@0,49 guide=NRect(l=0.23501578, t=0.20780757, r=0.7649842, b=0.79219246)
09-17 15:51:13.297 I/GuideArt(18588): umrandung - in 95ms kandidaten=94256039@0,49 38699854@0,47 38699854@0,51 94256039@0,52 41044418@0,50 guide=NRect(l=0.23501578, t=0.20780757, r=0.7649842, b=0.79219246)
09-17 15:51:13.564 I/GuideArt(18588): umrandung - in 86ms kandidaten=94256039@0,49 38699854@0,47 38699854@0,50 94256039@0,52 41044418@0,49 guide=NRect(l=0.23501578, t=0.20780757, r=0.7649842, b=0.79219246)
09-17 15:51:13.827 I/GuideArt(18588): umrandung - in 85ms kandidaten=94256039@0,49 38699854@0,47 38699854@0,51 94256039@0,52 41044418@0,50 guide=NRect(l=0.23501578, t=0.20780757, r=0.7649842, b=0.79219246)
09-17 15:51:14.113 I/GuideArt(18588): umrandung - in 82ms kandidaten=94256039@0,49 94256039@0,47 38699854@0,50 94256039@0,52 41044418@0,50 guide=NRect(l=0.23501578, t=0.20780757, r=0.7649842, b=0.79219246)
09-17 15:51:14.361 I/GuideArt(18588): umrandung - in 86ms kandidaten=94256039@0,49 94256039@0,47 38699854@0,50 94256039@0,52 41044418@0,50 guide=NRect(l=0.23501578, t=0.20780757, r=0.7649842, b=0.79219246)
09-17 15:51:14.619 I/GuideArt(18588): umrandung - in 83ms kandidaten=94256039@0,49 94256039@0,47 38699854@0,51 94256039@0,52 41044418@0,50 guide=NRect(l=0.23501578, t=0.20780757, r=0.7649842, b=0.79219246)
09-17 15:51:14.928 I/GuideArt(18588): umrandung - in 84ms kandidaten=94256039@0,49 94256039@0,47 38699854@0,51 94256039@0,52 41044418@0,50 guide=NRect(l=0.23501578, t=0.20780757, r=0.7649842, b=0.79219246)
09-17 15:51:15.191 I/GuideArt(18588): umrandung - in 86ms kandidaten=94256039@0,49 38699854@0,47 38699854@0,51 94256039@0,52 41044418@0,49 guide=NRect(l=0.23501578, t=0.20780757, r=0.7649842, b=0.79219246)
09-17 15:51:15.430 I/GuideArt(18588): umrandung - in 87ms kandidaten=94256039@0,49 38699854@0,47 38699854@0,50 94256039@0,52 41044418@0,49 guide=NRect(l=0.23501578, t=0.20780757, r=0.7649842, b=0.79219246)
09-17 15:51:15.717 I/GuideArt(18588): umrandung - in 87ms kandidaten=94256039@0,49 94256039@0,47 38699854@0,50 94256039@0,52 41044418@0,49 guide=NRect(l=0.23501578, t=0.20780757, r=0.7649842, b=0.79219246)
09-17 15:51:15.974 I/GuideArt(18588): umrandung - in 95ms kandidaten=94256039@0,49 38699854@0,47 38699854@0,50 94256039@0,52 41044418@0,50 guide=NRect(l=0.23501578, t=0.20780757, r=0.7649842, b=0.79219246)
09-17 15:51:16.253 I/GuideArt(18588): umrandung - in 91ms kandidaten=94256039@0,49 38699854@0,47 38699854@0,50 94256039@0,52 41044418@0,50 guide=NRect(l=0.23501578, t=0.20780757, r=0.7649842, b=0.79219246)
09-17 15:51:16.556 I/GuideArt(18588): umrandung - in 84ms kandidaten=94256039@0,49 38699854@0,47 38699854@0,51 94256039@0,52 41044418@0,49 guide=NRect(l=0.23501578, t=0.20780757, r=0.7649842, b=0.79219246)
09-17 15:51:16.785 I/GuideArt(18588): umrandung - in 81ms kandidaten=94256039@0,49 38699854@0,47 38699854@0,50 94256039@0,52 41044418@0,49 guide=NRect(l=0.23501578, t=0.20780757, r=0.7649842, b=0.79219246)
09-17 15:51:17.023 I/GuideArt(18588): umrandung - in 84ms kandidaten=94256039@0,49 38699854@0,47 38699854@0,50 94256039@0,52 41044418@0,50 guide=NRect(l=0.23501578, t=0.20780757, r=0.7649842, b=0.79219246)
09-17 15:51:17.315 I/GuideArt(18588): umrandung - in 84ms kandidaten=94256039@0,49 38699854@0,47 38699854@0,50 94256039@0,52 41044418@0,50 guide=NRect(l=0.23501578, t=0.20780757, r=0.7649842, b=0.79219246)
09-17 15:51:17.570 I/GuideArt(18588): umrandung - in 85ms kandidaten=94256039@0,49 38699854@0,47 38699854@0,51 94256039@0,52 41044418@0,50 guide=NRect(l=0.23501578, t=0.20780757, r=0.7649842, b=0.79219246)
09-17 15:51:17.820 I/GuideArt(18588): umrandung - in 87ms kandidaten=94256039@0,50 38699854@0,47 38699854@0,51 94256039@0,52 41044418@0,50 guide=NRect(l=0.23501578, t=0.20780757, r=0.7649842, b=0.79219246)
09-17 15:51:18.115 I/GuideArt(18588): umrandung - in 86ms kandidaten=94256039@0,49 38699854@0,47 38699854@0,51 94256039@0,52 41044418@0,50 guide=NRect(l=0.23501578, t=0.20780757, r=0.7649842, b=0.79219246)
09-17 15:51:18.330 I/GuideArt(18588): umrandung - in 65ms kandidaten=94256039@0,49 38699854@0,47 38699854@0,50 94256039@0,52 41044418@0,49 guide=NRect(l=0.23501578, t=0.20780757, r=0.7649842, b=0.79219246)
09-17 15:51:18.557 I/GuideArt(18588): umrandung - in 65ms kandidaten=94256039@0,49 38699854@0,47 38699854@0,51 94256039@0,52 41044418@0,50 guide=NRect(l=0.23501578, t=0.20780757, r=0.7649842, b=0.79219246)
09-17 15:51:18.852 I/GuideArt(18588): umrandung - in 87ms kandidaten=94256039@0,49 38699854@0,47 38699854@0,51 94256039@0,52 41044418@0,50 guide=NRect(l=0.23501578, t=0.20780757, r=0.7649842, b=0.79219246)
09-17 15:51:19.052 I/GuideArt(18588): umrandung - in 70ms kandidaten=94256039@0,49 94256039@0,47 38699854@0,51 94256039@0,52 41044418@0,50 guide=NRect(l=0.23501578, t=0.20780757, r=0.7649842, b=0.79219246)
09-17 15:51:19.259 I/GuideArt(18588): umrandung - in 65ms kandidaten=94256039@0,49 94256039@0,47 38699854@0,51 94256039@0,52 41044418@0,49 guide=NRect(l=0.23501578, t=0.20780757, r=0.7649842, b=0.79219246)
09-17 15:51:19.553 I/GuideArt(18588): umrandung - in 86ms kandidaten=94256039@0,49 38699854@0,47 38699854@0,51 94256039@0,52 41044418@0,50 guide=NRect(l=0.23501578, t=0.20780757, r=0.7649842, b=0.79219246)
09-17 15:51:19.821 I/GuideArt(18588): umrandung - in 87ms kandidaten=94256039@0,49 38699854@0,47 38699854@0,51 94256039@0,52 41044418@0,49 guide=NRect(l=0.23501578, t=0.20780757, r=0.7649842, b=0.79219246)
09-17 15:51:20.052 I/GuideArt(18588): umrandung - in 83ms kandidaten=94256039@0,49 94256039@0,47 38699854@0,51 94256039@0,52 41044418@0,49 guide=NRect(l=0.23501578, t=0.20780757, r=0.7649842, b=0.79219246)
09-17 15:51:20.361 I/GuideArt(18588): umrandung - in 87ms kandidaten=94256039@0,49 38699854@0,47 38699854@0,50 94256039@0,52 41044418@0,50 guide=NRect(l=0.23501578, t=0.20780757, r=0.7649842, b=0.79219246)
09-17 15:51:20.585 I/GuideArt(18588): umrandung - in 84ms kandidaten=94256039@0,49 38699854@0,47 38699854@0,50 94256039@0,52 41044418@0,50 guide=NRect(l=0.23501578, t=0.20780757, r=0.7649842, b=0.79219246)
09-17 15:51:20.822 I/GuideArt(18588): umrandung - in 83ms kandidaten=94256039@0,49 94256039@0,47 38699854@0,50 94256039@0,52 41044418@0,49 guide=NRect(l=0.23501578, t=0.20780757, r=0.7649842, b=0.79219246)
09-17 15:51:21.115 I/GuideArt(18588): umrandung - in 84ms kandidaten=94256039@0,49 38699854@0,47 38699854@0,50 94256039@0,52 41044418@0,49 guide=NRect(l=0.23501578, t=0.20780757, r=0.7649842, b=0.79219246)
09-17 15:51:21.360 I/GuideArt(18588): umrandung - in 85ms kandidaten=94256039@0,49 38699854@0,47 38699854@0,50 94256039@0,52 41044418@0,49 guide=NRect(l=0.23501578, t=0.20780757, r=0.7649842, b=0.79219246)
09-17 15:51:21.630 I/GuideArt(18588): umrandung - in 83ms kandidaten=94256039@0,49 94256039@0,47 38699854@0,50 94256039@0,53 41044418@0,50 guide=NRect(l=0.23501578, t=0.20780757, r=0.7649842, b=0.79219246)
09-17 15:51:21.919 I/GuideArt(18588): umrandung - in 87ms kandidaten=94256039@0,49 38699854@0,47 38699854@0,51 94256039@0,52 41044418@0,50 guide=NRect(l=0.23501578, t=0.20780757, r=0.7649842, b=0.79219246)
09-17 15:51:22.156 I/GuideArt(18588): umrandung - in 89ms kandidaten=94256039@0,49 94256039@0,47 38699854@0,51 94256039@0,52 41044418@0,49 guide=NRect(l=0.23501578, t=0.20780757, r=0.7649842, b=0.79219246)
09-17 15:51:22.414 I/GuideArt(18588): umrandung - in 86ms kandidaten=94256039@0,49 38699854@0,47 38699854@0,51 94256039@0,52 94256039@0,49 guide=NRect(l=0.23501578, t=0.20780757, r=0.7649842, b=0.79219246)
09-17 15:51:22.731 I/GuideArt(18588): umrandung - in 87ms kandidaten=94256039@0,49 38699854@0,47 38699854@0,51 94256039@0,52 41044418@0,49 guide=NRect(l=0.23501578, t=0.20780757, r=0.7649842, b=0.79219246)
09-17 15:51:22.981 I/GuideArt(18588): umrandung - in 86ms kandidaten=94256039@0,49 38699854@0,47 38699854@0,50 94256039@0,53 41044418@0,49 guide=NRect(l=0.23501578, t=0.20780757, r=0.7649842, b=0.79219246)
09-17 15:51:23.223 I/GuideArt(18588): umrandung - in 89ms kandidaten=94256039@0,49 38699854@0,47 38699854@0,50 94256039@0,52 41044418@0,49 guide=NRect(l=0.23501578, t=0.20780757, r=0.7649842, b=0.79219246)
09-17 15:51:23.511 I/GuideArt(18588): umrandung - in 84ms kandidaten=94256039@0,49 94256039@0,47 38699854@0,50 94256039@0,52 41044418@0,49 guide=NRect(l=0.23501578, t=0.20780757, r=0.7649842, b=0.79219246)
09-17 15:51:23.756 I/GuideArt(18588): umrandung - in 85ms kandidaten=94256039@0,49 38699854@0,47 38699854@0,51 94256039@0,52 94256039@0,49 guide=NRect(l=0.23501578, t=0.20780757, r=0.7649842, b=0.79219246)
09-17 15:51:24.005 I/GuideArt(18588): umrandung - in 73ms kandidaten=94256039@0,49 38699854@0,47 38699854@0,51 94256039@0,53 41044418@0,49 guide=NRect(l=0.23501578, t=0.20780757, r=0.7649842, b=0.79219246)
09-17 15:51:24.245 I/GuideArt(18588): umrandung - in 64ms kandidaten=94256039@0,49 38699854@0,47 38699854@0,50 94256039@0,52 41044418@0,50 guide=NRect(l=0.23501578, t=0.20780757, r=0.7649842, b=0.79219246)
09-17 15:51:24.452 I/GuideArt(18588): umrandung - in 64ms kandidaten=94256039@0,49 94256039@0,47 38699854@0,50 94256039@0,52 41044418@0,49 guide=NRect(l=0.23501578, t=0.20780757, r=0.7649842, b=0.79219246)
09-17 15:51:24.654 I/GuideArt(18588): umrandung - in 63ms kandidaten=94256039@0,49 38699854@0,47 38699854@0,51 94256039@0,52 41044418@0,50 guide=NRect(l=0.23501578, t=0.20780757, r=0.7649842, b=0.79219246)
09-17 15:51:24.939 I/GuideArt(18588): umrandung - in 81ms kandidaten=94256039@0,49 38699854@0,47 38699854@0,50 94256039@0,52 41044418@0,50 guide=NRect(l=0.23501578, t=0.20780757, r=0.7649842, b=0.79219246)
09-17 15:51:25.181 I/GuideArt(18588): umrandung - in 89ms kandidaten=94256039@0,49 38699854@0,47 38699854@0,51 94256039@0,52 41044418@0,49 guide=NRect(l=0.23501578, t=0.20780757, r=0.7649842, b=0.79219246)
09-17 15:51:25.382 I/GuideArt(18588): umrandung - in 66ms kandidaten=94256039@0,49 38699854@0,47 38699854@0,51 94256039@0,53 41044418@0,49 guide=NRect(l=0.23501578, t=0.20780757, r=0.7649842, b=0.79219246)
09-17 15:51:25.677 I/GuideArt(18588): umrandung - in 86ms kandidaten=94256039@0,49 94256039@0,47 38699854@0,51 94256039@0,52 41044418@0,49 guide=NRect(l=0.23501578, t=0.20780757, r=0.7649842, b=0.79219246)
09-17 15:51:25.910 I/GuideArt(18588): umrandung - in 84ms kandidaten=94256039@0,49 38699854@0,47 38699854@0,51 94256039@0,52 41044418@0,49 guide=NRect(l=0.23501578, t=0.20780757, r=0.7649842, b=0.79219246)
09-17 15:51:26.149 I/GuideArt(18588): umrandung - in 84ms kandidaten=94256039@0,49 38699854@0,47 38699854@0,50 94256039@0,53 41044418@0,50 guide=NRect(l=0.23501578, t=0.20780757, r=0.7649842, b=0.79219246)
09-17 15:51:26.467 I/GuideArt(18588): umrandung - in 84ms kandidaten=94256039@0,49 38699854@0,47 38699854@0,50 94256039@0,52 41044418@0,50 guide=NRect(l=0.23501578, t=0.20780757, r=0.7649842, b=0.79219246)
09-17 15:51:26.718 I/GuideArt(18588): umrandung - in 85ms kandidaten=94256039@0,49 94256039@0,47 38699854@0,50 94256039@0,52 41044418@0,49 guide=NRect(l=0.23501578, t=0.20780757, r=0.7649842, b=0.79219246)
09-17 15:51:26.960 I/GuideArt(18588): umrandung - in 86ms kandidaten=94256039@0,49 38699854@0,47 38699854@0,51 94256039@0,53 41044418@0,49 guide=NRect(l=0.23501578, t=0.20780757, r=0.7649842, b=0.79219246)
09-17 15:51:27.281 I/GuideArt(18588): umrandung - in 88ms kandidaten=94256039@0,49 94256039@0,47 38699854@0,50 94256039@0,52 41044418@0,50 guide=NRect(l=0.23501578, t=0.20780757, r=0.7649842, b=0.79219246)
09-17 15:51:27.533 I/GuideArt(18588): umrandung - in 84ms kandidaten=94256039@0,49 38699854@0,47 38699854@0,51 94256039@0,52 41044418@0,50 guide=NRect(l=0.23501578, t=0.20780757, r=0.7649842, b=0.79219246)
09-17 15:51:27.786 I/GuideArt(18588): umrandung - in 86ms kandidaten=94256039@0,49 38699854@0,47 38699854@0,51 94256039@0,52 41044418@0,49 guide=NRect(l=0.23501578, t=0.20780757, r=0.7649842, b=0.79219246)
09-17 15:51:28.078 I/GuideArt(18588): umrandung - in 85ms kandidaten=94256039@0,49 38699854@0,47 38699854@0,50 94256039@0,52 41044418@0,50 guide=NRect(l=0.23501578, t=0.20780757, r=0.7649842, b=0.79219246)
09-17 15:51:28.311 I/GuideArt(18588): umrandung - in 87ms kandidaten=94256039@0,49 38699854@0,47 38699854@0,51 94256039@0,53 41044418@0,49 guide=NRect(l=0.23501578, t=0.20780757, r=0.7649842, b=0.79219246)
09-17 15:51:28.542 I/GuideArt(18588): umrandung - in 84ms kandidaten=94256039@0,49 38699854@0,47 38699854@0,50 94256039@0,52 41044418@0,49 guide=NRect(l=0.23501578, t=0.20780757, r=0.7649842, b=0.79219246)
09-17 15:51:28.839 I/GuideArt(18588): umrandung - in 85ms kandidaten=94256039@0,49 38699854@0,47 38699854@0,51 94256039@0,52 41044418@0,50 guide=NRect(l=0.23501578, t=0.20780757, r=0.7649842, b=0.79219246)
09-17 15:51:29.079 I/GuideArt(18588): umrandung - in 87ms kandidaten=94256039@0,49 38699854@0,47 38699854@0,50 94256039@0,52 41044418@0,49 guide=NRect(l=0.23501578, t=0.20780757, r=0.7649842, b=0.79219246)
09-17 15:51:29.310 I/GuideArt(18588): umrandung - in 84ms kandidaten=94256039@0,49 38699854@0,47 38699854@0,51 94256039@0,53 41044418@0,49 guide=NRect(l=0.23501578, t=0.20780757, r=0.7649842, b=0.79219246)
09-17 15:51:30.040 I/GuideArt(18588): umrandung - in 69ms kandidaten=94256039@0,49 38699854@0,47 38699854@0,50 94256039@0,53 41044418@0,50 guide=NRect(l=0.23501578, t=0.20780757, r=0.7649842, b=0.79219246)
09-17 15:51:30.241 I/GuideArt(18588): umrandung - in 64ms kandidaten=94256039@0,49 38699854@0,47 38699854@0,51 94256039@0,52 41044418@0,50 guide=NRect(l=0.23501578, t=0.20780757, r=0.7649842, b=0.79219246)
09-17 15:51:30.449 I/GuideArt(18588): umrandung - in 72ms kandidaten=94256039@0,49 38699854@0,47 38699854@0,51 94256039@0,52 41044418@0,50 guide=NRect(l=0.23501578, t=0.20780757, r=0.7649842, b=0.79219246)
09-17 15:51:30.747 I/GuideArt(18588): umrandung - in 86ms kandidaten=94256039@0,49 38699854@0,47 38699854@0,50 94256039@0,52 41044418@0,50 guide=NRect(l=0.23501578, t=0.20780757, r=0.7649842, b=0.79219246)
09-17 15:51:30.980 I/GuideArt(18588): umrandung - in 84ms kandidaten=94256039@0,49 38699854@0,47 38699854@0,50 94256039@0,52 41044418@0,50 guide=NRect(l=0.23501578, t=0.20780757, r=0.7649842, b=0.79219246)
09-17 15:51:31.213 I/GuideArt(18588): umrandung - in 88ms kandidaten=94256039@0,49 38699854@0,47 38699854@0,50 94256039@0,52 41044418@0,50 guide=NRect(l=0.23501578, t=0.20780757, r=0.7649842, b=0.79219246)
09-17 15:51:31.510 I/GuideArt(18588): umrandung - in 88ms kandidaten=94256039@0,49 38699854@0,47 38699854@0,50 94256039@0,52 41044418@0,50 guide=NRect(l=0.23501578, t=0.20780757, r=0.7649842, b=0.79219246)
09-17 15:51:31.741 I/GuideArt(18588): umrandung - in 83ms kandidaten=94256039@0,49 38699854@0,47 38699854@0,50 94256039@0,52 41044418@0,49 guide=NRect(l=0.23501578, t=0.20780757, r=0.7649842, b=0.79219246)
09-17 15:51:31.975 I/GuideArt(18588): umrandung - in 84ms kandidaten=94256039@0,49 94256039@0,47 38699854@0,51 94256039@0,52 41044418@0,49 guide=NRect(l=0.23501578, t=0.20780757, r=0.7649842, b=0.79219246)
09-17 15:51:32.273 I/GuideArt(18588): umrandung - in 83ms kandidaten=94256039@0,49 38699854@0,47 38699854@0,51 94256039@0,52 41044418@0,50 guide=NRect(l=0.23501578, t=0.20780757, r=0.7649842, b=0.79219246)
09-17 15:51:32.507 I/GuideArt(18588): umrandung - in 87ms kandidaten=94256039@0,49 38699854@0,47 38699854@0,50 94256039@0,52 41044418@0,50 guide=NRect(l=0.23501578, t=0.20780757, r=0.7649842, b=0.79219246)
09-17 15:51:32.749 I/GuideArt(18588): umrandung - in 83ms kandidaten=94256039@0,49 38699854@0,47 38699854@0,51 94256039@0,52 41044418@0,50 guide=NRect(l=0.23501578, t=0.20780757, r=0.7649842, b=0.79219246)
09-17 15:51:33.038 I/GuideArt(18588): umrandung - in 82ms kandidaten=94256039@0,49 38699854@0,47 38699854@0,51 94256039@0,52 41044418@0,50 guide=NRect(l=0.23501578, t=0.20780757, r=0.7649842, b=0.79219246)
09-17 15:51:33.274 I/GuideArt(18588): umrandung - in 84ms kandidaten=94256039@0,49 94256039@0,47 38699854@0,51 94256039@0,52 41044418@0,50 guide=NRect(l=0.23501578, t=0.20780757, r=0.7649842, b=0.79219246)
09-17 15:51:33.501 I/GuideArt(18588): umrandung - in 80ms kandidaten=94256039@0,49 38699854@0,47 38699854@0,51 94256039@0,52 41044418@0,50 guide=NRect(l=0.23501578, t=0.20780757, r=0.7649842, b=0.79219246)
09-17 15:51:33.781 I/GuideArt(18588): umrandung - in 89ms kandidaten=94256039@0,49 38699854@0,47 38699854@0,51 94256039@0,52 41044418@0,49 guide=NRect(l=0.23501578, t=0.20780757, r=0.7649842, b=0.79219246)
09-17 15:51:34.050 I/GuideArt(18588): umrandung - in 83ms kandidaten=94256039@0,49 38699854@0,47 38699854@0,50 94256039@0,52 41044418@0,49 guide=NRect(l=0.23501578, t=0.20780757, r=0.7649842, b=0.79219246)
09-17 15:51:34.277 I/GuideArt(18588): umrandung - in 86ms kandidaten=94256039@0,49 94256039@0,47 38699854@0,51 94256039@0,52 41044418@0,50 guide=NRect(l=0.23501578, t=0.20780757, r=0.7649842, b=0.79219246)
09-17 15:51:34.564 I/GuideArt(18588): umrandung - in 83ms kandidaten=94256039@0,49 38699854@0,47 38699854@0,51 94256039@0,52 94256039@0,49 guide=NRect(l=0.23501578, t=0.20780757, r=0.7649842, b=0.79219246)
09-17 15:51:34.797 I/GuideArt(18588): umrandung - in 82ms kandidaten=94256039@0,49 38699854@0,47 38699854@0,50 94256039@0,52 41044418@0,49 guide=NRect(l=0.23501578, t=0.20780757, r=0.7649842, b=0.79219246)
09-17 15:51:35.037 I/GuideArt(18588): umrandung - in 84ms kandidaten=94256039@0,49 38699854@0,47 38699854@0,50 94256039@0,52 41044418@0,50 guide=NRect(l=0.23501578, t=0.20780757, r=0.7649842, b=0.79219246)
09-17 15:51:35.329 I/GuideArt(18588): umrandung - in 82ms kandidaten=94256039@0,49 94256039@0,47 38699854@0,51 94256039@0,52 41044418@0,49 guide=NRect(l=0.23501578, t=0.20780757, r=0.7649842, b=0.79219246)
09-17 15:51:35.570 I/GuideArt(18588): umrandung - in 83ms kandidaten=94256039@0,49 94256039@0,47 38699854@0,51 94256039@0,52 41044418@0,50 guide=NRect(l=0.23501578, t=0.20780757, r=0.7649842, b=0.79219246)
09-17 15:51:35.801 I/GuideArt(18588): umrandung - in 82ms kandidaten=94256039@0,49 38699854@0,47 38699854@0,50 94256039@0,52 41044418@0,50 guide=NRect(l=0.23501578, t=0.20780757, r=0.7649842, b=0.79219246)
09-17 15:51:36.061 I/GuideArt(18588): umrandung - in 81ms kandidaten=94256039@0,49 38699854@0,47 38699854@0,50 94256039@0,52 41044418@0,50 guide=NRect(l=0.23501578, t=0.20780757, r=0.7649842, b=0.79219246)
09-17 15:51:36.304 I/GuideArt(18588): umrandung - in 86ms kandidaten=94256039@0,49 38699854@0,47 38699854@0,50 94256039@0,52 41044418@0,50 guide=NRect(l=0.23501578, t=0.20780757, r=0.7649842, b=0.79219246)
09-17 15:51:36.541 I/GuideArt(18588): umrandung - in 87ms kandidaten=94256039@0,49 38699854@0,47 38699854@0,50 94256039@0,52 41044418@0,49 guide=NRect(l=0.23501578, t=0.20780757, r=0.7649842, b=0.79219246)
09-17 15:51:36.842 I/GuideArt(18588): umrandung - in 84ms kandidaten=94256039@0,49 38699854@0,47 38699854@0,51 94256039@0,52 41044418@0,49 guide=NRect(l=0.23501578, t=0.20780757, r=0.7649842, b=0.79219246)
09-17 15:51:37.070 I/GuideArt(18588): umrandung - in 83ms kandidaten=94256039@0,49 38699854@0,47 38699854@0,51 94256039@0,52 41044418@0,49 guide=NRect(l=0.23501578, t=0.20780757, r=0.7649842, b=0.79219246)
09-17 15:51:37.300 I/GuideArt(18588): umrandung - in 81ms kandidaten=94256039@0,49 38699854@0,47 38699854@0,51 94256039@0,52 41044418@0,49 guide=NRect(l=0.23501578, t=0.20780757, r=0.7649842, b=0.79219246)
09-17 15:51:37.612 I/GuideArt(18588): umrandung - in 82ms kandidaten=94256039@0,49 38699854@0,47 38699854@0,51 94256039@0,53 41044418@0,50 guide=NRect(l=0.23501578, t=0.20780757, r=0.7649842, b=0.79219246)
09-17 15:51:37.890 I/GuideArt(18588): umrandung - in 91ms kandidaten=94256039@0,49 38699854@0,47 38699854@0,51 94256039@0,52 41044418@0,49 guide=NRect(l=0.23501578, t=0.20780757, r=0.7649842, b=0.79219246)
09-17 15:51:38.143 I/GuideArt(18588): umrandung - in 89ms kandidaten=94256039@0,49 94256039@0,47 38699854@0,50 94256039@0,53 41044418@0,49 guide=NRect(l=0.23501578, t=0.20780757, r=0.7649842, b=0.79219246)
09-17 15:51:38.467 I/GuideArt(18588): umrandung - in 82ms kandidaten=94256039@0,49 38699854@0,47 38699854@0,51 94256039@0,52 41044418@0,50 guide=NRect(l=0.23501578, t=0.20780757, r=0.7649842, b=0.79219246)
09-17 15:51:38.710 I/GuideArt(18588): umrandung - in 86ms kandidaten=94256039@0,49 38699854@0,47 38699854@0,51 94256039@0,52 41044418@0,50 guide=NRect(l=0.23501578, t=0.20780757, r=0.7649842, b=0.79219246)
09-17 15:51:38.964 I/GuideArt(18588): umrandung - in 82ms kandidaten=94256039@0,49 38699854@0,47 38699854@0,51 94256039@0,52 41044418@0,49 guide=NRect(l=0.23501578, t=0.20780757, r=0.7649842, b=0.79219246)
09-17 15:51:39.265 I/GuideArt(18588): umrandung - in 83ms kandidaten=94256039@0,49 94256039@0,47 38699854@0,51 94256039@0,52 41044418@0,50 guide=NRect(l=0.23501578, t=0.20780757, r=0.7649842, b=0.79219246)
09-17 15:51:39.506 I/GuideArt(18588): umrandung - in 83ms kandidaten=94256039@0,49 38699854@0,47 38699854@0,50 94256039@0,52 41044418@0,49 guide=NRect(l=0.23501578, t=0.20780757, r=0.7649842, b=0.79219246)
09-17 15:51:39.734 I/GuideArt(18588): umrandung - in 82ms kandidaten=94256039@0,49 94256039@0,47 38699854@0,51 94256039@0,53 41044418@0,50 guide=NRect(l=0.23501578, t=0.20780757, r=0.7649842, b=0.79219246)
09-17 15:51:40.028 I/GuideArt(18588): umrandung - in 82ms kandidaten=94256039@0,49 38699854@0,47 38699854@0,50 94256039@0,52 41044418@0,50 guide=NRect(l=0.23501578, t=0.20780757, r=0.7649842, b=0.79219246)
09-17 15:51:40.275 I/GuideArt(18588): umrandung - in 85ms kandidaten=94256039@0,49 94256039@0,47 38699854@0,50 94256039@0,52 41044418@0,49 guide=NRect(l=0.23501578, t=0.20780757, r=0.7649842, b=0.79219246)
09-17 15:51:40.540 I/GuideArt(18588): umrandung - in 84ms kandidaten=94256039@0,49 38699854@0,47 38699854@0,51 94256039@0,52 41044418@0,49 guide=NRect(l=0.23501578, t=0.20780757, r=0.7649842, b=0.79219246)
09-17 15:51:40.851 I/GuideArt(18588): umrandung - in 82ms kandidaten=94256039@0,49 38699854@0,47 38699854@0,51 94256039@0,52 41044418@0,50 guide=NRect(l=0.23501578, t=0.20780757, r=0.7649842, b=0.79219246)
09-17 15:51:41.102 I/GuideArt(18588): umrandung - in 86ms kandidaten=94256039@0,49 38699854@0,47 38699854@0,50 94256039@0,53 41044418@0,50 guide=NRect(l=0.23501578, t=0.20780757, r=0.7649842, b=0.79219246)
09-17 15:51:41.337 I/GuideArt(18588): umrandung - in 83ms kandidaten=94256039@0,49 38699854@0,47 38699854@0,50 94256039@0,52 41044418@0,50 guide=NRect(l=0.23501578, t=0.20780757, r=0.7649842, b=0.79219246)
09-17 15:51:41.627 I/GuideArt(18588): umrandung - in 82ms kandidaten=94256039@0,49 38699854@0,47 38699854@0,51 94256039@0,52 41044418@0,49 guide=NRect(l=0.23501578, t=0.20780757, r=0.7649842, b=0.79219246)
09-17 15:51:41.864 I/GuideArt(18588): umrandung - in 81ms kandidaten=94256039@0,49 38699854@0,47 38699854@0,51 94256039@0,52 41044418@0,50 guide=NRect(l=0.23501578, t=0.20780757, r=0.7649842, b=0.79219246)
09-17 15:51:42.098 I/GuideArt(18588): umrandung - in 81ms kandidaten=94256039@0,49 38699854@0,47 38699854@0,50 94256039@0,52 41044418@0,50 guide=NRect(l=0.23501578, t=0.20780757, r=0.7649842, b=0.79219246)
09-17 15:51:42.394 I/GuideArt(18588): umrandung - in 84ms kandidaten=94256039@0,49 94256039@0,47 38699854@0,50 94256039@0,52 41044418@0,49 guide=NRect(l=0.23501578, t=0.20780757, r=0.7649842, b=0.79219246)
09-17 15:51:42.632 I/GuideArt(18588): umrandung - in 84ms kandidaten=94256039@0,49 38699854@0,47 38699854@0,51 94256039@0,52 41044418@0,50 guide=NRect(l=0.23501578, t=0.20780757, r=0.7649842, b=0.79219246)
09-17 15:51:42.870 I/GuideArt(18588): umrandung - in 84ms kandidaten=94256039@0,49 38699854@0,47 38699854@0,51 94256039@0,53 41044418@0,49 guide=NRect(l=0.23501578, t=0.20780757, r=0.7649842, b=0.79219246)
09-17 15:51:43.161 I/GuideArt(18588): umrandung - in 82ms kandidaten=94256039@0,49 38699854@0,47 38699854@0,50 94256039@0,52 41044418@0,49 guide=NRect(l=0.23501578, t=0.20780757, r=0.7649842, b=0.79219246)
09-17 15:51:43.393 I/GuideArt(18588): umrandung - in 81ms kandidaten=94256039@0,49 94256039@0,47 38699854@0,50 94256039@0,52 41044418@0,49 guide=NRect(l=0.23501578, t=0.20780757, r=0.7649842, b=0.79219246)
09-17 15:51:43.628 I/GuideArt(18588): umrandung - in 82ms kandidaten=94256039@0,49 38699854@0,47 38699854@0,50 94256039@0,53 41044418@0,50 guide=NRect(l=0.23501578, t=0.20780757, r=0.7649842, b=0.79219246)
09-17 15:51:43.932 I/GuideArt(18588): umrandung - in 84ms kandidaten=94256039@0,49 38699854@0,47 38699854@0,51 94256039@0,52 41044418@0,49 guide=NRect(l=0.23501578, t=0.20780757, r=0.7649842, b=0.79219246)
09-17 15:51:44.161 I/GuideArt(18588): umrandung - in 83ms kandidaten=94256039@0,49 38699854@0,47 38699854@0,50 94256039@0,52 41044418@0,50 guide=NRect(l=0.23501578, t=0.20780757, r=0.7649842, b=0.79219246)
09-17 15:51:44.405 I/GuideArt(18588): umrandung - in 82ms kandidaten=94256039@0,49 38699854@0,47 38699854@0,50 94256039@0,52 41044418@0,49 guide=NRect(l=0.23501578, t=0.20780757, r=0.7649842, b=0.79219246)
09-17 15:51:44.710 I/GuideArt(18588): umrandung - in 95ms kandidaten=94256039@0,49 38699854@0,47 38699854@0,50 94256039@0,52 41044418@0,49 guide=NRect(l=0.23501578, t=0.20780757, r=0.7649842, b=0.79219246)
09-17 15:51:44.965 I/GuideArt(18588): umrandung - in 86ms kandidaten=94256039@0,50 38699854@0,47 38699854@0,50 94256039@0,53 41044418@0,49 guide=NRect(l=0.23501578, t=0.20780757, r=0.7649842, b=0.79219246)
09-17 15:51:45.199 I/GuideArt(18588): umrandung - in 83ms kandidaten=94256039@0,49 38699854@0,47 38699854@0,50 94256039@0,52 41044418@0,50 guide=NRect(l=0.23501578, t=0.20780757, r=0.7649842, b=0.79219246)
09-17 15:51:45.456 I/GuideArt(18588): umrandung - in 82ms kandidaten=94256039@0,49 94256039@0,47 38699854@0,51 94256039@0,53 41044418@0,50 guide=NRect(l=0.23501578, t=0.20780757, r=0.7649842, b=0.79219246)
09-17 15:51:45.695 I/GuideArt(18588): umrandung - in 83ms kandidaten=94256039@0,49 38699854@0,47 38699854@0,51 94256039@0,52 41044418@0,50 guide=NRect(l=0.23501578, t=0.20780757, r=0.7649842, b=0.79219246)
09-17 15:51:45.935 I/GuideArt(18588): umrandung - in 85ms kandidaten=94256039@0,49 94256039@0,47 38699854@0,51 94256039@0,52 41044418@0,50 guide=NRect(l=0.23501578, t=0.20780757, r=0.7649842, b=0.79219246)
09-17 15:51:46.228 I/GuideArt(18588): umrandung - in 85ms kandidaten=94256039@0,49 38699854@0,47 38699854@0,51 94256039@0,53 41044418@0,50 guide=NRect(l=0.23501578, t=0.20780757, r=0.7649842, b=0.79219246)
09-17 15:51:46.461 I/GuideArt(18588): umrandung - in 84ms kandidaten=94256039@0,49 38699854@0,47 38699854@0,51 94256039@0,53 41044418@0,50 guide=NRect(l=0.23501578, t=0.20780757, r=0.7649842, b=0.79219246)
09-17 15:51:46.662 I/GuideArt(18588): umrandung - in 66ms kandidaten=94256039@0,49 38699854@0,47 38699854@0,50 94256039@0,52 41044418@0,50 guide=NRect(l=0.23501578, t=0.20780757, r=0.7649842, b=0.79219246)
09-17 15:51:46.963 I/GuideArt(18588): umrandung - in 82ms kandidaten=94256039@0,49 38699854@0,47 38699854@0,51 94256039@0,53 41044418@0,49 guide=NRect(l=0.23501578, t=0.20780757, r=0.7649842, b=0.79219246)
09-17 15:51:47.208 I/GuideArt(18588): umrandung - in 85ms kandidaten=94256039@0,49 94256039@0,47 38699854@0,50 94256039@0,52 41044418@0,49 guide=NRect(l=0.23501578, t=0.20780757, r=0.7649842, b=0.79219246)
09-17 15:51:47.464 I/GuideArt(18588): umrandung - in 85ms kandidaten=94256039@0,50 94256039@0,47 38699854@0,50 94256039@0,52 41044418@0,49 guide=NRect(l=0.23501578, t=0.20780757, r=0.7649842, b=0.79219246)
09-17 15:51:47.755 I/GuideArt(18588): umrandung - in 83ms kandidaten=94256039@0,49 94256039@0,47 38699854@0,50 94256039@0,52 41044418@0,50 guide=NRect(l=0.23501578, t=0.20780757, r=0.7649842, b=0.79219246)
09-17 15:51:48.001 I/GuideArt(18588): umrandung - in 84ms kandidaten=94256039@0,49 94256039@0,47 38699854@0,50 94256039@0,52 41044418@0,50 guide=NRect(l=0.23501578, t=0.20780757, r=0.7649842, b=0.79219246)
09-17 15:51:48.233 I/GuideArt(18588): umrandung - in 86ms kandidaten=94256039@0,49 38699854@0,47 38699854@0,51 94256039@0,52 41044418@0,50 guide=NRect(l=0.23501578, t=0.20780757, r=0.7649842, b=0.79219246)
09-17 15:51:48.527 I/GuideArt(18588): umrandung - in 82ms kandidaten=94256039@0,49 38699854@0,47 38699854@0,51 94256039@0,52 41044418@0,50 guide=NRect(l=0.23501578, t=0.20780757, r=0.7649842, b=0.79219246)
09-17 15:51:48.760 I/GuideArt(18588): umrandung - in 84ms kandidaten=94256039@0,49 94256039@0,47 38699854@0,50 94256039@0,52 41044418@0,49 guide=NRect(l=0.23501578, t=0.20780757, r=0.7649842, b=0.79219246)
09-17 15:51:48.992 I/GuideArt(18588): umrandung - in 82ms kandidaten=94256039@0,49 38699854@0,47 38699854@0,50 94256039@0,52 41044418@0,50 guide=NRect(l=0.23501578, t=0.20780757, r=0.7649842, b=0.79219246)
09-17 15:51:49.313 I/GuideArt(18588): umrandung - in 83ms kandidaten=94256039@0,49 38699854@0,47 38699854@0,50 94256039@0,52 41044418@0,49 guide=NRect(l=0.23501578, t=0.20780757, r=0.7649842, b=0.79219246)
09-17 15:51:49.567 I/GuideArt(18588): umrandung - in 83ms kandidaten=94256039@0,49 38699854@0,47 38699854@0,50 94256039@0,52 41044418@0,50 guide=NRect(l=0.23501578, t=0.20780757, r=0.7649842, b=0.79219246)
09-17 15:51:49.810 I/GuideArt(18588): umrandung - in 85ms kandidaten=94256039@0,49 38699854@0,47 38699854@0,51 94256039@0,52 41044418@0,50 guide=NRect(l=0.23501578, t=0.20780757, r=0.7649842, b=0.79219246)
09-17 15:51:50.104 I/GuideArt(18588): umrandung - in 86ms kandidaten=94256039@0,49 38699854@0,47 38699854@0,50 94256039@0,52 41044418@0,50 guide=NRect(l=0.23501578, t=0.20780757, r=0.7649842, b=0.79219246)
09-17 15:51:50.339 I/GuideArt(18588): umrandung - in 85ms kandidaten=94256039@0,49 94256039@0,47 38699854@0,50 94256039@0,51 38699854@0,49 guide=NRect(l=0.23501578, t=0.20780757, r=0.7649842, b=0.79219246)
09-17 15:51:50.612 I/GuideArt(18588): umrandung - in 85ms kandidaten=94256039@0,51 41044418@0,48 38699854@0,49 94256039@0,53 94256039@0,50 guide=NRect(l=0.23501578, t=0.20780757, r=0.7649842, b=0.79219246)
09-17 15:51:50.896 I/GuideArt(18588): umrandung - in 85ms kandidaten=94256039@0,50 94256039@0,47 38699854@0,50 94256039@0,51 41044418@0,49 guide=NRect(l=0.23501578, t=0.20780757, r=0.7649842, b=0.79219246)
09-17 15:51:51.039 I/StapelScan(18588): stoss start=1789653110910 dauer=25 spitze=8,6 einwurf=false
09-17 15:51:51.139 I/GuideArt(18588): umrandung - in 83ms kandidaten=94256039@0,54 94256039@0,52 94256039@0,51 94256039@0,54 41044418@0,52 guide=NRect(l=0.23501578, t=0.20780757, r=0.7649842, b=0.79219246)
09-17 15:51:51.412 I/GuideArt(18588): umrandung - in 83ms kandidaten=94256039@0,51 94256039@0,47 38699854@0,50 94256039@0,51 41044418@0,50 guide=NRect(l=0.23501578, t=0.20780757, r=0.7649842, b=0.79219246)
09-17 15:51:51.693 I/GuideArt(18588): umrandung - in 84ms kandidaten=94256039@0,49 94256039@0,46 38699854@0,50 94256039@0,52 41044418@0,49 guide=NRect(l=0.23501578, t=0.20780757, r=0.7649842, b=0.79219246)
09-17 15:51:51.940 I/GuideArt(18588): umrandung - in 84ms kandidaten=94256039@0,49 38699854@0,47 38699854@0,50 94256039@0,52 41044418@0,50 guide=NRect(l=0.23501578, t=0.20780757, r=0.7649842, b=0.79219246)
09-17 15:51:52.198 I/GuideArt(18588): umrandung - in 84ms kandidaten=94256039@0,49 38699854@0,47 38699854@0,50 94256039@0,52 41044418@0,50 guide=NRect(l=0.23501578, t=0.20780757, r=0.7649842, b=0.79219246)
09-17 15:51:52.487 I/GuideArt(18588): umrandung - in 83ms kandidaten=94256039@0,52 41044418@0,47 38699854@0,50 94256039@0,53 41044418@0,52 guide=NRect(l=0.23501578, t=0.20780757, r=0.7649842, b=0.79219246)
09-17 15:51:52.720 I/GuideArt(18588): umrandung - in 82ms kandidaten=94256039@0,51 94256039@0,47 38699854@0,51 94256039@0,53 41044418@0,51 guide=NRect(l=0.23501578, t=0.20780757, r=0.7649842, b=0.79219246)
09-17 15:51:52.960 I/GuideArt(18588): umrandung - in 85ms kandidaten=94256039@0,50 94256039@0,47 38699854@0,50 94256039@0,53 41044418@0,50 guide=NRect(l=0.23501578, t=0.20780757, r=0.7649842, b=0.79219246)
09-17 15:51:53.166 I/StapelScan(18588): stoss start=1789653113004 dauer=0 spitze=80,1 einwurf=false
09-17 15:51:53.260 I/GuideArt(18588): umrandung - in 86ms kandidaten=56597273@0,40 56597273@0,40 56597273@0,40 56597273@0,39 56597273@0,40 guide=NRect(l=0.23501578, t=0.20780757, r=0.7649842, b=0.79219246)
09-17 15:51:53.440 I/StapelScan(18588): stoss start=1789653113166 dauer=168 spitze=25,7 einwurf=false
09-17 15:51:53.494 I/GuideArt(18588): umrandung - in 84ms kandidaten=2084239@0,48 2084239@0,48 2084239@0,46 2084239@0,49 2084239@0,48 guide=NRect(l=0.23501578, t=0.20780757, r=0.7649842, b=0.79219246)
09-17 15:51:53.666 I/StapelScan(18588): stoss start=1789653113499 dauer=72 spitze=4,7 einwurf=false
09-17 15:51:53.752 I/GuideArt(18588): umrandung - in 90ms kandidaten=2084239@0,48 2084239@0,47 2084239@0,47 2084239@0,50 2084239@0,49 guide=NRect(l=0.23501578, t=0.20780757, r=0.7649842, b=0.79219246)
09-17 15:51:54.018 I/GuideArt(18588): umrandung - in 88ms kandidaten=38699854@0,46 2084239@0,47 38699854@0,48 38699854@0,49 2084239@0,46 guide=NRect(l=0.23501578, t=0.20780757, r=0.7649842, b=0.79219246)
09-17 15:51:54.277 I/GuideArt(18588): umrandung - in 91ms kandidaten=38699854@0,49 2084239@0,49 38699854@0,51 38699854@0,50 2084239@0,51 guide=NRect(l=0.23501578, t=0.20780757, r=0.7649842, b=0.79219246)
09-17 15:51:54.542 I/GuideArt(18588): umrandung - in 90ms kandidaten=38699854@0,48 2084239@0,47 38699854@0,51 38699854@0,51 2084239@0,50 guide=NRect(l=0.23501578, t=0.20780757, r=0.7649842, b=0.79219246)
09-17 15:51:54.841 I/GuideArt(18588): umrandung - in 92ms kandidaten=38699854@0,48 2084239@0,48 38699854@0,50 38699854@0,50 2084239@0,49 guide=NRect(l=0.23501578, t=0.20780757, r=0.7649842, b=0.79219246)
09-17 15:51:55.118 I/GuideArt(18588): umrandung - in 94ms kandidaten=38699854@0,48 2084239@0,47 38699854@0,52 38699854@0,50 2084239@0,49 guide=NRect(l=0.23501578, t=0.20780757, r=0.7649842, b=0.79219246)
09-17 15:51:55.378 I/GuideArt(18588): umrandung - in 91ms kandidaten=38699854@0,49 2084239@0,48 38699854@0,51 38699854@0,51 2084239@0,50 guide=NRect(l=0.23501578, t=0.20780757, r=0.7649842, b=0.79219246)
09-17 15:51:55.670 I/GuideArt(18588): umrandung - in 88ms kandidaten=38699854@0,49 2084239@0,48 38699854@0,51 38699854@0,50 2084239@0,50 guide=NRect(l=0.23501578, t=0.20780757, r=0.7649842, b=0.79219246)
09-17 15:51:55.954 I/GuideArt(18588): umrandung - in 88ms kandidaten=2084239@0,48 2084239@0,48 38699854@0,50 38699854@0,50 2084239@0,51 guide=NRect(l=0.23501578, t=0.20780757, r=0.7649842, b=0.79219246)
09-17 15:51:56.226 I/GuideArt(18588): umrandung - in 90ms kandidaten=38699854@0,48 2084239@0,47 38699854@0,50 38699854@0,50 2084239@0,50 guide=NRect(l=0.23501578, t=0.20780757, r=0.7649842, b=0.79219246)
09-17 15:51:56.542 I/GuideArt(18588): umrandung - in 90ms kandidaten=38699854@0,50 2084239@0,48 38699854@0,51 38699854@0,51 2084239@0,51 guide=NRect(l=0.23501578, t=0.20780757, r=0.7649842, b=0.79219246)
09-17 15:51:56.827 I/GuideArt(18588): umrandung - in 92ms kandidaten=38699854@0,48 2084239@0,48 38699854@0,51 38699854@0,51 2084239@0,49 guide=NRect(l=0.23501578, t=0.20780757, r=0.7649842, b=0.79219246)
09-17 15:51:57.091 I/GuideArt(18588): umrandung - in 91ms kandidaten=38699854@0,50 2084239@0,48 38699854@0,51 38699854@0,51 2084239@0,50 guide=NRect(l=0.23501578, t=0.20780757, r=0.7649842, b=0.79219246)
09-17 15:51:57.407 I/GuideArt(18588): umrandung - in 88ms kandidaten=2084239@0,49 2084239@0,49 38699854@0,50 38699854@0,50 2084239@0,51 guide=NRect(l=0.23501578, t=0.20780757, r=0.7649842, b=0.79219246)
09-17 15:51:57.663 I/GuideArt(18588): umrandung - in 87ms kandidaten=2084239@0,49 2084239@0,48 38699854@0,50 38699854@0,50 2084239@0,50 guide=NRect(l=0.23501578, t=0.20780757, r=0.7649842, b=0.79219246)
09-17 15:51:57.921 I/GuideArt(18588): umrandung - in 89ms kandidaten=2084239@0,48 2084239@0,48 38699854@0,49 38699854@0,51 2084239@0,50 guide=NRect(l=0.23501578, t=0.20780757, r=0.7649842, b=0.79219246)
09-17 15:51:58.216 I/GuideArt(18588): umrandung - in 91ms kandidaten=38699854@0,48 2084239@0,47 38699854@0,51 38699854@0,52 2084239@0,51 guide=NRect(l=0.23501578, t=0.20780757, r=0.7649842, b=0.79219246)
09-17 15:51:58.475 I/GuideArt(18588): umrandung - in 89ms kandidaten=2084239@0,49 2084239@0,49 38699854@0,50 38699854@0,51 2084239@0,51 guide=NRect(l=0.23501578, t=0.20780757, r=0.7649842, b=0.79219246)
09-17 15:51:58.739 I/GuideArt(18588): umrandung - in 89ms kandidaten=38699854@0,48 2084239@0,47 38699854@0,50 38699854@0,50 2084239@0,50 guide=NRect(l=0.23501578, t=0.20780757, r=0.7649842, b=0.79219246)
09-17 15:51:59.083 I/GuideArt(18588): umrandung - in 92ms kandidaten=2084239@0,49 2084239@0,48 38699854@0,50 38699854@0,51 2084239@0,50 guide=NRect(l=0.23501578, t=0.20780757, r=0.7649842, b=0.79219246)
09-17 15:51:59.350 I/GuideArt(18588): umrandung - in 90ms kandidaten=38699854@0,48 2084239@0,48 38699854@0,51 38699854@0,50 2084239@0,50 guide=NRect(l=0.23501578, t=0.20780757, r=0.7649842, b=0.79219246)
09-17 15:51:59.617 I/GuideArt(18588): umrandung - in 91ms kandidaten=38699854@0,48 2084239@0,47 38699854@0,50 38699854@0,50 2084239@0,51 guide=NRect(l=0.23501578, t=0.20780757, r=0.7649842, b=0.79219246)
09-17 15:51:59.950 I/GuideArt(18588): umrandung - in 87ms kandidaten=38699854@0,48 2084239@0,47 38699854@0,50 38699854@0,51 2084239@0,50 guide=NRect(l=0.23501578, t=0.20780757, r=0.7649842, b=0.79219246)
09-17 15:52:00.209 I/GuideArt(18588): umrandung - in 89ms kandidaten=38699854@0,48 2084239@0,47 38699854@0,50 38699854@0,50 2084239@0,49 guide=NRect(l=0.23501578, t=0.20780757, r=0.7649842, b=0.79219246)
09-17 15:52:00.480 I/GuideArt(18588): umrandung - in 88ms kandidaten=38699854@0,47 2084239@0,47 38699854@0,50 38699854@0,50 2084239@0,49 guide=NRect(l=0.23501578, t=0.20780757, r=0.7649842, b=0.79219246)
09-17 15:52:00.800 I/GuideArt(18588): umrandung - in 88ms kandidaten=38699854@0,47 2084239@0,47 38699854@0,50 38699854@0,50 2084239@0,48 guide=NRect(l=0.23501578, t=0.20780757, r=0.7649842, b=0.79219246)
09-17 15:52:01.081 I/GuideArt(18588): umrandung - in 92ms kandidaten=2084239@0,48 2084239@0,47 38699854@0,51 38699854@0,51 2084239@0,50 guide=NRect(l=0.23501578, t=0.20780757, r=0.7649842, b=0.79219246)
09-17 15:52:01.362 I/GuideArt(18588): umrandung - in 93ms kandidaten=38699854@0,49 2084239@0,48 38699854@0,51 38699854@0,52 2084239@0,50 guide=NRect(l=0.23501578, t=0.20780757, r=0.7649842, b=0.79219246)
09-17 15:52:01.676 I/GuideArt(18588): umrandung - in 92ms kandidaten=38699854@0,50 2084239@0,49 38699854@0,52 38699854@0,51 2084239@0,51 guide=NRect(l=0.23501578, t=0.20780757, r=0.7649842, b=0.79219246)
09-17 15:52:01.934 I/GuideArt(18588): umrandung - in 89ms kandidaten=38699854@0,48 2084239@0,48 38699854@0,50 38699854@0,50 2084239@0,49 guide=NRect(l=0.23501578, t=0.20780757, r=0.7649842, b=0.79219246)
09-17 15:52:02.211 I/GuideArt(18588): umrandung - in 93ms kandidaten=38699854@0,48 38699854@0,47 38699854@0,50 38699854@0,51 2084239@0,49 guide=NRect(l=0.23501578, t=0.20780757, r=0.7649842, b=0.79219246)
09-17 15:52:02.512 I/GuideArt(18588): umrandung - in 91ms kandidaten=38699854@0,48 2084239@0,47 38699854@0,50 38699854@0,52 2084239@0,49 guide=NRect(l=0.23501578, t=0.20780757, r=0.7649842, b=0.79219246)
09-17 15:52:02.842 I/GuideArt(18588): umrandung - in 96ms kandidaten=2084239@0,49 2084239@0,48 38699854@0,51 38699854@0,51 2084239@0,51 guide=NRect(l=0.23501578, t=0.20780757, r=0.7649842, b=0.79219246)
09-17 15:52:03.101 I/GuideArt(18588): umrandung - in 89ms kandidaten=38699854@0,48 2084239@0,47 38699854@0,50 38699854@0,50 2084239@0,49 guide=NRect(l=0.23501578, t=0.20780757, r=0.7649842, b=0.79219246)
09-17 15:52:03.433 I/GuideArt(18588): umrandung - in 90ms kandidaten=38699854@0,48 2084239@0,47 38699854@0,50 38699854@0,50 2084239@0,49 guide=NRect(l=0.23501578, t=0.20780757, r=0.7649842, b=0.79219246)
09-17 15:52:03.714 I/GuideArt(18588): umrandung - in 90ms kandidaten=38699854@0,48 38699854@0,47 38699854@0,50 38699854@0,51 2084239@0,49 guide=NRect(l=0.23501578, t=0.20780757, r=0.7649842, b=0.79219246)
09-17 15:52:03.981 I/GuideArt(18588): umrandung - in 99ms kandidaten=38699854@0,47 2084239@0,47 38699854@0,49 38699854@0,50 2084239@0,49 guide=NRect(l=0.23501578, t=0.20780757, r=0.7649842, b=0.79219246)
09-17 15:52:04.327 I/GuideArt(18588): umrandung - in 90ms kandidaten=38699854@0,49 2084239@0,47 38699854@0,51 38699854@0,51 2084239@0,49 guide=NRect(l=0.23501578, t=0.20780757, r=0.7649842, b=0.79219246)
09-17 15:52:04.561 I/GuideArt(18588): umrandung - in 79ms kandidaten=2084239@0,48 2084239@0,48 38699854@0,50 38699854@0,50 2084239@0,52 guide=NRect(l=0.23501578, t=0.20780757, r=0.7649842, b=0.79219246)
09-17 15:52:04.808 I/GuideArt(18588): umrandung - in 88ms kandidaten=38699854@0,48 2084239@0,47 38699854@0,50 38699854@0,50 2084239@0,49 guide=NRect(l=0.23501578, t=0.20780757, r=0.7649842, b=0.79219246)
09-17 15:52:05.140 I/GuideArt(18588): umrandung - in 89ms kandidaten=38699854@0,49 2084239@0,47 38699854@0,51 38699854@0,52 2084239@0,50 guide=NRect(l=0.23501578, t=0.20780757, r=0.7649842, b=0.79219246)
09-17 15:52:05.431 I/GuideArt(18588): umrandung - in 93ms kandidaten=2084239@0,48 2084239@0,48 38699854@0,50 38699854@0,50 2084239@0,51 guide=NRect(l=0.23501578, t=0.20780757, r=0.7649842, b=0.79219246)
09-17 15:52:05.679 I/GuideArt(18588): umrandung - in 89ms kandidaten=38699854@0,48 2084239@0,47 38699854@0,50 38699854@0,51 2084239@0,49 guide=NRect(l=0.23501578, t=0.20780757, r=0.7649842, b=0.79219246)
09-17 15:52:05.975 I/GuideArt(18588): umrandung - in 90ms kandidaten=38699854@0,48 2084239@0,48 38699854@0,50 38699854@0,51 2084239@0,49 guide=NRect(l=0.23501578, t=0.20780757, r=0.7649842, b=0.79219246)
09-17 15:52:06.240 I/GuideArt(18588): umrandung - in 87ms kandidaten=38699854@0,50 2084239@0,47 38699854@0,52 38699854@0,52 2084239@0,51 guide=NRect(l=0.23501578, t=0.20780757, r=0.7649842, b=0.79219246)
09-17 15:52:06.511 I/GuideArt(18588): umrandung - in 92ms kandidaten=38699854@0,49 2084239@0,47 38699854@0,50 38699854@0,51 2084239@0,49 guide=NRect(l=0.23501578, t=0.20780757, r=0.7649842, b=0.79219246)
09-17 15:52:06.845 I/GuideArt(18588): umrandung - in 96ms kandidaten=38699854@0,50 2084239@0,48 38699854@0,51 38699854@0,51 2084239@0,49 guide=NRect(l=0.23501578, t=0.20780757, r=0.7649842, b=0.79219246)
09-17 15:52:07.103 I/GuideArt(18588): umrandung - in 92ms kandidaten=38699854@0,47 2084239@0,48 38699854@0,50 38699854@0,50 2084239@0,50 guide=NRect(l=0.23501578, t=0.20780757, r=0.7649842, b=0.79219246)
09-17 15:52:07.372 I/GuideArt(18588): umrandung - in 87ms kandidaten=38699854@0,49 2084239@0,47 38699854@0,51 38699854@0,51 2084239@0,50 guide=NRect(l=0.23501578, t=0.20780757, r=0.7649842, b=0.79219246)
09-17 15:52:07.700 I/GuideArt(18588): umrandung - in 89ms kandidaten=38699854@0,49 2084239@0,48 38699854@0,51 38699854@0,50 2084239@0,51 guide=NRect(l=0.23501578, t=0.20780757, r=0.7649842, b=0.79219246)
09-17 15:52:07.956 I/GuideArt(18588): umrandung - in 90ms kandidaten=38699854@0,48 2084239@0,49 38699854@0,50 38699854@0,51 2084239@0,50 guide=NRect(l=0.23501578, t=0.20780757, r=0.7649842, b=0.79219246)
09-17 15:52:08.205 I/GuideArt(18588): umrandung - in 90ms kandidaten=38699854@0,48 2084239@0,47 38699854@0,50 38699854@0,50 2084239@0,50 guide=NRect(l=0.23501578, t=0.20780757, r=0.7649842, b=0.79219246)
09-17 15:52:08.531 I/GuideArt(18588): umrandung - in 91ms kandidaten=38699854@0,49 2084239@0,48 38699854@0,52 38699854@0,51 2084239@0,51 guide=NRect(l=0.23501578, t=0.20780757, r=0.7649842, b=0.79219246)
09-17 15:52:08.830 I/GuideArt(18588): umrandung - in 94ms kandidaten=2084239@0,48 2084239@0,48 38699854@0,51 38699854@0,50 2084239@0,49 guide=NRect(l=0.23501578, t=0.20780757, r=0.7649842, b=0.79219246)
09-17 15:52:09.070 I/GuideArt(18588): umrandung - in 88ms kandidaten=38699854@0,49 2084239@0,48 38699854@0,50 38699854@0,51 2084239@0,49 guide=NRect(l=0.23501578, t=0.20780757, r=0.7649842, b=0.79219246)
09-17 15:52:09.419 I/GuideArt(18588): umrandung - in 96ms kandidaten=38699854@0,48 2084239@0,47 38699854@0,51 38699854@0,51 2084239@0,49 guide=NRect(l=0.23501578, t=0.20780757, r=0.7649842, b=0.79219246)
09-17 15:52:09.665 I/GuideArt(18588): umrandung - in 84ms kandidaten=38699854@0,49 2084239@0,46 38699854@0,49 38699854@0,51 2084239@0,49 guide=NRect(l=0.23501578, t=0.20780757, r=0.7649842, b=0.79219246)
09-17 15:52:09.934 I/GuideArt(18588): umrandung - in 81ms kandidaten=38699854@0,48 2084239@0,47 38699854@0,50 38699854@0,50 2084239@0,49 guide=NRect(l=0.23501578, t=0.20780757, r=0.7649842, b=0.79219246)
09-17 15:52:10.267 I/GuideArt(18588): umrandung - in 90ms kandidaten=2084239@0,49 2084239@0,48 38699854@0,50 38699854@0,51 2084239@0,51 guide=NRect(l=0.23501578, t=0.20780757, r=0.7649842, b=0.79219246)
09-17 15:52:10.537 I/GuideArt(18588): umrandung - in 90ms kandidaten=38699854@0,48 2084239@0,47 38699854@0,49 38699854@0,51 2084239@0,50 guide=NRect(l=0.23501578, t=0.20780757, r=0.7649842, b=0.79219246)
09-17 15:52:10.805 I/GuideArt(18588): umrandung - in 89ms kandidaten=2084239@0,48 2084239@0,47 38699854@0,50 38699854@0,51 2084239@0,50 guide=NRect(l=0.23501578, t=0.20780757, r=0.7649842, b=0.79219246)
09-17 15:52:11.112 I/GuideArt(18588): umrandung - in 90ms kandidaten=38699854@0,48 2084239@0,48 38699854@0,50 38699854@0,51 2084239@0,50 guide=NRect(l=0.23501578, t=0.20780757, r=0.7649842, b=0.79219246)
09-17 15:52:11.381 I/GuideArt(18588): umrandung - in 89ms kandidaten=38699854@0,47 2084239@0,47 38699854@0,50 38699854@0,50 2084239@0,49 guide=NRect(l=0.23501578, t=0.20780757, r=0.7649842, b=0.79219246)
09-17 15:52:11.644 I/GuideArt(18588): umrandung - in 91ms kandidaten=38699854@0,49 2084239@0,48 38699854@0,51 38699854@0,51 2084239@0,51 guide=NRect(l=0.23501578, t=0.20780757, r=0.7649842, b=0.79219246)
09-17 15:52:11.965 I/GuideArt(18588): umrandung - in 93ms kandidaten=2084239@0,49 2084239@0,49 38699854@0,51 38699854@0,50 2084239@0,51 guide=NRect(l=0.23501578, t=0.20780757, r=0.7649842, b=0.79219246)
09-17 15:52:12.227 I/GuideArt(18588): umrandung - in 88ms kandidaten=2084239@0,48 2084239@0,47 38699854@0,49 38699854@0,50 2084239@0,50 guide=NRect(l=0.23501578, t=0.20780757, r=0.7649842, b=0.79219246)
09-17 15:52:12.514 I/GuideArt(18588): umrandung - in 92ms kandidaten=38699854@0,48 2084239@0,47 38699854@0,50 38699854@0,50 2084239@0,49 guide=NRect(l=0.23501578, t=0.20780757, r=0.7649842, b=0.79219246)
09-17 15:52:12.828 I/GuideArt(18588): umrandung - in 90ms kandidaten=38699854@0,48 2084239@0,48 38699854@0,50 38699854@0,50 2084239@0,50 guide=NRect(l=0.23501578, t=0.20780757, r=0.7649842, b=0.79219246)
09-17 15:52:13.106 I/GuideArt(18588): umrandung - in 89ms kandidaten=38699854@0,48 2084239@0,47 38699854@0,50 38699854@0,50 2084239@0,50 guide=NRect(l=0.23501578, t=0.20780757, r=0.7649842, b=0.79219246)
09-17 15:52:13.373 I/GuideArt(18588): umrandung - in 92ms kandidaten=38699854@0,48 2084239@0,48 38699854@0,51 38699854@0,50 2084239@0,51 guide=NRect(l=0.23501578, t=0.20780757, r=0.7649842, b=0.79219246)
09-17 15:52:13.704 I/GuideArt(18588): umrandung - in 91ms kandidaten=38699854@0,48 2084239@0,47 38699854@0,50 38699854@0,51 2084239@0,50 guide=NRect(l=0.23501578, t=0.20780757, r=0.7649842, b=0.79219246)
09-17 15:52:13.982 I/GuideArt(18588): umrandung - in 96ms kandidaten=38699854@0,49 2084239@0,47 38699854@0,51 38699854@0,50 2084239@0,50 guide=NRect(l=0.23501578, t=0.20780757, r=0.7649842, b=0.79219246)
09-17 15:52:14.237 I/GuideArt(18588): umrandung - in 90ms kandidaten=2084239@0,49 2084239@0,48 38699854@0,52 38699854@0,51 2084239@0,51 guide=NRect(l=0.23501578, t=0.20780757, r=0.7649842, b=0.79219246)
09-17 15:52:14.561 I/GuideArt(18588): umrandung - in 89ms kandidaten=38699854@0,49 2084239@0,47 38699854@0,51 38699854@0,51 2084239@0,49 guide=NRect(l=0.23501578, t=0.20780757, r=0.7649842, b=0.79219246)
09-17 15:52:14.840 I/GuideArt(18588): umrandung - in 89ms kandidaten=2084239@0,49 2084239@0,48 38699854@0,50 38699854@0,51 2084239@0,50 guide=NRect(l=0.23501578, t=0.20780757, r=0.7649842, b=0.79219246)
09-17 15:52:15.101 I/GuideArt(18588): umrandung - in 88ms kandidaten=38699854@0,49 2084239@0,48 38699854@0,52 38699854@0,50 2084239@0,49 guide=NRect(l=0.23501578, t=0.20780757, r=0.7649842, b=0.79219246)
09-17 15:52:15.446 I/GuideArt(18588): umrandung - in 99ms kandidaten=38699854@0,49 2084239@0,48 38699854@0,51 38699854@0,51 2084239@0,49 guide=NRect(l=0.23501578, t=0.20780757, r=0.7649842, b=0.79219246)
09-17 15:52:15.718 I/GuideArt(18588): umrandung - in 89ms kandidaten=38699854@0,48 2084239@0,46 38699854@0,50 38699854@0,51 2084239@0,49 guide=NRect(l=0.23501578, t=0.20780757, r=0.7649842, b=0.79219246)
09-17 15:52:15.974 I/GuideArt(18588): umrandung - in 88ms kandidaten=38699854@0,49 2084239@0,47 38699854@0,51 38699854@0,51 2084239@0,49 guide=NRect(l=0.23501578, t=0.20780757, r=0.7649842, b=0.79219246)
09-17 15:52:16.305 I/GuideArt(18588): umrandung - in 92ms kandidaten=38699854@0,48 2084239@0,47 38699854@0,51 38699854@0,51 2084239@0,50 guide=NRect(l=0.23501578, t=0.20780757, r=0.7649842, b=0.79219246)
09-17 15:52:16.572 I/GuideArt(18588): umrandung - in 90ms kandidaten=38699854@0,49 2084239@0,49 38699854@0,51 38699854@0,51 2084239@0,50 guide=NRect(l=0.23501578, t=0.20780757, r=0.7649842, b=0.79219246)
09-17 15:52:16.880 I/GuideArt(18588): umrandung - in 103ms kandidaten=38699854@0,49 2084239@0,48 38699854@0,51 38699854@0,50 2084239@0,50 guide=NRect(l=0.23501578, t=0.20780757, r=0.7649842, b=0.79219246)
09-17 15:52:17.194 I/GuideArt(18588): umrandung - in 89ms kandidaten=38699854@0,49 2084239@0,48 38699854@0,52 38699854@0,50 2084239@0,50 guide=NRect(l=0.23501578, t=0.20780757, r=0.7649842, b=0.79219246)
09-17 15:52:17.470 I/GuideArt(18588): umrandung - in 87ms kandidaten=38699854@0,49 2084239@0,48 38699854@0,51 38699854@0,51 2084239@0,49 guide=NRect(l=0.23501578, t=0.20780757, r=0.7649842, b=0.79219246)
09-17 15:52:17.730 I/GuideArt(18588): umrandung - in 90ms kandidaten=38699854@0,48 2084239@0,48 38699854@0,51 38699854@0,50 2084239@0,52 guide=NRect(l=0.23501578, t=0.20780757, r=0.7649842, b=0.79219246)
09-17 15:52:18.035 I/GuideArt(18588): umrandung - in 90ms kandidaten=2084239@0,48 2084239@0,48 38699854@0,51 38699854@0,50 2084239@0,50 guide=NRect(l=0.23501578, t=0.20780757, r=0.7649842, b=0.79219246)
09-17 15:52:18.316 I/GuideArt(18588): umrandung - in 92ms kandidaten=38699854@0,48 2084239@0,48 38699854@0,50 38699854@0,51 2084239@0,50 guide=NRect(l=0.23501578, t=0.20780757, r=0.7649842, b=0.79219246)
09-17 15:52:18.561 I/GuideArt(18588): umrandung - in 89ms kandidaten=38699854@0,48 2084239@0,48 38699854@0,50 38699854@0,50 2084239@0,49 guide=NRect(l=0.23501578, t=0.20780757, r=0.7649842, b=0.79219246)
09-17 15:52:18.867 I/GuideArt(18588): umrandung - in 89ms kandidaten=38699854@0,49 2084239@0,48 38699854@0,51 38699854@0,51 2084239@0,50 guide=NRect(l=0.23501578, t=0.20780757, r=0.7649842, b=0.79219246)
09-17 15:52:19.137 I/GuideArt(18588): umrandung - in 89ms kandidaten=2084239@0,48 2084239@0,48 38699854@0,51 38699854@0,50 2084239@0,50 guide=NRect(l=0.23501578, t=0.20780757, r=0.7649842, b=0.79219246)
09-17 15:52:19.382 I/GuideArt(18588): umrandung - in 80ms kandidaten=2084239@0,48 2084239@0,48 38699854@0,51 38699854@0,51 2084239@0,51 guide=NRect(l=0.23501578, t=0.20780757, r=0.7649842, b=0.79219246)
09-17 15:52:19.709 I/GuideArt(18588): umrandung - in 96ms kandidaten=38699854@0,49 2084239@0,47 38699854@0,50 38699854@0,51 2084239@0,50 guide=NRect(l=0.23501578, t=0.20780757, r=0.7649842, b=0.79219246)
09-17 15:52:19.968 I/GuideArt(18588): umrandung - in 94ms kandidaten=38699854@0,48 2084239@0,48 38699854@0,50 38699854@0,51 2084239@0,49 guide=NRect(l=0.23501578, t=0.20780757, r=0.7649842, b=0.79219246)
09-17 15:52:20.237 I/GuideArt(18588): umrandung - in 90ms kandidaten=2084239@0,48 2084239@0,48 38699854@0,50 38699854@0,51 2084239@0,49 guide=NRect(l=0.23501578, t=0.20780757, r=0.7649842, b=0.79219246)
09-17 15:52:20.559 I/GuideArt(18588): umrandung - in 88ms kandidaten=38699854@0,48 2084239@0,47 38699854@0,51 38699854@0,50 2084239@0,49 guide=NRect(l=0.23501578, t=0.20780757, r=0.7649842, b=0.79219246)
09-17 15:52:20.837 I/GuideArt(18588): umrandung - in 90ms kandidaten=38699854@0,49 2084239@0,48 38699854@0,51 38699854@0,51 2084239@0,51 guide=NRect(l=0.23501578, t=0.20780757, r=0.7649842, b=0.79219246)
09-17 15:52:21.118 I/GuideArt(18588): umrandung - in 92ms kandidaten=38699854@0,49 2084239@0,47 38699854@0,51 38699854@0,51 2084239@0,49 guide=NRect(l=0.23501578, t=0.20780757, r=0.7649842, b=0.79219246)
09-17 15:52:21.423 I/GuideArt(18588): umrandung - in 93ms kandidaten=38699854@0,48 2084239@0,48 38699854@0,50 38699854@0,50 2084239@0,48 guide=NRect(l=0.23501578, t=0.20780757, r=0.7649842, b=0.79219246)
09-17 15:52:21.694 I/GuideArt(18588): umrandung - in 90ms kandidaten=2084239@0,49 2084239@0,49 38699854@0,50 38699854@0,50 2084239@0,50 guide=NRect(l=0.23501578, t=0.20780757, r=0.7649842, b=0.79219246)
09-17 15:52:21.980 I/GuideArt(18588): umrandung - in 91ms kandidaten=2084239@0,49 2084239@0,48 38699854@0,50 38699854@0,51 2084239@0,49 guide=NRect(l=0.23501578, t=0.20780757, r=0.7649842, b=0.79219246)
09-17 15:52:22.226 I/GuideArt(18588): umrandung - in 91ms kandidaten=2084239@0,48 2084239@0,48 38699854@0,50 38699854@0,51 2084239@0,50 guide=NRect(l=0.23501578, t=0.20780757, r=0.7649842, b=0.79219246)
09-17 15:52:22.496 I/GuideArt(18588): umrandung - in 90ms kandidaten=2084239@0,49 2084239@0,48 38699854@0,50 38699854@0,51 2084239@0,49 guide=NRect(l=0.23501578, t=0.20780757, r=0.7649842, b=0.79219246)
09-17 15:52:22.783 I/GuideArt(18588): umrandung - in 98ms kandidaten=38699854@0,48 2084239@0,47 38699854@0,50 38699854@0,51 2084239@0,51 guide=NRect(l=0.23501578, t=0.20780757, r=0.7649842, b=0.79219246)
09-17 15:52:23.088 I/GuideArt(18588): umrandung - in 89ms kandidaten=38699854@0,48 2084239@0,47 38699854@0,51 38699854@0,50 2084239@0,49 guide=NRect(l=0.23501578, t=0.20780757, r=0.7649842, b=0.79219246)
09-17 15:52:23.370 I/GuideArt(18588): umrandung - in 89ms kandidaten=38699854@0,48 2084239@0,48 38699854@0,50 38699854@0,51 2084239@0,50 guide=NRect(l=0.23501578, t=0.20780757, r=0.7649842, b=0.79219246)
09-17 15:52:23.635 I/GuideArt(18588): umrandung - in 88ms kandidaten=38699854@0,49 2084239@0,46 38699854@0,50 38699854@0,51 2084239@0,48 guide=NRect(l=0.23501578, t=0.20780757, r=0.7649842, b=0.79219246)
09-17 15:52:23.974 I/GuideArt(18588): umrandung - in 90ms kandidaten=38699854@0,49 38699854@0,47 38699854@0,51 38699854@0,51 2084239@0,51 guide=NRect(l=0.23501578, t=0.20780757, r=0.7649842, b=0.79219246)
09-17 15:52:24.225 I/GuideArt(18588): umrandung - in 88ms kandidaten=38699854@0,47 2084239@0,47 38699854@0,49 38699854@0,51 2084239@0,49 guide=NRect(l=0.23501578, t=0.20780757, r=0.7649842, b=0.79219246)
09-17 15:52:24.505 I/GuideArt(18588): umrandung - in 95ms kandidaten=2084239@0,49 2084239@0,47 38699854@0,50 38699854@0,50 2084239@0,50 guide=NRect(l=0.23501578, t=0.20780757, r=0.7649842, b=0.79219246)
09-17 15:52:24.825 I/GuideArt(18588): umrandung - in 89ms kandidaten=38699854@0,49 2084239@0,46 38699854@0,50 38699854@0,51 2084239@0,49 guide=NRect(l=0.23501578, t=0.20780757, r=0.7649842, b=0.79219246)
09-17 15:52:25.093 I/GuideArt(18588): umrandung - in 89ms kandidaten=38699854@0,48 2084239@0,47 38699854@0,51 38699854@0,51 2084239@0,50 guide=NRect(l=0.23501578, t=0.20780757, r=0.7649842, b=0.79219246)
09-17 15:52:25.377 I/GuideArt(18588): umrandung - in 97ms kandidaten=38699854@0,48 2084239@0,47 38699854@0,50 38699854@0,50 2084239@0,49 guide=NRect(l=0.23501578, t=0.20780757, r=0.7649842, b=0.79219246)
09-17 15:52:25.694 I/GuideArt(18588): umrandung - in 91ms kandidaten=38699854@0,49 2084239@0,47 38699854@0,51 38699854@0,51 2084239@0,49 guide=NRect(l=0.23501578, t=0.20780757, r=0.7649842, b=0.79219246)
09-17 15:52:25.951 I/GuideArt(18588): umrandung - in 88ms kandidaten=38699854@0,49 2084239@0,48 38699854@0,51 38699854@0,51 2084239@0,49 guide=NRect(l=0.23501578, t=0.20780757, r=0.7649842, b=0.79219246)
09-17 15:52:26.227 I/GuideArt(18588): umrandung - in 89ms kandidaten=38699854@0,49 2084239@0,47 38699854@0,51 38699854@0,50 2084239@0,51 guide=NRect(l=0.23501578, t=0.20780757, r=0.7649842, b=0.79219246)
09-17 15:52:26.573 I/GuideArt(18588): umrandung - in 93ms kandidaten=38699854@0,49 2084239@0,47 38699854@0,51 38699854@0,51 2084239@0,48 guide=NRect(l=0.23501578, t=0.20780757, r=0.7649842, b=0.79219246)
09-17 15:52:26.839 I/GuideArt(18588): umrandung - in 90ms kandidaten=38699854@0,49 2084239@0,48 38699854@0,52 38699854@0,51 2084239@0,50 guide=NRect(l=0.23501578, t=0.20780757, r=0.7649842, b=0.79219246)
09-17 15:52:27.093 I/GuideArt(18588): umrandung - in 79ms kandidaten=38699854@0,49 2084239@0,48 38699854@0,51 38699854@0,51 2084239@0,49 guide=NRect(l=0.23501578, t=0.20780757, r=0.7649842, b=0.79219246)
09-17 15:52:27.394 I/GuideArt(18588): umrandung - in 88ms kandidaten=2084239@0,50 2084239@0,49 38699854@0,51 38699854@0,51 2084239@0,49 guide=NRect(l=0.23501578, t=0.20780757, r=0.7649842, b=0.79219246)
09-17 15:52:27.661 I/GuideArt(18588): umrandung - in 92ms kandidaten=38699854@0,48 2084239@0,47 38699854@0,50 38699854@0,51 2084239@0,49 guide=NRect(l=0.23501578, t=0.20780757, r=0.7649842, b=0.79219246)
09-17 15:52:27.928 I/GuideArt(18588): umrandung - in 91ms kandidaten=38699854@0,49 2084239@0,48 38699854@0,50 38699854@0,51 2084239@0,51 guide=NRect(l=0.23501578, t=0.20780757, r=0.7649842, b=0.79219246)
09-17 15:52:28.225 I/GuideArt(18588): umrandung - in 92ms kandidaten=38699854@0,49 2084239@0,48 38699854@0,51 38699854@0,50 2084239@0,49 guide=NRect(l=0.23501578, t=0.20780757, r=0.7649842, b=0.79219246)
09-17 15:52:28.509 I/GuideArt(18588): umrandung - in 91ms kandidaten=2084239@0,49 2084239@0,49 38699854@0,51 38699854@0,51 2084239@0,51 guide=NRect(l=0.23501578, t=0.20780757, r=0.7649842, b=0.79219246)
09-17 15:52:28.758 I/GuideArt(18588): umrandung - in 91ms kandidaten=38699854@0,49 2084239@0,48 38699854@0,51 38699854@0,50 2084239@0,51 guide=NRect(l=0.23501578, t=0.20780757, r=0.7649842, b=0.79219246)
09-17 15:52:29.062 I/GuideArt(18588): umrandung - in 90ms kandidaten=38699854@0,48 2084239@0,48 38699854@0,50 38699854@0,51 2084239@0,50 guide=NRect(l=0.23501578, t=0.20780757, r=0.7649842, b=0.79219246)
09-17 15:52:29.331 I/GuideArt(18588): umrandung - in 94ms kandidaten=38699854@0,49 2084239@0,47 38699854@0,51 38699854@0,51 2084239@0,50 guide=NRect(l=0.23501578, t=0.20780757, r=0.7649842, b=0.79219246)
09-17 15:52:29.594 I/GuideArt(18588): umrandung - in 92ms kandidaten=2084239@0,47 2084239@0,47 38699854@0,49 38699854@0,50 2084239@0,50 guide=NRect(l=0.23501578, t=0.20780757, r=0.7649842, b=0.79219246)
09-17 15:52:29.889 I/GuideArt(18588): umrandung - in 89ms kandidaten=38699854@0,48 2084239@0,48 38699854@0,51 38699854@0,50 2084239@0,52 guide=NRect(l=0.23501578, t=0.20780757, r=0.7649842, b=0.79219246)
09-17 15:52:30.172 I/GuideArt(18588): umrandung - in 90ms kandidaten=2084239@0,47 2084239@0,48 38699854@0,50 38699854@0,50 2084239@0,49 guide=NRect(l=0.23501578, t=0.20780757, r=0.7649842, b=0.79219246)
09-17 15:52:30.444 I/GuideArt(18588): umrandung - in 104ms kandidaten=38699854@0,50 2084239@0,48 38699854@0,52 38699854@0,51 2084239@0,51 guide=NRect(l=0.23501578, t=0.20780757, r=0.7649842, b=0.79219246)
09-17 15:52:30.755 I/GuideArt(18588): umrandung - in 90ms kandidaten=2084239@0,49 2084239@0,48 38699854@0,51 38699854@0,51 2084239@0,51 guide=NRect(l=0.23501578, t=0.20780757, r=0.7649842, b=0.79219246)
09-17 15:52:31.023 I/GuideArt(18588): umrandung - in 89ms kandidaten=38699854@0,48 2084239@0,47 38699854@0,50 38699854@0,52 2084239@0,49 guide=NRect(l=0.23501578, t=0.20780757, r=0.7649842, b=0.79219246)
09-17 15:52:31.288 I/GuideArt(18588): umrandung - in 92ms kandidaten=2084239@0,50 2084239@0,48 38699854@0,51 38699854@0,51 2084239@0,51 guide=NRect(l=0.23501578, t=0.20780757, r=0.7649842, b=0.79219246)
09-17 15:52:31.618 I/GuideArt(18588): umrandung - in 89ms kandidaten=38699854@0,50 2084239@0,48 38699854@0,51 38699854@0,51 2084239@0,51 guide=NRect(l=0.23501578, t=0.20780757, r=0.7649842, b=0.79219246)
09-17 15:52:31.891 I/GuideArt(18588): umrandung - in 92ms kandidaten=38699854@0,49 2084239@0,48 38699854@0,51 38699854@0,50 2084239@0,50 guide=NRect(l=0.23501578, t=0.20780757, r=0.7649842, b=0.79219246)
09-17 15:52:32.159 I/GuideArt(18588): umrandung - in 91ms kandidaten=38699854@0,49 2084239@0,46 38699854@0,50 38699854@0,51 2084239@0,49 guide=NRect(l=0.23501578, t=0.20780757, r=0.7649842, b=0.79219246)
09-17 15:52:32.488 I/GuideArt(18588): umrandung - in 90ms kandidaten=2084239@0,49 2084239@0,47 38699854@0,51 38699854@0,50 2084239@0,50 guide=NRect(l=0.23501578, t=0.20780757, r=0.7649842, b=0.79219246)
09-17 15:52:32.745 I/GuideArt(18588): umrandung - in 81ms kandidaten=2084239@0,49 2084239@0,49 38699854@0,50 38699854@0,50 2084239@0,49 guide=NRect(l=0.23501578, t=0.20780757, r=0.7649842, b=0.79219246)
09-17 15:52:33.023 I/GuideArt(18588): umrandung - in 89ms kandidaten=38699854@0,48 2084239@0,48 38699854@0,50 38699854@0,50 2084239@0,51 guide=NRect(l=0.23501578, t=0.20780757, r=0.7649842, b=0.79219246)
09-17 15:52:33.360 I/GuideArt(18588): umrandung - in 88ms kandidaten=38699854@0,48 2084239@0,48 38699854@0,51 38699854@0,50 2084239@0,50 guide=NRect(l=0.23501578, t=0.20780757, r=0.7649842, b=0.79219246)
09-17 15:52:33.627 I/GuideArt(18588): umrandung - in 90ms kandidaten=38699854@0,49 2084239@0,47 38699854@0,50 38699854@0,51 2084239@0,51 guide=NRect(l=0.23501578, t=0.20780757, r=0.7649842, b=0.79219246)
09-17 15:52:33.888 I/GuideArt(18588): umrandung - in 90ms kandidaten=38699854@0,49 38699854@0,47 38699854@0,51 38699854@0,51 2084239@0,49 guide=NRect(l=0.23501578, t=0.20780757, r=0.7649842, b=0.79219246)
09-17 15:52:34.189 I/GuideArt(18588): umrandung - in 90ms kandidaten=38699854@0,48 38699854@0,47 38699854@0,50 38699854@0,51 2084239@0,50 guide=NRect(l=0.23501578, t=0.20780757, r=0.7649842, b=0.79219246)
09-17 15:52:34.452 I/GuideArt(18588): umrandung - in 90ms kandidaten=38699854@0,48 2084239@0,48 38699854@0,51 38699854@0,51 2084239@0,50 guide=NRect(l=0.23501578, t=0.20780757, r=0.7649842, b=0.79219246)
09-17 15:52:34.725 I/GuideArt(18588): umrandung - in 89ms kandidaten=38699854@0,50 2084239@0,47 38699854@0,51 38699854@0,50 2084239@0,50 guide=NRect(l=0.23501578, t=0.20780757, r=0.7649842, b=0.79219246)
09-17 15:52:35.022 I/GuideArt(18588): umrandung - in 91ms kandidaten=2084239@0,49 2084239@0,48 38699854@0,50 38699854@0,51 2084239@0,50 guide=NRect(l=0.23501578, t=0.20780757, r=0.7649842, b=0.79219246)
09-17 15:52:35.282 I/GuideArt(18588): umrandung - in 90ms kandidaten=38699854@0,48 2084239@0,48 38699854@0,51 38699854@0,51 2084239@0,49 guide=NRect(l=0.23501578, t=0.20780757, r=0.7649842, b=0.79219246)
09-17 15:52:35.554 I/GuideArt(18588): umrandung - in 88ms kandidaten=38699854@0,49 2084239@0,48 38699854@0,51 38699854@0,50 2084239@0,49 guide=NRect(l=0.23501578, t=0.20780757, r=0.7649842, b=0.79219246)
09-17 15:52:35.853 I/GuideArt(18588): umrandung - in 88ms kandidaten=38699854@0,48 2084239@0,47 38699854@0,50 38699854@0,50 2084239@0,49 guide=NRect(l=0.23501578, t=0.20780757, r=0.7649842, b=0.79219246)
09-17 15:52:36.115 I/GuideArt(18588): umrandung - in 89ms kandidaten=38699854@0,49 2084239@0,48 38699854@0,51 38699854@0,52 2084239@0,50 guide=NRect(l=0.23501578, t=0.20780757, r=0.7649842, b=0.79219246)
09-17 15:52:36.391 I/GuideArt(18588): umrandung - in 94ms kandidaten=38699854@0,49 2084239@0,47 38699854@0,51 38699854@0,51 2084239@0,50 guide=NRect(l=0.23501578, t=0.20780757, r=0.7649842, b=0.79219246)
09-17 15:52:36.720 I/GuideArt(18588): umrandung - in 87ms kandidaten=38699854@0,48 2084239@0,47 38699854@0,50 38699854@0,51 2084239@0,49 guide=NRect(l=0.23501578, t=0.20780757, r=0.7649842, b=0.79219246)
09-17 15:52:36.971 I/GuideArt(18588): umrandung - in 81ms kandidaten=38699854@0,49 2084239@0,48 38699854@0,51 38699854@0,51 2084239@0,51 guide=NRect(l=0.23501578, t=0.20780757, r=0.7649842, b=0.79219246)
09-17 15:52:37.214 I/GuideArt(18588): umrandung - in 89ms kandidaten=2084239@0,49 2084239@0,48 38699854@0,50 38699854@0,51 2084239@0,50 guide=NRect(l=0.23501578, t=0.20780757, r=0.7649842, b=0.79219246)
09-17 15:52:37.512 I/GuideArt(18588): umrandung - in 91ms kandidaten=38699854@0,49 2084239@0,48 38699854@0,51 38699854@0,49 2084239@0,49 guide=NRect(l=0.23501578, t=0.20780757, r=0.7649842, b=0.79219246)
09-17 15:52:37.804 I/GuideArt(18588): umrandung - in 94ms kandidaten=38699854@0,49 2084239@0,48 38699854@0,51 38699854@0,51 2084239@0,50 guide=NRect(l=0.23501578, t=0.20780757, r=0.7649842, b=0.79219246)
09-17 15:52:38.053 I/GuideArt(18588): umrandung - in 91ms kandidaten=38699854@0,50 2084239@0,49 38699854@0,52 38699854@0,51 2084239@0,50 guide=NRect(l=0.23501578, t=0.20780757, r=0.7649842, b=0.79219246)
09-17 15:52:38.383 I/GuideArt(18588): umrandung - in 88ms kandidaten=38699854@0,49 2084239@0,47 38699854@0,51 38699854@0,50 2084239@0,50 guide=NRect(l=0.23501578, t=0.20780757, r=0.7649842, b=0.79219246)
09-17 15:52:38.654 I/GuideArt(18588): umrandung - in 91ms kandidaten=2084239@0,49 2084239@0,48 38699854@0,50 38699854@0,50 2084239@0,51 guide=NRect(l=0.23501578, t=0.20780757, r=0.7649842, b=0.79219246)
09-17 15:52:38.926 I/GuideArt(18588): umrandung - in 95ms kandidaten=38699854@0,49 2084239@0,48 38699854@0,51 38699854@0,51 2084239@0,49 guide=NRect(l=0.23501578, t=0.20780757, r=0.7649842, b=0.79219246)
09-17 15:52:39.252 I/GuideArt(18588): umrandung - in 91ms kandidaten=38699854@0,49 2084239@0,48 38699854@0,50 38699854@0,51 2084239@0,50 guide=NRect(l=0.23501578, t=0.20780757, r=0.7649842, b=0.79219246)
09-17 15:52:39.528 I/GuideArt(18588): umrandung - in 99ms kandidaten=38699854@0,49 2084239@0,47 38699854@0,51 38699854@0,51 2084239@0,50 guide=NRect(l=0.23501578, t=0.20780757, r=0.7649842, b=0.79219246)
09-17 15:52:39.781 I/GuideArt(18588): umrandung - in 91ms kandidaten=2084239@0,49 2084239@0,48 38699854@0,49 38699854@0,50 2084239@0,50 guide=NRect(l=0.23501578, t=0.20780757, r=0.7649842, b=0.79219246)
09-17 15:52:40.081 I/GuideArt(18588): umrandung - in 93ms kandidaten=2084239@0,47 2084239@0,47 38699854@0,49 38699854@0,50 2084239@0,50 guide=NRect(l=0.23501578, t=0.20780757, r=0.7649842, b=0.79219246)
09-17 15:52:40.366 I/GuideArt(18588): umrandung - in 91ms kandidaten=38699854@0,48 2084239@0,47 38699854@0,50 38699854@0,50 2084239@0,50 guide=NRect(l=0.23501578, t=0.20780757, r=0.7649842, b=0.79219246)
09-17 15:52:40.633 I/GuideArt(18588): umrandung - in 91ms kandidaten=38699854@0,49 2084239@0,48 38699854@0,51 38699854@0,51 2084239@0,50 guide=NRect(l=0.23501578, t=0.20780757, r=0.7649842, b=0.79219246)
09-17 15:52:40.953 I/GuideArt(18588): umrandung - in 91ms kandidaten=38699854@0,48 2084239@0,47 38699854@0,51 38699854@0,49 2084239@0,49 guide=NRect(l=0.23501578, t=0.20780757, r=0.7649842, b=0.79219246)
09-17 15:52:41.216 I/GuideArt(18588): umrandung - in 90ms kandidaten=38699854@0,49 2084239@0,48 38699854@0,51 38699854@0,51 2084239@0,50 guide=NRect(l=0.23501578, t=0.20780757, r=0.7649842, b=0.79219246)
09-17 15:52:41.467 I/GuideArt(18588): umrandung - in 81ms kandidaten=38699854@0,48 2084239@0,48 38699854@0,50 38699854@0,51 2084239@0,50 guide=NRect(l=0.23501578, t=0.20780757, r=0.7649842, b=0.79219246)
09-17 15:52:41.782 I/GuideArt(18588): umrandung - in 94ms kandidaten=38699854@0,50 2084239@0,48 38699854@0,52 38699854@0,51 2084239@0,50 guide=NRect(l=0.23501578, t=0.20780757, r=0.7649842, b=0.79219246)
09-17 15:52:42.062 I/GuideArt(18588): umrandung - in 94ms kandidaten=38699854@0,48 2084239@0,47 38699854@0,50 38699854@0,51 2084239@0,49 guide=NRect(l=0.23501578, t=0.20780757, r=0.7649842, b=0.79219246)
09-17 15:52:42.317 I/GuideArt(18588): umrandung - in 91ms kandidaten=38699854@0,48 2084239@0,47 38699854@0,49 38699854@0,51 2084239@0,50 guide=NRect(l=0.23501578, t=0.20780757, r=0.7649842, b=0.79219246)
09-17 15:52:42.608 I/GuideArt(18588): umrandung - in 91ms kandidaten=38699854@0,49 2084239@0,48 38699854@0,51 38699854@0,51 2084239@0,49 guide=NRect(l=0.23501578, t=0.20780757, r=0.7649842, b=0.79219246)
09-17 15:52:42.894 I/GuideArt(18588): umrandung - in 92ms kandidaten=2084239@0,49 2084239@0,49 38699854@0,50 38699854@0,51 2084239@0,49 guide=NRect(l=0.23501578, t=0.20780757, r=0.7649842, b=0.79219246)
09-17 15:52:43.146 I/GuideArt(18588): umrandung - in 91ms kandidaten=2084239@0,47 2084239@0,47 38699854@0,50 38699854@0,50 2084239@0,49 guide=NRect(l=0.23501578, t=0.20780757, r=0.7649842, b=0.79219246)
09-17 15:52:43.440 I/GuideArt(18588): umrandung - in 87ms kandidaten=38699854@0,49 2084239@0,47 38699854@0,51 38699854@0,51 2084239@0,50 guide=NRect(l=0.23501578, t=0.20780757, r=0.7649842, b=0.79219246)
09-17 15:52:43.712 I/GuideArt(18588): umrandung - in 89ms kandidaten=38699854@0,48 2084239@0,47 38699854@0,50 38699854@0,51 2084239@0,49 guide=NRect(l=0.23501578, t=0.20780757, r=0.7649842, b=0.79219246)
09-17 15:52:43.991 I/GuideArt(18588): umrandung - in 91ms kandidaten=38699854@0,49 2084239@0,48 38699854@0,51 38699854@0,50 2084239@0,51 guide=NRect(l=0.23501578, t=0.20780757, r=0.7649842, b=0.79219246)
09-17 15:52:44.321 I/GuideArt(18588): umrandung - in 91ms kandidaten=38699854@0,49 2084239@0,48 38699854@0,51 38699854@0,50 2084239@0,50 guide=NRect(l=0.23501578, t=0.20780757, r=0.7649842, b=0.79219246)
09-17 15:52:44.567 I/GuideArt(18588): umrandung - in 84ms kandidaten=38699854@0,49 2084239@0,48 38699854@0,51 38699854@0,51 2084239@0,48 guide=NRect(l=0.23501578, t=0.20780757, r=0.7649842, b=0.79219246)
09-17 15:52:44.816 I/GuideArt(18588): umrandung - in 87ms kandidaten=38699854@0,47 2084239@0,47 38699854@0,50 38699854@0,51 2084239@0,50 guide=NRect(l=0.23501578, t=0.20780757, r=0.7649842, b=0.79219246)
09-17 15:52:45.127 I/GuideArt(18588): umrandung - in 105ms kandidaten=2084239@0,48 2084239@0,47 38699854@0,49 38699854@0,50 2084239@0,48 guide=NRect(l=0.23501578, t=0.20780757, r=0.7649842, b=0.79219246)
09-17 15:52:45.381 I/GuideArt(18588): umrandung - in 90ms kandidaten=2084239@0,49 2084239@0,48 38699854@0,51 38699854@0,51 2084239@0,50 guide=NRect(l=0.23501578, t=0.20780757, r=0.7649842, b=0.79219246)
09-17 15:52:45.668 I/GuideArt(18588): umrandung - in 93ms kandidaten=38699854@0,49 2084239@0,47 38699854@0,50 38699854@0,51 2084239@0,49 guide=NRect(l=0.23501578, t=0.20780757, r=0.7649842, b=0.79219246)
09-17 15:52:45.981 I/GuideArt(18588): umrandung - in 90ms kandidaten=38699854@0,47 2084239@0,47 38699854@0,50 38699854@0,51 2084239@0,50 guide=NRect(l=0.23501578, t=0.20780757, r=0.7649842, b=0.79219246)
09-17 15:52:46.242 I/GuideArt(18588): umrandung - in 88ms kandidaten=38699854@0,48 2084239@0,48 38699854@0,50 38699854@0,51 2084239@0,49 guide=NRect(l=0.23501578, t=0.20780757, r=0.7649842, b=0.79219246)
09-17 15:52:46.521 I/GuideArt(18588): umrandung - in 89ms kandidaten=2084239@0,49 2084239@0,48 38699854@0,51 38699854@0,51 2084239@0,51 guide=NRect(l=0.23501578, t=0.20780757, r=0.7649842, b=0.79219246)
09-17 15:52:46.842 I/GuideArt(18588): umrandung - in 93ms kandidaten=38699854@0,49 2084239@0,47 38699854@0,51 38699854@0,51 2084239@0,50 guide=NRect(l=0.23501578, t=0.20780757, r=0.7649842, b=0.79219246)
09-17 15:52:47.117 I/GuideArt(18588): umrandung - in 89ms kandidaten=38699854@0,48 2084239@0,47 38699854@0,51 38699854@0,51 2084239@0,50 guide=NRect(l=0.23501578, t=0.20780757, r=0.7649842, b=0.79219246)
09-17 15:52:47.387 I/GuideArt(18588): umrandung - in 90ms kandidaten=2084239@0,48 2084239@0,48 38699854@0,50 38699854@0,51 2084239@0,49 guide=NRect(l=0.23501578, t=0.20780757, r=0.7649842, b=0.79219246)
09-17 15:52:47.709 I/GuideArt(18588): umrandung - in 92ms kandidaten=38699854@0,48 2084239@0,46 38699854@0,50 38699854@0,51 2084239@0,51 guide=NRect(l=0.23501578, t=0.20780757, r=0.7649842, b=0.79219246)
09-17 15:52:47.984 I/GuideArt(18588): umrandung - in 90ms kandidaten=38699854@0,49 2084239@0,47 38699854@0,51 38699854@0,50 2084239@0,50 guide=NRect(l=0.23501578, t=0.20780757, r=0.7649842, b=0.79219246)
09-17 15:52:48.246 I/GuideArt(18588): umrandung - in 92ms kandidaten=38699854@0,49 2084239@0,48 38699854@0,51 38699854@0,51 2084239@0,51 guide=NRect(l=0.23501578, t=0.20780757, r=0.7649842, b=0.79219246)
09-17 15:52:48.598 I/GuideArt(18588): umrandung - in 91ms kandidaten=38699854@0,49 2084239@0,49 38699854@0,51 38699854@0,51 2084239@0,49 guide=NRect(l=0.23501578, t=0.20780757, r=0.7649842, b=0.79219246)
09-17 15:52:48.843 I/GuideArt(18588): umrandung - in 81ms kandidaten=2084239@0,48 2084239@0,48 38699854@0,50 38699854@0,51 2084239@0,49 guide=NRect(l=0.23501578, t=0.20780757, r=0.7649842, b=0.79219246)
09-17 15:52:49.113 I/GuideArt(18588): umrandung - in 90ms kandidaten=38699854@0,48 2084239@0,48 38699854@0,50 38699854@0,50 2084239@0,49 guide=NRect(l=0.23501578, t=0.20780757, r=0.7649842, b=0.79219246)
09-17 15:52:49.439 I/GuideArt(18588): umrandung - in 90ms kandidaten=38699854@0,48 2084239@0,47 38699854@0,51 38699854@0,50 2084239@0,49 guide=NRect(l=0.23501578, t=0.20780757, r=0.7649842, b=0.79219246)
09-17 15:52:49.734 I/GuideArt(18588): umrandung - in 91ms kandidaten=38699854@0,48 2084239@0,47 38699854@0,50 38699854@0,50 2084239@0,49 guide=NRect(l=0.23501578, t=0.20780757, r=0.7649842, b=0.79219246)
09-17 15:52:50.028 I/GuideArt(18588): umrandung - in 91ms kandidaten=38699854@0,49 2084239@0,48 38699854@0,51 38699854@0,50 2084239@0,51 guide=NRect(l=0.23501578, t=0.20780757, r=0.7649842, b=0.79219246)
09-17 15:52:50.338 I/GuideArt(18588): umrandung - in 92ms kandidaten=2084239@0,49 2084239@0,49 38699854@0,51 38699854@0,51 2084239@0,47 guide=NRect(l=0.23501578, t=0.20780757, r=0.7649842, b=0.79219246)
09-17 15:52:50.620 I/GuideArt(18588): umrandung - in 96ms kandidaten=38699854@0,49 2084239@0,49 38699854@0,51 38699854@0,51 2084239@0,50 guide=NRect(l=0.23501578, t=0.20780757, r=0.7649842, b=0.79219246)
09-17 15:52:50.890 I/GuideArt(18588): umrandung - in 92ms kandidaten=38699854@0,49 2084239@0,48 38699854@0,51 38699854@0,50 2084239@0,49 guide=NRect(l=0.23501578, t=0.20780757, r=0.7649842, b=0.79219246)
09-17 15:52:51.211 I/GuideArt(18588): umrandung - in 91ms kandidaten=38699854@0,48 2084239@0,48 38699854@0,50 38699854@0,51 2084239@0,50 guide=NRect(l=0.23501578, t=0.20780757, r=0.7649842, b=0.79219246)
09-17 15:52:51.478 I/GuideArt(18588): umrandung - in 90ms kandidaten=2084239@0,49 2084239@0,49 38699854@0,50 38699854@0,50 2084239@0,51 guide=NRect(l=0.23501578, t=0.20780757, r=0.7649842, b=0.79219246)
09-17 15:52:51.749 I/GuideArt(18588): umrandung - in 81ms kandidaten=38699854@0,48 2084239@0,49 38699854@0,51 38699854@0,51 2084239@0,50 guide=NRect(l=0.23501578, t=0.20780757, r=0.7649842, b=0.79219246)
09-17 15:52:52.068 I/GuideArt(18588): umrandung - in 92ms kandidaten=2084239@0,49 2084239@0,48 38699854@0,51 38699854@0,51 2084239@0,51 guide=NRect(l=0.23501578, t=0.20780757, r=0.7649842, b=0.79219246)
09-17 15:52:52.321 I/GuideArt(18588): umrandung - in 88ms kandidaten=38699854@0,49 2084239@0,47 38699854@0,50 38699854@0,51 2084239@0,50 guide=NRect(l=0.23501578, t=0.20780757, r=0.7649842, b=0.79219246)
09-17 15:52:52.578 I/GuideArt(18588): umrandung - in 90ms kandidaten=38699854@0,49 2084239@0,48 38699854@0,51 38699854@0,51 2084239@0,50 guide=NRect(l=0.23501578, t=0.20780757, r=0.7649842, b=0.79219246)
09-17 15:52:52.871 I/GuideArt(18588): umrandung - in 89ms kandidaten=38699854@0,50 2084239@0,49 38699854@0,52 38699854@0,52 2084239@0,50 guide=NRect(l=0.23501578, t=0.20780757, r=0.7649842, b=0.79219246)
09-17 15:52:53.149 I/GuideArt(18588): umrandung - in 88ms kandidaten=38699854@0,49 2084239@0,47 38699854@0,51 38699854@0,51 2084239@0,49 guide=NRect(l=0.23501578, t=0.20780757, r=0.7649842, b=0.79219246)
09-17 15:52:53.424 I/GuideArt(18588): umrandung - in 91ms kandidaten=2084239@0,48 2084239@0,48 38699854@0,50 38699854@0,51 2084239@0,50 guide=NRect(l=0.23501578, t=0.20780757, r=0.7649842, b=0.79219246)
09-17 15:52:53.745 I/GuideArt(18588): umrandung - in 90ms kandidaten=38699854@0,49 2084239@0,48 38699854@0,51 38699854@0,51 2084239@0,51 guide=NRect(l=0.23501578, t=0.20780757, r=0.7649842, b=0.79219246)
09-17 15:52:54.017 I/GuideArt(18588): umrandung - in 88ms kandidaten=38699854@0,49 2084239@0,47 38699854@0,50 38699854@0,50 2084239@0,50 guide=NRect(l=0.23501578, t=0.20780757, r=0.7649842, b=0.79219246)
09-17 15:52:54.277 I/GuideArt(18588): umrandung - in 90ms kandidaten=38699854@0,48 2084239@0,47 38699854@0,50 38699854@0,51 2084239@0,48 guide=NRect(l=0.23501578, t=0.20780757, r=0.7649842, b=0.79219246)
09-17 15:52:54.615 I/GuideArt(18588): umrandung - in 88ms kandidaten=38699854@0,48 2084239@0,47 38699854@0,50 38699854@0,50 2084239@0,49 guide=NRect(l=0.23501578, t=0.20780757, r=0.7649842, b=0.79219246)
09-17 15:52:54.880 I/GuideArt(18588): umrandung - in 89ms kandidaten=38699854@0,49 2084239@0,48 38699854@0,50 38699854@0,50 2084239@0,49 guide=NRect(l=0.23501578, t=0.20780757, r=0.7649842, b=0.79219246)
09-17 15:52:55.140 I/GuideArt(18588): umrandung - in 94ms kandidaten=38699854@0,48 2084239@0,47 38699854@0,50 38699854@0,51 2084239@0,49 guide=NRect(l=0.23501578, t=0.20780757, r=0.7649842, b=0.79219246)
09-17 15:52:55.586 I/GuideArt(18588): umrandung - in 83ms kandidaten=38699854@0,48 2084239@0,48 38699854@0,51 38699854@0,51 2084239@0,49 guide=NRect(l=0.23501578, t=0.20780757, r=0.7649842, b=0.79219246)
09-17 15:52:55.866 I/GuideArt(18588): umrandung - in 90ms kandidaten=38699854@0,48 2084239@0,47 38699854@0,50 38699854@0,51 2084239@0,50 guide=NRect(l=0.23501578, t=0.20780757, r=0.7649842, b=0.79219246)
09-17 15:52:56.126 I/GuideArt(18588): umrandung - in 86ms kandidaten=38699854@0,49 2084239@0,47 38699854@0,50 38699854@0,50 2084239@0,51 guide=NRect(l=0.23501578, t=0.20780757, r=0.7649842, b=0.79219246)
09-17 15:52:56.468 I/GuideArt(18588): umrandung - in 94ms kandidaten=38699854@0,47 2084239@0,47 38699854@0,49 38699854@0,50 2084239@0,48 guide=NRect(l=0.23501578, t=0.20780757, r=0.7649842, b=0.79219246)
09-17 15:52:56.715 I/GuideArt(18588): umrandung - in 83ms kandidaten=2084239@0,48 2084239@0,48 38699854@0,49 38699854@0,51 2084239@0,50 guide=NRect(l=0.23501578, t=0.20780757, r=0.7649842, b=0.79219246)
09-17 15:52:56.991 I/GuideArt(18588): umrandung - in 91ms kandidaten=38699854@0,48 38699854@0,46 38699854@0,50 38699854@0,51 2084239@0,50 guide=NRect(l=0.23501578, t=0.20780757, r=0.7649842, b=0.79219246)
09-17 15:52:57.310 I/GuideArt(18588): umrandung - in 88ms kandidaten=38699854@0,49 2084239@0,47 38699854@0,50 38699854@0,51 2084239@0,50 guide=NRect(l=0.23501578, t=0.20780757, r=0.7649842, b=0.79219246)
09-17 15:52:57.573 I/GuideArt(18588): umrandung - in 90ms kandidaten=38699854@0,49 2084239@0,47 38699854@0,50 38699854@0,51 2084239@0,48 guide=NRect(l=0.23501578, t=0.20780757, r=0.7649842, b=0.79219246)
09-17 15:52:57.843 I/GuideArt(18588): umrandung - in 90ms kandidaten=2084239@0,49 2084239@0,49 38699854@0,50 38699854@0,51 2084239@0,51 guide=NRect(l=0.23501578, t=0.20780757, r=0.7649842, b=0.79219246)
09-17 15:52:58.180 I/GuideArt(18588): umrandung - in 90ms kandidaten=38699854@0,49 2084239@0,48 38699854@0,50 38699854@0,50 2084239@0,50 guide=NRect(l=0.23501578, t=0.20780757, r=0.7649842, b=0.79219246)
09-17 15:52:58.437 I/GuideArt(18588): umrandung - in 89ms kandidaten=38699854@0,48 2084239@0,47 38699854@0,50 38699854@0,50 2084239@0,50 guide=NRect(l=0.23501578, t=0.20780757, r=0.7649842, b=0.79219246)
09-17 15:52:58.716 I/GuideArt(18588): umrandung - in 89ms kandidaten=38699854@0,49 2084239@0,47 38699854@0,50 38699854@0,51 2084239@0,49 guide=NRect(l=0.23501578, t=0.20780757, r=0.7649842, b=0.79219246)
09-17 15:52:59.045 I/GuideArt(18588): umrandung - in 95ms kandidaten=38699854@0,49 2084239@0,48 38699854@0,51 38699854@0,51 2084239@0,50 guide=NRect(l=0.23501578, t=0.20780757, r=0.7649842, b=0.79219246)
09-17 15:52:59.307 I/GuideArt(18588): umrandung - in 89ms kandidaten=38699854@0,48 2084239@0,47 38699854@0,51 38699854@0,51 2084239@0,51 guide=NRect(l=0.23501578, t=0.20780757, r=0.7649842, b=0.79219246)
09-17 15:52:59.571 I/GuideArt(18588): umrandung - in 88ms kandidaten=38699854@0,50 2084239@0,48 38699854@0,51 38699854@0,51 2084239@0,49 guide=NRect(l=0.23501578, t=0.20780757, r=0.7649842, b=0.79219246)
09-17 15:52:59.874 I/GuideArt(18588): umrandung - in 91ms kandidaten=2084239@0,49 2084239@0,49 38699854@0,50 38699854@0,51 2084239@0,49 guide=NRect(l=0.23501578, t=0.20780757, r=0.7649842, b=0.79219246)
09-17 15:53:00.137 I/GuideArt(18588): umrandung - in 88ms kandidaten=38699854@0,49 2084239@0,48 38699854@0,51 38699854@0,51 2084239@0,50 guide=NRect(l=0.23501578, t=0.20780757, r=0.7649842, b=0.79219246)
09-17 15:53:00.419 I/GuideArt(18588): umrandung - in 90ms kandidaten=38699854@0,49 2084239@0,47 38699854@0,50 38699854@0,50 2084239@0,50 guide=NRect(l=0.23501578, t=0.20780757, r=0.7649842, b=0.79219246)
09-17 15:53:00.739 I/GuideArt(18588): umrandung - in 89ms kandidaten=38699854@0,48 2084239@0,47 38699854@0,50 38699854@0,51 2084239@0,49 guide=NRect(l=0.23501578, t=0.20780757, r=0.7649842, b=0.79219246)
