--------- beginning of main
09-17 15:57:59.934 I/GuideArt(  590): umrandung - in 94ms kandidaten=48680970@0,51 48680970@0,48 48680970@0,47 213326@0,44 48680970@0,51 guide=NRect(l=0.23501578, t=0.20780757, r=0.7649842, b=0.79219246)
09-17 15:57:59.946 I/StapelScan(  590): stoss start=1789653479594 dauer=267 spitze=6,0 einwurf=false
09-17 15:58:00.079 I/GuideArt(  590): umrandung - in 45ms kandidaten=38699854@0,54 94256039@0,58 38699854@0,52 38699854@0,49 38699854@0,53 guide=NRect(l=0.23501578, t=0.20780757, r=0.7649842, b=0.79219246)
09-17 15:58:00.226 I/GuideArt(  590): umrandung - in 46ms kandidaten=38699854@0,53 94256039@0,58 38699854@0,50 38699854@0,49 38699854@0,52 guide=NRect(l=0.23501578, t=0.20780757, r=0.7649842, b=0.79219246)
09-17 15:58:00.536 I/GuideArt(  590): umrandung - in 45ms kandidaten=38699854@0,54 94256039@0,55 38699854@0,52 38699854@0,49 38699854@0,54 guide=NRect(l=0.23501578, t=0.20780757, r=0.7649842, b=0.79219246)
09-17 15:58:00.687 I/GuideArt(  590): umrandung - in 46ms kandidaten=38699854@0,54 94256039@0,55 38699854@0,52 38699854@0,49 38699854@0,55 guide=NRect(l=0.23501578, t=0.20780757, r=0.7649842, b=0.79219246)
09-17 15:58:00.823 I/GuideArt(  590): umrandung - in 44ms kandidaten=38699854@0,54 94256039@0,54 38699854@0,51 38699854@0,50 38699854@0,54 guide=NRect(l=0.23501578, t=0.20780757, r=0.7649842, b=0.79219246)
09-17 15:58:01.024 I/GuideArt(  590): umrandung - in 46ms kandidaten=38699854@0,54 94256039@0,55 38699854@0,51 38699854@0,49 38699854@0,55 guide=NRect(l=0.23501578, t=0.20780757, r=0.7649842, b=0.79219246)
09-17 15:58:01.192 I/GuideArt(  590): umrandung - in 47ms kandidaten=38699854@0,54 94256039@0,55 38699854@0,51 38699854@0,49 38699854@0,56 guide=NRect(l=0.23501578, t=0.20780757, r=0.7649842, b=0.79219246)
09-17 15:58:01.365 I/GuideArt(  590): umrandung - in 45ms kandidaten=38699854@0,54 94256039@0,55 38699854@0,52 38699854@0,49 38699854@0,56 guide=NRect(l=0.23501578, t=0.20780757, r=0.7649842, b=0.79219246)
09-17 15:58:01.561 I/GuideArt(  590): umrandung - in 46ms kandidaten=38699854@0,54 94256039@0,55 38699854@0,52 38699854@0,49 38699854@0,55 guide=NRect(l=0.23501578, t=0.20780757, r=0.7649842, b=0.79219246)
09-17 15:58:01.724 I/GuideArt(  590): umrandung - in 46ms kandidaten=38699854@0,54 94256039@0,55 38699854@0,52 38699854@0,49 38699854@0,55 guide=NRect(l=0.23501578, t=0.20780757, r=0.7649842, b=0.79219246)
09-17 15:58:01.897 I/GuideArt(  590): umrandung - in 46ms kandidaten=38699854@0,54 94256039@0,55 38699854@0,51 38699854@0,49 38699854@0,55 guide=NRect(l=0.23501578, t=0.20780757, r=0.7649842, b=0.79219246)
09-17 15:58:02.092 I/GuideArt(  590): umrandung - in 45ms kandidaten=38699854@0,54 94256039@0,55 38699854@0,52 38699854@0,49 38699854@0,55 guide=NRect(l=0.23501578, t=0.20780757, r=0.7649842, b=0.79219246)
09-17 15:58:02.265 I/GuideArt(  590): umrandung - in 46ms kandidaten=38699854@0,55 94256039@0,55 38699854@0,52 38699854@0,49 38699854@0,56 guide=NRect(l=0.23501578, t=0.20780757, r=0.7649842, b=0.79219246)
09-17 15:58:02.487 I/GuideArt(  590): umrandung - in 73ms kandidaten=38699854@0,54 94256039@0,55 38699854@0,52 38699854@0,49 38699854@0,56 guide=NRect(l=0.23501578, t=0.20780757, r=0.7649842, b=0.79219246)
09-17 15:58:02.765 I/GuideArt(  590): umrandung - in 75ms kandidaten=38699854@0,54 94256039@0,54 38699854@0,52 38699854@0,49 38699854@0,55 guide=NRect(l=0.23501578, t=0.20780757, r=0.7649842, b=0.79219246)
09-17 15:58:03.001 I/GuideArt(  590): umrandung - in 76ms kandidaten=38699854@0,54 94256039@0,55 38699854@0,52 38699854@0,49 38699854@0,56 guide=NRect(l=0.23501578, t=0.20780757, r=0.7649842, b=0.79219246)
09-17 15:58:03.232 I/GuideArt(  590): umrandung - in 74ms kandidaten=38699854@0,54 94256039@0,55 38699854@0,51 38699854@0,49 38699854@0,55 guide=NRect(l=0.23501578, t=0.20780757, r=0.7649842, b=0.79219246)
09-17 15:58:03.529 I/GuideArt(  590): umrandung - in 74ms kandidaten=38699854@0,54 94256039@0,55 38699854@0,51 38699854@0,49 38699854@0,56 guide=NRect(l=0.23501578, t=0.20780757, r=0.7649842, b=0.79219246)
09-17 15:58:03.768 I/GuideArt(  590): umrandung - in 75ms kandidaten=38699854@0,54 94256039@0,55 38699854@0,51 38699854@0,49 38699854@0,55 guide=NRect(l=0.23501578, t=0.20780757, r=0.7649842, b=0.79219246)
09-17 15:58:03.999 I/GuideArt(  590): umrandung - in 76ms kandidaten=38699854@0,54 94256039@0,55 38699854@0,51 38699854@0,49 38699854@0,56 guide=NRect(l=0.23501578, t=0.20780757, r=0.7649842, b=0.79219246)
09-17 15:58:04.265 I/GuideArt(  590): umrandung - in 77ms kandidaten=38699854@0,54 94256039@0,55 38699854@0,52 38699854@0,49 38699854@0,55 guide=NRect(l=0.23501578, t=0.20780757, r=0.7649842, b=0.79219246)
09-17 15:58:04.495 I/GuideArt(  590): umrandung - in 76ms kandidaten=38699854@0,54 94256039@0,55 38699854@0,52 38699854@0,49 38699854@0,55 guide=NRect(l=0.23501578, t=0.20780757, r=0.7649842, b=0.79219246)
09-17 15:58:04.703 I/GuideArt(  590): umrandung - in 74ms kandidaten=38699854@0,54 94256039@0,55 38699854@0,51 38699854@0,49 38699854@0,55 guide=NRect(l=0.23501578, t=0.20780757, r=0.7649842, b=0.79219246)
09-17 15:58:04.999 I/GuideArt(  590): umrandung - in 74ms kandidaten=38699854@0,54 94256039@0,55 38699854@0,51 38699854@0,49 38699854@0,56 guide=NRect(l=0.23501578, t=0.20780757, r=0.7649842, b=0.79219246)
09-17 15:58:05.236 I/GuideArt(  590): umrandung - in 80ms kandidaten=38699854@0,54 94256039@0,54 38699854@0,51 38699854@0,49 38699854@0,55 guide=NRect(l=0.23501578, t=0.20780757, r=0.7649842, b=0.79219246)
09-17 15:58:05.461 I/GuideArt(  590): umrandung - in 76ms kandidaten=38699854@0,54 94256039@0,55 38699854@0,51 38699854@0,49 38699854@0,56 guide=NRect(l=0.23501578, t=0.20780757, r=0.7649842, b=0.79219246)
09-17 15:58:05.727 I/GuideArt(  590): umrandung - in 74ms kandidaten=38699854@0,55 94256039@0,55 38699854@0,52 38699854@0,49 38699854@0,56 guide=NRect(l=0.23501578, t=0.20780757, r=0.7649842, b=0.79219246)
09-17 15:58:05.968 I/GuideArt(  590): umrandung - in 76ms kandidaten=38699854@0,54 94256039@0,55 38699854@0,52 38699854@0,49 38699854@0,55 guide=NRect(l=0.23501578, t=0.20780757, r=0.7649842, b=0.79219246)
09-17 15:58:06.203 I/GuideArt(  590): umrandung - in 77ms kandidaten=38699854@0,54 94256039@0,55 38699854@0,52 38699854@0,49 38699854@0,56 guide=NRect(l=0.23501578, t=0.20780757, r=0.7649842, b=0.79219246)
09-17 15:58:06.450 I/GuideArt(  590): umrandung - in 74ms kandidaten=38699854@0,55 94256039@0,54 38699854@0,52 38699854@0,49 38699854@0,55 guide=NRect(l=0.23501578, t=0.20780757, r=0.7649842, b=0.79219246)
09-17 15:58:06.712 I/BandOcr (  590): layout=STANDARD zone=PASSCODE frame=1440x1920 box=555,732-844,1044 crop=368x308 raw='770110A'
09-17 15:58:06.742 I/BandOcr (  590): layout=STANDARD zone=SET_CODE frame=1440x1920 box=555,732-844,1044 crop=376x204 raw=''
09-17 15:58:06.835 I/BandOcr (  590): layout=STANDARD zone=EDITION frame=1440x1920 box=555,732-844,1044 crop=288x292 raw='Autoge'
09-17 15:58:06.837 I/MlScan  (  590): frame: 1 cards in 344ms top=77044671@0,64
09-17 15:58:07.069 I/BandOcr (  590): layout=STANDARD zone=PASSCODE frame=1440x1920 box=567,809-854,1102 crop=364x288 raw='77044671 1.'
09-17 15:58:07.136 I/BandOcr (  590): layout=STANDARD zone=SET_CODE frame=1440x1920 box=567,809-854,1102 crop=372x192 raw='BLGG-DEO53'
09-17 15:58:07.227 I/BandOcr (  590): layout=STANDARD zone=EDITION frame=1440x1920 box=567,809-854,1102 crop=288x276 raw='1. Auflage'
09-17 15:58:07.228 I/BandOcr (  590): layout=STANDARD korrigiert=BLGG-DE053
09-17 15:58:07.228 I/MlScan  (  590): frame: 1 cards in 334ms top=77044671@0,81
09-17 15:58:07.479 I/BandOcr (  590): layout=STANDARD zone=PASSCODE frame=1440x1920 box=567,810-853,1100 crop=364x284 raw='77044671 1.'
09-17 15:58:07.537 I/BandOcr (  590): layout=STANDARD zone=SET_CODE frame=1440x1920 box=567,810-853,1100 crop=372x188 raw='BLGG-DEOS3'
09-17 15:58:07.607 I/BandOcr (  590): layout=STANDARD zone=EDITION frame=1440x1920 box=567,810-853,1100 crop=288x272 raw='1 1: Auflage'
09-17 15:58:07.607 I/MlScan  (  590): frame: 1 cards in 300ms top=77044671@0,82
09-17 15:58:07.843 I/BandOcr (  590): layout=STANDARD zone=PASSCODE frame=1440x1920 box=567,811-854,1101 crop=364x288 raw='77044671 1.'
09-17 15:58:07.895 I/BandOcr (  590): layout=STANDARD zone=SET_CODE frame=1440x1920 box=567,811-854,1101 crop=372x188 raw='BLGG-DEO53'
09-17 15:58:07.972 I/BandOcr (  590): layout=STANDARD zone=EDITION frame=1440x1920 box=567,811-854,1101 crop=288x272 raw='1 1Auflage'
09-17 15:58:07.972 I/BandOcr (  590): layout=STANDARD korrigiert=BLGG-DE053
09-17 15:58:07.973 I/MlScan  (  590): confirmed card 77044671
09-17 15:58:07.973 I/StapelScan(  590): gebucht 77044671 x0
09-17 15:58:07.973 I/MlScan  (  590): frame: 1 cards in 303ms top=77044671@0,81
09-17 15:58:08.214 I/BandOcr (  590): layout=STANDARD zone=PASSCODE frame=1440x1920 box=567,809-854,1101 crop=360x288 raw='77044671 1'
09-17 15:58:08.260 I/BandOcr (  590): layout=STANDARD zone=SET_CODE frame=1440x1920 box=567,809-854,1101 crop=372x192 raw='BGG-DEO53'
09-17 15:58:08.328 I/BandOcr (  590): layout=STANDARD zone=EDITION frame=1440x1920 box=567,809-854,1101 crop=284x276 raw='1. Auflge'
09-17 15:58:08.328 I/BandOcr (  590): layout=STANDARD korrigiert=BGG-DE053
09-17 15:58:08.328 I/MlScan  (  590): frame: 1 cards in 288ms top=77044671@0,82
09-17 15:58:08.574 I/BandOcr (  590): layout=STANDARD zone=PASSCODE frame=1440x1920 box=567,809-854,1101 crop=360x288 raw='77044671 1'
09-17 15:58:08.630 I/BandOcr (  590): layout=STANDARD zone=SET_CODE frame=1440x1920 box=567,809-854,1101 crop=372x192 raw='BLGG-DEO53'
09-17 15:58:08.704 I/BandOcr (  590): layout=STANDARD zone=EDITION frame=1440x1920 box=567,809-854,1101 crop=288x272 raw='1 1. Auflage'
09-17 15:58:08.705 I/BandOcr (  590): layout=STANDARD korrigiert=BLGG-DE053
09-17 15:58:08.706 I/MlScan  (  590): frame: 1 cards in 316ms top=77044671@0,82
09-17 15:58:08.933 I/BandOcr (  590): layout=STANDARD zone=PASSCODE frame=1440x1920 box=566,811-853,1100 crop=364x284 raw='77044671 1.'
09-17 15:58:08.992 I/BandOcr (  590): layout=STANDARD zone=SET_CODE frame=1440x1920 box=566,811-853,1100 crop=372x188 raw='BLGG-DEOS3'
09-17 15:58:09.060 I/BandOcr (  590): layout=STANDARD zone=EDITION frame=1440x1920 box=566,811-853,1100 crop=284x272 raw='11-Auflage'
09-17 15:58:09.060 I/MlScan  (  590): frame: 1 cards in 293ms top=77044671@0,81
09-17 15:58:09.297 I/BandOcr (  590): layout=STANDARD zone=PASSCODE frame=1440x1920 box=567,809-854,1101 crop=360x288 raw='77044671 1'
09-17 15:58:09.347 I/BandOcr (  590): layout=STANDARD zone=SET_CODE frame=1440x1920 box=567,809-854,1101 crop=372x188 raw='BLGG-DEOS3'
09-17 15:58:09.412 I/BandOcr (  590): layout=STANDARD zone=EDITION frame=1440x1920 box=567,809-854,1101 crop=284x272 raw='1.Auflage'
09-17 15:58:09.413 I/MlScan  (  590): frame: 1 cards in 279ms top=77044671@0,82
09-17 15:58:09.632 I/BandOcr (  590): layout=STANDARD zone=PASSCODE frame=1440x1920 box=567,810-854,1100 crop=364x284 raw='77044671 1.'
09-17 15:58:09.681 I/BandOcr (  590): layout=STANDARD zone=SET_CODE frame=1440x1920 box=567,810-854,1100 crop=372x192 raw='BLGG-DEOS3'
09-17 15:58:09.753 I/BandOcr (  590): layout=STANDARD zone=EDITION frame=1440x1920 box=567,810-854,1100 crop=288x272 raw='1 1. Auflage'
09-17 15:58:09.754 I/MlScan  (  590): frame: 1 cards in 293ms top=77044671@0,82
09-17 15:58:10.006 I/BandOcr (  590): layout=STANDARD zone=PASSCODE frame=1440x1920 box=566,810-854,1100 crop=364x284 raw='77044671 1.'
09-17 15:58:10.061 I/BandOcr (  590): layout=STANDARD zone=SET_CODE frame=1440x1920 box=566,810-854,1100 crop=372x188 raw='BLGG-DEOS3'
09-17 15:58:10.127 I/BandOcr (  590): layout=STANDARD zone=EDITION frame=1440x1920 box=566,810-854,1100 crop=288x272 raw='11. Auflage'
09-17 15:58:10.128 I/MlScan  (  590): frame: 1 cards in 290ms top=77044671@0,82
09-17 15:58:10.360 I/BandOcr (  590): layout=STANDARD zone=PASSCODE frame=1440x1920 box=567,809-854,1101 crop=364x284 raw='77044671 1'
09-17 15:58:10.414 I/BandOcr (  590): layout=STANDARD zone=SET_CODE frame=1440x1920 box=567,809-854,1101 crop=372x192 raw='BLGG-DEO53'
09-17 15:58:10.489 I/BandOcr (  590): layout=STANDARD zone=EDITION frame=1440x1920 box=567,809-854,1101 crop=288x272 raw='1. Auflage'
09-17 15:58:10.490 I/BandOcr (  590): layout=STANDARD korrigiert=BLGG-DE053
09-17 15:58:10.490 I/MlScan  (  590): frame: 1 cards in 296ms top=77044671@0,81
09-17 15:58:10.745 I/BandOcr (  590): layout=STANDARD zone=PASSCODE frame=1440x1920 box=566,812-856,1097 crop=364x280 raw='22044671 1'
09-17 15:58:10.808 I/BandOcr (  590): layout=STANDARD zone=SET_CODE frame=1440x1920 box=566,812-856,1097 crop=376x188 raw='HLGG-DEOS3'
09-17 15:58:10.877 I/BandOcr (  590): layout=STANDARD zone=EDITION frame=1440x1920 box=566,812-856,1097 crop=288x268 raw='11-Auflage'
09-17 15:58:10.877 I/MlScan  (  590): frame: 1 cards in 304ms top=77044671@0,82
09-17 15:58:11.116 I/BandOcr (  590): layout=STANDARD zone=PASSCODE frame=1440x1920 box=568,808-855,1098 crop=360x284 raw='77044671 1.'
09-17 15:58:11.174 I/BandOcr (  590): layout=STANDARD zone=SET_CODE frame=1440x1920 box=568,808-855,1098 crop=376x188 raw='BLGGDEOS3'
09-17 15:58:11.253 I/BandOcr (  590): layout=STANDARD zone=EDITION frame=1440x1920 box=568,808-855,1098 crop=284x272 raw='1. Auflage'
09-17 15:58:11.254 I/MlScan  (  590): frame: 1 cards in 317ms top=77044671@0,81
09-17 15:58:11.500 I/BandOcr (  590): layout=STANDARD zone=PASSCODE frame=1440x1920 box=516,758-896,1133 crop=480x368 raw='77044671 1'
09-17 15:58:11.566 I/BandOcr (  590): layout=STANDARD zone=SET_CODE frame=1440x1920 box=516,758-896,1133 crop=492x244 raw='BLGG-DE053'
09-17 15:58:11.626 I/BandOcr (  590): layout=STANDARD zone=EDITION frame=1440x1920 box=516,758-896,1133 crop=380x352 raw='11. Auflage'
09-17 15:58:11.626 I/BandOcr (  590): layout=STANDARD korrigiert=BLGG-DE053
09-17 15:58:11.626 I/MlScan  (  590): frame: 1 cards in 316ms top=77044671@0,82
09-17 15:58:11.846 I/GuideArt(  590): umrandung 77044671 in 77ms kandidaten=77044671@0,84 77044671@0,82 77044671@0,73 77044671@0,77 77044671@0,76 guide=NRect(l=0.23501578, t=0.20780757, r=0.7649842, b=0.79219246)
09-17 15:58:11.847 I/BandOcr (  590): layout=STANDARD zone=SKIPPED ar=1.123 box=487x434 (Box ist kein Artwork)
09-17 15:58:11.847 I/MlScan  (  590): frame: 1 cards in 169ms top=77044671@0,84
09-17 15:58:12.000 I/StapelScan(  590): stoss start=1789653491007 dauer=884 spitze=11,3 einwurf=false
09-17 15:58:12.155 I/BandOcr (  590): layout=STANDARD zone=PASSCODE frame=1440x1920 box=463,711-938,1190 crop=600x472 raw='77044671 1'
09-17 15:58:12.225 I/BandOcr (  590): layout=STANDARD zone=SET_CODE frame=1440x1920 box=463,711-938,1190 crop=620x312 raw='BLGG-DEOS3'
09-17 15:58:12.296 I/BandOcr (  590): layout=STANDARD zone=EDITION frame=1440x1920 box=463,711-938,1190 crop=472x448 raw='1. Auflage'
09-17 15:58:12.298 I/MlScan  (  590): frame: 1 cards in 391ms top=77044671@0,85
09-17 15:58:12.513 I/GuideArt(  590): umrandung 77044671 in 76ms kandidaten=77044671@0,82 77044671@0,82 77044671@0,76 77044671@0,79 77044671@0,75 guide=NRect(l=0.23501578, t=0.20780757, r=0.7649842, b=0.79219246)
09-17 15:58:12.513 I/BandOcr (  590): layout=STANDARD zone=SKIPPED ar=1.123 box=487x434 (Box ist kein Artwork)
09-17 15:58:12.514 I/MlScan  (  590): frame: 1 cards in 168ms top=77044671@0,82
09-17 15:58:12.727 I/GuideArt(  590): umrandung 77044671 in 74ms kandidaten=77044671@0,82 77044671@0,82 77044671@0,76 77044671@0,79 77044671@0,74 guide=NRect(l=0.23501578, t=0.20780757, r=0.7649842, b=0.79219246)
09-17 15:58:12.728 I/BandOcr (  590): layout=STANDARD zone=SKIPPED ar=1.123 box=487x434 (Box ist kein Artwork)
09-17 15:58:12.728 I/MlScan  (  590): frame: 1 cards in 166ms top=77044671@0,82
09-17 15:58:12.967 I/GuideArt(  590): umrandung 77044671 in 77ms kandidaten=77044671@0,82 77044671@0,81 77044671@0,75 77044671@0,79 77044671@0,74 guide=NRect(l=0.23501578, t=0.20780757, r=0.7649842, b=0.79219246)
09-17 15:58:12.968 I/BandOcr (  590): layout=STANDARD zone=SKIPPED ar=1.123 box=487x434 (Box ist kein Artwork)
09-17 15:58:12.968 I/MlScan  (  590): frame: 1 cards in 168ms top=77044671@0,82
09-17 15:58:13.206 I/GuideArt(  590): umrandung 77044671 in 79ms kandidaten=77044671@0,82 77044671@0,81 77044671@0,76 77044671@0,79 77044671@0,75 guide=NRect(l=0.23501578, t=0.20780757, r=0.7649842, b=0.79219246)
09-17 15:58:13.206 I/BandOcr (  590): layout=STANDARD zone=SKIPPED ar=1.123 box=487x434 (Box ist kein Artwork)
09-17 15:58:13.207 I/MlScan  (  590): frame: 1 cards in 173ms top=77044671@0,82
09-17 15:58:13.429 I/GuideArt(  590): umrandung 77044671 in 74ms kandidaten=77044671@0,82 77044671@0,82 77044671@0,75 77044671@0,79 77044671@0,74 guide=NRect(l=0.23501578, t=0.20780757, r=0.7649842, b=0.79219246)
09-17 15:58:13.430 I/BandOcr (  590): layout=STANDARD zone=SKIPPED ar=1.123 box=487x434 (Box ist kein Artwork)
09-17 15:58:13.431 I/MlScan  (  590): frame: 1 cards in 164ms top=77044671@0,82
09-17 15:58:13.666 I/GuideArt(  590): umrandung 77044671 in 77ms kandidaten=77044671@0,82 77044671@0,82 77044671@0,75 77044671@0,79 77044671@0,75 guide=NRect(l=0.23501578, t=0.20780757, r=0.7649842, b=0.79219246)
09-17 15:58:13.667 I/BandOcr (  590): layout=STANDARD zone=SKIPPED ar=1.123 box=487x434 (Box ist kein Artwork)
09-17 15:58:13.667 I/MlScan  (  590): frame: 1 cards in 174ms top=77044671@0,82
09-17 15:58:13.898 I/GuideArt(  590): umrandung 77044671 in 76ms kandidaten=77044671@0,82 77044671@0,82 77044671@0,75 77044671@0,79 77044671@0,75 guide=NRect(l=0.23501578, t=0.20780757, r=0.7649842, b=0.79219246)
09-17 15:58:13.898 I/BandOcr (  590): layout=STANDARD zone=SKIPPED ar=1.123 box=487x434 (Box ist kein Artwork)
09-17 15:58:13.899 I/MlScan  (  590): frame: 1 cards in 167ms top=77044671@0,82
09-17 15:58:14.139 I/GuideArt(  590): umrandung 77044671 in 72ms kandidaten=77044671@0,82 77044671@0,81 77044671@0,76 77044671@0,79 77044671@0,74 guide=NRect(l=0.23501578, t=0.20780757, r=0.7649842, b=0.79219246)
09-17 15:58:14.139 I/BandOcr (  590): layout=STANDARD zone=SKIPPED ar=1.123 box=487x434 (Box ist kein Artwork)
09-17 15:58:14.140 I/MlScan  (  590): frame: 1 cards in 163ms top=77044671@0,82
09-17 15:58:14.337 I/GuideArt(  590): umrandung 77044671 in 60ms kandidaten=77044671@0,82 77044671@0,82 77044671@0,75 77044671@0,79 77044671@0,75 guide=NRect(l=0.23501578, t=0.20780757, r=0.7649842, b=0.79219246)
09-17 15:58:14.338 I/BandOcr (  590): layout=STANDARD zone=SKIPPED ar=1.123 box=487x434 (Box ist kein Artwork)
09-17 15:58:14.338 I/MlScan  (  590): frame: 1 cards in 155ms top=77044671@0,82
09-17 15:58:14.534 I/GuideArt(  590): umrandung 77044671 in 59ms kandidaten=77044671@0,82 77044671@0,81 77044671@0,75 77044671@0,79 77044671@0,74 guide=NRect(l=0.23501578, t=0.20780757, r=0.7649842, b=0.79219246)
09-17 15:58:14.535 I/BandOcr (  590): layout=STANDARD zone=SKIPPED ar=1.123 box=487x434 (Box ist kein Artwork)
09-17 15:58:14.535 I/MlScan  (  590): frame: 1 cards in 148ms top=77044671@0,82
09-17 15:58:14.780 I/GuideArt(  590): umrandung 77044671 in 77ms kandidaten=77044671@0,82 77044671@0,82 77044671@0,76 77044671@0,79 77044671@0,75 guide=NRect(l=0.23501578, t=0.20780757, r=0.7649842, b=0.79219246)
09-17 15:58:14.781 I/BandOcr (  590): layout=STANDARD zone=SKIPPED ar=1.123 box=487x434 (Box ist kein Artwork)
09-17 15:58:14.781 I/MlScan  (  590): frame: 1 cards in 193ms top=77044671@0,82
09-17 15:58:15.006 I/GuideArt(  590): umrandung 77044671 in 75ms kandidaten=77044671@0,82 77044671@0,81 77044671@0,75 77044671@0,79 77044671@0,74 guide=NRect(l=0.23501578, t=0.20780757, r=0.7649842, b=0.79219246)
09-17 15:58:15.007 I/BandOcr (  590): layout=STANDARD zone=SKIPPED ar=1.123 box=487x434 (Box ist kein Artwork)
09-17 15:58:15.007 I/MlScan  (  590): frame: 1 cards in 182ms top=77044671@0,82
09-17 15:58:15.233 I/GuideArt(  590): umrandung 77044671 in 75ms kandidaten=77044671@0,82 77044671@0,82 77044671@0,75 77044671@0,79 77044671@0,74 guide=NRect(l=0.23501578, t=0.20780757, r=0.7649842, b=0.79219246)
09-17 15:58:15.234 I/BandOcr (  590): layout=STANDARD zone=SKIPPED ar=1.123 box=487x434 (Box ist kein Artwork)
09-17 15:58:15.234 I/MlScan  (  590): frame: 1 cards in 169ms top=77044671@0,82
09-17 15:58:15.461 I/GuideArt(  590): umrandung 77044671 in 75ms kandidaten=77044671@0,82 77044671@0,81 77044671@0,75 77044671@0,79 77044671@0,74 guide=NRect(l=0.23501578, t=0.20780757, r=0.7649842, b=0.79219246)
09-17 15:58:15.462 I/BandOcr (  590): layout=STANDARD zone=SKIPPED ar=1.123 box=487x434 (Box ist kein Artwork)
09-17 15:58:15.463 I/MlScan  (  590): frame: 1 cards in 167ms top=77044671@0,82
09-17 15:58:15.703 I/GuideArt(  590): umrandung 77044671 in 76ms kandidaten=77044671@0,82 77044671@0,82 77044671@0,76 77044671@0,79 77044671@0,75 guide=NRect(l=0.23501578, t=0.20780757, r=0.7649842, b=0.79219246)
09-17 15:58:15.704 I/BandOcr (  590): layout=STANDARD zone=SKIPPED ar=1.123 box=487x434 (Box ist kein Artwork)
09-17 15:58:15.704 I/MlScan  (  590): frame: 1 cards in 179ms top=77044671@0,82
09-17 15:58:15.930 I/GuideArt(  590): umrandung 77044671 in 76ms kandidaten=77044671@0,82 77044671@0,81 77044671@0,75 77044671@0,79 77044671@0,75 guide=NRect(l=0.23501578, t=0.20780757, r=0.7649842, b=0.79219246)
09-17 15:58:15.930 I/BandOcr (  590): layout=STANDARD zone=SKIPPED ar=1.123 box=487x434 (Box ist kein Artwork)
09-17 15:58:15.931 I/MlScan  (  590): frame: 1 cards in 173ms top=77044671@0,82
09-17 15:58:16.172 I/GuideArt(  590): umrandung 77044671 in 89ms kandidaten=77044671@0,82 77044671@0,81 77044671@0,75 77044671@0,79 77044671@0,74 guide=NRect(l=0.23501578, t=0.20780757, r=0.7649842, b=0.79219246)
09-17 15:58:16.172 I/BandOcr (  590): layout=STANDARD zone=SKIPPED ar=1.123 box=487x434 (Box ist kein Artwork)
09-17 15:58:16.173 I/MlScan  (  590): frame: 1 cards in 181ms top=77044671@0,82
09-17 15:58:16.374 I/GuideArt(  590): umrandung 77044671 in 58ms kandidaten=77044671@0,82 77044671@0,82 77044671@0,75 77044671@0,79 77044671@0,74 guide=NRect(l=0.23501578, t=0.20780757, r=0.7649842, b=0.79219246)
09-17 15:58:16.375 I/BandOcr (  590): layout=STANDARD zone=SKIPPED ar=1.123 box=487x434 (Box ist kein Artwork)
09-17 15:58:16.375 I/MlScan  (  590): frame: 1 cards in 151ms top=77044671@0,82
09-17 15:58:16.626 I/GuideArt(  590): umrandung 77044671 in 75ms kandidaten=77044671@0,82 77044671@0,81 77044671@0,75 77044671@0,79 77044671@0,75 guide=NRect(l=0.23501578, t=0.20780757, r=0.7649842, b=0.79219246)
09-17 15:58:16.626 I/BandOcr (  590): layout=STANDARD zone=SKIPPED ar=1.123 box=487x434 (Box ist kein Artwork)
09-17 15:58:16.627 I/MlScan  (  590): frame: 1 cards in 205ms top=77044671@0,82
09-17 15:58:16.875 I/GuideArt(  590): umrandung 77044671 in 77ms kandidaten=77044671@0,82 77044671@0,82 77044671@0,76 77044671@0,79 77044671@0,74 guide=NRect(l=0.23501578, t=0.20780757, r=0.7649842, b=0.79219246)
09-17 15:58:16.875 I/BandOcr (  590): layout=STANDARD zone=SKIPPED ar=1.123 box=487x434 (Box ist kein Artwork)
09-17 15:58:16.876 I/MlScan  (  590): frame: 1 cards in 189ms top=77044671@0,82
09-17 15:58:17.114 I/GuideArt(  590): umrandung 77044671 in 87ms kandidaten=77044671@0,82 77044671@0,82 77044671@0,76 77044671@0,79 77044671@0,75 guide=NRect(l=0.23501578, t=0.20780757, r=0.7649842, b=0.79219246)
09-17 15:58:17.114 I/BandOcr (  590): layout=STANDARD zone=SKIPPED ar=1.123 box=487x434 (Box ist kein Artwork)
09-17 15:58:17.115 I/MlScan  (  590): frame: 1 cards in 180ms top=77044671@0,82
09-17 15:58:17.387 I/GuideArt(  590): umrandung 77044671 in 93ms kandidaten=77044671@0,82 77044671@0,82 77044671@0,76 77044671@0,79 77044671@0,74 guide=NRect(l=0.23501578, t=0.20780757, r=0.7649842, b=0.79219246)
09-17 15:58:17.387 I/BandOcr (  590): layout=STANDARD zone=SKIPPED ar=1.123 box=487x434 (Box ist kein Artwork)
09-17 15:58:17.388 I/MlScan  (  590): frame: 1 cards in 185ms top=77044671@0,82
09-17 15:58:17.628 I/GuideArt(  590): umrandung 77044671 in 75ms kandidaten=77044671@0,82 77044671@0,82 77044671@0,76 77044671@0,79 77044671@0,74 guide=NRect(l=0.23501578, t=0.20780757, r=0.7649842, b=0.79219246)
09-17 15:58:17.629 I/BandOcr (  590): layout=STANDARD zone=SKIPPED ar=1.123 box=487x434 (Box ist kein Artwork)
09-17 15:58:17.629 I/MlScan  (  590): frame: 1 cards in 168ms top=77044671@0,82
09-17 15:58:17.865 I/GuideArt(  590): umrandung 77044671 in 76ms kandidaten=77044671@0,82 77044671@0,82 77044671@0,76 77044671@0,79 77044671@0,74 guide=NRect(l=0.23501578, t=0.20780757, r=0.7649842, b=0.79219246)
09-17 15:58:17.865 I/BandOcr (  590): layout=STANDARD zone=SKIPPED ar=1.123 box=487x434 (Box ist kein Artwork)
09-17 15:58:17.866 I/MlScan  (  590): frame: 1 cards in 169ms top=77044671@0,82
09-17 15:58:18.096 I/GuideArt(  590): umrandung 77044671 in 77ms kandidaten=77044671@0,82 77044671@0,82 77044671@0,75 77044671@0,79 77044671@0,74 guide=NRect(l=0.23501578, t=0.20780757, r=0.7649842, b=0.79219246)
09-17 15:58:18.097 I/BandOcr (  590): layout=STANDARD zone=SKIPPED ar=1.123 box=487x434 (Box ist kein Artwork)
09-17 15:58:18.097 I/MlScan  (  590): frame: 1 cards in 170ms top=77044671@0,82
09-17 15:58:18.323 I/GuideArt(  590): umrandung 77044671 in 75ms kandidaten=77044671@0,82 77044671@0,82 77044671@0,76 77044671@0,79 77044671@0,74 guide=NRect(l=0.23501578, t=0.20780757, r=0.7649842, b=0.79219246)
09-17 15:58:18.323 I/BandOcr (  590): layout=STANDARD zone=SKIPPED ar=1.123 box=487x434 (Box ist kein Artwork)
09-17 15:58:18.324 I/MlScan  (  590): frame: 1 cards in 165ms top=77044671@0,82
09-17 15:58:18.562 I/GuideArt(  590): umrandung 77044671 in 76ms kandidaten=77044671@0,82 77044671@0,82 77044671@0,76 77044671@0,79 77044671@0,74 guide=NRect(l=0.23501578, t=0.20780757, r=0.7649842, b=0.79219246)
09-17 15:58:18.563 I/BandOcr (  590): layout=STANDARD zone=SKIPPED ar=1.123 box=487x434 (Box ist kein Artwork)
09-17 15:58:18.563 I/MlScan  (  590): frame: 1 cards in 171ms top=77044671@0,82
09-17 15:58:18.790 I/GuideArt(  590): umrandung 77044671 in 75ms kandidaten=77044671@0,82 77044671@0,82 77044671@0,76 77044671@0,79 77044671@0,75 guide=NRect(l=0.23501578, t=0.20780757, r=0.7649842, b=0.79219246)
09-17 15:58:18.791 I/BandOcr (  590): layout=STANDARD zone=SKIPPED ar=1.123 box=487x434 (Box ist kein Artwork)
09-17 15:58:18.791 I/MlScan  (  590): frame: 1 cards in 165ms top=77044671@0,82
09-17 15:58:19.025 I/GuideArt(  590): umrandung 77044671 in 76ms kandidaten=77044671@0,82 77044671@0,82 77044671@0,76 77044671@0,79 77044671@0,75 guide=NRect(l=0.23501578, t=0.20780757, r=0.7649842, b=0.79219246)
09-17 15:58:19.026 I/BandOcr (  590): layout=STANDARD zone=SKIPPED ar=1.123 box=487x434 (Box ist kein Artwork)
09-17 15:58:19.026 I/MlScan  (  590): frame: 1 cards in 168ms top=77044671@0,82
09-17 15:58:19.257 I/GuideArt(  590): umrandung 77044671 in 76ms kandidaten=77044671@0,82 77044671@0,82 77044671@0,76 77044671@0,79 77044671@0,75 guide=NRect(l=0.23501578, t=0.20780757, r=0.7649842, b=0.79219246)
09-17 15:58:19.257 I/BandOcr (  590): layout=STANDARD zone=SKIPPED ar=1.123 box=487x434 (Box ist kein Artwork)
09-17 15:58:19.258 I/MlScan  (  590): frame: 1 cards in 166ms top=77044671@0,82
09-17 15:58:19.490 I/GuideArt(  590): umrandung 77044671 in 76ms kandidaten=77044671@0,82 77044671@0,81 77044671@0,75 77044671@0,79 77044671@0,74 guide=NRect(l=0.23501578, t=0.20780757, r=0.7649842, b=0.79219246)
09-17 15:58:19.490 I/BandOcr (  590): layout=STANDARD zone=SKIPPED ar=1.123 box=487x434 (Box ist kein Artwork)
09-17 15:58:19.491 I/MlScan  (  590): frame: 1 cards in 167ms top=77044671@0,82
09-17 15:58:19.728 I/GuideArt(  590): umrandung 77044671 in 75ms kandidaten=77044671@0,82 77044671@0,81 77044671@0,75 77044671@0,79 77044671@0,75 guide=NRect(l=0.23501578, t=0.20780757, r=0.7649842, b=0.79219246)
09-17 15:58:19.729 I/BandOcr (  590): layout=STANDARD zone=SKIPPED ar=1.123 box=487x434 (Box ist kein Artwork)
09-17 15:58:19.730 I/MlScan  (  590): frame: 1 cards in 171ms top=77044671@0,82
09-17 15:58:19.778 I/StapelScan(  590): stoss start=1789653499678 dauer=0 spitze=3,5 einwurf=false
09-17 15:58:19.958 I/GuideArt(  590): umrandung 77044671 in 79ms kandidaten=77044671@0,83 77044671@0,83 77044671@0,76 77044671@0,78 77044671@0,74 guide=NRect(l=0.23501578, t=0.20780757, r=0.7649842, b=0.79219246)
09-17 15:58:19.959 I/BandOcr (  590): layout=STANDARD zone=SKIPPED ar=1.123 box=487x434 (Box ist kein Artwork)
09-17 15:58:19.959 I/MlScan  (  590): frame: 1 cards in 173ms top=77044671@0,83
09-17 15:58:20.178 I/StapelScan(  590): stoss start=1789653499913 dauer=164 spitze=8,6 einwurf=false
09-17 15:58:20.195 I/GuideArt(  590): umrandung 77044671 in 75ms kandidaten=77044671@0,78 77044671@0,80 77044671@0,73 77044671@0,74 77044671@0,70 guide=NRect(l=0.23501578, t=0.20780757, r=0.7649842, b=0.79219246)
09-17 15:58:20.196 I/BandOcr (  590): layout=STANDARD zone=SKIPPED ar=1.123 box=487x434 (Box ist kein Artwork)
09-17 15:58:20.197 I/MlScan  (  590): frame: 1 cards in 165ms top=77044671@0,80
09-17 15:58:20.434 I/GuideArt(  590): umrandung 77044671 in 88ms kandidaten=77044671@0,83 77044671@0,83 77044671@0,76 77044671@0,78 77044671@0,74 guide=NRect(l=0.23501578, t=0.20780757, r=0.7649842, b=0.79219246)
09-17 15:58:20.434 I/BandOcr (  590): layout=STANDARD zone=SKIPPED ar=1.123 box=487x434 (Box ist kein Artwork)
09-17 15:58:20.435 I/MlScan  (  590): frame: 1 cards in 178ms top=77044671@0,83
09-17 15:58:20.654 I/GuideArt(  590): umrandung 77044671 in 75ms kandidaten=77044671@0,83 77044671@0,83 77044671@0,75 77044671@0,78 77044671@0,74 guide=NRect(l=0.23501578, t=0.20780757, r=0.7649842, b=0.79219246)
09-17 15:58:20.655 I/BandOcr (  590): layout=STANDARD zone=SKIPPED ar=1.123 box=487x434 (Box ist kein Artwork)
09-17 15:58:20.656 I/MlScan  (  590): frame: 1 cards in 171ms top=77044671@0,83
09-17 15:58:20.897 I/GuideArt(  590): umrandung 77044671 in 79ms kandidaten=77044671@0,83 77044671@0,83 77044671@0,75 77044671@0,78 77044671@0,74 guide=NRect(l=0.23501578, t=0.20780757, r=0.7649842, b=0.79219246)
09-17 15:58:20.898 I/BandOcr (  590): layout=STANDARD zone=SKIPPED ar=1.123 box=487x434 (Box ist kein Artwork)
09-17 15:58:20.899 I/MlScan  (  590): frame: 1 cards in 172ms top=77044671@0,83
09-17 15:58:21.124 I/GuideArt(  590): umrandung 77044671 in 75ms kandidaten=77044671@0,83 77044671@0,83 77044671@0,75 77044671@0,77 77044671@0,74 guide=NRect(l=0.23501578, t=0.20780757, r=0.7649842, b=0.79219246)
09-17 15:58:21.125 I/BandOcr (  590): layout=STANDARD zone=SKIPPED ar=1.123 box=487x434 (Box ist kein Artwork)
09-17 15:58:21.125 I/MlScan  (  590): frame: 1 cards in 165ms top=77044671@0,83
09-17 15:58:21.362 I/GuideArt(  590): umrandung 77044671 in 76ms kandidaten=77044671@0,83 77044671@0,83 77044671@0,75 77044671@0,77 77044671@0,74 guide=NRect(l=0.23501578, t=0.20780757, r=0.7649842, b=0.79219246)
09-17 15:58:21.363 I/BandOcr (  590): layout=STANDARD zone=SKIPPED ar=1.123 box=487x434 (Box ist kein Artwork)
09-17 15:58:21.363 I/MlScan  (  590): frame: 1 cards in 173ms top=77044671@0,83
09-17 15:58:21.604 I/GuideArt(  590): umrandung 77044671 in 81ms kandidaten=77044671@0,83 77044671@0,83 77044671@0,75 77044671@0,77 77044671@0,74 guide=NRect(l=0.23501578, t=0.20780757, r=0.7649842, b=0.79219246)
09-17 15:58:21.604 I/BandOcr (  590): layout=STANDARD zone=SKIPPED ar=1.123 box=487x434 (Box ist kein Artwork)
09-17 15:58:21.605 I/MlScan  (  590): frame: 1 cards in 174ms top=77044671@0,83
09-17 15:58:21.821 I/GuideArt(  590): umrandung 77044671 in 75ms kandidaten=77044671@0,83 77044671@0,83 77044671@0,75 77044671@0,78 77044671@0,74 guide=NRect(l=0.23501578, t=0.20780757, r=0.7649842, b=0.79219246)
09-17 15:58:21.821 I/BandOcr (  590): layout=STANDARD zone=SKIPPED ar=1.123 box=487x434 (Box ist kein Artwork)
09-17 15:58:21.822 I/MlScan  (  590): frame: 1 cards in 167ms top=77044671@0,83
09-17 15:58:22.063 I/GuideArt(  590): umrandung 77044671 in 75ms kandidaten=77044671@0,83 77044671@0,83 77044671@0,75 77044671@0,78 77044671@0,74 guide=NRect(l=0.23501578, t=0.20780757, r=0.7649842, b=0.79219246)
09-17 15:58:22.064 I/BandOcr (  590): layout=STANDARD zone=SKIPPED ar=1.123 box=487x434 (Box ist kein Artwork)
09-17 15:58:22.065 I/MlScan  (  590): frame: 1 cards in 167ms top=77044671@0,83
09-17 15:58:22.299 I/GuideArt(  590): umrandung 77044671 in 84ms kandidaten=77044671@0,83 77044671@0,83 77044671@0,75 77044671@0,78 77044671@0,74 guide=NRect(l=0.23501578, t=0.20780757, r=0.7649842, b=0.79219246)
09-17 15:58:22.300 I/BandOcr (  590): layout=STANDARD zone=SKIPPED ar=1.123 box=487x434 (Box ist kein Artwork)
09-17 15:58:22.301 I/MlScan  (  590): frame: 1 cards in 177ms top=77044671@0,83
09-17 15:58:22.534 I/GuideArt(  590): umrandung 77044671 in 78ms kandidaten=77044671@0,83 77044671@0,83 77044671@0,75 77044671@0,78 77044671@0,74 guide=NRect(l=0.23501578, t=0.20780757, r=0.7649842, b=0.79219246)
09-17 15:58:22.534 I/BandOcr (  590): layout=STANDARD zone=SKIPPED ar=1.123 box=487x434 (Box ist kein Artwork)
09-17 15:58:22.535 I/MlScan  (  590): frame: 1 cards in 170ms top=77044671@0,83
09-17 15:58:22.774 I/GuideArt(  590): umrandung 77044671 in 76ms kandidaten=77044671@0,83 77044671@0,83 77044671@0,75 77044671@0,78 77044671@0,73 guide=NRect(l=0.23501578, t=0.20780757, r=0.7649842, b=0.79219246)
09-17 15:58:22.775 I/BandOcr (  590): layout=STANDARD zone=SKIPPED ar=1.123 box=487x434 (Box ist kein Artwork)
09-17 15:58:22.775 I/MlScan  (  590): frame: 1 cards in 185ms top=77044671@0,83
09-17 15:58:22.991 I/GuideArt(  590): umrandung 77044671 in 74ms kandidaten=77044671@0,83 77044671@0,83 77044671@0,75 77044671@0,78 77044671@0,74 guide=NRect(l=0.23501578, t=0.20780757, r=0.7649842, b=0.79219246)
09-17 15:58:22.992 I/BandOcr (  590): layout=STANDARD zone=SKIPPED ar=1.123 box=487x434 (Box ist kein Artwork)
09-17 15:58:22.993 I/MlScan  (  590): frame: 1 cards in 170ms top=77044671@0,83
09-17 15:58:23.227 I/GuideArt(  590): umrandung 77044671 in 75ms kandidaten=77044671@0,83 77044671@0,83 77044671@0,75 77044671@0,78 77044671@0,74 guide=NRect(l=0.23501578, t=0.20780757, r=0.7649842, b=0.79219246)
09-17 15:58:23.228 I/BandOcr (  590): layout=STANDARD zone=SKIPPED ar=1.123 box=487x434 (Box ist kein Artwork)
09-17 15:58:23.229 I/MlScan  (  590): frame: 1 cards in 166ms top=77044671@0,83
09-17 15:58:23.454 I/GuideArt(  590): umrandung 77044671 in 76ms kandidaten=77044671@0,83 77044671@0,83 77044671@0,75 77044671@0,78 77044671@0,74 guide=NRect(l=0.23501578, t=0.20780757, r=0.7649842, b=0.79219246)
09-17 15:58:23.455 I/BandOcr (  590): layout=STANDARD zone=SKIPPED ar=1.123 box=487x434 (Box ist kein Artwork)
09-17 15:58:23.456 I/MlScan  (  590): frame: 1 cards in 169ms top=77044671@0,83
09-17 15:58:23.690 I/GuideArt(  590): umrandung 77044671 in 79ms kandidaten=77044671@0,83 77044671@0,83 77044671@0,75 77044671@0,78 77044671@0,74 guide=NRect(l=0.23501578, t=0.20780757, r=0.7649842, b=0.79219246)
09-17 15:58:23.691 I/BandOcr (  590): layout=STANDARD zone=SKIPPED ar=1.123 box=487x434 (Box ist kein Artwork)
09-17 15:58:23.692 I/MlScan  (  590): frame: 1 cards in 169ms top=77044671@0,83
09-17 15:58:23.931 I/GuideArt(  590): umrandung 77044671 in 77ms kandidaten=77044671@0,83 77044671@0,82 77044671@0,75 77044671@0,78 77044671@0,74 guide=NRect(l=0.23501578, t=0.20780757, r=0.7649842, b=0.79219246)
09-17 15:58:23.932 I/BandOcr (  590): layout=STANDARD zone=SKIPPED ar=1.123 box=487x434 (Box ist kein Artwork)
09-17 15:58:23.932 I/MlScan  (  590): frame: 1 cards in 177ms top=77044671@0,83
09-17 15:58:24.159 I/GuideArt(  590): umrandung 77044671 in 77ms kandidaten=77044671@0,83 77044671@0,83 77044671@0,75 77044671@0,77 77044671@0,74 guide=NRect(l=0.23501578, t=0.20780757, r=0.7649842, b=0.79219246)
09-17 15:58:24.160 I/BandOcr (  590): layout=STANDARD zone=SKIPPED ar=1.123 box=487x434 (Box ist kein Artwork)
09-17 15:58:24.160 I/MlScan  (  590): frame: 1 cards in 169ms top=77044671@0,83
09-17 15:58:24.386 I/GuideArt(  590): umrandung 77044671 in 74ms kandidaten=77044671@0,83 77044671@0,83 77044671@0,75 77044671@0,78 77044671@0,74 guide=NRect(l=0.23501578, t=0.20780757, r=0.7649842, b=0.79219246)
09-17 15:58:24.386 I/BandOcr (  590): layout=STANDARD zone=SKIPPED ar=1.123 box=487x434 (Box ist kein Artwork)
09-17 15:58:24.387 I/MlScan  (  590): frame: 1 cards in 166ms top=77044671@0,83
09-17 15:58:24.618 I/GuideArt(  590): umrandung 77044671 in 76ms kandidaten=77044671@0,83 77044671@0,83 77044671@0,75 77044671@0,78 77044671@0,74 guide=NRect(l=0.23501578, t=0.20780757, r=0.7649842, b=0.79219246)
09-17 15:58:24.619 I/BandOcr (  590): layout=STANDARD zone=SKIPPED ar=1.123 box=487x434 (Box ist kein Artwork)
09-17 15:58:24.619 I/MlScan  (  590): frame: 1 cards in 167ms top=77044671@0,83
09-17 15:58:24.856 I/GuideArt(  590): umrandung 77044671 in 61ms kandidaten=77044671@0,83 77044671@0,83 77044671@0,75 77044671@0,78 77044671@0,74 guide=NRect(l=0.23501578, t=0.20780757, r=0.7649842, b=0.79219246)
09-17 15:58:24.856 I/BandOcr (  590): layout=STANDARD zone=SKIPPED ar=1.123 box=487x434 (Box ist kein Artwork)
09-17 15:58:24.856 I/MlScan  (  590): frame: 1 cards in 163ms top=77044671@0,83
09-17 15:58:25.350 I/BandOcr (  590): layout=STANDARD_INF zone=PASSCODE frame=1440x1920 box=487,822-677,995 crop=244x168 raw=''
09-17 15:58:25.383 I/BandOcr (  590): layout=STANDARD_INF zone=SET_CODE frame=1440x1920 box=487,822-677,995 crop=244x112 raw=''
09-17 15:58:25.416 I/BandOcr (  590): layout=STANDARD_INF zone=EDITION frame=1440x1920 box=487,822-677,995 crop=192x164 raw=''
09-17 15:58:25.459 I/BandOcr (  590): layout=STANDARD_INF zone=LEGACY crop=852x344 raw=''
09-17 15:58:25.507 I/GuideArt(  590): umrandung 77044671 in 48ms kandidaten=77044671@0,84 77044671@0,81 77044671@0,72 77044671@0,77 77044671@0,75 guide=NRect(l=0.20577933, t=0.17556919, r=0.7942206, b=0.8244308)
09-17 15:58:25.508 I/BandOcr (  590): layout=STANDARD zone=SKIPPED ar=1.123 box=541x482 (Box ist kein Artwork)
09-17 15:58:25.508 I/MlScan  (  590): frame: 1 cards in 280ms top=77044671@0,84
09-17 15:58:27.396 I/BandOcr (  590): layout=STANDARD zone=PASSCODE frame=1440x1920 box=567,814-852,1097 crop=360x276 raw='77044671 1'
09-17 15:58:27.430 I/BandOcr (  590): layout=STANDARD zone=SET_CODE frame=1440x1920 box=567,814-852,1097 crop=368x184 raw='BLGG-DEOS3'
09-17 15:58:27.473 I/BandOcr (  590): layout=STANDARD zone=EDITION frame=1440x1920 box=567,814-852,1097 crop=284x264 raw='1.Auflage'
09-17 15:58:27.474 I/MlScan  (  590): frame: 1 cards in 249ms top=77044671@0,83
09-17 15:58:27.525 I/StapelScan(  590): stoss start=1789653507308 dauer=124 spitze=7,4 einwurf=false
09-17 15:58:27.644 I/BandOcr (  590): layout=STANDARD zone=PASSCODE frame=1440x1920 box=566,809-853,1103 crop=364x288 raw='720446111'
09-17 15:58:27.675 I/BandOcr (  590): layout=STANDARD zone=SET_CODE frame=1440x1920 box=566,809-853,1103 crop=372x192 raw='HLGCDEOS3'
09-17 15:58:27.721 I/BandOcr (  590): layout=STANDARD zone=EDITION frame=1440x1920 box=566,809-853,1103 crop=288x276 raw='11 AuflA'
09-17 15:58:27.722 I/MlScan  (  590): frame: 1 cards in 204ms top=77044671@0,82
09-17 15:58:27.885 I/BandOcr (  590): layout=STANDARD zone=PASSCODE frame=1440x1920 box=566,809-853,1100 crop=364x284 raw='77044671 1'
09-17 15:58:27.924 I/BandOcr (  590): layout=STANDARD zone=SET_CODE frame=1440x1920 box=566,809-853,1100 crop=372x188 raw='HLGGDOS3'
09-17 15:58:27.979 I/BandOcr (  590): layout=STANDARD zone=EDITION frame=1440x1920 box=566,809-853,1100 crop=284x272 raw='11 Auflge'
09-17 15:58:27.979 I/MlScan  (  590): frame: 1 cards in 221ms top=77044671@0,83
09-17 15:58:28.189 I/BandOcr (  590): layout=STANDARD zone=PASSCODE frame=1440x1920 box=566,809-854,1100 crop=364x284 raw='77044671 1'
09-17 15:58:28.231 I/BandOcr (  590): layout=STANDARD zone=SET_CODE frame=1440x1920 box=566,809-854,1100 crop=372x188 raw='HLGG-DEOS3'
09-17 15:58:28.290 I/BandOcr (  590): layout=STANDARD zone=EDITION frame=1440x1920 box=566,809-854,1100 crop=288x272 raw='11. Auflage'
09-17 15:58:28.291 I/MlScan  (  590): confirmed card 77044671
09-17 15:58:28.291 I/StapelScan(  590): gebucht 77044671 x0
09-17 15:58:28.291 I/MlScan  (  590): frame: 1 cards in 255ms top=77044671@0,82
09-17 15:58:28.465 I/BandOcr (  590): layout=STANDARD zone=PASSCODE frame=1440x1920 box=567,808-856,1099 crop=364x284 raw='77044671 1'
09-17 15:58:28.507 I/BandOcr (  590): layout=STANDARD zone=SET_CODE frame=1440x1920 box=567,808-856,1099 crop=376x192 raw='BLLGG-DEOS3'
09-17 15:58:28.560 I/BandOcr (  590): layout=STANDARD zone=EDITION frame=1440x1920 box=567,808-856,1099 crop=292x272 raw='11. Auflage'
09-17 15:58:28.560 I/MlScan  (  590): frame: 1 cards in 227ms top=77044671@0,81
09-17 15:58:28.743 I/BandOcr (  590): layout=STANDARD zone=PASSCODE frame=1440x1920 box=503,750-899,1137 crop=500x380 raw='77044671'
09-17 15:58:28.792 I/BandOcr (  590): layout=STANDARD zone=SET_CODE frame=1440x1920 box=503,750-899,1137 crop=512x252 raw='BLGGDE0S3'
09-17 15:58:28.832 I/BandOcr (  590): layout=STANDARD zone=EDITION frame=1440x1920 box=503,750-899,1137 crop=396x364 raw='11. Aufage'
09-17 15:58:28.832 I/MlScan  (  590): frame: 1 cards in 228ms top=77044671@0,82
09-17 15:58:28.956 I/StapelScan(  590): stoss start=1789653508480 dauer=361 spitze=20,5 einwurf=false
09-17 15:58:29.039 I/BandOcr (  590): layout=STANDARD zone=PASSCODE frame=1440x1920 box=458,701-944,1199 crop=616x492 raw='77044671 1.'
09-17 15:58:29.086 I/BandOcr (  590): layout=STANDARD zone=SET_CODE frame=1440x1920 box=458,701-944,1199 crop=632x328 raw='BLGG-DEO33'
09-17 15:58:29.132 I/BandOcr (  590): layout=STANDARD zone=EDITION frame=1440x1920 box=458,701-944,1199 crop=488x468 raw='1. Auflage'
09-17 15:58:29.132 I/BandOcr (  590): layout=STANDARD korrigiert=BLGG-DE033
09-17 15:58:29.133 I/MlScan  (  590): frame: 1 cards in 265ms top=77044671@0,84
09-17 15:58:29.317 I/GuideArt(  590): umrandung 77044671 in 49ms kandidaten=77044671@0,84 77044671@0,83 77044671@0,78 77044671@0,78 77044671@0,74 guide=NRect(l=0.23501578, t=0.20780757, r=0.7649842, b=0.79219246)
09-17 15:58:29.317 I/BandOcr (  590): layout=STANDARD zone=SKIPPED ar=1.123 box=487x434 (Box ist kein Artwork)
09-17 15:58:29.317 I/MlScan  (  590): frame: 1 cards in 143ms top=77044671@0,84
09-17 15:58:29.538 I/GuideArt(  590): umrandung 77044671 in 76ms kandidaten=77044671@0,83 77044671@0,82 77044671@0,77 77044671@0,78 77044671@0,73 guide=NRect(l=0.23501578, t=0.20780757, r=0.7649842, b=0.79219246)
09-17 15:58:29.538 I/BandOcr (  590): layout=STANDARD zone=SKIPPED ar=1.123 box=487x434 (Box ist kein Artwork)
09-17 15:58:29.538 I/MlScan  (  590): frame: 1 cards in 168ms top=77044671@0,83
09-17 15:58:29.715 I/GuideArt(  590): umrandung 77044671 in 49ms kandidaten=77044671@0,83 77044671@0,82 77044671@0,77 77044671@0,77 77044671@0,73 guide=NRect(l=0.23501578, t=0.20780757, r=0.7649842, b=0.79219246)
09-17 15:58:29.715 I/BandOcr (  590): layout=STANDARD zone=SKIPPED ar=1.123 box=487x434 (Box ist kein Artwork)
09-17 15:58:29.716 I/MlScan  (  590): frame: 1 cards in 123ms top=77044671@0,83
09-17 15:58:29.888 I/GuideArt(  590): umrandung 77044671 in 51ms kandidaten=77044671@0,83 77044671@0,82 77044671@0,77 77044671@0,78 77044671@0,73 guide=NRect(l=0.23501578, t=0.20780757, r=0.7649842, b=0.79219246)
09-17 15:58:29.888 I/BandOcr (  590): layout=STANDARD zone=SKIPPED ar=1.123 box=487x434 (Box ist kein Artwork)
09-17 15:58:29.888 I/MlScan  (  590): frame: 1 cards in 124ms top=77044671@0,83
09-17 15:58:30.104 I/GuideArt(  590): umrandung 77044671 in 84ms kandidaten=77044671@0,83 77044671@0,82 77044671@0,77 77044671@0,78 77044671@0,73 guide=NRect(l=0.23501578, t=0.20780757, r=0.7649842, b=0.79219246)
09-17 15:58:30.104 I/BandOcr (  590): layout=STANDARD zone=SKIPPED ar=1.123 box=487x434 (Box ist kein Artwork)
09-17 15:58:30.105 I/MlScan  (  590): frame: 1 cards in 173ms top=77044671@0,83
09-17 15:58:30.353 I/GuideArt(  590): umrandung 77044671 in 76ms kandidaten=77044671@0,83 77044671@0,82 77044671@0,76 77044671@0,78 77044671@0,73 guide=NRect(l=0.23501578, t=0.20780757, r=0.7649842, b=0.79219246)
09-17 15:58:30.353 I/BandOcr (  590): layout=STANDARD zone=SKIPPED ar=1.123 box=487x434 (Box ist kein Artwork)
09-17 15:58:30.354 I/MlScan  (  590): frame: 1 cards in 169ms top=77044671@0,83
09-17 15:58:30.592 I/GuideArt(  590): umrandung 77044671 in 76ms kandidaten=77044671@0,83 77044671@0,82 77044671@0,76 77044671@0,77 77044671@0,73 guide=NRect(l=0.23501578, t=0.20780757, r=0.7649842, b=0.79219246)
09-17 15:58:30.593 I/BandOcr (  590): layout=STANDARD zone=SKIPPED ar=1.123 box=487x434 (Box ist kein Artwork)
09-17 15:58:30.594 I/MlScan  (  590): frame: 1 cards in 186ms top=77044671@0,83
09-17 15:58:30.844 I/GuideArt(  590): umrandung 77044671 in 80ms kandidaten=77044671@0,83 77044671@0,82 77044671@0,77 77044671@0,78 77044671@0,74 guide=NRect(l=0.23501578, t=0.20780757, r=0.7649842, b=0.79219246)
09-17 15:58:30.844 I/BandOcr (  590): layout=STANDARD zone=SKIPPED ar=1.123 box=487x434 (Box ist kein Artwork)
09-17 15:58:30.845 I/MlScan  (  590): frame: 1 cards in 204ms top=77044671@0,83
09-17 15:58:31.081 I/GuideArt(  590): umrandung 77044671 in 78ms kandidaten=77044671@0,83 77044671@0,82 77044671@0,76 77044671@0,77 77044671@0,73 guide=NRect(l=0.23501578, t=0.20780757, r=0.7649842, b=0.79219246)
09-17 15:58:31.081 I/BandOcr (  590): layout=STANDARD zone=SKIPPED ar=1.123 box=487x434 (Box ist kein Artwork)
09-17 15:58:31.082 I/MlScan  (  590): frame: 1 cards in 172ms top=77044671@0,83
09-17 15:58:31.313 I/GuideArt(  590): umrandung 77044671 in 78ms kandidaten=77044671@0,83 77044671@0,82 77044671@0,76 77044671@0,77 77044671@0,73 guide=NRect(l=0.23501578, t=0.20780757, r=0.7649842, b=0.79219246)
09-17 15:58:31.313 I/BandOcr (  590): layout=STANDARD zone=SKIPPED ar=1.123 box=487x434 (Box ist kein Artwork)
09-17 15:58:31.314 I/MlScan  (  590): frame: 1 cards in 170ms top=77044671@0,83
09-17 15:58:31.549 I/GuideArt(  590): umrandung 77044671 in 79ms kandidaten=77044671@0,83 77044671@0,82 77044671@0,76 77044671@0,77 77044671@0,73 guide=NRect(l=0.23501578, t=0.20780757, r=0.7649842, b=0.79219246)
09-17 15:58:31.551 I/BandOcr (  590): layout=STANDARD zone=SKIPPED ar=1.123 box=487x434 (Box ist kein Artwork)
09-17 15:58:31.553 I/MlScan  (  590): frame: 1 cards in 173ms top=77044671@0,83
09-17 15:58:31.787 I/GuideArt(  590): umrandung 77044671 in 79ms kandidaten=77044671@0,83 77044671@0,82 77044671@0,77 77044671@0,77 77044671@0,73 guide=NRect(l=0.23501578, t=0.20780757, r=0.7649842, b=0.79219246)
09-17 15:58:31.788 I/BandOcr (  590): layout=STANDARD zone=SKIPPED ar=1.123 box=487x434 (Box ist kein Artwork)
09-17 15:58:31.789 I/MlScan  (  590): frame: 1 cards in 177ms top=77044671@0,83
09-17 15:58:32.014 I/GuideArt(  590): umrandung 77044671 in 78ms kandidaten=77044671@0,83 77044671@0,82 77044671@0,77 77044671@0,78 77044671@0,73 guide=NRect(l=0.23501578, t=0.20780757, r=0.7649842, b=0.79219246)
09-17 15:58:32.015 I/BandOcr (  590): layout=STANDARD zone=SKIPPED ar=1.123 box=487x434 (Box ist kein Artwork)
09-17 15:58:32.015 I/MlScan  (  590): frame: 1 cards in 174ms top=77044671@0,83
09-17 15:58:32.249 I/GuideArt(  590): umrandung 77044671 in 81ms kandidaten=77044671@0,83 77044671@0,82 77044671@0,77 77044671@0,78 77044671@0,73 guide=NRect(l=0.23501578, t=0.20780757, r=0.7649842, b=0.79219246)
09-17 15:58:32.250 I/BandOcr (  590): layout=STANDARD zone=SKIPPED ar=1.123 box=487x434 (Box ist kein Artwork)
09-17 15:58:32.250 I/MlScan  (  590): frame: 1 cards in 177ms top=77044671@0,83
09-17 15:58:32.483 I/GuideArt(  590): umrandung 77044671 in 80ms kandidaten=77044671@0,83 77044671@0,82 77044671@0,76 77044671@0,78 77044671@0,73 guide=NRect(l=0.23501578, t=0.20780757, r=0.7649842, b=0.79219246)
09-17 15:58:32.483 I/BandOcr (  590): layout=STANDARD zone=SKIPPED ar=1.123 box=487x434 (Box ist kein Artwork)
09-17 15:58:32.484 I/MlScan  (  590): frame: 1 cards in 176ms top=77044671@0,83
09-17 15:58:32.719 I/GuideArt(  590): umrandung 77044671 in 79ms kandidaten=77044671@0,83 77044671@0,82 77044671@0,77 77044671@0,78 77044671@0,73 guide=NRect(l=0.23501578, t=0.20780757, r=0.7649842, b=0.79219246)
09-17 15:58:32.720 I/BandOcr (  590): layout=STANDARD zone=SKIPPED ar=1.123 box=487x434 (Box ist kein Artwork)
09-17 15:58:32.720 I/MlScan  (  590): frame: 1 cards in 173ms top=77044671@0,83
09-17 15:58:32.957 I/GuideArt(  590): umrandung 77044671 in 80ms kandidaten=77044671@0,83 77044671@0,82 77044671@0,77 77044671@0,77 77044671@0,73 guide=NRect(l=0.23501578, t=0.20780757, r=0.7649842, b=0.79219246)
09-17 15:58:32.958 I/BandOcr (  590): layout=STANDARD zone=SKIPPED ar=1.123 box=487x434 (Box ist kein Artwork)
09-17 15:58:32.958 I/MlScan  (  590): frame: 1 cards in 176ms top=77044671@0,83
09-17 15:58:33.198 I/GuideArt(  590): umrandung 77044671 in 78ms kandidaten=77044671@0,83 77044671@0,82 77044671@0,77 77044671@0,78 77044671@0,73 guide=NRect(l=0.23501578, t=0.20780757, r=0.7649842, b=0.79219246)
09-17 15:58:33.198 I/BandOcr (  590): layout=STANDARD zone=SKIPPED ar=1.123 box=487x434 (Box ist kein Artwork)
09-17 15:58:33.199 I/MlScan  (  590): frame: 1 cards in 190ms top=77044671@0,83
09-17 15:58:33.456 I/GuideArt(  590): umrandung 77044671 in 82ms kandidaten=77044671@0,83 77044671@0,82 77044671@0,76 77044671@0,77 77044671@0,73 guide=NRect(l=0.23501578, t=0.20780757, r=0.7649842, b=0.79219246)
09-17 15:58:33.457 I/BandOcr (  590): layout=STANDARD zone=SKIPPED ar=1.123 box=487x434 (Box ist kein Artwork)
09-17 15:58:33.457 I/MlScan  (  590): frame: 1 cards in 180ms top=77044671@0,83
09-17 15:58:33.680 I/GuideArt(  590): umrandung 77044671 in 79ms kandidaten=77044671@0,83 77044671@0,82 77044671@0,77 77044671@0,77 77044671@0,73 guide=NRect(l=0.23501578, t=0.20780757, r=0.7649842, b=0.79219246)
09-17 15:58:33.681 I/BandOcr (  590): layout=STANDARD zone=SKIPPED ar=1.123 box=487x434 (Box ist kein Artwork)
09-17 15:58:33.681 I/MlScan  (  590): frame: 1 cards in 175ms top=77044671@0,83
09-17 15:58:33.921 I/GuideArt(  590): umrandung 77044671 in 83ms kandidaten=77044671@0,83 77044671@0,82 77044671@0,77 77044671@0,78 77044671@0,73 guide=NRect(l=0.23501578, t=0.20780757, r=0.7649842, b=0.79219246)
09-17 15:58:33.923 I/BandOcr (  590): layout=STANDARD zone=SKIPPED ar=1.123 box=487x434 (Box ist kein Artwork)
09-17 15:58:33.923 I/MlScan  (  590): frame: 1 cards in 182ms top=77044671@0,83
09-17 15:58:34.149 I/GuideArt(  590): umrandung 77044671 in 79ms kandidaten=77044671@0,83 77044671@0,82 77044671@0,76 77044671@0,78 77044671@0,73 guide=NRect(l=0.23501578, t=0.20780757, r=0.7649842, b=0.79219246)
09-17 15:58:34.150 I/BandOcr (  590): layout=STANDARD zone=SKIPPED ar=1.123 box=487x434 (Box ist kein Artwork)
09-17 15:58:34.150 I/MlScan  (  590): frame: 1 cards in 177ms top=77044671@0,83
09-17 15:58:34.385 I/GuideArt(  590): umrandung 77044671 in 81ms kandidaten=77044671@0,83 77044671@0,82 77044671@0,77 77044671@0,78 77044671@0,73 guide=NRect(l=0.23501578, t=0.20780757, r=0.7649842, b=0.79219246)
09-17 15:58:34.386 I/BandOcr (  590): layout=STANDARD zone=SKIPPED ar=1.123 box=487x434 (Box ist kein Artwork)
09-17 15:58:34.386 I/MlScan  (  590): frame: 1 cards in 175ms top=77044671@0,83
09-17 15:58:34.664 I/GuideArt(  590): umrandung 77044671 in 101ms kandidaten=77044671@0,83 77044671@0,82 77044671@0,77 77044671@0,78 77044671@0,73 guide=NRect(l=0.23501578, t=0.20780757, r=0.7649842, b=0.79219246)
09-17 15:58:34.664 I/BandOcr (  590): layout=STANDARD zone=SKIPPED ar=1.123 box=487x434 (Box ist kein Artwork)
09-17 15:58:34.665 I/MlScan  (  590): frame: 1 cards in 219ms top=77044671@0,83
09-17 15:58:34.924 I/GuideArt(  590): umrandung 77044671 in 78ms kandidaten=77044671@0,83 77044671@0,82 77044671@0,76 77044671@0,78 77044671@0,73 guide=NRect(l=0.23501578, t=0.20780757, r=0.7649842, b=0.79219246)
09-17 15:58:34.925 I/BandOcr (  590): layout=STANDARD zone=SKIPPED ar=1.123 box=487x434 (Box ist kein Artwork)
09-17 15:58:34.925 I/MlScan  (  590): frame: 1 cards in 185ms top=77044671@0,83
09-17 15:58:35.159 I/GuideArt(  590): umrandung 77044671 in 80ms kandidaten=77044671@0,83 77044671@0,82 77044671@0,76 77044671@0,77 77044671@0,73 guide=NRect(l=0.23501578, t=0.20780757, r=0.7649842, b=0.79219246)
09-17 15:58:35.159 I/BandOcr (  590): layout=STANDARD zone=SKIPPED ar=1.123 box=487x434 (Box ist kein Artwork)
09-17 15:58:35.160 I/MlScan  (  590): frame: 1 cards in 182ms top=77044671@0,83
09-17 15:58:35.394 I/GuideArt(  590): umrandung 77044671 in 80ms kandidaten=77044671@0,83 77044671@0,82 77044671@0,76 77044671@0,78 77044671@0,73 guide=NRect(l=0.23501578, t=0.20780757, r=0.7649842, b=0.79219246)
09-17 15:58:35.395 I/BandOcr (  590): layout=STANDARD zone=SKIPPED ar=1.123 box=487x434 (Box ist kein Artwork)
09-17 15:58:35.395 I/MlScan  (  590): frame: 1 cards in 190ms top=77044671@0,83
09-17 15:58:35.619 I/GuideArt(  590): umrandung 77044671 in 80ms kandidaten=77044671@0,83 77044671@0,82 77044671@0,76 77044671@0,78 77044671@0,73 guide=NRect(l=0.23501578, t=0.20780757, r=0.7649842, b=0.79219246)
09-17 15:58:35.620 I/BandOcr (  590): layout=STANDARD zone=SKIPPED ar=1.123 box=487x434 (Box ist kein Artwork)
09-17 15:58:35.620 I/MlScan  (  590): frame: 1 cards in 176ms top=77044671@0,83
09-17 15:58:35.843 I/GuideArt(  590): umrandung 77044671 in 78ms kandidaten=77044671@0,83 77044671@0,82 77044671@0,77 77044671@0,78 77044671@0,73 guide=NRect(l=0.23501578, t=0.20780757, r=0.7649842, b=0.79219246)
09-17 15:58:35.844 I/BandOcr (  590): layout=STANDARD zone=SKIPPED ar=1.123 box=487x434 (Box ist kein Artwork)
09-17 15:58:35.844 I/MlScan  (  590): frame: 1 cards in 172ms top=77044671@0,83
09-17 15:58:36.084 I/GuideArt(  590): umrandung 77044671 in 84ms kandidaten=77044671@0,83 77044671@0,82 77044671@0,77 77044671@0,78 77044671@0,73 guide=NRect(l=0.23501578, t=0.20780757, r=0.7649842, b=0.79219246)
09-17 15:58:36.085 I/BandOcr (  590): layout=STANDARD zone=SKIPPED ar=1.123 box=487x434 (Box ist kein Artwork)
09-17 15:58:36.085 I/MlScan  (  590): frame: 1 cards in 179ms top=77044671@0,83
09-17 15:58:36.315 I/GuideArt(  590): umrandung 77044671 in 81ms kandidaten=77044671@0,83 77044671@0,82 77044671@0,77 77044671@0,78 77044671@0,73 guide=NRect(l=0.23501578, t=0.20780757, r=0.7649842, b=0.79219246)
09-17 15:58:36.315 I/BandOcr (  590): layout=STANDARD zone=SKIPPED ar=1.123 box=487x434 (Box ist kein Artwork)
09-17 15:58:36.316 I/MlScan  (  590): frame: 1 cards in 177ms top=77044671@0,83
09-17 15:58:36.547 I/GuideArt(  590): umrandung 77044671 in 80ms kandidaten=77044671@0,83 77044671@0,82 77044671@0,77 77044671@0,78 77044671@0,73 guide=NRect(l=0.23501578, t=0.20780757, r=0.7649842, b=0.79219246)
09-17 15:58:36.548 I/BandOcr (  590): layout=STANDARD zone=SKIPPED ar=1.123 box=487x434 (Box ist kein Artwork)
09-17 15:58:36.548 I/MlScan  (  590): frame: 1 cards in 175ms top=77044671@0,83
09-17 15:58:36.807 I/GuideArt(  590): umrandung 77044671 in 83ms kandidaten=77044671@0,83 77044671@0,82 77044671@0,77 77044671@0,78 77044671@0,73 guide=NRect(l=0.23501578, t=0.20780757, r=0.7649842, b=0.79219246)
09-17 15:58:36.808 I/BandOcr (  590): layout=STANDARD zone=SKIPPED ar=1.123 box=487x434 (Box ist kein Artwork)
09-17 15:58:36.809 I/MlScan  (  590): frame: 1 cards in 193ms top=77044671@0,83
09-17 15:58:37.048 I/GuideArt(  590): umrandung 77044671 in 79ms kandidaten=77044671@0,83 77044671@0,82 77044671@0,76 77044671@0,77 77044671@0,73 guide=NRect(l=0.23501578, t=0.20780757, r=0.7649842, b=0.79219246)
09-17 15:58:37.049 I/BandOcr (  590): layout=STANDARD zone=SKIPPED ar=1.123 box=487x434 (Box ist kein Artwork)
09-17 15:58:37.049 I/MlScan  (  590): frame: 1 cards in 177ms top=77044671@0,83
09-17 15:58:37.292 I/GuideArt(  590): umrandung 77044671 in 82ms kandidaten=77044671@0,83 77044671@0,82 77044671@0,77 77044671@0,77 77044671@0,73 guide=NRect(l=0.23501578, t=0.20780757, r=0.7649842, b=0.79219246)
09-17 15:58:37.292 I/BandOcr (  590): layout=STANDARD zone=SKIPPED ar=1.123 box=487x434 (Box ist kein Artwork)
09-17 15:58:37.293 I/MlScan  (  590): frame: 1 cards in 186ms top=77044671@0,83
09-17 15:58:37.517 I/GuideArt(  590): umrandung 77044671 in 80ms kandidaten=77044671@0,83 77044671@0,82 77044671@0,77 77044671@0,78 77044671@0,73 guide=NRect(l=0.23501578, t=0.20780757, r=0.7649842, b=0.79219246)
09-17 15:58:37.518 I/BandOcr (  590): layout=STANDARD zone=SKIPPED ar=1.123 box=487x434 (Box ist kein Artwork)
09-17 15:58:37.518 I/MlScan  (  590): frame: 1 cards in 174ms top=77044671@0,83
09-17 15:58:37.749 I/GuideArt(  590): umrandung 77044671 in 79ms kandidaten=77044671@0,83 77044671@0,82 77044671@0,77 77044671@0,78 77044671@0,73 guide=NRect(l=0.23501578, t=0.20780757, r=0.7649842, b=0.79219246)
09-17 15:58:37.749 I/BandOcr (  590): layout=STANDARD zone=SKIPPED ar=1.123 box=487x434 (Box ist kein Artwork)
09-17 15:58:37.750 I/MlScan  (  590): frame: 1 cards in 173ms top=77044671@0,83
09-17 15:58:37.989 I/GuideArt(  590): umrandung 77044671 in 80ms kandidaten=77044671@0,83 77044671@0,82 77044671@0,77 77044671@0,78 77044671@0,73 guide=NRect(l=0.23501578, t=0.20780757, r=0.7649842, b=0.79219246)
09-17 15:58:37.989 I/BandOcr (  590): layout=STANDARD zone=SKIPPED ar=1.123 box=487x434 (Box ist kein Artwork)
09-17 15:58:37.990 I/MlScan  (  590): frame: 1 cards in 179ms top=77044671@0,83
09-17 15:58:38.215 I/GuideArt(  590): umrandung 77044671 in 75ms kandidaten=77044671@0,83 77044671@0,82 77044671@0,77 77044671@0,78 77044671@0,73 guide=NRect(l=0.23501578, t=0.20780757, r=0.7649842, b=0.79219246)
09-17 15:58:38.216 I/BandOcr (  590): layout=STANDARD zone=SKIPPED ar=1.123 box=487x434 (Box ist kein Artwork)
09-17 15:58:38.216 I/MlScan  (  590): frame: 1 cards in 163ms top=77044671@0,83
09-17 15:58:38.424 I/GuideArt(  590): umrandung 77044671 in 55ms kandidaten=77044671@0,83 77044671@0,83 77044671@0,76 77044671@0,79 77044671@0,73 guide=NRect(l=0.23501578, t=0.20780757, r=0.7649842, b=0.79219246)
09-17 15:58:38.424 I/BandOcr (  590): layout=STANDARD zone=SKIPPED ar=1.123 box=487x434 (Box ist kein Artwork)
09-17 15:58:38.424 I/MlScan  (  590): frame: 1 cards in 125ms top=77044671@0,83
09-17 15:58:47.114 I/GuideArt(  590): umrandung - in 59ms kandidaten=48680970@0,51 48680970@0,49 56597273@0,48 98319530@0,45 48680970@0,52 guide=NRect(l=0.23501578, t=0.20780757, r=0.7649842, b=0.79219246)
09-17 15:58:47.116 I/StapelScan(  590): stoss start=1789653526953 dauer=70 spitze=6,3 einwurf=false
09-17 15:58:47.254 I/GuideArt(  590): umrandung - in 46ms kandidaten=38699854@0,54 94256039@0,56 38699854@0,52 94256039@0,48 38699854@0,54 guide=NRect(l=0.23501578, t=0.20780757, r=0.7649842, b=0.79219246)
09-17 15:58:47.418 I/GuideArt(  590): umrandung - in 45ms kandidaten=38699854@0,52 94256039@0,56 38699854@0,50 33578406@0,48 38699854@0,52 guide=NRect(l=0.23501578, t=0.20780757, r=0.7649842, b=0.79219246)
09-17 15:58:47.645 I/GuideArt(  590): umrandung - in 45ms kandidaten=38699854@0,52 94256039@0,55 38699854@0,50 33578406@0,48 38699854@0,51 guide=NRect(l=0.23501578, t=0.20780757, r=0.7649842, b=0.79219246)
09-17 15:58:47.792 I/GuideArt(  590): umrandung - in 48ms kandidaten=38699854@0,53 94256039@0,54 38699854@0,50 38699854@0,48 38699854@0,53 guide=NRect(l=0.23501578, t=0.20780757, r=0.7649842, b=0.79219246)
09-17 15:58:47.955 I/GuideArt(  590): umrandung - in 47ms kandidaten=38699854@0,53 94256039@0,54 38699854@0,51 94256039@0,47 38699854@0,54 guide=NRect(l=0.23501578, t=0.20780757, r=0.7649842, b=0.79219246)
09-17 15:58:48.167 I/GuideArt(  590): umrandung - in 50ms kandidaten=38699854@0,53 94256039@0,55 38699854@0,51 94256039@0,48 38699854@0,54 guide=NRect(l=0.23501578, t=0.20780757, r=0.7649842, b=0.79219246)
09-17 15:58:48.329 I/GuideArt(  590): umrandung - in 48ms kandidaten=38699854@0,53 94256039@0,55 38699854@0,51 94256039@0,48 38699854@0,54 guide=NRect(l=0.23501578, t=0.20780757, r=0.7649842, b=0.79219246)
09-17 15:58:48.493 I/GuideArt(  590): umrandung - in 47ms kandidaten=38699854@0,53 94256039@0,55 38699854@0,51 94256039@0,48 38699854@0,54 guide=NRect(l=0.23501578, t=0.20780757, r=0.7649842, b=0.79219246)
09-17 15:58:48.651 I/BandOcr (  590): layout=UNKNOWN zone=SKIPPED ar=4.995 box=359x71 (Box ist kein Artwork)
09-17 15:58:48.700 I/GuideArt(  590): umrandung - in 49ms kandidaten=38699854@0,53 94256039@0,54 38699854@0,51 94256039@0,47 38699854@0,55 guide=NRect(l=0.23501578, t=0.20780757, r=0.7649842, b=0.79219246)
09-17 15:58:48.823 I/BandOcr (  590): layout=UNKNOWN zone=SKIPPED ar=5.201 box=372x71 (Box ist kein Artwork)
09-17 15:58:48.877 I/GuideArt(  590): umrandung - in 54ms kandidaten=38699854@0,53 94256039@0,53 38699854@0,52 94256039@0,47 38699854@0,55 guide=NRect(l=0.23501578, t=0.20780757, r=0.7649842, b=0.79219246)
09-17 15:58:49.044 I/GuideArt(  590): umrandung - in 53ms kandidaten=38699854@0,54 94256039@0,53 38699854@0,51 94256039@0,48 38699854@0,53 guide=NRect(l=0.23501578, t=0.20780757, r=0.7649842, b=0.79219246)
09-17 15:58:49.155 I/StapelScan(  590): stoss start=1789653528864 dauer=191 spitze=15,8 einwurf=false
09-17 15:58:49.235 I/GuideArt(  590): umrandung - in 52ms kandidaten=94256039@0,54 94256039@0,51 38699854@0,49 94256039@0,53 41044418@0,50 guide=NRect(l=0.23501578, t=0.20780757, r=0.7649842, b=0.79219246)
09-17 15:58:49.429 I/GuideArt(  590): umrandung - in 73ms kandidaten=94256039@0,52 94256039@0,50 38699854@0,50 94256039@0,55 41044418@0,51 guide=NRect(l=0.23501578, t=0.20780757, r=0.7649842, b=0.79219246)
09-17 15:58:49.608 I/GuideArt(  590): umrandung - in 48ms kandidaten=94256039@0,50 94256039@0,47 38699854@0,50 94256039@0,54 41044418@0,52 guide=NRect(l=0.23501578, t=0.20780757, r=0.7649842, b=0.79219246)
09-17 15:58:49.916 I/GuideArt(  590): umrandung - in 77ms kandidaten=94256039@0,51 94256039@0,47 38699854@0,51 94256039@0,54 41044418@0,52 guide=NRect(l=0.23501578, t=0.20780757, r=0.7649842, b=0.79219246)
09-17 15:58:50.165 I/GuideArt(  590): umrandung - in 79ms kandidaten=94256039@0,51 94256039@0,47 38699854@0,51 94256039@0,54 41044418@0,52 guide=NRect(l=0.23501578, t=0.20780757, r=0.7649842, b=0.79219246)
09-17 15:58:50.400 I/GuideArt(  590): umrandung - in 82ms kandidaten=94256039@0,50 94256039@0,47 38699854@0,51 94256039@0,54 41044418@0,52 guide=NRect(l=0.23501578, t=0.20780757, r=0.7649842, b=0.79219246)
09-17 15:58:50.724 I/GuideArt(  590): umrandung - in 79ms kandidaten=94256039@0,51 94256039@0,47 38699854@0,51 94256039@0,53 41044418@0,52 guide=NRect(l=0.23501578, t=0.20780757, r=0.7649842, b=0.79219246)
09-17 15:58:50.982 I/GuideArt(  590): umrandung - in 81ms kandidaten=94256039@0,50 94256039@0,47 38699854@0,51 94256039@0,53 41044418@0,53 guide=NRect(l=0.23501578, t=0.20780757, r=0.7649842, b=0.79219246)
09-17 15:58:51.307 I/GuideArt(  590): umrandung - in 104ms kandidaten=94256039@0,50 94256039@0,47 38699854@0,51 94256039@0,53 41044418@0,54 guide=NRect(l=0.23501578, t=0.20780757, r=0.7649842, b=0.79219246)
09-17 15:58:51.628 I/GuideArt(  590): umrandung - in 80ms kandidaten=94256039@0,50 94256039@0,47 38699854@0,51 94256039@0,53 41044418@0,53 guide=NRect(l=0.23501578, t=0.20780757, r=0.7649842, b=0.79219246)
09-17 15:58:51.892 I/GuideArt(  590): umrandung - in 87ms kandidaten=94256039@0,50 94256039@0,47 38699854@0,51 94256039@0,53 41044418@0,53 guide=NRect(l=0.23501578, t=0.20780757, r=0.7649842, b=0.79219246)
09-17 15:58:52.137 I/GuideArt(  590): umrandung - in 81ms kandidaten=94256039@0,50 94256039@0,47 38699854@0,51 94256039@0,53 41044418@0,54 guide=NRect(l=0.23501578, t=0.20780757, r=0.7649842, b=0.79219246)
09-17 15:58:52.437 I/GuideArt(  590): umrandung - in 78ms kandidaten=94256039@0,50 94256039@0,47 38699854@0,52 94256039@0,53 41044418@0,53 guide=NRect(l=0.23501578, t=0.20780757, r=0.7649842, b=0.79219246)
09-17 15:58:52.673 I/GuideArt(  590): umrandung - in 77ms kandidaten=94256039@0,50 94256039@0,47 38699854@0,52 94256039@0,53 41044418@0,53 guide=NRect(l=0.23501578, t=0.20780757, r=0.7649842, b=0.79219246)
09-17 15:58:52.920 I/GuideArt(  590): umrandung - in 81ms kandidaten=94256039@0,50 94256039@0,48 38699854@0,52 94256039@0,53 41044418@0,53 guide=NRect(l=0.23501578, t=0.20780757, r=0.7649842, b=0.79219246)
09-17 15:58:53.191 I/GuideArt(  590): umrandung - in 79ms kandidaten=94256039@0,49 38699854@0,46 38699854@0,52 94256039@0,52 41044418@0,53 guide=NRect(l=0.23501578, t=0.20780757, r=0.7649842, b=0.79219246)
09-17 15:58:53.441 I/GuideArt(  590): umrandung - in 80ms kandidaten=94256039@0,50 94256039@0,47 38699854@0,52 94256039@0,52 41044418@0,53 guide=NRect(l=0.23501578, t=0.20780757, r=0.7649842, b=0.79219246)
09-17 15:58:53.672 I/GuideArt(  590): umrandung - in 79ms kandidaten=20415050@0,44 20415050@0,46 20415050@0,48 24623598@0,43 30170981@0,43 guide=NRect(l=0.23501578, t=0.20780757, r=0.7649842, b=0.79219246)
09-17 15:58:53.962 I/GuideArt(  590): umrandung - in 83ms kandidaten=33691040@0,39 33691040@0,42 33691040@0,36 77044671@0,50 97017120@0,40 guide=NRect(l=0.23501578, t=0.20780757, r=0.7649842, b=0.79219246)
09-17 15:58:54.016 I/StapelScan(  590): stoss start=1789653533311 dauer=199 spitze=42,5 einwurf=true
09-17 15:58:54.213 I/GuideArt(  590): umrandung - in 82ms kandidaten=33691040@0,38 33691040@0,41 33691040@0,34 77044671@0,53 97017120@0,40 guide=NRect(l=0.23501578, t=0.20780757, r=0.7649842, b=0.79219246)
09-17 15:58:54.457 I/GuideArt(  590): umrandung - in 78ms kandidaten=33691040@0,38 33691040@0,41 33691040@0,35 77044671@0,52 97017120@0,41 guide=NRect(l=0.23501578, t=0.20780757, r=0.7649842, b=0.79219246)
09-17 15:58:54.609 I/StapelScan(  590): einwurf anzahl=1 rearmt=[] t=1789653534609
09-17 15:58:54.609 I/MlScan  (  590): frame: 1 cards in 321ms top=77044671@1,00
09-17 15:58:54.847 I/GuideArt(  590): umrandung - in 98ms kandidaten=33691040@0,38 33691040@0,42 33691040@0,35 77044671@0,52 97017120@0,42 guide=NRect(l=0.23501578, t=0.20780757, r=0.7649842, b=0.79219246)
09-17 15:58:55.067 I/GuideArt(  590): umrandung - in 79ms kandidaten=33691040@0,38 33691040@0,42 33691040@0,35 77044671@0,52 97017120@0,41 guide=NRect(l=0.23501578, t=0.20780757, r=0.7649842, b=0.79219246)
09-17 15:58:55.308 I/GuideArt(  590): umrandung - in 79ms kandidaten=33691040@0,38 33691040@0,42 33691040@0,35 77044671@0,51 97017120@0,41 guide=NRect(l=0.23501578, t=0.20780757, r=0.7649842, b=0.79219246)
09-17 15:58:55.441 I/MlScan  (  590): frame: 1 cards in 306ms top=77044671@1,00
09-17 15:58:55.666 I/GuideArt(  590): umrandung - in 80ms kandidaten=33691040@0,39 33691040@0,42 33691040@0,36 77044671@0,52 97017120@0,41 guide=NRect(l=0.23501578, t=0.20780757, r=0.7649842, b=0.79219246)
09-17 15:58:55.833 I/BandOcr (  590): layout=STANDARD zone=SKIPPED ar=1.144 box=352x308 (Box ist kein Artwork)
09-17 15:58:55.833 I/MlScan  (  590): frame: 1 cards in 112ms top=77044671@0,77
09-17 15:58:55.943 I/StapelScan(  590): stoss start=1789653535644 dauer=203 spitze=8,3 einwurf=false
09-17 15:58:56.065 I/GuideArt(  590): umrandung 77044671 in 77ms kandidaten=77044671@0,77 77044671@0,76 77044671@0,69 77044671@0,72 77044671@0,62 guide=NRect(l=0.23501578, t=0.20780757, r=0.7649842, b=0.79219246)
09-17 15:58:56.066 I/BandOcr (  590): layout=STANDARD zone=SKIPPED ar=1.123 box=487x434 (Box ist kein Artwork)
09-17 15:58:56.066 I/MlScan  (  590): confirmed card 77044671
09-17 15:58:56.067 I/StapelScan(  590): gebucht 77044671 x1
09-17 15:58:56.085 I/MlScan  (  590): frame: 1 cards in 171ms top=77044671@0,77
09-17 15:58:56.348 I/GuideArt(  590): umrandung 77044671 in 88ms kandidaten=77044671@0,76 77044671@0,77 77044671@0,69 77044671@0,73 77044671@0,65 guide=NRect(l=0.23501578, t=0.20780757, r=0.7649842, b=0.79219246)
09-17 15:58:56.349 I/BandOcr (  590): layout=STANDARD zone=SKIPPED ar=1.123 box=487x434 (Box ist kein Artwork)
09-17 15:58:56.349 I/MlScan  (  590): frame: 1 cards in 231ms top=77044671@0,77
09-17 15:58:56.614 I/GuideArt(  590): umrandung 77044671 in 83ms kandidaten=77044671@0,76 77044671@0,77 77044671@0,69 77044671@0,73 77044671@0,64 guide=NRect(l=0.23501578, t=0.20780757, r=0.7649842, b=0.79219246)
09-17 15:58:56.615 I/BandOcr (  590): layout=STANDARD zone=SKIPPED ar=1.123 box=487x434 (Box ist kein Artwork)
09-17 15:58:56.615 I/MlScan  (  590): frame: 1 cards in 187ms top=77044671@0,77
09-17 15:58:56.814 I/GuideArt(  590): umrandung 77044671 in 61ms kandidaten=77044671@0,75 77044671@0,77 77044671@0,68 77044671@0,72 77044671@0,64 guide=NRect(l=0.23501578, t=0.20780757, r=0.7649842, b=0.79219246)
09-17 15:58:56.814 I/BandOcr (  590): layout=STANDARD zone=SKIPPED ar=1.123 box=487x434 (Box ist kein Artwork)
09-17 15:58:56.815 I/MlScan  (  590): frame: 1 cards in 168ms top=77044671@0,77
09-17 15:58:57.035 I/GuideArt(  590): umrandung 77044671 in 67ms kandidaten=77044671@0,75 77044671@0,77 77044671@0,68 77044671@0,72 77044671@0,64 guide=NRect(l=0.23501578, t=0.20780757, r=0.7649842, b=0.79219246)
09-17 15:58:57.036 I/BandOcr (  590): layout=STANDARD zone=SKIPPED ar=1.123 box=487x434 (Box ist kein Artwork)
09-17 15:58:57.037 I/MlScan  (  590): frame: 1 cards in 162ms top=77044671@0,77
09-17 15:58:57.267 I/ScanDecision(  590): stage=erst pc=77044671 code=- rarity=- lang=- composed=false match=NO_MATCH exact=false frames=0 known=23 light=RED grund='Kein Code-Treffer' edition=unknown editionConf=LOW
09-17 15:58:57.280 I/GuideArt(  590): umrandung 77044671 in 80ms kandidaten=77044671@0,75 77044671@0,76 77044671@0,68 77044671@0,72 77044671@0,64 guide=NRect(l=0.23501578, t=0.20780757, r=0.7649842, b=0.79219246)
09-17 15:58:57.281 I/BandOcr (  590): layout=STANDARD zone=SKIPPED ar=1.123 box=487x434 (Box ist kein Artwork)
09-17 15:58:57.281 I/MlScan  (  590): frame: 1 cards in 180ms top=77044671@0,76
09-17 15:58:57.522 I/GuideArt(  590): umrandung 77044671 in 84ms kandidaten=77044671@0,75 77044671@0,76 77044671@0,68 77044671@0,72 77044671@0,64 guide=NRect(l=0.23501578, t=0.20780757, r=0.7649842, b=0.79219246)
09-17 15:58:57.523 I/BandOcr (  590): layout=STANDARD zone=SKIPPED ar=1.123 box=487x434 (Box ist kein Artwork)
09-17 15:58:57.523 I/MlScan  (  590): frame: 1 cards in 189ms top=77044671@0,76
09-17 15:58:57.762 I/GuideArt(  590): umrandung 77044671 in 81ms kandidaten=77044671@0,75 77044671@0,76 77044671@0,68 77044671@0,72 77044671@0,64 guide=NRect(l=0.23501578, t=0.20780757, r=0.7649842, b=0.79219246)
09-17 15:58:57.762 I/BandOcr (  590): layout=STANDARD zone=SKIPPED ar=1.123 box=487x434 (Box ist kein Artwork)
09-17 15:58:57.763 I/MlScan  (  590): frame: 1 cards in 175ms top=77044671@0,76
09-17 15:58:58.001 I/GuideArt(  590): umrandung 77044671 in 79ms kandidaten=77044671@0,75 77044671@0,76 77044671@0,68 77044671@0,72 77044671@0,64 guide=NRect(l=0.23501578, t=0.20780757, r=0.7649842, b=0.79219246)
09-17 15:58:58.001 I/BandOcr (  590): layout=STANDARD zone=SKIPPED ar=1.123 box=487x434 (Box ist kein Artwork)
09-17 15:58:58.002 I/MlScan  (  590): frame: 1 cards in 178ms top=77044671@0,76
09-17 15:58:58.240 I/GuideArt(  590): umrandung 77044671 in 80ms kandidaten=77044671@0,75 77044671@0,76 77044671@0,68 77044671@0,72 77044671@0,64 guide=NRect(l=0.23501578, t=0.20780757, r=0.7649842, b=0.79219246)
09-17 15:58:58.240 I/BandOcr (  590): layout=STANDARD zone=SKIPPED ar=1.123 box=487x434 (Box ist kein Artwork)
09-17 15:58:58.241 I/MlScan  (  590): frame: 1 cards in 179ms top=77044671@0,76
09-17 15:58:58.472 I/GuideArt(  590): umrandung 77044671 in 80ms kandidaten=77044671@0,76 77044671@0,77 77044671@0,69 77044671@0,72 77044671@0,65 guide=NRect(l=0.23501578, t=0.20780757, r=0.7649842, b=0.79219246)
09-17 15:58:58.472 I/BandOcr (  590): layout=STANDARD zone=SKIPPED ar=1.123 box=487x434 (Box ist kein Artwork)
09-17 15:58:58.473 I/MlScan  (  590): frame: 1 cards in 186ms top=77044671@0,77
09-17 15:58:58.699 I/GuideArt(  590): umrandung 77044671 in 82ms kandidaten=77044671@0,76 77044671@0,76 77044671@0,69 77044671@0,73 77044671@0,65 guide=NRect(l=0.23501578, t=0.20780757, r=0.7649842, b=0.79219246)
09-17 15:58:58.700 I/BandOcr (  590): layout=STANDARD zone=SKIPPED ar=1.123 box=487x434 (Box ist kein Artwork)
09-17 15:58:58.700 I/MlScan  (  590): frame: 1 cards in 179ms top=77044671@0,76
09-17 15:58:58.930 I/GuideArt(  590): umrandung 77044671 in 80ms kandidaten=77044671@0,68 77044671@0,65 77044671@0,55 77044671@0,72 77044671@0,48 guide=NRect(l=0.23501578, t=0.20780757, r=0.7649842, b=0.79219246)
09-17 15:58:58.931 I/BandOcr (  590): layout=STANDARD zone=SKIPPED ar=1.123 box=487x434 (Box ist kein Artwork)
09-17 15:58:58.931 I/MlScan  (  590): frame: 1 cards in 175ms top=77044671@0,72
09-17 15:58:59.176 I/BandOcr (  590): layout=STANDARD zone=PASSCODE frame=1440x1920 box=498,733-909,1153 crop=520x416 raw='77044671'
09-17 15:58:59.233 I/BandOcr (  590): layout=STANDARD zone=SET_CODE frame=1440x1920 box=498,733-909,1153 crop=536x272 raw='BLGG-DEOS3'
09-17 15:58:59.278 I/StapelScan(  590): stoss start=1789653538574 dauer=203 spitze=38,3 einwurf=true
09-17 15:58:59.298 I/BandOcr (  590): layout=STANDARD zone=EDITION frame=1440x1920 box=498,733-909,1153 crop=412x396 raw='1 1. Auflage'
09-17 15:58:59.299 I/MlScan  (  590): frame: 1 cards in 313ms top=77044671@0,83
09-17 15:58:59.551 I/BandOcr (  590): layout=STANDARD zone=PASSCODE frame=1440x1920 box=498,732-911,1152 crop=520x412 raw='77044671'
09-17 15:58:59.618 I/BandOcr (  590): layout=STANDARD zone=SET_CODE frame=1440x1920 box=498,732-911,1152 crop=536x276 raw='BLGG-DEO53'
09-17 15:58:59.680 I/BandOcr (  590): layout=STANDARD zone=EDITION frame=1440x1920 box=498,732-911,1152 crop=416x392 raw='1 1. Auflage'
09-17 15:58:59.681 I/BandOcr (  590): layout=STANDARD korrigiert=BLGG-DE053
09-17 15:58:59.681 I/StapelScan(  590): einwurf anzahl=1 rearmt=[77044671] t=1789653539681
09-17 15:58:59.681 I/MlScan  (  590): frame: 1 cards in 322ms top=77044671@0,82
09-17 15:58:59.945 I/BandOcr (  590): layout=STANDARD zone=PASSCODE frame=1440x1920 box=498,734-911,1153 crop=524x408 raw='77044671'
09-17 15:59:00.009 I/BandOcr (  590): layout=STANDARD zone=SET_CODE frame=1440x1920 box=498,734-911,1153 crop=536x276 raw='BLGG-DEO53'
09-17 15:59:00.059 I/BandOcr (  590): layout=STANDARD zone=EDITION frame=1440x1920 box=498,734-911,1153 crop=416x392 raw='11.Auflage'
09-17 15:59:00.059 I/BandOcr (  590): layout=STANDARD korrigiert=BLGG-DE053
09-17 15:59:00.060 I/MlScan  (  590): confirmed card 77044671
09-17 15:59:00.060 I/StapelScan(  590): gebucht 77044671 x1
09-17 15:59:00.071 I/MlScan  (  590): frame: 1 cards in 306ms top=77044671@0,82
09-17 15:59:00.222 I/ScanDecision(  590): stage=erst pc=77044671 code=BLGG-DE053 rarity=Ultra Rare lang=DE composed=false match=MATCHED exact=false frames=0 known=23 light=YELLOW grund='Code unsicher: BLGG-DE053' edition=first editionConf=HIGH
09-17 15:59:00.356 I/BandOcr (  590): layout=STANDARD zone=PASSCODE frame=1440x1920 box=497,733-911,1153 crop=524x412 raw='77044671'
09-17 15:59:00.429 I/BandOcr (  590): layout=STANDARD zone=SET_CODE frame=1440x1920 box=497,733-911,1153 crop=536x276 raw='BLGG-DEOS3'
09-17 15:59:00.487 I/BandOcr (  590): layout=STANDARD zone=EDITION frame=1440x1920 box=497,733-911,1153 crop=412x392 raw='1 1. Auflage'
09-17 15:59:00.487 I/MlScan  (  590): frame: 1 cards in 378ms top=77044671@0,82
09-17 15:59:00.756 I/BandOcr (  590): layout=STANDARD zone=PASSCODE frame=1440x1920 box=497,732-910,1154 crop=524x412 raw='77044671'
09-17 15:59:00.814 I/BandOcr (  590): layout=STANDARD zone=SET_CODE frame=1440x1920 box=497,732-910,1154 crop=536x276 raw='BLGG-DEOS3'
09-17 15:59:00.868 I/BandOcr (  590): layout=STANDARD zone=EDITION frame=1440x1920 box=497,732-910,1154 crop=416x392 raw='F1 1.Auflage'
09-17 15:59:00.869 I/MlScan  (  590): frame: 1 cards in 311ms top=77044671@0,82
09-17 15:59:01.121 I/BandOcr (  590): layout=STANDARD zone=PASSCODE frame=1440x1920 box=496,733-911,1155 crop=524x412 raw='77044671'
09-17 15:59:01.182 I/BandOcr (  590): layout=STANDARD zone=SET_CODE frame=1440x1920 box=496,733-911,1155 crop=540x276 raw='BLGG-DEO53'
09-17 15:59:01.236 I/BandOcr (  590): layout=STANDARD zone=EDITION frame=1440x1920 box=496,733-911,1155 crop=416x392 raw='1 1. Auflage'
09-17 15:59:01.236 I/BandOcr (  590): layout=STANDARD korrigiert=BLGG-DE053
09-17 15:59:01.237 I/MlScan  (  590): frame: 1 cards in 312ms top=77044671@0,82
09-17 15:59:01.491 I/BandOcr (  590): layout=STANDARD zone=PASSCODE frame=1440x1920 box=496,733-911,1154 crop=524x412 raw='77044671'
09-17 15:59:01.554 I/BandOcr (  590): layout=STANDARD zone=SET_CODE frame=1440x1920 box=496,733-911,1154 crop=540x276 raw='BLGG-DEOS3'
09-17 15:59:01.607 I/BandOcr (  590): layout=STANDARD zone=EDITION frame=1440x1920 box=496,733-911,1154 crop=416x396 raw='F1 1. Auflage'
09-17 15:59:01.608 I/MlScan  (  590): frame: 1 cards in 318ms top=77044671@0,82
09-17 15:59:01.893 I/BandOcr (  590): layout=STANDARD zone=PASSCODE frame=1440x1920 box=498,735-909,1154 crop=520x412 raw='77044671'
09-17 15:59:01.950 I/BandOcr (  590): layout=STANDARD zone=SET_CODE frame=1440x1920 box=498,735-909,1154 crop=532x272 raw='BLGG-DEOS3'
09-17 15:59:02.004 I/BandOcr (  590): layout=STANDARD zone=EDITION frame=1440x1920 box=498,735-909,1154 crop=412x392 raw='1 1.Auflage'
09-17 15:59:02.005 I/MlScan  (  590): frame: 1 cards in 312ms top=77044671@0,82
09-17 15:59:02.249 I/BandOcr (  590): layout=STANDARD zone=PASSCODE frame=1440x1920 box=498,731-911,1152 crop=520x412 raw='77044671'
09-17 15:59:02.303 I/BandOcr (  590): layout=STANDARD zone=SET_CODE frame=1440x1920 box=498,731-911,1152 crop=536x272 raw='BLGG-DEO53'
09-17 15:59:02.355 I/BandOcr (  590): layout=STANDARD zone=EDITION frame=1440x1920 box=498,731-911,1152 crop=416x392 raw='11.Auflage'
09-17 15:59:02.355 I/BandOcr (  590): layout=STANDARD korrigiert=BLGG-DE053
09-17 15:59:02.356 I/MlScan  (  590): frame: 1 cards in 300ms top=77044671@0,82
09-17 15:59:02.583 I/BandOcr (  590): layout=STANDARD_INF zone=PASSCODE frame=1440x1920 box=545,810-696,958 crop=192x144 raw=''
09-17 15:59:02.614 I/BandOcr (  590): layout=STANDARD_INF zone=SET_CODE frame=1440x1920 box=545,810-696,958 crop=196x96 raw=''
09-17 15:59:02.673 I/BandOcr (  590): layout=STANDARD_INF zone=EDITION frame=1440x1920 box=545,810-696,958 crop=152x140 raw=''
09-17 15:59:02.725 I/BandOcr (  590): layout=STANDARD_INF zone=LEGACY crop=676x296 raw=''
09-17 15:59:02.806 I/GuideArt(  590): umrandung 77044671 in 79ms kandidaten=77044671@0,74 77044671@0,73 77044671@0,70 77044671@0,68 77044671@0,56 guide=NRect(l=0.23501578, t=0.20780757, r=0.7649842, b=0.79219246)
09-17 15:59:02.806 I/BandOcr (  590): layout=STANDARD zone=SKIPPED ar=1.123 box=487x434 (Box ist kein Artwork)
09-17 15:59:02.807 I/MlScan  (  590): frame: 1 cards in 382ms top=77044671@0,74
09-17 15:59:02.842 I/StapelScan(  590): stoss start=1789653542173 dauer=166 spitze=41,4 einwurf=true
09-17 15:59:03.069 I/GuideArt(  590): umrandung 77044671 in 79ms kandidaten=77044671@0,76 77044671@0,76 77044671@0,70 77044671@0,73 77044671@0,60 guide=NRect(l=0.23501578, t=0.20780757, r=0.7649842, b=0.79219246)
09-17 15:59:03.070 I/BandOcr (  590): layout=STANDARD zone=SKIPPED ar=1.123 box=487x434 (Box ist kein Artwork)
09-17 15:59:03.071 I/MlScan  (  590): frame: 1 cards in 181ms top=77044671@0,76
09-17 15:59:03.308 I/GuideArt(  590): umrandung 77044671 in 80ms kandidaten=77044671@0,76 77044671@0,76 77044671@0,70 77044671@0,73 77044671@0,60 guide=NRect(l=0.23501578, t=0.20780757, r=0.7649842, b=0.79219246)
09-17 15:59:03.308 I/BandOcr (  590): layout=STANDARD zone=SKIPPED ar=1.123 box=487x434 (Box ist kein Artwork)
09-17 15:59:03.309 I/StapelScan(  590): einwurf anzahl=1 rearmt=[77044671] t=1789653543309
09-17 15:59:03.309 I/MlScan  (  590): frame: 1 cards in 183ms top=77044671@0,76
09-17 15:59:03.563 I/GuideArt(  590): umrandung 77044671 in 80ms kandidaten=77044671@0,76 77044671@0,76 77044671@0,70 77044671@0,73 77044671@0,60 guide=NRect(l=0.23501578, t=0.20780757, r=0.7649842, b=0.79219246)
09-17 15:59:03.563 I/BandOcr (  590): layout=STANDARD zone=SKIPPED ar=1.123 box=487x434 (Box ist kein Artwork)
09-17 15:59:03.564 I/MlScan  (  590): confirmed card 77044671
09-17 15:59:03.564 I/StapelScan(  590): gebucht 77044671 x1
09-17 15:59:03.575 I/MlScan  (  590): frame: 1 cards in 176ms top=77044671@0,76
09-17 15:59:03.593 I/ScanDecision(  590): stage=erst pc=77044671 code=- rarity=- lang=- composed=false match=NO_MATCH exact=false frames=0 known=23 light=RED grund='Kein Code-Treffer' edition=unknown editionConf=LOW
09-17 15:59:03.820 I/GuideArt(  590): umrandung 77044671 in 80ms kandidaten=77044671@0,76 77044671@0,76 77044671@0,70 77044671@0,73 77044671@0,61 guide=NRect(l=0.23501578, t=0.20780757, r=0.7649842, b=0.79219246)
09-17 15:59:03.821 I/BandOcr (  590): layout=STANDARD zone=SKIPPED ar=1.123 box=487x434 (Box ist kein Artwork)
09-17 15:59:03.821 I/MlScan  (  590): frame: 1 cards in 182ms top=77044671@0,76
09-17 15:59:04.075 I/GuideArt(  590): umrandung 77044671 in 78ms kandidaten=77044671@0,76 77044671@0,77 77044671@0,70 77044671@0,72 77044671@0,60 guide=NRect(l=0.23501578, t=0.20780757, r=0.7649842, b=0.79219246)
09-17 15:59:04.076 I/BandOcr (  590): layout=STANDARD zone=SKIPPED ar=1.123 box=487x434 (Box ist kein Artwork)
09-17 15:59:04.077 I/MlScan  (  590): frame: 1 cards in 184ms top=77044671@0,77
09-17 15:59:04.323 I/GuideArt(  590): umrandung 77044671 in 79ms kandidaten=77044671@0,76 77044671@0,76 77044671@0,70 77044671@0,73 77044671@0,60 guide=NRect(l=0.23501578, t=0.20780757, r=0.7649842, b=0.79219246)
09-17 15:59:04.324 I/BandOcr (  590): layout=STANDARD zone=SKIPPED ar=1.123 box=487x434 (Box ist kein Artwork)
09-17 15:59:04.324 I/MlScan  (  590): frame: 1 cards in 174ms top=77044671@0,76
09-17 15:59:04.562 I/GuideArt(  590): umrandung 77044671 in 80ms kandidaten=77044671@0,76 77044671@0,76 77044671@0,70 77044671@0,73 77044671@0,60 guide=NRect(l=0.23501578, t=0.20780757, r=0.7649842, b=0.79219246)
09-17 15:59:04.563 I/BandOcr (  590): layout=STANDARD zone=SKIPPED ar=1.123 box=487x434 (Box ist kein Artwork)
09-17 15:59:04.563 I/MlScan  (  590): frame: 1 cards in 181ms top=77044671@0,76
09-17 15:59:04.798 I/GuideArt(  590): umrandung 77044671 in 86ms kandidaten=77044671@0,76 77044671@0,76 77044671@0,70 77044671@0,73 77044671@0,59 guide=NRect(l=0.23501578, t=0.20780757, r=0.7649842, b=0.79219246)
09-17 15:59:04.798 I/BandOcr (  590): layout=STANDARD zone=SKIPPED ar=1.123 box=487x434 (Box ist kein Artwork)
09-17 15:59:04.799 I/MlScan  (  590): frame: 1 cards in 182ms top=77044671@0,76
09-17 15:59:05.030 I/GuideArt(  590): umrandung 77044671 in 83ms kandidaten=77044671@0,76 77044671@0,76 77044671@0,70 77044671@0,73 77044671@0,59 guide=NRect(l=0.23501578, t=0.20780757, r=0.7649842, b=0.79219246)
09-17 15:59:05.031 I/BandOcr (  590): layout=STANDARD zone=SKIPPED ar=1.123 box=487x434 (Box ist kein Artwork)
09-17 15:59:05.031 I/MlScan  (  590): frame: 1 cards in 182ms top=77044671@0,76
09-17 15:59:05.268 I/GuideArt(  590): umrandung 77044671 in 81ms kandidaten=77044671@0,76 77044671@0,76 77044671@0,70 77044671@0,73 77044671@0,60 guide=NRect(l=0.23501578, t=0.20780757, r=0.7649842, b=0.79219246)
09-17 15:59:05.268 I/BandOcr (  590): layout=STANDARD zone=SKIPPED ar=1.123 box=487x434 (Box ist kein Artwork)
09-17 15:59:05.269 I/MlScan  (  590): frame: 1 cards in 178ms top=77044671@0,76
09-17 15:59:05.498 I/GuideArt(  590): umrandung 77044671 in 80ms kandidaten=77044671@0,76 77044671@0,76 77044671@0,70 77044671@0,72 77044671@0,60 guide=NRect(l=0.23501578, t=0.20780757, r=0.7649842, b=0.79219246)
09-17 15:59:05.499 I/BandOcr (  590): layout=STANDARD zone=SKIPPED ar=1.123 box=487x434 (Box ist kein Artwork)
09-17 15:59:05.499 I/MlScan  (  590): frame: 1 cards in 181ms top=77044671@0,76
09-17 15:59:05.727 I/GuideArt(  590): umrandung 77044671 in 83ms kandidaten=77044671@0,76 77044671@0,76 77044671@0,70 77044671@0,72 77044671@0,60 guide=NRect(l=0.23501578, t=0.20780757, r=0.7649842, b=0.79219246)
09-17 15:59:05.728 I/BandOcr (  590): layout=STANDARD zone=SKIPPED ar=1.123 box=487x434 (Box ist kein Artwork)
09-17 15:59:05.729 I/MlScan  (  590): frame: 1 cards in 179ms top=77044671@0,76
09-17 15:59:05.968 I/GuideArt(  590): umrandung 77044671 in 81ms kandidaten=77044671@0,76 77044671@0,76 77044671@0,70 77044671@0,72 77044671@0,61 guide=NRect(l=0.23501578, t=0.20780757, r=0.7649842, b=0.79219246)
09-17 15:59:05.968 I/BandOcr (  590): layout=STANDARD zone=SKIPPED ar=1.123 box=487x434 (Box ist kein Artwork)
09-17 15:59:05.969 I/MlScan  (  590): frame: 1 cards in 178ms top=77044671@0,76
09-17 15:59:06.195 I/GuideArt(  590): umrandung 77044671 in 79ms kandidaten=77044671@0,76 77044671@0,76 77044671@0,70 77044671@0,73 77044671@0,60 guide=NRect(l=0.23501578, t=0.20780757, r=0.7649842, b=0.79219246)
09-17 15:59:06.196 I/BandOcr (  590): layout=STANDARD zone=SKIPPED ar=1.123 box=487x434 (Box ist kein Artwork)
09-17 15:59:06.197 I/MlScan  (  590): frame: 1 cards in 177ms top=77044671@0,76
09-17 15:59:06.430 I/GuideArt(  590): umrandung 77044671 in 80ms kandidaten=77044671@0,76 77044671@0,76 77044671@0,70 77044671@0,73 77044671@0,60 guide=NRect(l=0.23501578, t=0.20780757, r=0.7649842, b=0.79219246)
09-17 15:59:06.431 I/BandOcr (  590): layout=STANDARD zone=SKIPPED ar=1.123 box=487x434 (Box ist kein Artwork)
09-17 15:59:06.431 I/MlScan  (  590): frame: 1 cards in 180ms top=77044671@0,76
09-17 15:59:06.665 I/GuideArt(  590): umrandung 77044671 in 84ms kandidaten=77044671@0,76 77044671@0,76 77044671@0,70 77044671@0,73 77044671@0,60 guide=NRect(l=0.23501578, t=0.20780757, r=0.7649842, b=0.79219246)
09-17 15:59:06.665 I/BandOcr (  590): layout=STANDARD zone=SKIPPED ar=1.123 box=487x434 (Box ist kein Artwork)
09-17 15:59:06.666 I/MlScan  (  590): frame: 1 cards in 177ms top=77044671@0,76
09-17 15:59:06.895 I/GuideArt(  590): umrandung 77044671 in 86ms kandidaten=77044671@0,76 77044671@0,76 77044671@0,70 77044671@0,72 77044671@0,60 guide=NRect(l=0.23501578, t=0.20780757, r=0.7649842, b=0.79219246)
09-17 15:59:06.895 I/BandOcr (  590): layout=STANDARD zone=SKIPPED ar=1.123 box=487x434 (Box ist kein Artwork)
09-17 15:59:06.896 I/MlScan  (  590): frame: 1 cards in 182ms top=77044671@0,76
09-17 15:59:07.119 I/GuideArt(  590): umrandung 77044671 in 74ms kandidaten=77044671@0,76 77044671@0,76 77044671@0,70 77044671@0,73 77044671@0,60 guide=NRect(l=0.23501578, t=0.20780757, r=0.7649842, b=0.79219246)
09-17 15:59:07.120 I/BandOcr (  590): layout=STANDARD zone=SKIPPED ar=1.123 box=487x434 (Box ist kein Artwork)
09-17 15:59:07.120 I/MlScan  (  590): frame: 1 cards in 171ms top=77044671@0,76
09-17 15:59:07.363 I/GuideArt(  590): umrandung 77044671 in 84ms kandidaten=77044671@0,76 77044671@0,76 77044671@0,70 77044671@0,73 77044671@0,60 guide=NRect(l=0.23501578, t=0.20780757, r=0.7649842, b=0.79219246)
09-17 15:59:07.364 I/BandOcr (  590): layout=STANDARD zone=SKIPPED ar=1.123 box=487x434 (Box ist kein Artwork)
09-17 15:59:07.364 I/MlScan  (  590): frame: 1 cards in 182ms top=77044671@0,76
09-17 15:59:07.593 I/GuideArt(  590): umrandung 77044671 in 80ms kandidaten=77044671@0,76 77044671@0,76 77044671@0,70 77044671@0,72 77044671@0,60 guide=NRect(l=0.23501578, t=0.20780757, r=0.7649842, b=0.79219246)
09-17 15:59:07.593 I/BandOcr (  590): layout=STANDARD zone=SKIPPED ar=1.123 box=487x434 (Box ist kein Artwork)
09-17 15:59:07.594 I/MlScan  (  590): frame: 1 cards in 174ms top=77044671@0,76
09-17 15:59:07.837 I/GuideArt(  590): umrandung 77044671 in 80ms kandidaten=77044671@0,76 77044671@0,76 77044671@0,70 77044671@0,73 77044671@0,60 guide=NRect(l=0.23501578, t=0.20780757, r=0.7649842, b=0.79219246)
09-17 15:59:07.838 I/BandOcr (  590): layout=STANDARD zone=SKIPPED ar=1.123 box=487x434 (Box ist kein Artwork)
09-17 15:59:07.838 I/MlScan  (  590): frame: 1 cards in 180ms top=77044671@0,76
09-17 15:59:08.090 I/GuideArt(  590): umrandung 77044671 in 78ms kandidaten=77044671@0,76 77044671@0,76 77044671@0,70 77044671@0,73 77044671@0,60 guide=NRect(l=0.23501578, t=0.20780757, r=0.7649842, b=0.79219246)
09-17 15:59:08.091 I/BandOcr (  590): layout=STANDARD zone=SKIPPED ar=1.123 box=487x434 (Box ist kein Artwork)
09-17 15:59:08.092 I/MlScan  (  590): frame: 1 cards in 176ms top=77044671@0,76
09-17 15:59:08.336 I/GuideArt(  590): umrandung 77044671 in 88ms kandidaten=77044671@0,76 77044671@0,76 77044671@0,70 77044671@0,73 77044671@0,60 guide=NRect(l=0.23501578, t=0.20780757, r=0.7649842, b=0.79219246)
09-17 15:59:08.337 I/BandOcr (  590): layout=STANDARD zone=SKIPPED ar=1.123 box=487x434 (Box ist kein Artwork)
09-17 15:59:08.338 I/MlScan  (  590): frame: 1 cards in 183ms top=77044671@0,76
09-17 15:59:08.593 I/GuideArt(  590): umrandung 77044671 in 84ms kandidaten=77044671@0,76 77044671@0,76 77044671@0,70 77044671@0,73 77044671@0,60 guide=NRect(l=0.23501578, t=0.20780757, r=0.7649842, b=0.79219246)
09-17 15:59:08.594 I/BandOcr (  590): layout=STANDARD zone=SKIPPED ar=1.123 box=487x434 (Box ist kein Artwork)
09-17 15:59:08.594 I/MlScan  (  590): frame: 1 cards in 182ms top=77044671@0,76
09-17 15:59:08.822 I/GuideArt(  590): umrandung 77044671 in 80ms kandidaten=77044671@0,76 77044671@0,76 77044671@0,70 77044671@0,73 77044671@0,60 guide=NRect(l=0.23501578, t=0.20780757, r=0.7649842, b=0.79219246)
09-17 15:59:08.823 I/BandOcr (  590): layout=STANDARD zone=SKIPPED ar=1.123 box=487x434 (Box ist kein Artwork)
09-17 15:59:08.823 I/MlScan  (  590): frame: 1 cards in 176ms top=77044671@0,76
09-17 15:59:09.055 I/GuideArt(  590): umrandung 77044671 in 81ms kandidaten=77044671@0,82 77044671@0,78 77044671@0,79 77044671@0,77 77044671@0,75 guide=NRect(l=0.23501578, t=0.20780757, r=0.7649842, b=0.79219246)
09-17 15:59:09.056 I/BandOcr (  590): layout=STANDARD zone=SKIPPED ar=1.123 box=487x434 (Box ist kein Artwork)
09-17 15:59:09.056 I/MlScan  (  590): frame: 1 cards in 178ms top=77044671@0,82
09-17 15:59:09.328 I/GuideArt(  590): umrandung 77044671 in 82ms kandidaten=77044671@0,78 77044671@0,75 77044671@0,72 77044671@0,72 77044671@0,60 guide=NRect(l=0.23501578, t=0.20780757, r=0.7649842, b=0.79219246)
09-17 15:59:09.329 I/BandOcr (  590): layout=STANDARD zone=SKIPPED ar=1.123 box=487x434 (Box ist kein Artwork)
09-17 15:59:09.329 I/MlScan  (  590): frame: 1 cards in 198ms top=77044671@0,78
09-17 15:59:09.404 I/StapelScan(  590): stoss start=1789653548705 dauer=163 spitze=38,5 einwurf=true
09-17 15:59:09.586 I/GuideArt(  590): umrandung 77044671 in 84ms kandidaten=77044671@0,78 77044671@0,75 77044671@0,71 77044671@0,72 77044671@0,59 guide=NRect(l=0.23501578, t=0.20780757, r=0.7649842, b=0.79219246)
09-17 15:59:09.586 I/BandOcr (  590): layout=STANDARD zone=SKIPPED ar=1.123 box=487x434 (Box ist kein Artwork)
09-17 15:59:09.587 I/MlScan  (  590): frame: 1 cards in 200ms top=77044671@0,78
09-17 15:59:09.816 I/GuideArt(  590): umrandung 77044671 in 78ms kandidaten=77044671@0,78 77044671@0,75 77044671@0,71 77044671@0,72 77044671@0,59 guide=NRect(l=0.23501578, t=0.20780757, r=0.7649842, b=0.79219246)
09-17 15:59:09.816 I/BandOcr (  590): layout=STANDARD zone=SKIPPED ar=1.123 box=487x434 (Box ist kein Artwork)
09-17 15:59:09.817 I/StapelScan(  590): einwurf anzahl=1 rearmt=[77044671] t=1789653549817
09-17 15:59:09.817 I/MlScan  (  590): frame: 1 cards in 172ms top=77044671@0,78
09-17 15:59:10.056 I/GuideArt(  590): umrandung 77044671 in 80ms kandidaten=77044671@0,78 77044671@0,75 77044671@0,71 77044671@0,72 77044671@0,59 guide=NRect(l=0.23501578, t=0.20780757, r=0.7649842, b=0.79219246)
09-17 15:59:10.056 I/BandOcr (  590): layout=STANDARD zone=SKIPPED ar=1.123 box=487x434 (Box ist kein Artwork)
09-17 15:59:10.057 I/MlScan  (  590): confirmed card 77044671
09-17 15:59:10.057 I/StapelScan(  590): gebucht 77044671 x1
09-17 15:59:10.075 I/MlScan  (  590): frame: 1 cards in 173ms top=77044671@0,78
09-17 15:59:10.086 I/ScanDecision(  590): stage=erst pc=77044671 code=- rarity=- lang=- composed=false match=NO_MATCH exact=false frames=0 known=23 light=RED grund='Kein Code-Treffer' edition=unknown editionConf=LOW
09-17 15:59:10.313 I/GuideArt(  590): umrandung 77044671 in 79ms kandidaten=77044671@0,78 77044671@0,75 77044671@0,71 77044671@0,72 77044671@0,59 guide=NRect(l=0.23501578, t=0.20780757, r=0.7649842, b=0.79219246)
09-17 15:59:10.313 I/BandOcr (  590): layout=STANDARD zone=SKIPPED ar=1.123 box=487x434 (Box ist kein Artwork)
09-17 15:59:10.314 I/MlScan  (  590): frame: 1 cards in 176ms top=77044671@0,78
09-17 15:59:10.589 I/GuideArt(  590): umrandung 77044671 in 104ms kandidaten=77044671@0,78 77044671@0,74 77044671@0,71 77044671@0,73 77044671@0,60 guide=NRect(l=0.23501578, t=0.20780757, r=0.7649842, b=0.79219246)
09-17 15:59:10.589 I/BandOcr (  590): layout=STANDARD zone=SKIPPED ar=1.123 box=487x434 (Box ist kein Artwork)
09-17 15:59:10.590 I/MlScan  (  590): frame: 1 cards in 204ms top=77044671@0,78
09-17 15:59:10.847 I/GuideArt(  590): umrandung 77044671 in 64ms kandidaten=77044671@0,78 77044671@0,75 77044671@0,71 77044671@0,72 77044671@0,59 guide=NRect(l=0.23501578, t=0.20780757, r=0.7649842, b=0.79219246)
09-17 15:59:10.847 I/BandOcr (  590): layout=STANDARD zone=SKIPPED ar=1.123 box=487x434 (Box ist kein Artwork)
09-17 15:59:10.848 I/MlScan  (  590): frame: 1 cards in 192ms top=77044671@0,78
09-17 15:59:11.059 I/GuideArt(  590): umrandung 77044671 in 64ms kandidaten=77044671@0,78 77044671@0,74 77044671@0,71 77044671@0,72 77044671@0,59 guide=NRect(l=0.23501578, t=0.20780757, r=0.7649842, b=0.79219246)
09-17 15:59:11.059 I/BandOcr (  590): layout=STANDARD zone=SKIPPED ar=1.123 box=487x434 (Box ist kein Artwork)
09-17 15:59:11.060 I/MlScan  (  590): frame: 1 cards in 162ms top=77044671@0,78
09-17 15:59:11.259 I/GuideArt(  590): umrandung 77044671 in 61ms kandidaten=77044671@0,78 77044671@0,74 77044671@0,71 77044671@0,72 77044671@0,59 guide=NRect(l=0.23501578, t=0.20780757, r=0.7649842, b=0.79219246)
09-17 15:59:11.259 I/BandOcr (  590): layout=STANDARD zone=SKIPPED ar=1.123 box=487x434 (Box ist kein Artwork)
09-17 15:59:11.260 I/MlScan  (  590): frame: 1 cards in 160ms top=77044671@0,78
09-17 15:59:11.461 I/GuideArt(  590): umrandung 77044671 in 63ms kandidaten=77044671@0,78 77044671@0,74 77044671@0,71 77044671@0,72 77044671@0,59 guide=NRect(l=0.23501578, t=0.20780757, r=0.7649842, b=0.79219246)
09-17 15:59:11.465 I/BandOcr (  590): layout=STANDARD zone=SKIPPED ar=1.123 box=487x434 (Box ist kein Artwork)
09-17 15:59:11.466 I/MlScan  (  590): frame: 1 cards in 160ms top=77044671@0,78
09-17 15:59:11.666 I/GuideArt(  590): umrandung 77044671 in 62ms kandidaten=77044671@0,78 77044671@0,75 77044671@0,71 77044671@0,72 77044671@0,59 guide=NRect(l=0.23501578, t=0.20780757, r=0.7649842, b=0.79219246)
09-17 15:59:11.667 I/BandOcr (  590): layout=STANDARD zone=SKIPPED ar=1.123 box=487x434 (Box ist kein Artwork)
09-17 15:59:11.667 I/MlScan  (  590): frame: 1 cards in 166ms top=77044671@0,78
09-17 15:59:11.868 I/GuideArt(  590): umrandung 77044671 in 61ms kandidaten=77044671@0,78 77044671@0,74 77044671@0,71 77044671@0,72 77044671@0,59 guide=NRect(l=0.23501578, t=0.20780757, r=0.7649842, b=0.79219246)
09-17 15:59:11.869 I/BandOcr (  590): layout=STANDARD zone=SKIPPED ar=1.123 box=487x434 (Box ist kein Artwork)
09-17 15:59:11.869 I/MlScan  (  590): frame: 1 cards in 166ms top=77044671@0,78
09-17 15:59:12.106 I/GuideArt(  590): umrandung 77044671 in 64ms kandidaten=77044671@0,78 77044671@0,74 77044671@0,71 77044671@0,72 77044671@0,59 guide=NRect(l=0.23501578, t=0.20780757, r=0.7649842, b=0.79219246)
09-17 15:59:12.107 I/BandOcr (  590): layout=STANDARD zone=SKIPPED ar=1.123 box=487x434 (Box ist kein Artwork)
09-17 15:59:12.107 I/MlScan  (  590): frame: 1 cards in 167ms top=77044671@0,78
09-17 15:59:12.333 I/GuideArt(  590): umrandung 77044671 in 61ms kandidaten=77044671@0,78 77044671@0,75 77044671@0,71 77044671@0,72 77044671@0,59 guide=NRect(l=0.23501578, t=0.20780757, r=0.7649842, b=0.79219246)
09-17 15:59:12.333 I/BandOcr (  590): layout=STANDARD zone=SKIPPED ar=1.123 box=487x434 (Box ist kein Artwork)
09-17 15:59:12.333 I/MlScan  (  590): frame: 1 cards in 155ms top=77044671@0,78
09-17 15:59:12.563 I/GuideArt(  590): umrandung - in 61ms kandidaten=77044671@0,59 91152256@0,47 77044671@0,55 77044671@0,58 77565204@0,47 guide=NRect(l=0.23501578, t=0.20780757, r=0.7649842, b=0.79219246)
09-17 15:59:12.925 I/GuideArt(  590): umrandung 77044671 in 80ms kandidaten=77044671@0,78 77044671@0,74 77044671@0,70 77044671@0,78 77044671@0,52 guide=NRect(l=0.23501578, t=0.20780757, r=0.7649842, b=0.79219246)
09-17 15:59:12.926 I/BandOcr (  590): layout=STANDARD zone=SKIPPED ar=1.123 box=487x434 (Box ist kein Artwork)
09-17 15:59:12.926 I/MlScan  (  590): frame: 1 cards in 176ms top=77044671@0,78
09-17 15:59:12.999 I/StapelScan(  590): stoss start=1789653552265 dauer=208 spitze=40,0 einwurf=true
09-17 15:59:13.164 I/GuideArt(  590): umrandung 77044671 in 82ms kandidaten=77044671@0,78 77044671@0,74 77044671@0,71 77044671@0,78 77044671@0,51 guide=NRect(l=0.23501578, t=0.20780757, r=0.7649842, b=0.79219246)
09-17 15:59:13.165 I/BandOcr (  590): layout=STANDARD zone=SKIPPED ar=1.123 box=487x434 (Box ist kein Artwork)
09-17 15:59:13.165 I/MlScan  (  590): frame: 1 cards in 179ms top=77044671@0,78
09-17 15:59:13.395 I/GuideArt(  590): umrandung 77044671 in 83ms kandidaten=77044671@0,77 77044671@0,74 77044671@0,70 77044671@0,77 77044671@0,50 guide=NRect(l=0.23501578, t=0.20780757, r=0.7649842, b=0.79219246)
09-17 15:59:13.396 I/BandOcr (  590): layout=STANDARD zone=SKIPPED ar=1.123 box=487x434 (Box ist kein Artwork)
09-17 15:59:13.396 I/StapelScan(  590): einwurf anzahl=1 rearmt=[77044671] t=1789653553396
09-17 15:59:13.396 I/MlScan  (  590): frame: 1 cards in 177ms top=77044671@0,77
09-17 15:59:13.632 I/GuideArt(  590): umrandung 77044671 in 79ms kandidaten=77044671@0,77 77044671@0,74 77044671@0,70 77044671@0,77 77044671@0,51 guide=NRect(l=0.23501578, t=0.20780757, r=0.7649842, b=0.79219246)
09-17 15:59:13.633 I/BandOcr (  590): layout=STANDARD zone=SKIPPED ar=1.123 box=487x434 (Box ist kein Artwork)
09-17 15:59:13.633 I/MlScan  (  590): confirmed card 77044671
09-17 15:59:13.633 I/StapelScan(  590): gebucht 77044671 x1
09-17 15:59:13.653 I/MlScan  (  590): frame: 1 cards in 181ms top=77044671@0,77
09-17 15:59:13.672 I/ScanDecision(  590): stage=erst pc=77044671 code=- rarity=- lang=- composed=false match=NO_MATCH exact=false frames=0 known=23 light=RED grund='Kein Code-Treffer' edition=unknown editionConf=LOW
09-17 15:59:13.913 I/GuideArt(  590): umrandung 77044671 in 79ms kandidaten=77044671@0,77 77044671@0,74 77044671@0,70 77044671@0,77 77044671@0,51 guide=NRect(l=0.23501578, t=0.20780757, r=0.7649842, b=0.79219246)
09-17 15:59:13.914 I/BandOcr (  590): layout=STANDARD zone=SKIPPED ar=1.123 box=487x434 (Box ist kein Artwork)
09-17 15:59:13.914 I/MlScan  (  590): frame: 1 cards in 186ms top=77044671@0,77
09-17 15:59:14.166 I/GuideArt(  590): umrandung 77044671 in 81ms kandidaten=77044671@0,77 77044671@0,74 77044671@0,70 77044671@0,77 77044671@0,51 guide=NRect(l=0.23501578, t=0.20780757, r=0.7649842, b=0.79219246)
09-17 15:59:14.167 I/BandOcr (  590): layout=STANDARD zone=SKIPPED ar=1.123 box=487x434 (Box ist kein Artwork)
09-17 15:59:14.167 I/MlScan  (  590): frame: 1 cards in 186ms top=77044671@0,77
09-17 15:59:14.430 I/GuideArt(  590): umrandung 77044671 in 83ms kandidaten=77044671@0,77 77044671@0,74 77044671@0,70 77044671@0,77 77044671@0,51 guide=NRect(l=0.23501578, t=0.20780757, r=0.7649842, b=0.79219246)
09-17 15:59:14.431 I/BandOcr (  590): layout=STANDARD zone=SKIPPED ar=1.123 box=487x434 (Box ist kein Artwork)
09-17 15:59:14.431 I/MlScan  (  590): frame: 1 cards in 178ms top=77044671@0,77
09-17 15:59:14.654 I/GuideArt(  590): umrandung 77044671 in 81ms kandidaten=77044671@0,77 77044671@0,74 77044671@0,70 77044671@0,77 77044671@0,51 guide=NRect(l=0.23501578, t=0.20780757, r=0.7649842, b=0.79219246)
09-17 15:59:14.654 I/BandOcr (  590): layout=STANDARD zone=SKIPPED ar=1.123 box=487x434 (Box ist kein Artwork)
09-17 15:59:14.655 I/MlScan  (  590): frame: 1 cards in 176ms top=77044671@0,77
09-17 15:59:14.889 I/GuideArt(  590): umrandung 77044671 in 82ms kandidaten=77044671@0,77 77044671@0,74 77044671@0,70 77044671@0,77 77044671@0,50 guide=NRect(l=0.23501578, t=0.20780757, r=0.7649842, b=0.79219246)
09-17 15:59:14.889 I/BandOcr (  590): layout=STANDARD zone=SKIPPED ar=1.123 box=487x434 (Box ist kein Artwork)
09-17 15:59:14.889 I/MlScan  (  590): frame: 1 cards in 179ms top=77044671@0,77
09-17 15:59:15.128 I/GuideArt(  590): umrandung 77044671 in 82ms kandidaten=77044671@0,77 77044671@0,74 77044671@0,70 77044671@0,77 77044671@0,51 guide=NRect(l=0.23501578, t=0.20780757, r=0.7649842, b=0.79219246)
09-17 15:59:15.128 I/BandOcr (  590): layout=STANDARD zone=SKIPPED ar=1.123 box=487x434 (Box ist kein Artwork)
09-17 15:59:15.129 I/MlScan  (  590): frame: 1 cards in 181ms top=77044671@0,77
09-17 15:59:15.370 I/GuideArt(  590): umrandung 77044671 in 84ms kandidaten=77044671@0,77 77044671@0,74 77044671@0,70 77044671@0,77 77044671@0,51 guide=NRect(l=0.23501578, t=0.20780757, r=0.7649842, b=0.79219246)
09-17 15:59:15.370 I/BandOcr (  590): layout=STANDARD zone=SKIPPED ar=1.123 box=487x434 (Box ist kein Artwork)
09-17 15:59:15.371 I/MlScan  (  590): frame: 1 cards in 181ms top=77044671@0,77
09-17 15:59:15.622 I/GuideArt(  590): umrandung 77044671 in 80ms kandidaten=77044671@0,77 77044671@0,74 77044671@0,70 77044671@0,77 77044671@0,51 guide=NRect(l=0.23501578, t=0.20780757, r=0.7649842, b=0.79219246)
09-17 15:59:15.623 I/BandOcr (  590): layout=STANDARD zone=SKIPPED ar=1.123 box=487x434 (Box ist kein Artwork)
09-17 15:59:15.624 I/MlScan  (  590): frame: 1 cards in 177ms top=77044671@0,77
09-17 15:59:15.865 I/GuideArt(  590): umrandung 77044671 in 82ms kandidaten=77044671@0,77 77044671@0,74 77044671@0,70 77044671@0,77 77044671@0,51 guide=NRect(l=0.23501578, t=0.20780757, r=0.7649842, b=0.79219246)
09-17 15:59:15.865 I/BandOcr (  590): layout=STANDARD zone=SKIPPED ar=1.123 box=487x434 (Box ist kein Artwork)
09-17 15:59:15.866 I/MlScan  (  590): frame: 1 cards in 181ms top=77044671@0,77
09-17 15:59:16.120 I/GuideArt(  590): umrandung 77044671 in 78ms kandidaten=77044671@0,77 77044671@0,74 77044671@0,70 77044671@0,77 77044671@0,51 guide=NRect(l=0.23501578, t=0.20780757, r=0.7649842, b=0.79219246)
09-17 15:59:16.121 I/BandOcr (  590): layout=STANDARD zone=SKIPPED ar=1.123 box=487x434 (Box ist kein Artwork)
09-17 15:59:16.121 I/MlScan  (  590): frame: 1 cards in 176ms top=77044671@0,77
09-17 15:59:16.330 I/GuideArt(  590): umrandung 77044671 in 62ms kandidaten=77044671@0,77 77044671@0,74 77044671@0,70 77044671@0,77 77044671@0,51 guide=NRect(l=0.23501578, t=0.20780757, r=0.7649842, b=0.79219246)
09-17 15:59:16.330 I/BandOcr (  590): layout=STANDARD zone=SKIPPED ar=1.123 box=487x434 (Box ist kein Artwork)
09-17 15:59:16.331 I/MlScan  (  590): frame: 1 cards in 161ms top=77044671@0,77
09-17 15:59:16.550 I/GuideArt(  590): umrandung 77044671 in 60ms kandidaten=77044671@0,77 77044671@0,74 77044671@0,70 77044671@0,77 77044671@0,51 guide=NRect(l=0.23501578, t=0.20780757, r=0.7649842, b=0.79219246)
09-17 15:59:16.550 I/BandOcr (  590): layout=STANDARD zone=SKIPPED ar=1.123 box=487x434 (Box ist kein Artwork)
09-17 15:59:16.551 I/MlScan  (  590): frame: 1 cards in 151ms top=77044671@0,77
09-17 15:59:16.782 I/GuideArt(  590): umrandung 77044671 in 80ms kandidaten=77044671@0,77 77044671@0,74 77044671@0,71 77044671@0,77 77044671@0,52 guide=NRect(l=0.23501578, t=0.20780757, r=0.7649842, b=0.79219246)
09-17 15:59:16.783 I/BandOcr (  590): layout=STANDARD zone=SKIPPED ar=1.123 box=487x434 (Box ist kein Artwork)
09-17 15:59:16.783 I/MlScan  (  590): frame: 1 cards in 176ms top=77044671@0,77
09-17 15:59:17.022 I/GuideArt(  590): umrandung - in 79ms kandidaten=77044671@0,49 77044671@0,53 67646312@0,48 67646312@0,48 24623598@0,45 guide=NRect(l=0.23501578, t=0.20780757, r=0.7649842, b=0.79219246)
09-17 15:59:17.390 I/GuideArt(  590): umrandung - in 79ms kandidaten=34717238@0,48 94256039@0,44 34717238@0,56 94256039@0,49 34717238@0,52 guide=NRect(l=0.23501578, t=0.20780757, r=0.7649842, b=0.79219246)
09-17 15:59:17.629 I/GuideArt(  590): umrandung - in 85ms kandidaten=21208154@0,60 21208154@0,59 21208154@0,54 21208154@0,53 21208154@0,57 guide=NRect(l=0.23501578, t=0.20780757, r=0.7649842, b=0.79219246)
09-17 15:59:17.696 I/StapelScan(  590): stoss start=1789653556999 dauer=597 spitze=24,9 einwurf=false
09-17 15:59:17.961 I/StapelScan(  590): stoss start=1789653557868 dauer=0 spitze=3,6 einwurf=false
09-17 15:59:18.098 I/StapelScan(  590): stoss start=1789653558000 dauer=0 spitze=8,0 einwurf=false
09-17 15:59:18.116 I/GuideArt(  590): umrandung - in 81ms kandidaten=21208154@0,53 94256039@0,52 21208154@0,49 34717238@0,50 34717238@0,57 guide=NRect(l=0.23501578, t=0.20780757, r=0.7649842, b=0.79219246)
09-17 15:59:18.348 I/GuideArt(  590): umrandung - in 70ms kandidaten=21208154@0,58 21208154@0,52 21208154@0,60 21208154@0,54 21208154@0,53 guide=NRect(l=0.23501578, t=0.20780757, r=0.7649842, b=0.79219246)
09-17 15:59:18.571 I/GuideArt(  590): umrandung - in 63ms kandidaten=21208154@0,52 21208154@0,48 21208154@0,54 21208154@0,51 21208154@0,47 guide=NRect(l=0.23501578, t=0.20780757, r=0.7649842, b=0.79219246)
09-17 15:59:18.819 I/GuideArt(  590): umrandung - in 61ms kandidaten=21208154@0,46 98022050@0,46 34717238@0,47 94256039@0,51 34717238@0,45 guide=NRect(l=0.23501578, t=0.20780757, r=0.7649842, b=0.79219246)
09-17 15:59:19.063 I/GuideArt(  590): umrandung - in 82ms kandidaten=94256039@0,54 94256039@0,59 94256039@0,57 34717238@0,58 21208154@0,60 guide=NRect(l=0.23501578, t=0.20780757, r=0.7649842, b=0.79219246)
09-17 15:59:19.345 I/GuideArt(  590): umrandung - in 85ms kandidaten=36607978@0,56 36607978@0,59 36607978@0,54 36607978@0,49 34717238@0,59 guide=NRect(l=0.23501578, t=0.20780757, r=0.7649842, b=0.79219246)
09-17 15:59:19.596 I/StapelScan(  590): stoss start=1789653558439 dauer=1062 spitze=14,3 einwurf=false
09-17 15:59:19.710 I/GuideArt(  590): umrandung - in 84ms kandidaten=34717238@0,43 72053645@0,45 34717238@0,45 31242786@0,45 34717238@0,44 guide=NRect(l=0.23501578, t=0.20780757, r=0.7649842, b=0.79219246)
09-17 15:59:19.730 I/StapelScan(  590): stoss start=1789653559628 dauer=0 spitze=4,2 einwurf=false
09-17 15:59:19.971 I/GuideArt(  590): umrandung - in 87ms kandidaten=34717238@0,48 61032879@0,45 34717238@0,50 34717238@0,44 34717238@0,51 guide=NRect(l=0.23501578, t=0.20780757, r=0.7649842, b=0.79219246)
09-17 15:59:20.239 I/GuideArt(  590): umrandung - in 86ms kandidaten=34717238@0,55 34717238@0,50 34717238@0,52 34717238@0,58 34717238@0,53 guide=NRect(l=0.23501578, t=0.20780757, r=0.7649842, b=0.79219246)
09-17 15:59:20.539 I/GuideArt(  590): umrandung - in 86ms kandidaten=31242786@0,45 96012004@0,46 31242786@0,49 31242786@0,51 34717238@0,46 guide=NRect(l=0.23501578, t=0.20780757, r=0.7649842, b=0.79219246)
09-17 15:59:20.630 I/StapelScan(  590): stoss start=1789653559834 dauer=710 spitze=12,5 einwurf=false
09-17 15:59:20.789 I/GuideArt(  590): umrandung - in 87ms kandidaten=36607978@0,54 36607978@0,55 38699854@0,51 33907039@0,50 36607978@0,55 guide=NRect(l=0.23501578, t=0.20780757, r=0.7649842, b=0.79219246)
09-17 15:59:21.038 I/GuideArt(  590): umrandung - in 89ms kandidaten=25880422@0,48 86198326@0,47 25880422@0,52 25880422@0,50 86198326@0,45 guide=NRect(l=0.23501578, t=0.20780757, r=0.7649842, b=0.79219246)
09-17 15:59:21.196 I/StapelScan(  590): stoss start=1789653560664 dauer=431 spitze=21,4 einwurf=false
09-17 15:59:21.334 I/StapelScan(  590): stoss start=1789653561239 dauer=0 spitze=7,0 einwurf=false
09-17 15:59:21.393 I/GuideArt(  590): umrandung - in 94ms kandidaten=94256039@0,48 57062206@0,46 56597273@0,46 94256039@0,47 2084239@0,49 guide=NRect(l=0.23501578, t=0.20780757, r=0.7649842, b=0.79219246)
09-17 15:59:21.641 I/GuideArt(  590): umrandung - in 86ms kandidaten=94256039@0,54 41044418@0,51 41044418@0,50 94256039@0,53 2084239@0,51 guide=NRect(l=0.23501578, t=0.20780757, r=0.7649842, b=0.79219246)
09-17 15:59:21.914 I/GuideArt(  590): umrandung - in 86ms kandidaten=94256039@0,53 41044418@0,50 94256039@0,48 94256039@0,51 41044418@0,51 guide=NRect(l=0.23501578, t=0.20780757, r=0.7649842, b=0.79219246)
09-17 15:59:22.235 I/GuideArt(  590): umrandung - in 88ms kandidaten=94256039@0,53 41044418@0,50 38699854@0,48 94256039@0,51 41044418@0,51 guide=NRect(l=0.23501578, t=0.20780757, r=0.7649842, b=0.79219246)
09-17 15:59:22.505 I/GuideArt(  590): umrandung - in 85ms kandidaten=94256039@0,53 41044418@0,50 94256039@0,48 94256039@0,51 41044418@0,51 guide=NRect(l=0.23501578, t=0.20780757, r=0.7649842, b=0.79219246)
09-17 15:59:22.803 I/GuideArt(  590): umrandung - in 96ms kandidaten=94256039@0,53 41044418@0,50 94256039@0,48 94256039@0,51 41044418@0,51 guide=NRect(l=0.23501578, t=0.20780757, r=0.7649842, b=0.79219246)
09-17 15:59:23.102 I/GuideArt(  590): umrandung - in 86ms kandidaten=94256039@0,50 41044418@0,49 38699854@0,50 94256039@0,54 41044418@0,52 guide=NRect(l=0.23501578, t=0.20780757, r=0.7649842, b=0.79219246)
09-17 15:59:23.374 I/GuideArt(  590): umrandung - in 91ms kandidaten=94256039@0,53 94256039@0,50 38699854@0,49 94256039@0,53 2084239@0,52 guide=NRect(l=0.23501578, t=0.20780757, r=0.7649842, b=0.79219246)
09-17 15:59:23.633 I/GuideArt(  590): umrandung - in 87ms kandidaten=94256039@0,54 94256039@0,51 94256039@0,49 94256039@0,53 2084239@0,52 guide=NRect(l=0.23501578, t=0.20780757, r=0.7649842, b=0.79219246)
09-17 15:59:23.939 I/GuideArt(  590): umrandung - in 91ms kandidaten=94256039@0,53 94256039@0,51 94256039@0,49 94256039@0,53 2084239@0,52 guide=NRect(l=0.23501578, t=0.20780757, r=0.7649842, b=0.79219246)
09-17 15:59:24.207 I/GuideArt(  590): umrandung - in 84ms kandidaten=94256039@0,53 94256039@0,51 94256039@0,49 94256039@0,53 2084239@0,52 guide=NRect(l=0.23501578, t=0.20780757, r=0.7649842, b=0.79219246)
09-17 15:59:24.470 I/GuideArt(  590): umrandung - in 87ms kandidaten=94256039@0,53 94256039@0,51 94256039@0,49 94256039@0,53 2084239@0,51 guide=NRect(l=0.23501578, t=0.20780757, r=0.7649842, b=0.79219246)
09-17 15:59:24.769 I/GuideArt(  590): umrandung - in 87ms kandidaten=94256039@0,53 94256039@0,51 94256039@0,49 94256039@0,53 2084239@0,51 guide=NRect(l=0.23501578, t=0.20780757, r=0.7649842, b=0.79219246)
09-17 15:59:25.038 I/GuideArt(  590): umrandung - in 87ms kandidaten=94256039@0,53 94256039@0,51 94256039@0,49 94256039@0,53 2084239@0,52 guide=NRect(l=0.23501578, t=0.20780757, r=0.7649842, b=0.79219246)
09-17 15:59:25.302 I/GuideArt(  590): umrandung - in 88ms kandidaten=94256039@0,53 94256039@0,51 94256039@0,49 94256039@0,53 2084239@0,52 guide=NRect(l=0.23501578, t=0.20780757, r=0.7649842, b=0.79219246)
09-17 15:59:25.601 I/GuideArt(  590): umrandung - in 91ms kandidaten=94256039@0,53 94256039@0,51 94256039@0,49 94256039@0,52 2084239@0,52 guide=NRect(l=0.23501578, t=0.20780757, r=0.7649842, b=0.79219246)
09-17 15:59:25.871 I/GuideArt(  590): umrandung - in 88ms kandidaten=94256039@0,54 94256039@0,51 94256039@0,49 94256039@0,53 2084239@0,52 guide=NRect(l=0.23501578, t=0.20780757, r=0.7649842, b=0.79219246)
09-17 15:59:26.142 I/GuideArt(  590): umrandung - in 85ms kandidaten=94256039@0,54 94256039@0,51 94256039@0,50 94256039@0,53 2084239@0,52 guide=NRect(l=0.23501578, t=0.20780757, r=0.7649842, b=0.79219246)
09-17 15:59:26.463 I/GuideArt(  590): umrandung - in 86ms kandidaten=94256039@0,54 94256039@0,51 94256039@0,49 94256039@0,53 2084239@0,52 guide=NRect(l=0.23501578, t=0.20780757, r=0.7649842, b=0.79219246)
09-17 15:59:26.752 I/GuideArt(  590): umrandung - in 90ms kandidaten=94256039@0,54 94256039@0,51 94256039@0,49 94256039@0,53 2084239@0,52 guide=NRect(l=0.23501578, t=0.20780757, r=0.7649842, b=0.79219246)
09-17 15:59:27.012 I/GuideArt(  590): umrandung - in 87ms kandidaten=94256039@0,54 94256039@0,52 94256039@0,50 94256039@0,53 2084239@0,52 guide=NRect(l=0.23501578, t=0.20780757, r=0.7649842, b=0.79219246)
09-17 15:59:27.336 I/GuideArt(  590): umrandung - in 89ms kandidaten=94256039@0,53 94256039@0,51 94256039@0,49 94256039@0,53 2084239@0,52 guide=NRect(l=0.23501578, t=0.20780757, r=0.7649842, b=0.79219246)
09-17 15:59:27.605 I/GuideArt(  590): umrandung - in 88ms kandidaten=94256039@0,54 94256039@0,52 94256039@0,50 94256039@0,53 2084239@0,52 guide=NRect(l=0.23501578, t=0.20780757, r=0.7649842, b=0.79219246)
09-17 15:59:27.879 I/GuideArt(  590): umrandung - in 87ms kandidaten=94256039@0,54 94256039@0,51 94256039@0,50 94256039@0,53 2084239@0,52 guide=NRect(l=0.23501578, t=0.20780757, r=0.7649842, b=0.79219246)
09-17 15:59:28.204 I/GuideArt(  590): umrandung - in 88ms kandidaten=94256039@0,54 94256039@0,51 94256039@0,50 94256039@0,53 2084239@0,52 guide=NRect(l=0.23501578, t=0.20780757, r=0.7649842, b=0.79219246)
09-17 15:59:28.468 I/GuideArt(  590): umrandung - in 92ms kandidaten=94256039@0,53 94256039@0,49 41044418@0,49 94256039@0,54 41044418@0,53 guide=NRect(l=0.23501578, t=0.20780757, r=0.7649842, b=0.79219246)
09-17 15:59:28.738 I/GuideArt(  590): umrandung - in 87ms kandidaten=94256039@0,52 94256039@0,49 38699854@0,49 94256039@0,53 41044418@0,53 guide=NRect(l=0.23501578, t=0.20780757, r=0.7649842, b=0.79219246)
09-17 15:59:29.065 I/GuideArt(  590): umrandung - in 89ms kandidaten=94256039@0,52 94256039@0,49 38699854@0,49 94256039@0,53 41044418@0,52 guide=NRect(l=0.23501578, t=0.20780757, r=0.7649842, b=0.79219246)
09-17 15:59:29.320 I/GuideArt(  590): umrandung - in 76ms kandidaten=94256039@0,52 94256039@0,49 38699854@0,49 94256039@0,53 41044418@0,53 guide=NRect(l=0.23501578, t=0.20780757, r=0.7649842, b=0.79219246)
09-17 15:59:29.566 I/GuideArt(  590): umrandung - in 88ms kandidaten=94256039@0,52 94256039@0,49 38699854@0,49 94256039@0,53 41044418@0,53 guide=NRect(l=0.23501578, t=0.20780757, r=0.7649842, b=0.79219246)
09-17 15:59:29.867 I/GuideArt(  590): umrandung - in 92ms kandidaten=94256039@0,52 94256039@0,49 38699854@0,49 94256039@0,53 41044418@0,53 guide=NRect(l=0.23501578, t=0.20780757, r=0.7649842, b=0.79219246)
09-17 15:59:30.129 I/GuideArt(  590): umrandung - in 88ms kandidaten=94256039@0,52 94256039@0,49 38699854@0,49 94256039@0,53 41044418@0,53 guide=NRect(l=0.23501578, t=0.20780757, r=0.7649842, b=0.79219246)
09-17 15:59:30.381 I/GuideArt(  590): umrandung - in 84ms kandidaten=94256039@0,52 94256039@0,49 38699854@0,49 94256039@0,53 41044418@0,52 guide=NRect(l=0.23501578, t=0.20780757, r=0.7649842, b=0.79219246)
09-17 15:59:30.702 I/GuideArt(  590): umrandung - in 89ms kandidaten=94256039@0,52 94256039@0,49 38699854@0,49 94256039@0,53 41044418@0,52 guide=NRect(l=0.23501578, t=0.20780757, r=0.7649842, b=0.79219246)
09-17 15:59:30.975 I/GuideArt(  590): umrandung - in 88ms kandidaten=94256039@0,52 94256039@0,49 38699854@0,49 94256039@0,53 41044418@0,53 guide=NRect(l=0.23501578, t=0.20780757, r=0.7649842, b=0.79219246)
09-17 15:59:31.252 I/GuideArt(  590): umrandung - in 88ms kandidaten=94256039@0,52 94256039@0,49 38699854@0,49 94256039@0,53 41044418@0,53 guide=NRect(l=0.23501578, t=0.20780757, r=0.7649842, b=0.79219246)
09-17 15:59:31.559 I/GuideArt(  590): umrandung - in 87ms kandidaten=94256039@0,52 94256039@0,49 38699854@0,49 94256039@0,53 41044418@0,53 guide=NRect(l=0.23501578, t=0.20780757, r=0.7649842, b=0.79219246)
09-17 15:59:31.839 I/GuideArt(  590): umrandung - in 88ms kandidaten=94256039@0,52 94256039@0,49 38699854@0,49 94256039@0,53 41044418@0,53 guide=NRect(l=0.23501578, t=0.20780757, r=0.7649842, b=0.79219246)
09-17 15:59:32.103 I/GuideArt(  590): umrandung - in 86ms kandidaten=94256039@0,52 94256039@0,49 38699854@0,49 94256039@0,53 41044418@0,53 guide=NRect(l=0.23501578, t=0.20780757, r=0.7649842, b=0.79219246)
09-17 15:59:32.439 I/GuideArt(  590): umrandung - in 89ms kandidaten=94256039@0,52 94256039@0,49 38699854@0,49 94256039@0,53 41044418@0,52 guide=NRect(l=0.23501578, t=0.20780757, r=0.7649842, b=0.79219246)
09-17 15:59:32.693 I/GuideArt(  590): umrandung - in 86ms kandidaten=94256039@0,52 94256039@0,49 38699854@0,49 94256039@0,53 41044418@0,53 guide=NRect(l=0.23501578, t=0.20780757, r=0.7649842, b=0.79219246)
09-17 15:59:32.971 I/GuideArt(  590): umrandung - in 90ms kandidaten=94256039@0,52 94256039@0,49 38699854@0,49 94256039@0,53 41044418@0,52 guide=NRect(l=0.23501578, t=0.20780757, r=0.7649842, b=0.79219246)
09-17 15:59:33.263 I/GuideArt(  590): umrandung - in 87ms kandidaten=94256039@0,52 94256039@0,49 38699854@0,49 94256039@0,53 41044418@0,52 guide=NRect(l=0.23501578, t=0.20780757, r=0.7649842, b=0.79219246)
09-17 15:59:33.543 I/GuideArt(  590): umrandung - in 85ms kandidaten=94256039@0,52 94256039@0,49 38699854@0,49 94256039@0,53 41044418@0,53 guide=NRect(l=0.23501578, t=0.20780757, r=0.7649842, b=0.79219246)
09-17 15:59:33.812 I/GuideArt(  590): umrandung - in 89ms kandidaten=94256039@0,52 94256039@0,48 38699854@0,49 94256039@0,53 41044418@0,52 guide=NRect(l=0.23501578, t=0.20780757, r=0.7649842, b=0.79219246)
09-17 15:59:34.127 I/GuideArt(  590): umrandung - in 91ms kandidaten=94256039@0,52 94256039@0,49 38699854@0,49 94256039@0,53 41044418@0,53 guide=NRect(l=0.23501578, t=0.20780757, r=0.7649842, b=0.79219246)
09-17 15:59:34.419 I/GuideArt(  590): umrandung - in 88ms kandidaten=94256039@0,52 94256039@0,49 38699854@0,49 94256039@0,53 41044418@0,53 guide=NRect(l=0.23501578, t=0.20780757, r=0.7649842, b=0.79219246)
09-17 15:59:34.672 I/GuideArt(  590): umrandung - in 86ms kandidaten=94256039@0,52 94256039@0,49 38699854@0,49 94256039@0,53 41044418@0,53 guide=NRect(l=0.23501578, t=0.20780757, r=0.7649842, b=0.79219246)
09-17 15:59:35.001 I/GuideArt(  590): umrandung - in 91ms kandidaten=94256039@0,52 94256039@0,49 38699854@0,49 94256039@0,53 41044418@0,52 guide=NRect(l=0.23501578, t=0.20780757, r=0.7649842, b=0.79219246)
09-17 15:59:35.266 I/GuideArt(  590): umrandung - in 87ms kandidaten=94256039@0,52 94256039@0,49 38699854@0,49 94256039@0,53 41044418@0,52 guide=NRect(l=0.23501578, t=0.20780757, r=0.7649842, b=0.79219246)
09-17 15:59:35.535 I/GuideArt(  590): umrandung - in 89ms kandidaten=94256039@0,52 94256039@0,49 38699854@0,49 94256039@0,53 41044418@0,53 guide=NRect(l=0.23501578, t=0.20780757, r=0.7649842, b=0.79219246)
09-17 15:59:35.824 I/GuideArt(  590): umrandung - in 89ms kandidaten=94256039@0,52 94256039@0,49 38699854@0,49 94256039@0,53 41044418@0,53 guide=NRect(l=0.23501578, t=0.20780757, r=0.7649842, b=0.79219246)
09-17 15:59:36.093 I/GuideArt(  590): umrandung - in 85ms kandidaten=94256039@0,52 94256039@0,49 38699854@0,49 94256039@0,53 41044418@0,53 guide=NRect(l=0.23501578, t=0.20780757, r=0.7649842, b=0.79219246)
09-17 15:59:36.362 I/GuideArt(  590): umrandung - in 86ms kandidaten=94256039@0,52 94256039@0,49 38699854@0,49 94256039@0,53 41044418@0,53 guide=NRect(l=0.23501578, t=0.20780757, r=0.7649842, b=0.79219246)
09-17 15:59:36.663 I/GuideArt(  590): umrandung - in 89ms kandidaten=94256039@0,52 94256039@0,49 38699854@0,49 94256039@0,53 41044418@0,53 guide=NRect(l=0.23501578, t=0.20780757, r=0.7649842, b=0.79219246)
09-17 15:59:36.934 I/GuideArt(  590): umrandung - in 90ms kandidaten=94256039@0,52 94256039@0,49 38699854@0,49 94256039@0,53 41044418@0,53 guide=NRect(l=0.23501578, t=0.20780757, r=0.7649842, b=0.79219246)
09-17 15:59:37.207 I/GuideArt(  590): umrandung - in 88ms kandidaten=94256039@0,52 94256039@0,49 38699854@0,49 94256039@0,53 41044418@0,52 guide=NRect(l=0.23501578, t=0.20780757, r=0.7649842, b=0.79219246)
09-17 15:59:37.526 I/GuideArt(  590): umrandung - in 88ms kandidaten=94256039@0,52 94256039@0,48 38699854@0,49 94256039@0,53 41044418@0,53 guide=NRect(l=0.23501578, t=0.20780757, r=0.7649842, b=0.79219246)
09-17 15:59:37.793 I/GuideArt(  590): umrandung - in 87ms kandidaten=94256039@0,51 94256039@0,49 38699854@0,50 94256039@0,53 41044418@0,53 guide=NRect(l=0.23501578, t=0.20780757, r=0.7649842, b=0.79219246)
09-17 15:59:38.063 I/GuideArt(  590): umrandung - in 89ms kandidaten=94256039@0,52 94256039@0,49 38699854@0,49 94256039@0,53 41044418@0,52 guide=NRect(l=0.23501578, t=0.20780757, r=0.7649842, b=0.79219246)
09-17 15:59:38.362 I/GuideArt(  590): umrandung - in 86ms kandidaten=94256039@0,52 94256039@0,49 38699854@0,49 94256039@0,53 41044418@0,52 guide=NRect(l=0.23501578, t=0.20780757, r=0.7649842, b=0.79219246)
09-17 15:59:38.633 I/GuideArt(  590): umrandung - in 85ms kandidaten=94256039@0,52 94256039@0,49 38699854@0,49 94256039@0,53 41044418@0,52 guide=NRect(l=0.23501578, t=0.20780757, r=0.7649842, b=0.79219246)
09-17 15:59:38.905 I/GuideArt(  590): umrandung - in 86ms kandidaten=94256039@0,52 94256039@0,49 38699854@0,49 94256039@0,53 41044418@0,53 guide=NRect(l=0.23501578, t=0.20780757, r=0.7649842, b=0.79219246)
09-17 15:59:39.233 I/GuideArt(  590): umrandung - in 88ms kandidaten=94256039@0,52 94256039@0,49 38699854@0,49 94256039@0,53 41044418@0,53 guide=NRect(l=0.23501578, t=0.20780757, r=0.7649842, b=0.79219246)
09-17 15:59:39.490 I/GuideArt(  590): umrandung - in 86ms kandidaten=94256039@0,52 94256039@0,49 38699854@0,49 94256039@0,53 41044418@0,52 guide=NRect(l=0.23501578, t=0.20780757, r=0.7649842, b=0.79219246)
09-17 15:59:39.757 I/GuideArt(  590): umrandung - in 87ms kandidaten=94256039@0,52 94256039@0,49 38699854@0,49 94256039@0,53 41044418@0,52 guide=NRect(l=0.23501578, t=0.20780757, r=0.7649842, b=0.79219246)
09-17 15:59:40.076 I/GuideArt(  590): umrandung - in 90ms kandidaten=94256039@0,52 94256039@0,49 38699854@0,49 94256039@0,53 41044418@0,52 guide=NRect(l=0.23501578, t=0.20780757, r=0.7649842, b=0.79219246)
09-17 15:59:40.332 I/GuideArt(  590): umrandung - in 89ms kandidaten=94256039@0,52 94256039@0,49 38699854@0,49 94256039@0,53 41044418@0,52 guide=NRect(l=0.23501578, t=0.20780757, r=0.7649842, b=0.79219246)
09-17 15:59:40.605 I/GuideArt(  590): umrandung - in 90ms kandidaten=94256039@0,52 94256039@0,49 38699854@0,50 94256039@0,53 41044418@0,53 guide=NRect(l=0.23501578, t=0.20780757, r=0.7649842, b=0.79219246)
09-17 15:59:40.924 I/GuideArt(  590): umrandung - in 86ms kandidaten=94256039@0,52 94256039@0,49 38699854@0,49 94256039@0,53 41044418@0,53 guide=NRect(l=0.23501578, t=0.20780757, r=0.7649842, b=0.79219246)
09-17 15:59:41.222 I/GuideArt(  590): umrandung - in 86ms kandidaten=94256039@0,52 94256039@0,48 38699854@0,49 94256039@0,53 41044418@0,52 guide=NRect(l=0.23501578, t=0.20780757, r=0.7649842, b=0.79219246)
09-17 15:59:41.505 I/GuideArt(  590): umrandung - in 97ms kandidaten=94256039@0,52 94256039@0,49 38699854@0,49 94256039@0,53 41044418@0,53 guide=NRect(l=0.23501578, t=0.20780757, r=0.7649842, b=0.79219246)
09-17 15:59:41.826 I/GuideArt(  590): umrandung - in 87ms kandidaten=94256039@0,52 94256039@0,49 38699854@0,49 94256039@0,53 41044418@0,52 guide=NRect(l=0.23501578, t=0.20780757, r=0.7649842, b=0.79219246)
09-17 15:59:42.111 I/GuideArt(  590): umrandung - in 94ms kandidaten=94256039@0,52 94256039@0,49 38699854@0,49 94256039@0,53 41044418@0,53 guide=NRect(l=0.23501578, t=0.20780757, r=0.7649842, b=0.79219246)
09-17 15:59:42.379 I/GuideArt(  590): umrandung - in 88ms kandidaten=94256039@0,52 94256039@0,49 38699854@0,49 94256039@0,53 41044418@0,53 guide=NRect(l=0.23501578, t=0.20780757, r=0.7649842, b=0.79219246)
09-17 15:59:42.687 I/GuideArt(  590): umrandung - in 87ms kandidaten=94256039@0,52 94256039@0,49 38699854@0,49 94256039@0,53 41044418@0,52 guide=NRect(l=0.23501578, t=0.20780757, r=0.7649842, b=0.79219246)
09-17 15:59:42.965 I/GuideArt(  590): umrandung - in 86ms kandidaten=94256039@0,52 94256039@0,49 38699854@0,49 94256039@0,53 41044418@0,53 guide=NRect(l=0.23501578, t=0.20780757, r=0.7649842, b=0.79219246)
09-17 15:59:43.221 I/GuideArt(  590): umrandung - in 86ms kandidaten=94256039@0,52 94256039@0,49 38699854@0,49 94256039@0,53 41044418@0,52 guide=NRect(l=0.23501578, t=0.20780757, r=0.7649842, b=0.79219246)
09-17 15:59:43.522 I/GuideArt(  590): umrandung - in 85ms kandidaten=94256039@0,52 94256039@0,49 38699854@0,49 94256039@0,52 41044418@0,52 guide=NRect(l=0.23501578, t=0.20780757, r=0.7649842, b=0.79219246)
09-17 15:59:43.800 I/GuideArt(  590): umrandung - in 87ms kandidaten=94256039@0,52 94256039@0,49 38699854@0,49 94256039@0,53 41044418@0,53 guide=NRect(l=0.23501578, t=0.20780757, r=0.7649842, b=0.79219246)
09-17 15:59:44.061 I/GuideArt(  590): umrandung - in 89ms kandidaten=94256039@0,52 94256039@0,49 38699854@0,49 94256039@0,53 41044418@0,52 guide=NRect(l=0.23501578, t=0.20780757, r=0.7649842, b=0.79219246)
09-17 15:59:44.413 I/GuideArt(  590): umrandung - in 86ms kandidaten=94256039@0,52 94256039@0,49 38699854@0,49 94256039@0,53 41044418@0,52 guide=NRect(l=0.23501578, t=0.20780757, r=0.7649842, b=0.79219246)
09-17 15:59:44.660 I/GuideArt(  590): umrandung - in 88ms kandidaten=94256039@0,52 94256039@0,49 38699854@0,49 94256039@0,53 41044418@0,52 guide=NRect(l=0.23501578, t=0.20780757, r=0.7649842, b=0.79219246)
09-17 15:59:44.928 I/GuideArt(  590): umrandung - in 87ms kandidaten=94256039@0,52 94256039@0,49 38699854@0,49 94256039@0,53 41044418@0,53 guide=NRect(l=0.23501578, t=0.20780757, r=0.7649842, b=0.79219246)
09-17 15:59:45.223 I/GuideArt(  590): umrandung - in 92ms kandidaten=94256039@0,52 94256039@0,49 38699854@0,49 94256039@0,53 41044418@0,53 guide=NRect(l=0.23501578, t=0.20780757, r=0.7649842, b=0.79219246)
09-17 15:59:45.484 I/GuideArt(  590): umrandung - in 86ms kandidaten=94256039@0,52 94256039@0,49 38699854@0,49 94256039@0,53 41044418@0,53 guide=NRect(l=0.23501578, t=0.20780757, r=0.7649842, b=0.79219246)
09-17 15:59:45.733 I/GuideArt(  590): umrandung - in 88ms kandidaten=94256039@0,53 94256039@0,49 38699854@0,49 94256039@0,53 41044418@0,53 guide=NRect(l=0.23501578, t=0.20780757, r=0.7649842, b=0.79219246)
09-17 15:59:46.022 I/GuideArt(  590): umrandung - in 85ms kandidaten=94256039@0,52 94256039@0,49 38699854@0,49 94256039@0,53 41044418@0,52 guide=NRect(l=0.23501578, t=0.20780757, r=0.7649842, b=0.79219246)
09-17 15:59:46.301 I/GuideArt(  590): umrandung - in 85ms kandidaten=94256039@0,52 94256039@0,49 38699854@0,49 94256039@0,53 41044418@0,53 guide=NRect(l=0.23501578, t=0.20780757, r=0.7649842, b=0.79219246)
09-17 15:59:46.560 I/GuideArt(  590): umrandung - in 87ms kandidaten=94256039@0,52 94256039@0,49 38699854@0,49 94256039@0,53 41044418@0,52 guide=NRect(l=0.23501578, t=0.20780757, r=0.7649842, b=0.79219246)
09-17 15:59:46.884 I/GuideArt(  590): umrandung - in 86ms kandidaten=94256039@0,52 94256039@0,49 38699854@0,49 94256039@0,53 41044418@0,52 guide=NRect(l=0.23501578, t=0.20780757, r=0.7649842, b=0.79219246)
09-17 15:59:47.177 I/GuideArt(  590): umrandung - in 88ms kandidaten=94256039@0,52 94256039@0,49 38699854@0,49 94256039@0,53 41044418@0,53 guide=NRect(l=0.23501578, t=0.20780757, r=0.7649842, b=0.79219246)
09-17 15:59:47.429 I/GuideArt(  590): umrandung - in 85ms kandidaten=94256039@0,52 94256039@0,49 38699854@0,49 94256039@0,53 41044418@0,53 guide=NRect(l=0.23501578, t=0.20780757, r=0.7649842, b=0.79219246)
09-17 15:59:47.762 I/GuideArt(  590): umrandung - in 87ms kandidaten=94256039@0,52 94256039@0,49 38699854@0,49 94256039@0,53 41044418@0,53 guide=NRect(l=0.23501578, t=0.20780757, r=0.7649842, b=0.79219246)
09-17 15:59:48.018 I/GuideArt(  590): umrandung - in 87ms kandidaten=94256039@0,52 94256039@0,49 38699854@0,49 94256039@0,53 41044418@0,52 guide=NRect(l=0.23501578, t=0.20780757, r=0.7649842, b=0.79219246)
09-17 15:59:48.298 I/GuideArt(  590): umrandung - in 87ms kandidaten=94256039@0,52 94256039@0,49 38699854@0,49 94256039@0,53 41044418@0,52 guide=NRect(l=0.23501578, t=0.20780757, r=0.7649842, b=0.79219246)
09-17 15:59:48.635 I/GuideArt(  590): umrandung - in 86ms kandidaten=94256039@0,53 94256039@0,49 38699854@0,49 94256039@0,53 41044418@0,52 guide=NRect(l=0.23501578, t=0.20780757, r=0.7649842, b=0.79219246)
09-17 15:59:48.884 I/GuideArt(  590): umrandung - in 87ms kandidaten=94256039@0,52 94256039@0,49 38699854@0,49 94256039@0,53 41044418@0,53 guide=NRect(l=0.23501578, t=0.20780757, r=0.7649842, b=0.79219246)
09-17 15:59:49.133 I/GuideArt(  590): umrandung - in 77ms kandidaten=94256039@0,52 94256039@0,49 38699854@0,49 94256039@0,52 41044418@0,52 guide=NRect(l=0.23501578, t=0.20780757, r=0.7649842, b=0.79219246)
09-17 15:59:49.455 I/GuideArt(  590): umrandung - in 89ms kandidaten=94256039@0,51 94256039@0,50 94256039@0,48 94256039@0,53 41044418@0,53 guide=NRect(l=0.23501578, t=0.20780757, r=0.7649842, b=0.79219246)
09-17 15:59:49.730 I/GuideArt(  590): umrandung - in 93ms kandidaten=94256039@0,53 94256039@0,50 38699854@0,48 94256039@0,52 41044418@0,53 guide=NRect(l=0.23501578, t=0.20780757, r=0.7649842, b=0.79219246)
09-17 15:59:49.777 I/StapelScan(  590): stoss start=1789653589677 dauer=0 spitze=3,1 einwurf=false
09-17 15:59:49.986 I/GuideArt(  590): umrandung - in 85ms kandidaten=94256039@0,52 41044418@0,49 38699854@0,49 94256039@0,54 41044418@0,52 guide=NRect(l=0.23501578, t=0.20780757, r=0.7649842, b=0.79219246)
09-17 15:59:50.286 I/GuideArt(  590): umrandung - in 87ms kandidaten=94256039@0,53 94256039@0,50 38699854@0,49 94256039@0,53 41044418@0,53 guide=NRect(l=0.23501578, t=0.20780757, r=0.7649842, b=0.79219246)
09-17 15:59:50.563 I/GuideArt(  590): umrandung - in 87ms kandidaten=94256039@0,52 94256039@0,50 38699854@0,49 94256039@0,53 41044418@0,52 guide=NRect(l=0.23501578, t=0.20780757, r=0.7649842, b=0.79219246)
09-17 15:59:50.831 I/GuideArt(  590): umrandung - in 86ms kandidaten=94256039@0,52 94256039@0,50 38699854@0,48 94256039@0,52 41044418@0,53 guide=NRect(l=0.23501578, t=0.20780757, r=0.7649842, b=0.79219246)
09-17 15:59:51.143 I/StapelScan(  590): stoss start=1789653590976 dauer=0 spitze=71,3 einwurf=false
09-17 15:59:51.144 I/GuideArt(  590): umrandung - in 88ms kandidaten=94256039@0,52 94256039@0,49 38699854@0,49 94256039@0,53 41044418@0,52 guide=NRect(l=0.23501578, t=0.20780757, r=0.7649842, b=0.79219246)
09-17 15:59:51.407 I/StapelScan(  590): stoss start=1789653591143 dauer=166 spitze=23,1 einwurf=false
09-17 15:59:51.418 I/BandOcr (  590): layout=PENDULUM_INF zone=PASSCODE frame=1440x1920 box=537,183-1062,603 crop=552x316 raw=''
09-17 15:59:51.469 I/BandOcr (  590): layout=PENDULUM_INF zone=SET_CODE frame=1440x1920 box=537,183-1062,603 crop=624x252 raw=''
09-17 15:59:51.523 I/BandOcr (  590): layout=PENDULUM_INF zone=LEGACY crop=1000x357 raw=''
09-17 15:59:51.576 I/StapelScan(  590): stoss start=1789653591479 dauer=0 spitze=5,5 einwurf=false
09-17 15:59:51.618 I/GuideArt(  590): umrandung - in 94ms kandidaten=2084239@0,48 2084239@0,46 2084239@0,44 2084239@0,52 2084239@0,47 guide=NRect(l=0.23501578, t=0.20780757, r=0.7649842, b=0.79219246)
09-17 15:59:51.881 I/GuideArt(  590): umrandung - in 86ms kandidaten=2084239@0,49 2084239@0,46 38699854@0,48 2084239@0,51 2084239@0,50 guide=NRect(l=0.23501578, t=0.20780757, r=0.7649842, b=0.79219246)
09-17 15:59:52.220 I/GuideArt(  590): umrandung - in 86ms kandidaten=2084239@0,52 2084239@0,46 38699854@0,49 2084239@0,51 2084239@0,51 guide=NRect(l=0.23501578, t=0.20780757, r=0.7649842, b=0.79219246)
09-17 15:59:52.496 I/GuideArt(  590): umrandung - in 98ms kandidaten=2084239@0,51 2084239@0,47 38699854@0,49 2084239@0,51 2084239@0,50 guide=NRect(l=0.23501578, t=0.20780757, r=0.7649842, b=0.79219246)
09-17 15:59:52.754 I/GuideArt(  590): umrandung - in 87ms kandidaten=2084239@0,50 2084239@0,47 38699854@0,49 2084239@0,49 2084239@0,51 guide=NRect(l=0.23501578, t=0.20780757, r=0.7649842, b=0.79219246)
09-17 15:59:53.049 I/GuideArt(  590): umrandung - in 88ms kandidaten=2084239@0,50 2084239@0,46 38699854@0,49 2084239@0,49 2084239@0,49 guide=NRect(l=0.23501578, t=0.20780757, r=0.7649842, b=0.79219246)
09-17 15:59:53.330 I/GuideArt(  590): umrandung - in 87ms kandidaten=2084239@0,50 2084239@0,47 38699854@0,49 2084239@0,50 2084239@0,50 guide=NRect(l=0.23501578, t=0.20780757, r=0.7649842, b=0.79219246)
09-17 15:59:53.587 I/GuideArt(  590): umrandung - in 88ms kandidaten=2084239@0,51 2084239@0,47 38699854@0,48 2084239@0,51 2084239@0,49 guide=NRect(l=0.23501578, t=0.20780757, r=0.7649842, b=0.79219246)
09-17 15:59:53.927 I/GuideArt(  590): umrandung - in 87ms kandidaten=2084239@0,50 2084239@0,45 38699854@0,49 2084239@0,51 2084239@0,50 guide=NRect(l=0.23501578, t=0.20780757, r=0.7649842, b=0.79219246)
09-17 15:59:54.189 I/GuideArt(  590): umrandung - in 85ms kandidaten=2084239@0,50 2084239@0,47 38699854@0,48 2084239@0,52 2084239@0,49 guide=NRect(l=0.23501578, t=0.20780757, r=0.7649842, b=0.79219246)
09-17 15:59:54.451 I/GuideArt(  590): umrandung - in 87ms kandidaten=2084239@0,51 2084239@0,47 38699854@0,49 2084239@0,52 2084239@0,49 guide=NRect(l=0.23501578, t=0.20780757, r=0.7649842, b=0.79219246)
09-17 15:59:54.784 I/GuideArt(  590): umrandung - in 87ms kandidaten=2084239@0,51 2084239@0,47 38699854@0,48 2084239@0,52 2084239@0,50 guide=NRect(l=0.23501578, t=0.20780757, r=0.7649842, b=0.79219246)
09-17 15:59:55.061 I/GuideArt(  590): umrandung - in 95ms kandidaten=2084239@0,50 2084239@0,46 38699854@0,48 2084239@0,52 2084239@0,49 guide=NRect(l=0.23501578, t=0.20780757, r=0.7649842, b=0.79219246)
09-17 15:59:55.322 I/GuideArt(  590): umrandung - in 93ms kandidaten=2084239@0,51 2084239@0,47 38699854@0,47 2084239@0,52 2084239@0,50 guide=NRect(l=0.23501578, t=0.20780757, r=0.7649842, b=0.79219246)
09-17 15:59:55.663 I/GuideArt(  590): umrandung - in 92ms kandidaten=2084239@0,51 2084239@0,48 38699854@0,49 2084239@0,52 2084239@0,50 guide=NRect(l=0.23501578, t=0.20780757, r=0.7649842, b=0.79219246)
09-17 15:59:55.920 I/GuideArt(  590): umrandung - in 87ms kandidaten=2084239@0,52 2084239@0,48 38699854@0,49 2084239@0,53 2084239@0,51 guide=NRect(l=0.23501578, t=0.20780757, r=0.7649842, b=0.79219246)
09-17 15:59:56.201 I/GuideArt(  590): umrandung - in 92ms kandidaten=2084239@0,50 2084239@0,46 38699854@0,48 2084239@0,52 2084239@0,51 guide=NRect(l=0.23501578, t=0.20780757, r=0.7649842, b=0.79219246)
09-17 15:59:56.514 I/GuideArt(  590): umrandung - in 85ms kandidaten=2084239@0,52 2084239@0,48 38699854@0,47 2084239@0,51 2084239@0,51 guide=NRect(l=0.23501578, t=0.20780757, r=0.7649842, b=0.79219246)
09-17 15:59:56.786 I/GuideArt(  590): umrandung - in 88ms kandidaten=2084239@0,50 2084239@0,47 38699854@0,47 2084239@0,52 2084239@0,50 guide=NRect(l=0.23501578, t=0.20780757, r=0.7649842, b=0.79219246)
09-17 15:59:57.048 I/GuideArt(  590): umrandung - in 86ms kandidaten=2084239@0,49 2084239@0,45 38699854@0,47 2084239@0,49 2084239@0,49 guide=NRect(l=0.23501578, t=0.20780757, r=0.7649842, b=0.79219246)
09-17 15:59:57.351 I/GuideArt(  590): umrandung - in 86ms kandidaten=2084239@0,50 2084239@0,46 38699854@0,48 2084239@0,50 2084239@0,50 guide=NRect(l=0.23501578, t=0.20780757, r=0.7649842, b=0.79219246)
09-17 15:59:57.627 I/GuideArt(  590): umrandung - in 93ms kandidaten=2084239@0,52 2084239@0,47 38699854@0,50 2084239@0,51 2084239@0,50 guide=NRect(l=0.23501578, t=0.20780757, r=0.7649842, b=0.79219246)
09-17 15:59:57.878 I/GuideArt(  590): umrandung - in 86ms kandidaten=2084239@0,52 2084239@0,48 38699854@0,50 2084239@0,50 2084239@0,51 guide=NRect(l=0.23501578, t=0.20780757, r=0.7649842, b=0.79219246)
09-17 15:59:58.176 I/GuideArt(  590): umrandung - in 89ms kandidaten=2084239@0,50 2084239@0,47 38699854@0,49 2084239@0,50 2084239@0,50 guide=NRect(l=0.23501578, t=0.20780757, r=0.7649842, b=0.79219246)
09-17 15:59:58.447 I/GuideArt(  590): umrandung - in 87ms kandidaten=2084239@0,51 2084239@0,47 38699854@0,50 2084239@0,51 2084239@0,50 guide=NRect(l=0.23501578, t=0.20780757, r=0.7649842, b=0.79219246)
09-17 15:59:58.721 I/GuideArt(  590): umrandung - in 85ms kandidaten=2084239@0,51 2084239@0,47 38699854@0,49 2084239@0,52 2084239@0,51 guide=NRect(l=0.23501578, t=0.20780757, r=0.7649842, b=0.79219246)
09-17 15:59:59.008 I/GuideArt(  590): umrandung - in 87ms kandidaten=2084239@0,51 2084239@0,46 38699854@0,49 2084239@0,50 2084239@0,51 guide=NRect(l=0.23501578, t=0.20780757, r=0.7649842, b=0.79219246)
09-17 15:59:59.286 I/GuideArt(  590): umrandung - in 86ms kandidaten=2084239@0,51 2084239@0,48 38699854@0,50 2084239@0,51 2084239@0,50 guide=NRect(l=0.23501578, t=0.20780757, r=0.7649842, b=0.79219246)
09-17 15:59:59.559 I/GuideArt(  590): umrandung - in 96ms kandidaten=2084239@0,50 2084239@0,47 38699854@0,50 2084239@0,51 2084239@0,50 guide=NRect(l=0.23501578, t=0.20780757, r=0.7649842, b=0.79219246)
09-17 15:59:59.891 I/GuideArt(  590): umrandung - in 92ms kandidaten=2084239@0,51 2084239@0,47 38699854@0,50 2084239@0,52 2084239@0,52 guide=NRect(l=0.23501578, t=0.20780757, r=0.7649842, b=0.79219246)
09-17 16:00:00.155 I/GuideArt(  590): umrandung - in 86ms kandidaten=2084239@0,52 2084239@0,47 38699854@0,51 2084239@0,52 2084239@0,50 guide=NRect(l=0.23501578, t=0.20780757, r=0.7649842, b=0.79219246)
09-17 16:00:00.426 I/GuideArt(  590): umrandung - in 87ms kandidaten=2084239@0,52 2084239@0,47 38699854@0,49 2084239@0,50 2084239@0,50 guide=NRect(l=0.23501578, t=0.20780757, r=0.7649842, b=0.79219246)
09-17 16:00:00.447 I/StapelScan(  590): stoss start=1789653600339 dauer=0 spitze=3,7 einwurf=false
09-17 16:00:00.765 I/GuideArt(  590): umrandung - in 105ms kandidaten=2084239@0,48 2084239@0,43 38699854@0,44 2084239@0,50 2084239@0,47 guide=NRect(l=0.23501578, t=0.20780757, r=0.7649842, b=0.79219246)
09-17 16:00:01.035 I/GuideArt(  590): umrandung - in 93ms kandidaten=2084239@0,51 2084239@0,45 2084239@0,45 2084239@0,53 2084239@0,49 guide=NRect(l=0.23501578, t=0.20780757, r=0.7649842, b=0.79219246)
09-17 16:00:01.281 I/GuideArt(  590): umrandung - in 88ms kandidaten=2084239@0,50 2084239@0,45 38699854@0,45 2084239@0,52 2084239@0,49 guide=NRect(l=0.23501578, t=0.20780757, r=0.7649842, b=0.79219246)
09-17 16:00:01.583 I/GuideArt(  590): umrandung - in 88ms kandidaten=2084239@0,49 2084239@0,44 2084239@0,44 2084239@0,52 2084239@0,49 guide=NRect(l=0.23501578, t=0.20780757, r=0.7649842, b=0.79219246)
09-17 16:00:01.872 I/GuideArt(  590): umrandung - in 97ms kandidaten=2084239@0,50 2084239@0,44 2084239@0,44 2084239@0,53 2084239@0,50 guide=NRect(l=0.23501578, t=0.20780757, r=0.7649842, b=0.79219246)
09-17 16:00:02.149 I/GuideArt(  590): umrandung - in 86ms kandidaten=2084239@0,50 2084239@0,45 2084239@0,45 2084239@0,52 2084239@0,50 guide=NRect(l=0.23501578, t=0.20780757, r=0.7649842, b=0.79219246)
09-17 16:00:02.484 I/GuideArt(  590): umrandung - in 86ms kandidaten=2084239@0,50 2084239@0,45 2084239@0,46 2084239@0,51 2084239@0,48 guide=NRect(l=0.23501578, t=0.20780757, r=0.7649842, b=0.79219246)
09-17 16:00:02.757 I/GuideArt(  590): umrandung - in 87ms kandidaten=2084239@0,52 2084239@0,46 38699854@0,47 2084239@0,52 2084239@0,51 guide=NRect(l=0.23501578, t=0.20780757, r=0.7649842, b=0.79219246)
09-17 16:00:03.017 I/GuideArt(  590): umrandung - in 90ms kandidaten=2084239@0,53 2084239@0,47 38699854@0,49 2084239@0,53 2084239@0,52 guide=NRect(l=0.23501578, t=0.20780757, r=0.7649842, b=0.79219246)
09-17 16:00:03.324 I/GuideArt(  590): umrandung - in 92ms kandidaten=2084239@0,50 2084239@0,46 38699854@0,49 2084239@0,50 2084239@0,50 guide=NRect(l=0.23501578, t=0.20780757, r=0.7649842, b=0.79219246)
09-17 16:00:03.592 I/GuideArt(  590): umrandung - in 95ms kandidaten=2084239@0,50 38699854@0,44 38699854@0,47 2084239@0,49 2084239@0,48 guide=NRect(l=0.23501578, t=0.20780757, r=0.7649842, b=0.79219246)
09-17 16:00:03.853 I/GuideArt(  590): umrandung - in 88ms kandidaten=2084239@0,50 2084239@0,45 38699854@0,48 2084239@0,50 2084239@0,50 guide=NRect(l=0.23501578, t=0.20780757, r=0.7649842, b=0.79219246)
09-17 16:00:04.144 I/GuideArt(  590): umrandung - in 86ms kandidaten=2084239@0,50 2084239@0,46 38699854@0,49 2084239@0,50 2084239@0,49 guide=NRect(l=0.23501578, t=0.20780757, r=0.7649842, b=0.79219246)
09-17 16:00:04.407 I/GuideArt(  590): umrandung - in 85ms kandidaten=2084239@0,50 2084239@0,46 38699854@0,51 2084239@0,50 2084239@0,50 guide=NRect(l=0.23501578, t=0.20780757, r=0.7649842, b=0.79219246)
09-17 16:00:04.678 I/GuideArt(  590): umrandung - in 87ms kandidaten=2084239@0,50 2084239@0,46 38699854@0,50 2084239@0,50 2084239@0,50 guide=NRect(l=0.23501578, t=0.20780757, r=0.7649842, b=0.79219246)
09-17 16:00:04.978 I/GuideArt(  590): umrandung - in 88ms kandidaten=2084239@0,51 2084239@0,47 38699854@0,49 2084239@0,51 2084239@0,49 guide=NRect(l=0.23501578, t=0.20780757, r=0.7649842, b=0.79219246)
09-17 16:00:05.248 I/GuideArt(  590): umrandung - in 91ms kandidaten=2084239@0,51 2084239@0,47 38699854@0,50 2084239@0,51 2084239@0,50 guide=NRect(l=0.23501578, t=0.20780757, r=0.7649842, b=0.79219246)
09-17 16:00:05.511 I/GuideArt(  590): umrandung - in 90ms kandidaten=2084239@0,52 2084239@0,47 38699854@0,51 2084239@0,51 2084239@0,51 guide=NRect(l=0.23501578, t=0.20780757, r=0.7649842, b=0.79219246)
09-17 16:00:05.847 I/GuideArt(  590): umrandung - in 89ms kandidaten=2084239@0,50 2084239@0,45 38699854@0,50 2084239@0,50 2084239@0,50 guide=NRect(l=0.23501578, t=0.20780757, r=0.7649842, b=0.79219246)
09-17 16:00:06.105 I/GuideArt(  590): umrandung - in 86ms kandidaten=2084239@0,51 2084239@0,48 38699854@0,51 2084239@0,50 2084239@0,51 guide=NRect(l=0.23501578, t=0.20780757, r=0.7649842, b=0.79219246)
09-17 16:00:06.382 I/GuideArt(  590): umrandung - in 85ms kandidaten=2084239@0,52 2084239@0,48 38699854@0,51 2084239@0,51 2084239@0,50 guide=NRect(l=0.23501578, t=0.20780757, r=0.7649842, b=0.79219246)
09-17 16:00:06.705 I/GuideArt(  590): umrandung - in 86ms kandidaten=2084239@0,50 2084239@0,47 38699854@0,50 2084239@0,49 2084239@0,50 guide=NRect(l=0.23501578, t=0.20780757, r=0.7649842, b=0.79219246)
09-17 16:00:06.982 I/GuideArt(  590): umrandung - in 86ms kandidaten=2084239@0,50 38699854@0,46 38699854@0,51 2084239@0,50 2084239@0,48 guide=NRect(l=0.23501578, t=0.20780757, r=0.7649842, b=0.79219246)
09-17 16:00:07.268 I/GuideArt(  590): umrandung - in 88ms kandidaten=2084239@0,49 38699854@0,45 38699854@0,50 2084239@0,50 2084239@0,50 guide=NRect(l=0.23501578, t=0.20780757, r=0.7649842, b=0.79219246)
09-17 16:00:07.577 I/GuideArt(  590): umrandung - in 87ms kandidaten=2084239@0,50 2084239@0,46 38699854@0,51 2084239@0,48 2084239@0,50 guide=NRect(l=0.23501578, t=0.20780757, r=0.7649842, b=0.79219246)
09-17 16:00:07.842 I/GuideArt(  590): umrandung - in 87ms kandidaten=2084239@0,51 2084239@0,46 38699854@0,51 2084239@0,51 2084239@0,51 guide=NRect(l=0.23501578, t=0.20780757, r=0.7649842, b=0.79219246)
09-17 16:00:08.106 I/GuideArt(  590): umrandung - in 88ms kandidaten=2084239@0,51 2084239@0,46 38699854@0,50 2084239@0,51 2084239@0,50 guide=NRect(l=0.23501578, t=0.20780757, r=0.7649842, b=0.79219246)
09-17 16:00:08.435 I/GuideArt(  590): umrandung - in 87ms kandidaten=2084239@0,50 2084239@0,47 38699854@0,49 2084239@0,48 2084239@0,49 guide=NRect(l=0.23501578, t=0.20780757, r=0.7649842, b=0.79219246)
09-17 16:00:08.717 I/GuideArt(  590): umrandung - in 88ms kandidaten=2084239@0,52 2084239@0,46 38699854@0,51 2084239@0,51 2084239@0,52 guide=NRect(l=0.23501578, t=0.20780757, r=0.7649842, b=0.79219246)
09-17 16:00:08.984 I/GuideArt(  590): umrandung - in 86ms kandidaten=2084239@0,51 2084239@0,46 38699854@0,50 2084239@0,50 2084239@0,51 guide=NRect(l=0.23501578, t=0.20780757, r=0.7649842, b=0.79219246)
09-17 16:00:09.309 I/GuideArt(  590): umrandung - in 92ms kandidaten=2084239@0,52 2084239@0,47 38699854@0,51 2084239@0,51 2084239@0,50 guide=NRect(l=0.23501578, t=0.20780757, r=0.7649842, b=0.79219246)
09-17 16:00:09.584 I/GuideArt(  590): umrandung - in 84ms kandidaten=2084239@0,52 2084239@0,46 38699854@0,50 2084239@0,50 2084239@0,50 guide=NRect(l=0.23501578, t=0.20780757, r=0.7649842, b=0.79219246)
09-17 16:00:09.851 I/GuideArt(  590): umrandung - in 85ms kandidaten=2084239@0,51 2084239@0,46 38699854@0,51 2084239@0,50 2084239@0,50 guide=NRect(l=0.23501578, t=0.20780757, r=0.7649842, b=0.79219246)
09-17 16:00:10.178 I/GuideArt(  590): umrandung - in 88ms kandidaten=2084239@0,50 2084239@0,46 38699854@0,50 2084239@0,51 2084239@0,50 guide=NRect(l=0.23501578, t=0.20780757, r=0.7649842, b=0.79219246)
09-17 16:00:10.470 I/GuideArt(  590): umrandung - in 85ms kandidaten=2084239@0,50 2084239@0,47 38699854@0,50 2084239@0,50 2084239@0,50 guide=NRect(l=0.23501578, t=0.20780757, r=0.7649842, b=0.79219246)
09-17 16:00:10.750 I/GuideArt(  590): umrandung - in 88ms kandidaten=2084239@0,50 2084239@0,47 38699854@0,49 2084239@0,50 2084239@0,49 guide=NRect(l=0.23501578, t=0.20780757, r=0.7649842, b=0.79219246)
09-17 16:00:11.071 I/GuideArt(  590): umrandung - in 84ms kandidaten=2084239@0,49 2084239@0,46 38699854@0,50 2084239@0,49 2084239@0,48 guide=NRect(l=0.23501578, t=0.20780757, r=0.7649842, b=0.79219246)
09-17 16:00:11.335 I/GuideArt(  590): umrandung - in 87ms kandidaten=2084239@0,51 2084239@0,47 38699854@0,50 2084239@0,50 2084239@0,50 guide=NRect(l=0.23501578, t=0.20780757, r=0.7649842, b=0.79219246)
09-17 16:00:11.614 I/GuideArt(  590): umrandung - in 87ms kandidaten=2084239@0,49 2084239@0,45 38699854@0,50 2084239@0,49 2084239@0,50 guide=NRect(l=0.23501578, t=0.20780757, r=0.7649842, b=0.79219246)
09-17 16:00:11.917 I/GuideArt(  590): umrandung - in 96ms kandidaten=2084239@0,50 2084239@0,46 38699854@0,49 2084239@0,52 2084239@0,50 guide=NRect(l=0.23501578, t=0.20780757, r=0.7649842, b=0.79219246)
09-17 16:00:12.183 I/GuideArt(  590): umrandung - in 88ms kandidaten=2084239@0,50 2084239@0,47 38699854@0,49 2084239@0,49 2084239@0,50 guide=NRect(l=0.23501578, t=0.20780757, r=0.7649842, b=0.79219246)
09-17 16:00:12.450 I/GuideArt(  590): umrandung - in 88ms kandidaten=2084239@0,51 2084239@0,47 38699854@0,51 2084239@0,51 2084239@0,52 guide=NRect(l=0.23501578, t=0.20780757, r=0.7649842, b=0.79219246)
09-17 16:00:12.770 I/GuideArt(  590): umrandung - in 85ms kandidaten=2084239@0,51 2084239@0,46 38699854@0,51 2084239@0,50 2084239@0,50 guide=NRect(l=0.23501578, t=0.20780757, r=0.7649842, b=0.79219246)
09-17 16:00:13.055 I/GuideArt(  590): umrandung - in 94ms kandidaten=2084239@0,52 2084239@0,48 38699854@0,50 2084239@0,51 2084239@0,50 guide=NRect(l=0.23501578, t=0.20780757, r=0.7649842, b=0.79219246)
09-17 16:00:13.316 I/GuideArt(  590): umrandung - in 92ms kandidaten=2084239@0,50 2084239@0,46 38699854@0,51 2084239@0,49 2084239@0,50 guide=NRect(l=0.23501578, t=0.20780757, r=0.7649842, b=0.79219246)
09-17 16:00:13.637 I/GuideArt(  590): umrandung - in 87ms kandidaten=2084239@0,51 2084239@0,47 38699854@0,50 2084239@0,52 2084239@0,51 guide=NRect(l=0.23501578, t=0.20780757, r=0.7649842, b=0.79219246)
09-17 16:00:13.912 I/GuideArt(  590): umrandung - in 89ms kandidaten=2084239@0,49 2084239@0,47 38699854@0,51 2084239@0,50 2084239@0,50 guide=NRect(l=0.23501578, t=0.20780757, r=0.7649842, b=0.79219246)
09-17 16:00:14.180 I/GuideArt(  590): umrandung - in 87ms kandidaten=2084239@0,52 2084239@0,47 38699854@0,51 2084239@0,52 2084239@0,49 guide=NRect(l=0.23501578, t=0.20780757, r=0.7649842, b=0.79219246)
09-17 16:00:14.500 I/GuideArt(  590): umrandung - in 85ms kandidaten=2084239@0,49 38699854@0,45 38699854@0,51 2084239@0,48 2084239@0,49 guide=NRect(l=0.23501578, t=0.20780757, r=0.7649842, b=0.79219246)
09-17 16:00:14.804 I/GuideArt(  590): umrandung - in 86ms kandidaten=2084239@0,51 2084239@0,47 38699854@0,50 2084239@0,50 2084239@0,49 guide=NRect(l=0.23501578, t=0.20780757, r=0.7649842, b=0.79219246)
09-17 16:00:15.071 I/GuideArt(  590): umrandung - in 87ms kandidaten=2084239@0,51 38699854@0,46 38699854@0,50 2084239@0,51 2084239@0,50 guide=NRect(l=0.23501578, t=0.20780757, r=0.7649842, b=0.79219246)
09-17 16:00:15.404 I/GuideArt(  590): umrandung - in 87ms kandidaten=2084239@0,51 2084239@0,47 38699854@0,50 2084239@0,52 2084239@0,50 guide=NRect(l=0.23501578, t=0.20780757, r=0.7649842, b=0.79219246)
09-17 16:00:15.676 I/GuideArt(  590): umrandung - in 85ms kandidaten=2084239@0,49 2084239@0,46 38699854@0,50 2084239@0,51 2084239@0,51 guide=NRect(l=0.23501578, t=0.20780757, r=0.7649842, b=0.79219246)
09-17 16:00:15.950 I/GuideArt(  590): umrandung - in 88ms kandidaten=2084239@0,51 2084239@0,48 38699854@0,50 2084239@0,50 2084239@0,50 guide=NRect(l=0.23501578, t=0.20780757, r=0.7649842, b=0.79219246)
09-17 16:00:16.279 I/GuideArt(  590): umrandung - in 89ms kandidaten=2084239@0,51 2084239@0,47 38699854@0,50 2084239@0,51 2084239@0,50 guide=NRect(l=0.23501578, t=0.20780757, r=0.7649842, b=0.79219246)
09-17 16:00:16.558 I/GuideArt(  590): umrandung - in 88ms kandidaten=2084239@0,49 2084239@0,47 38699854@0,50 2084239@0,49 2084239@0,48 guide=NRect(l=0.23501578, t=0.20780757, r=0.7649842, b=0.79219246)
09-17 16:00:16.826 I/GuideArt(  590): umrandung - in 88ms kandidaten=2084239@0,50 2084239@0,47 38699854@0,51 2084239@0,50 2084239@0,49 guide=NRect(l=0.23501578, t=0.20780757, r=0.7649842, b=0.79219246)
09-17 16:00:17.142 I/GuideArt(  590): umrandung - in 87ms kandidaten=2084239@0,51 2084239@0,46 38699854@0,50 2084239@0,51 2084239@0,50 guide=NRect(l=0.23501578, t=0.20780757, r=0.7649842, b=0.79219246)
09-17 16:00:17.407 I/GuideArt(  590): umrandung - in 92ms kandidaten=2084239@0,51 2084239@0,47 38699854@0,49 2084239@0,49 2084239@0,51 guide=NRect(l=0.23501578, t=0.20780757, r=0.7649842, b=0.79219246)
09-17 16:00:17.671 I/GuideArt(  590): umrandung - in 90ms kandidaten=2084239@0,50 2084239@0,47 38699854@0,50 2084239@0,50 2084239@0,49 guide=NRect(l=0.23501578, t=0.20780757, r=0.7649842, b=0.79219246)
09-17 16:00:18.008 I/GuideArt(  590): umrandung - in 91ms kandidaten=2084239@0,50 2084239@0,46 38699854@0,50 2084239@0,50 2084239@0,49 guide=NRect(l=0.23501578, t=0.20780757, r=0.7649842, b=0.79219246)
09-17 16:00:18.296 I/GuideArt(  590): umrandung - in 86ms kandidaten=2084239@0,51 2084239@0,47 38699854@0,49 2084239@0,50 2084239@0,50 guide=NRect(l=0.23501578, t=0.20780757, r=0.7649842, b=0.79219246)
09-17 16:00:18.578 I/GuideArt(  590): umrandung - in 86ms kandidaten=2084239@0,51 2084239@0,47 38699854@0,49 2084239@0,49 2084239@0,50 guide=NRect(l=0.23501578, t=0.20780757, r=0.7649842, b=0.79219246)
09-17 16:00:18.919 I/GuideArt(  590): umrandung - in 85ms kandidaten=2084239@0,50 2084239@0,46 38699854@0,48 2084239@0,50 2084239@0,50 guide=NRect(l=0.23501578, t=0.20780757, r=0.7649842, b=0.79219246)
09-17 16:00:19.172 I/GuideArt(  590): umrandung - in 86ms kandidaten=2084239@0,49 2084239@0,45 38699854@0,49 2084239@0,50 2084239@0,49 guide=NRect(l=0.23501578, t=0.20780757, r=0.7649842, b=0.79219246)
09-17 16:00:19.451 I/GuideArt(  590): umrandung - in 90ms kandidaten=2084239@0,50 2084239@0,47 38699854@0,51 2084239@0,49 2084239@0,49 guide=NRect(l=0.23501578, t=0.20780757, r=0.7649842, b=0.79219246)
09-17 16:00:19.771 I/GuideArt(  590): umrandung - in 85ms kandidaten=2084239@0,52 2084239@0,47 38699854@0,50 2084239@0,51 2084239@0,50 guide=NRect(l=0.23501578, t=0.20780757, r=0.7649842, b=0.79219246)
09-17 16:00:20.051 I/GuideArt(  590): umrandung - in 85ms kandidaten=2084239@0,50 38699854@0,46 38699854@0,49 2084239@0,49 2084239@0,50 guide=NRect(l=0.23501578, t=0.20780757, r=0.7649842, b=0.79219246)
09-17 16:00:20.313 I/GuideArt(  590): umrandung - in 97ms kandidaten=2084239@0,49 2084239@0,45 38699854@0,50 2084239@0,50 2084239@0,50 guide=NRect(l=0.23501578, t=0.20780757, r=0.7649842, b=0.79219246)
09-17 16:00:20.640 I/GuideArt(  590): umrandung - in 96ms kandidaten=2084239@0,50 2084239@0,46 38699854@0,50 2084239@0,50 2084239@0,50 guide=NRect(l=0.23501578, t=0.20780757, r=0.7649842, b=0.79219246)
09-17 16:00:20.916 I/GuideArt(  590): umrandung - in 95ms kandidaten=2084239@0,51 2084239@0,46 38699854@0,49 2084239@0,50 2084239@0,51 guide=NRect(l=0.23501578, t=0.20780757, r=0.7649842, b=0.79219246)
09-17 16:00:21.166 I/GuideArt(  590): umrandung - in 86ms kandidaten=2084239@0,50 2084239@0,46 38699854@0,49 2084239@0,51 2084239@0,52 guide=NRect(l=0.23501578, t=0.20780757, r=0.7649842, b=0.79219246)
09-17 16:00:21.485 I/GuideArt(  590): umrandung - in 85ms kandidaten=2084239@0,50 2084239@0,46 38699854@0,49 2084239@0,50 2084239@0,51 guide=NRect(l=0.23501578, t=0.20780757, r=0.7649842, b=0.79219246)
09-17 16:00:21.747 I/GuideArt(  590): umrandung - in 86ms kandidaten=2084239@0,52 2084239@0,46 38699854@0,49 2084239@0,50 2084239@0,51 guide=NRect(l=0.23501578, t=0.20780757, r=0.7649842, b=0.79219246)
09-17 16:00:22.007 I/GuideArt(  590): umrandung - in 88ms kandidaten=2084239@0,50 2084239@0,46 38699854@0,50 2084239@0,50 2084239@0,49 guide=NRect(l=0.23501578, t=0.20780757, r=0.7649842, b=0.79219246)
09-17 16:00:22.312 I/GuideArt(  590): umrandung - in 87ms kandidaten=2084239@0,51 2084239@0,47 38699854@0,50 2084239@0,51 2084239@0,49 guide=NRect(l=0.23501578, t=0.20780757, r=0.7649842, b=0.79219246)
09-17 16:00:22.571 I/GuideArt(  590): umrandung - in 95ms kandidaten=2084239@0,51 2084239@0,46 38699854@0,51 2084239@0,50 2084239@0,50 guide=NRect(l=0.23501578, t=0.20780757, r=0.7649842, b=0.79219246)
09-17 16:00:22.846 I/GuideArt(  590): umrandung - in 93ms kandidaten=2084239@0,51 2084239@0,47 38699854@0,50 2084239@0,51 2084239@0,50 guide=NRect(l=0.23501578, t=0.20780757, r=0.7649842, b=0.79219246)
09-17 16:00:23.183 I/GuideArt(  590): umrandung - in 95ms kandidaten=2084239@0,51 2084239@0,47 38699854@0,50 2084239@0,50 2084239@0,50 guide=NRect(l=0.23501578, t=0.20780757, r=0.7649842, b=0.79219246)
09-17 16:00:23.455 I/GuideArt(  590): umrandung - in 94ms kandidaten=2084239@0,51 2084239@0,48 38699854@0,49 2084239@0,51 2084239@0,49 guide=NRect(l=0.23501578, t=0.20780757, r=0.7649842, b=0.79219246)
09-17 16:00:23.721 I/GuideArt(  590): umrandung - in 87ms kandidaten=2084239@0,51 2084239@0,47 38699854@0,51 2084239@0,49 2084239@0,49 guide=NRect(l=0.23501578, t=0.20780757, r=0.7649842, b=0.79219246)
09-17 16:00:24.042 I/GuideArt(  590): umrandung - in 86ms kandidaten=2084239@0,51 2084239@0,46 38699854@0,51 2084239@0,51 2084239@0,51 guide=NRect(l=0.23501578, t=0.20780757, r=0.7649842, b=0.79219246)
09-17 16:00:24.311 I/GuideArt(  590): umrandung - in 89ms kandidaten=2084239@0,52 2084239@0,48 38699854@0,51 2084239@0,50 2084239@0,51 guide=NRect(l=0.23501578, t=0.20780757, r=0.7649842, b=0.79219246)
09-17 16:00:24.578 I/GuideArt(  590): umrandung - in 87ms kandidaten=2084239@0,51 2084239@0,48 38699854@0,51 2084239@0,50 2084239@0,51 guide=NRect(l=0.23501578, t=0.20780757, r=0.7649842, b=0.79219246)
09-17 16:00:24.914 I/GuideArt(  590): umrandung - in 86ms kandidaten=2084239@0,52 2084239@0,48 38699854@0,50 2084239@0,51 2084239@0,49 guide=NRect(l=0.23501578, t=0.20780757, r=0.7649842, b=0.79219246)
09-17 16:00:25.183 I/GuideArt(  590): umrandung - in 87ms kandidaten=2084239@0,50 38699854@0,46 38699854@0,50 2084239@0,49 2084239@0,51 guide=NRect(l=0.23501578, t=0.20780757, r=0.7649842, b=0.79219246)
09-17 16:00:25.441 I/GuideArt(  590): umrandung - in 100ms kandidaten=2084239@0,51 2084239@0,47 38699854@0,50 2084239@0,50 2084239@0,50 guide=NRect(l=0.23501578, t=0.20780757, r=0.7649842, b=0.79219246)
09-17 16:00:25.767 I/GuideArt(  590): umrandung - in 97ms kandidaten=2084239@0,51 2084239@0,47 38699854@0,49 2084239@0,51 2084239@0,50 guide=NRect(l=0.23501578, t=0.20780757, r=0.7649842, b=0.79219246)
09-17 16:00:26.038 I/GuideArt(  590): umrandung - in 95ms kandidaten=2084239@0,50 2084239@0,46 38699854@0,49 2084239@0,50 2084239@0,50 guide=NRect(l=0.23501578, t=0.20780757, r=0.7649842, b=0.79219246)
09-17 16:00:26.318 I/GuideArt(  590): umrandung - in 86ms kandidaten=2084239@0,49 38699854@0,45 38699854@0,50 2084239@0,50 2084239@0,49 guide=NRect(l=0.23501578, t=0.20780757, r=0.7649842, b=0.79219246)
09-17 16:00:26.623 I/GuideArt(  590): umrandung - in 86ms kandidaten=2084239@0,50 2084239@0,46 38699854@0,50 2084239@0,48 2084239@0,49 guide=NRect(l=0.23501578, t=0.20780757, r=0.7649842, b=0.79219246)
09-17 16:00:26.917 I/GuideArt(  590): umrandung - in 88ms kandidaten=2084239@0,52 2084239@0,47 38699854@0,51 2084239@0,51 2084239@0,51 guide=NRect(l=0.23501578, t=0.20780757, r=0.7649842, b=0.79219246)
09-17 16:00:27.179 I/GuideArt(  590): umrandung - in 89ms kandidaten=2084239@0,51 2084239@0,47 38699854@0,50 2084239@0,51 2084239@0,50 guide=NRect(l=0.23501578, t=0.20780757, r=0.7649842, b=0.79219246)
09-17 16:00:27.532 I/GuideArt(  590): umrandung - in 75ms kandidaten=2084239@0,50 2084239@0,46 38699854@0,50 2084239@0,49 2084239@0,49 guide=NRect(l=0.23501578, t=0.20780757, r=0.7649842, b=0.79219246)
09-17 16:00:27.815 I/GuideArt(  590): umrandung - in 85ms kandidaten=2084239@0,53 2084239@0,47 38699854@0,50 2084239@0,51 2084239@0,51 guide=NRect(l=0.23501578, t=0.20780757, r=0.7649842, b=0.79219246)
09-17 16:00:28.074 I/GuideArt(  590): umrandung - in 89ms kandidaten=2084239@0,49 2084239@0,46 38699854@0,49 2084239@0,50 2084239@0,50 guide=NRect(l=0.23501578, t=0.20780757, r=0.7649842, b=0.79219246)
09-17 16:00:28.373 I/GuideArt(  590): umrandung - in 87ms kandidaten=2084239@0,49 2084239@0,46 38699854@0,51 2084239@0,49 2084239@0,50 guide=NRect(l=0.23501578, t=0.20780757, r=0.7649842, b=0.79219246)
09-17 16:00:28.644 I/GuideArt(  590): umrandung - in 93ms kandidaten=2084239@0,51 2084239@0,47 38699854@0,50 2084239@0,51 2084239@0,50 guide=NRect(l=0.23501578, t=0.20780757, r=0.7649842, b=0.79219246)
09-17 16:00:28.913 I/GuideArt(  590): umrandung - in 96ms kandidaten=2084239@0,48 38699854@0,46 38699854@0,51 2084239@0,48 2084239@0,49 guide=NRect(l=0.23501578, t=0.20780757, r=0.7649842, b=0.79219246)
09-17 16:00:29.249 I/GuideArt(  590): umrandung - in 100ms kandidaten=2084239@0,52 2084239@0,47 38699854@0,50 2084239@0,49 2084239@0,50 guide=NRect(l=0.23501578, t=0.20780757, r=0.7649842, b=0.79219246)
09-17 16:00:29.529 I/GuideArt(  590): umrandung - in 94ms kandidaten=2084239@0,52 2084239@0,47 38699854@0,51 2084239@0,52 2084239@0,51 guide=NRect(l=0.23501578, t=0.20780757, r=0.7649842, b=0.79219246)
09-17 16:00:29.774 I/GuideArt(  590): umrandung - in 86ms kandidaten=2084239@0,52 2084239@0,46 38699854@0,50 2084239@0,51 2084239@0,51 guide=NRect(l=0.23501578, t=0.20780757, r=0.7649842, b=0.79219246)
09-17 16:00:30.098 I/GuideArt(  590): umrandung - in 86ms kandidaten=2084239@0,51 2084239@0,46 38699854@0,51 2084239@0,50 2084239@0,50 guide=NRect(l=0.23501578, t=0.20780757, r=0.7649842, b=0.79219246)
09-17 16:00:30.362 I/GuideArt(  590): umrandung - in 87ms kandidaten=2084239@0,50 2084239@0,47 38699854@0,51 2084239@0,50 2084239@0,50 guide=NRect(l=0.23501578, t=0.20780757, r=0.7649842, b=0.79219246)
09-17 16:00:30.659 I/GuideArt(  590): umrandung - in 90ms kandidaten=2084239@0,51 2084239@0,48 38699854@0,50 2084239@0,49 2084239@0,50 guide=NRect(l=0.23501578, t=0.20780757, r=0.7649842, b=0.79219246)
09-17 16:00:30.998 I/GuideArt(  590): umrandung - in 86ms kandidaten=2084239@0,51 2084239@0,46 38699854@0,48 2084239@0,52 2084239@0,50 guide=NRect(l=0.23501578, t=0.20780757, r=0.7649842, b=0.79219246)
09-17 16:00:31.268 I/GuideArt(  590): umrandung - in 87ms kandidaten=2084239@0,51 2084239@0,47 38699854@0,51 2084239@0,51 2084239@0,51 guide=NRect(l=0.23501578, t=0.20780757, r=0.7649842, b=0.79219246)
09-17 16:00:31.552 I/GuideArt(  590): umrandung - in 96ms kandidaten=2084239@0,50 2084239@0,46 38699854@0,50 2084239@0,49 2084239@0,49 guide=NRect(l=0.23501578, t=0.20780757, r=0.7649842, b=0.79219246)
09-17 16:00:31.865 I/GuideArt(  590): umrandung - in 90ms kandidaten=2084239@0,50 2084239@0,46 38699854@0,50 2084239@0,50 2084239@0,50 guide=NRect(l=0.23501578, t=0.20780757, r=0.7649842, b=0.79219246)
09-17 16:00:32.144 I/GuideArt(  590): umrandung - in 98ms kandidaten=2084239@0,50 2084239@0,46 38699854@0,50 2084239@0,50 2084239@0,50 guide=NRect(l=0.23501578, t=0.20780757, r=0.7649842, b=0.79219246)
09-17 16:00:32.398 I/GuideArt(  590): umrandung - in 89ms kandidaten=2084239@0,51 2084239@0,47 38699854@0,51 2084239@0,52 2084239@0,50 guide=NRect(l=0.23501578, t=0.20780757, r=0.7649842, b=0.79219246)
09-17 16:00:32.735 I/GuideArt(  590): umrandung - in 92ms kandidaten=2084239@0,50 2084239@0,46 38699854@0,49 2084239@0,49 2084239@0,50 guide=NRect(l=0.23501578, t=0.20780757, r=0.7649842, b=0.79219246)
09-17 16:00:33.016 I/GuideArt(  590): umrandung - in 87ms kandidaten=2084239@0,49 2084239@0,46 38699854@0,49 2084239@0,48 2084239@0,50 guide=NRect(l=0.23501578, t=0.20780757, r=0.7649842, b=0.79219246)
09-17 16:00:33.300 I/GuideArt(  590): umrandung - in 88ms kandidaten=2084239@0,51 2084239@0,47 38699854@0,50 2084239@0,51 2084239@0,51 guide=NRect(l=0.23501578, t=0.20780757, r=0.7649842, b=0.79219246)
09-17 16:00:33.628 I/GuideArt(  590): umrandung - in 86ms kandidaten=2084239@0,50 2084239@0,47 38699854@0,51 2084239@0,50 2084239@0,50 guide=NRect(l=0.23501578, t=0.20780757, r=0.7649842, b=0.79219246)
09-17 16:00:33.919 I/GuideArt(  590): umrandung - in 86ms kandidaten=2084239@0,51 2084239@0,46 38699854@0,50 2084239@0,50 2084239@0,51 guide=NRect(l=0.23501578, t=0.20780757, r=0.7649842, b=0.79219246)
09-17 16:00:34.182 I/GuideArt(  590): umrandung - in 96ms kandidaten=2084239@0,51 2084239@0,47 38699854@0,50 2084239@0,51 2084239@0,50 guide=NRect(l=0.23501578, t=0.20780757, r=0.7649842, b=0.79219246)
09-17 16:00:34.507 I/GuideArt(  590): umrandung - in 89ms kandidaten=2084239@0,50 2084239@0,45 38699854@0,49 2084239@0,49 2084239@0,50 guide=NRect(l=0.23501578, t=0.20780757, r=0.7649842, b=0.79219246)
09-17 16:00:34.780 I/GuideArt(  590): umrandung - in 92ms kandidaten=2084239@0,51 38699854@0,46 38699854@0,51 2084239@0,51 2084239@0,51 guide=NRect(l=0.23501578, t=0.20780757, r=0.7649842, b=0.79219246)
09-17 16:00:35.031 I/GuideArt(  590): umrandung - in 87ms kandidaten=2084239@0,50 2084239@0,47 38699854@0,50 2084239@0,50 2084239@0,50 guide=NRect(l=0.23501578, t=0.20780757, r=0.7649842, b=0.79219246)
09-17 16:00:35.353 I/GuideArt(  590): umrandung - in 86ms kandidaten=2084239@0,50 2084239@0,47 38699854@0,51 2084239@0,51 2084239@0,50 guide=NRect(l=0.23501578, t=0.20780757, r=0.7649842, b=0.79219246)
09-17 16:00:35.632 I/GuideArt(  590): umrandung - in 88ms kandidaten=2084239@0,51 2084239@0,46 38699854@0,51 2084239@0,50 2084239@0,52 guide=NRect(l=0.23501578, t=0.20780757, r=0.7649842, b=0.79219246)
09-17 16:00:35.888 I/GuideArt(  590): umrandung - in 86ms kandidaten=2084239@0,52 2084239@0,47 38699854@0,49 2084239@0,51 2084239@0,52 guide=NRect(l=0.23501578, t=0.20780757, r=0.7649842, b=0.79219246)
09-17 16:00:36.192 I/GuideArt(  590): umrandung - in 87ms kandidaten=2084239@0,50 2084239@0,46 38699854@0,49 2084239@0,49 2084239@0,50 guide=NRect(l=0.23501578, t=0.20780757, r=0.7649842, b=0.79219246)
09-17 16:00:36.452 I/GuideArt(  590): umrandung - in 86ms kandidaten=2084239@0,50 2084239@0,48 38699854@0,50 2084239@0,48 2084239@0,49 guide=NRect(l=0.23501578, t=0.20780757, r=0.7649842, b=0.79219246)
09-17 16:00:36.742 I/GuideArt(  590): umrandung - in 88ms kandidaten=2084239@0,50 2084239@0,45 38699854@0,50 2084239@0,49 2084239@0,50 guide=NRect(l=0.23501578, t=0.20780757, r=0.7649842, b=0.79219246)
09-17 16:00:37.057 I/GuideArt(  590): umrandung - in 88ms kandidaten=2084239@0,49 2084239@0,46 38699854@0,50 2084239@0,50 2084239@0,49 guide=NRect(l=0.23501578, t=0.20780757, r=0.7649842, b=0.79219246)
09-17 16:00:37.328 I/GuideArt(  590): umrandung - in 86ms kandidaten=2084239@0,49 2084239@0,46 38699854@0,50 2084239@0,49 2084239@0,49 guide=NRect(l=0.23501578, t=0.20780757, r=0.7649842, b=0.79219246)
09-17 16:00:37.594 I/GuideArt(  590): umrandung - in 88ms kandidaten=2084239@0,50 2084239@0,47 38699854@0,50 2084239@0,50 2084239@0,50 guide=NRect(l=0.23501578, t=0.20780757, r=0.7649842, b=0.79219246)
09-17 16:00:37.897 I/GuideArt(  590): umrandung - in 89ms kandidaten=2084239@0,50 2084239@0,46 38699854@0,51 2084239@0,49 2084239@0,51 guide=NRect(l=0.23501578, t=0.20780757, r=0.7649842, b=0.79219246)
09-17 16:00:38.170 I/GuideArt(  590): umrandung - in 92ms kandidaten=2084239@0,51 2084239@0,46 38699854@0,50 2084239@0,51 2084239@0,50 guide=NRect(l=0.23501578, t=0.20780757, r=0.7649842, b=0.79219246)
09-17 16:00:38.436 I/GuideArt(  590): umrandung - in 86ms kandidaten=2084239@0,51 2084239@0,46 38699854@0,51 2084239@0,51 2084239@0,50 guide=NRect(l=0.23501578, t=0.20780757, r=0.7649842, b=0.79219246)
09-17 16:00:38.759 I/GuideArt(  590): umrandung - in 88ms kandidaten=2084239@0,50 2084239@0,46 38699854@0,49 2084239@0,50 2084239@0,51 guide=NRect(l=0.23501578, t=0.20780757, r=0.7649842, b=0.79219246)
09-17 16:00:39.032 I/GuideArt(  590): umrandung - in 86ms kandidaten=2084239@0,51 2084239@0,47 38699854@0,49 2084239@0,50 2084239@0,50 guide=NRect(l=0.23501578, t=0.20780757, r=0.7649842, b=0.79219246)
09-17 16:00:39.291 I/GuideArt(  590): umrandung - in 83ms kandidaten=2084239@0,49 38699854@0,47 38699854@0,51 2084239@0,50 2084239@0,50 guide=NRect(l=0.23501578, t=0.20780757, r=0.7649842, b=0.79219246)
09-17 16:00:39.606 I/GuideArt(  590): umrandung - in 88ms kandidaten=2084239@0,50 2084239@0,47 38699854@0,50 2084239@0,49 2084239@0,50 guide=NRect(l=0.23501578, t=0.20780757, r=0.7649842, b=0.79219246)
09-17 16:00:39.856 I/GuideArt(  590): umrandung - in 89ms kandidaten=2084239@0,50 2084239@0,47 38699854@0,50 2084239@0,50 2084239@0,50 guide=NRect(l=0.23501578, t=0.20780757, r=0.7649842, b=0.79219246)
09-17 16:00:40.139 I/GuideArt(  590): umrandung - in 87ms kandidaten=2084239@0,51 2084239@0,46 38699854@0,50 2084239@0,49 2084239@0,51 guide=NRect(l=0.23501578, t=0.20780757, r=0.7649842, b=0.79219246)
09-17 16:00:40.460 I/GuideArt(  590): umrandung - in 91ms kandidaten=2084239@0,50 2084239@0,45 38699854@0,49 2084239@0,50 2084239@0,50 guide=NRect(l=0.23501578, t=0.20780757, r=0.7649842, b=0.79219246)
09-17 16:00:40.744 I/GuideArt(  590): umrandung - in 90ms kandidaten=2084239@0,51 2084239@0,47 38699854@0,50 2084239@0,50 2084239@0,49 guide=NRect(l=0.23501578, t=0.20780757, r=0.7649842, b=0.79219246)
09-17 16:00:41.001 I/GuideArt(  590): umrandung - in 86ms kandidaten=2084239@0,51 2084239@0,47 38699854@0,50 2084239@0,51 2084239@0,50 guide=NRect(l=0.23501578, t=0.20780757, r=0.7649842, b=0.79219246)
09-17 16:00:41.316 I/GuideArt(  590): umrandung - in 86ms kandidaten=2084239@0,49 2084239@0,46 38699854@0,50 2084239@0,48 2084239@0,49 guide=NRect(l=0.23501578, t=0.20780757, r=0.7649842, b=0.79219246)
09-17 16:00:41.590 I/GuideArt(  590): umrandung - in 86ms kandidaten=2084239@0,50 2084239@0,47 38699854@0,50 2084239@0,50 2084239@0,50 guide=NRect(l=0.23501578, t=0.20780757, r=0.7649842, b=0.79219246)
09-17 16:00:41.859 I/GuideArt(  590): umrandung - in 90ms kandidaten=2084239@0,49 2084239@0,47 38699854@0,50 2084239@0,49 2084239@0,50 guide=NRect(l=0.23501578, t=0.20780757, r=0.7649842, b=0.79219246)
09-17 16:00:42.191 I/GuideArt(  590): umrandung - in 77ms kandidaten=2084239@0,50 2084239@0,46 38699854@0,50 2084239@0,50 2084239@0,51 guide=NRect(l=0.23501578, t=0.20780757, r=0.7649842, b=0.79219246)
09-17 16:00:42.456 I/GuideArt(  590): umrandung - in 87ms kandidaten=2084239@0,51 2084239@0,46 38699854@0,50 2084239@0,50 2084239@0,49 guide=NRect(l=0.23501578, t=0.20780757, r=0.7649842, b=0.79219246)
09-17 16:00:42.722 I/GuideArt(  590): umrandung - in 88ms kandidaten=2084239@0,50 2084239@0,46 38699854@0,51 2084239@0,49 2084239@0,50 guide=NRect(l=0.23501578, t=0.20780757, r=0.7649842, b=0.79219246)
09-17 16:00:43.044 I/GuideArt(  590): umrandung - in 87ms kandidaten=2084239@0,49 2084239@0,46 38699854@0,49 2084239@0,51 2084239@0,50 guide=NRect(l=0.23501578, t=0.20780757, r=0.7649842, b=0.79219246)
09-17 16:00:43.348 I/GuideArt(  590): umrandung - in 93ms kandidaten=2084239@0,51 2084239@0,47 38699854@0,50 2084239@0,51 2084239@0,49 guide=NRect(l=0.23501578, t=0.20780757, r=0.7649842, b=0.79219246)
09-17 16:00:43.614 I/GuideArt(  590): umrandung - in 89ms kandidaten=2084239@0,50 2084239@0,47 38699854@0,51 2084239@0,50 2084239@0,49 guide=NRect(l=0.23501578, t=0.20780757, r=0.7649842, b=0.79219246)
09-17 16:00:43.919 I/GuideArt(  590): umrandung - in 87ms kandidaten=2084239@0,49 2084239@0,46 38699854@0,51 2084239@0,50 2084239@0,49 guide=NRect(l=0.23501578, t=0.20780757, r=0.7649842, b=0.79219246)
09-17 16:00:44.190 I/GuideArt(  590): umrandung - in 86ms kandidaten=2084239@0,51 2084239@0,47 38699854@0,50 2084239@0,52 2084239@0,50 guide=NRect(l=0.23501578, t=0.20780757, r=0.7649842, b=0.79219246)
09-17 16:00:44.450 I/GuideArt(  590): umrandung - in 86ms kandidaten=2084239@0,52 2084239@0,47 38699854@0,51 2084239@0,51 2084239@0,51 guide=NRect(l=0.23501578, t=0.20780757, r=0.7649842, b=0.79219246)
09-17 16:00:44.764 I/GuideArt(  590): umrandung - in 89ms kandidaten=2084239@0,51 2084239@0,46 38699854@0,51 2084239@0,50 2084239@0,51 guide=NRect(l=0.23501578, t=0.20780757, r=0.7649842, b=0.79219246)
09-17 16:00:45.042 I/GuideArt(  590): umrandung - in 93ms kandidaten=2084239@0,49 2084239@0,45 38699854@0,50 2084239@0,50 2084239@0,49 guide=NRect(l=0.23501578, t=0.20780757, r=0.7649842, b=0.79219246)
09-17 16:00:45.313 I/GuideArt(  590): umrandung - in 94ms kandidaten=2084239@0,50 2084239@0,47 38699854@0,49 2084239@0,49 2084239@0,49 guide=NRect(l=0.23501578, t=0.20780757, r=0.7649842, b=0.79219246)
09-17 16:00:45.644 I/GuideArt(  590): umrandung - in 92ms kandidaten=2084239@0,51 2084239@0,47 38699854@0,51 2084239@0,49 2084239@0,50 guide=NRect(l=0.23501578, t=0.20780757, r=0.7649842, b=0.79219246)
09-17 16:00:45.914 I/GuideArt(  590): umrandung - in 98ms kandidaten=2084239@0,51 2084239@0,47 38699854@0,50 2084239@0,52 2084239@0,50 guide=NRect(l=0.23501578, t=0.20780757, r=0.7649842, b=0.79219246)
09-17 16:00:46.222 I/GuideArt(  590): umrandung - in 103ms kandidaten=2084239@0,51 2084239@0,47 38699854@0,49 2084239@0,50 2084239@0,51 guide=NRect(l=0.23501578, t=0.20780757, r=0.7649842, b=0.79219246)
09-17 16:00:46.593 I/GuideArt(  590): umrandung - in 96ms kandidaten=2084239@0,51 2084239@0,46 38699854@0,48 2084239@0,50 2084239@0,50 guide=NRect(l=0.23501578, t=0.20780757, r=0.7649842, b=0.79219246)
09-17 16:00:46.804 I/BandOcr (  590): layout=UNKNOWN zone=SKIPPED ar=0.772 box=583x755 (Box ist kein Artwork)
09-17 16:00:46.905 I/GuideArt(  590): umrandung - in 99ms kandidaten=2084239@0,51 2084239@0,46 38699854@0,46 2084239@0,51 2084239@0,49 guide=NRect(l=0.23501578, t=0.20780757, r=0.7649842, b=0.79219246)
09-17 16:00:47.197 I/GuideArt(  590): umrandung - in 102ms kandidaten=2084239@0,50 2084239@0,46 38699854@0,50 2084239@0,51 2084239@0,49 guide=NRect(l=0.23501578, t=0.20780757, r=0.7649842, b=0.79219246)
09-17 16:00:47.586 I/GuideArt(  590): umrandung - in 97ms kandidaten=2084239@0,49 2084239@0,45 38699854@0,47 2084239@0,50 2084239@0,48 guide=NRect(l=0.23501578, t=0.20780757, r=0.7649842, b=0.79219246)
09-17 16:00:47.887 I/GuideArt(  590): umrandung - in 100ms kandidaten=2084239@0,51 2084239@0,47 38699854@0,49 2084239@0,50 2084239@0,50 guide=NRect(l=0.23501578, t=0.20780757, r=0.7649842, b=0.79219246)
09-17 16:00:48.197 I/GuideArt(  590): umrandung - in 98ms kandidaten=2084239@0,51 2084239@0,47 38699854@0,51 2084239@0,51 2084239@0,51 guide=NRect(l=0.23501578, t=0.20780757, r=0.7649842, b=0.79219246)
09-17 16:00:48.532 I/GuideArt(  590): umrandung - in 96ms kandidaten=2084239@0,51 2084239@0,47 38699854@0,51 2084239@0,49 2084239@0,50 guide=NRect(l=0.23501578, t=0.20780757, r=0.7649842, b=0.79219246)
09-17 16:00:48.820 I/GuideArt(  590): umrandung - in 99ms kandidaten=2084239@0,51 2084239@0,46 38699854@0,51 2084239@0,51 2084239@0,51 guide=NRect(l=0.23501578, t=0.20780757, r=0.7649842, b=0.79219246)
09-17 16:00:49.143 I/GuideArt(  590): umrandung - in 102ms kandidaten=2084239@0,50 38699854@0,46 38699854@0,50 2084239@0,50 2084239@0,50 guide=NRect(l=0.23501578, t=0.20780757, r=0.7649842, b=0.79219246)
09-17 16:00:49.517 I/GuideArt(  590): umrandung - in 98ms kandidaten=2084239@0,51 2084239@0,47 38699854@0,48 2084239@0,51 2084239@0,49 guide=NRect(l=0.23501578, t=0.20780757, r=0.7649842, b=0.79219246)
09-17 16:00:49.826 I/GuideArt(  590): umrandung - in 100ms kandidaten=2084239@0,52 2084239@0,46 38699854@0,47 2084239@0,52 2084239@0,49 guide=NRect(l=0.23501578, t=0.20780757, r=0.7649842, b=0.79219246)
09-17 16:00:50.113 I/GuideArt(  590): umrandung - in 104ms kandidaten=2084239@0,50 2084239@0,47 38699854@0,48 2084239@0,50 2084239@0,49 guide=NRect(l=0.23501578, t=0.20780757, r=0.7649842, b=0.79219246)
09-17 16:00:50.452 I/GuideArt(  590): umrandung - in 101ms kandidaten=2084239@0,52 2084239@0,47 38699854@0,49 2084239@0,52 2084239@0,50 guide=NRect(l=0.23501578, t=0.20780757, r=0.7649842, b=0.79219246)
09-17 16:00:50.746 I/GuideArt(  590): umrandung - in 95ms kandidaten=2084239@0,53 2084239@0,48 38699854@0,50 2084239@0,52 2084239@0,52 guide=NRect(l=0.23501578, t=0.20780757, r=0.7649842, b=0.79219246)
09-17 16:00:51.084 I/GuideArt(  590): umrandung - in 101ms kandidaten=2084239@0,51 2084239@0,47 38699854@0,50 2084239@0,51 2084239@0,52 guide=NRect(l=0.23501578, t=0.20780757, r=0.7649842, b=0.79219246)
09-17 16:00:51.459 I/GuideArt(  590): umrandung - in 97ms kandidaten=2084239@0,51 2084239@0,48 38699854@0,51 2084239@0,51 2084239@0,52 guide=NRect(l=0.23501578, t=0.20780757, r=0.7649842, b=0.79219246)
09-17 16:00:51.750 I/GuideArt(  590): umrandung - in 98ms kandidaten=2084239@0,50 2084239@0,46 38699854@0,50 2084239@0,50 2084239@0,51 guide=NRect(l=0.23501578, t=0.20780757, r=0.7649842, b=0.79219246)
09-17 16:00:52.040 I/GuideArt(  590): umrandung - in 96ms kandidaten=2084239@0,51 2084239@0,47 38699854@0,51 2084239@0,52 2084239@0,50 guide=NRect(l=0.23501578, t=0.20780757, r=0.7649842, b=0.79219246)
09-17 16:00:52.376 I/GuideArt(  590): umrandung - in 97ms kandidaten=2084239@0,52 2084239@0,47 38699854@0,49 2084239@0,52 2084239@0,51 guide=NRect(l=0.23501578, t=0.20780757, r=0.7649842, b=0.79219246)
09-17 16:00:52.696 I/GuideArt(  590): umrandung - in 95ms kandidaten=2084239@0,50 2084239@0,46 38699854@0,49 2084239@0,52 2084239@0,50 guide=NRect(l=0.23501578, t=0.20780757, r=0.7649842, b=0.79219246)
09-17 16:00:53.005 I/GuideArt(  590): umrandung - in 99ms kandidaten=2084239@0,51 2084239@0,46 38699854@0,49 2084239@0,51 2084239@0,50 guide=NRect(l=0.23501578, t=0.20780757, r=0.7649842, b=0.79219246)
09-17 16:00:53.356 I/GuideArt(  590): umrandung - in 97ms kandidaten=2084239@0,50 2084239@0,46 38699854@0,50 2084239@0,51 2084239@0,49 guide=NRect(l=0.23501578, t=0.20780757, r=0.7649842, b=0.79219246)
09-17 16:00:53.655 I/GuideArt(  590): umrandung - in 104ms kandidaten=2084239@0,50 2084239@0,46 38699854@0,50 2084239@0,50 2084239@0,49 guide=NRect(l=0.23501578, t=0.20780757, r=0.7649842, b=0.79219246)
09-17 16:00:53.951 I/GuideArt(  590): umrandung - in 97ms kandidaten=2084239@0,50 38699854@0,45 38699854@0,50 2084239@0,50 2084239@0,50 guide=NRect(l=0.23501578, t=0.20780757, r=0.7649842, b=0.79219246)
09-17 16:00:54.313 I/GuideArt(  590): umrandung - in 98ms kandidaten=2084239@0,50 2084239@0,46 38699854@0,49 2084239@0,49 2084239@0,50 guide=NRect(l=0.23501578, t=0.20780757, r=0.7649842, b=0.79219246)
09-17 16:00:54.627 I/GuideArt(  590): umrandung - in 99ms kandidaten=2084239@0,49 2084239@0,46 38699854@0,48 2084239@0,48 2084239@0,48 guide=NRect(l=0.23501578, t=0.20780757, r=0.7649842, b=0.79219246)
09-17 16:00:54.913 I/GuideArt(  590): umrandung - in 101ms kandidaten=2084239@0,51 2084239@0,47 38699854@0,49 2084239@0,52 2084239@0,49 guide=NRect(l=0.23501578, t=0.20780757, r=0.7649842, b=0.79219246)
09-17 16:00:55.300 I/GuideArt(  590): umrandung - in 99ms kandidaten=2084239@0,52 2084239@0,48 38699854@0,50 2084239@0,51 2084239@0,52 guide=NRect(l=0.23501578, t=0.20780757, r=0.7649842, b=0.79219246)
09-17 16:00:55.579 I/GuideArt(  590): umrandung - in 100ms kandidaten=2084239@0,49 38699854@0,46 38699854@0,50 2084239@0,49 2084239@0,50 guide=NRect(l=0.23501578, t=0.20780757, r=0.7649842, b=0.79219246)
09-17 16:00:55.903 I/GuideArt(  590): umrandung - in 99ms kandidaten=2084239@0,51 2084239@0,47 38699854@0,50 2084239@0,50 2084239@0,50 guide=NRect(l=0.23501578, t=0.20780757, r=0.7649842, b=0.79219246)
09-17 16:00:56.258 I/GuideArt(  590): umrandung - in 98ms kandidaten=2084239@0,50 2084239@0,46 38699854@0,49 2084239@0,51 2084239@0,50 guide=NRect(l=0.23501578, t=0.20780757, r=0.7649842, b=0.79219246)
09-17 16:00:56.556 I/GuideArt(  590): umrandung - in 101ms kandidaten=2084239@0,50 2084239@0,46 38699854@0,50 2084239@0,50 2084239@0,50 guide=NRect(l=0.23501578, t=0.20780757, r=0.7649842, b=0.79219246)
09-17 16:00:56.866 I/GuideArt(  590): umrandung - in 106ms kandidaten=2084239@0,51 2084239@0,46 38699854@0,50 2084239@0,48 2084239@0,51 guide=NRect(l=0.23501578, t=0.20780757, r=0.7649842, b=0.79219246)
09-17 16:00:57.220 I/GuideArt(  590): umrandung - in 98ms kandidaten=2084239@0,51 2084239@0,47 38699854@0,50 2084239@0,50 2084239@0,50 guide=NRect(l=0.23501578, t=0.20780757, r=0.7649842, b=0.79219246)
09-17 16:00:57.520 I/GuideArt(  590): umrandung - in 99ms kandidaten=2084239@0,49 38699854@0,46 38699854@0,49 2084239@0,50 2084239@0,49 guide=NRect(l=0.23501578, t=0.20780757, r=0.7649842, b=0.79219246)
09-17 16:00:57.827 I/GuideArt(  590): umrandung - in 101ms kandidaten=2084239@0,51 2084239@0,45 38699854@0,51 2084239@0,50 2084239@0,49 guide=NRect(l=0.23501578, t=0.20780757, r=0.7649842, b=0.79219246)
09-17 16:00:58.186 I/GuideArt(  590): umrandung - in 95ms kandidaten=2084239@0,50 38699854@0,46 38699854@0,51 2084239@0,50 2084239@0,51 guide=NRect(l=0.23501578, t=0.20780757, r=0.7649842, b=0.79219246)
09-17 16:00:58.514 I/GuideArt(  590): umrandung - in 101ms kandidaten=2084239@0,50 2084239@0,47 38699854@0,51 2084239@0,50 2084239@0,50 guide=NRect(l=0.23501578, t=0.20780757, r=0.7649842, b=0.79219246)
09-17 16:00:58.806 I/GuideArt(  590): umrandung - in 97ms kandidaten=2084239@0,50 2084239@0,46 38699854@0,51 2084239@0,49 2084239@0,51 guide=NRect(l=0.23501578, t=0.20780757, r=0.7649842, b=0.79219246)
09-17 16:00:59.192 I/GuideArt(  590): umrandung - in 100ms kandidaten=2084239@0,50 2084239@0,47 38699854@0,51 2084239@0,49 2084239@0,51 guide=NRect(l=0.23501578, t=0.20780757, r=0.7649842, b=0.79219246)
09-17 16:00:59.498 I/GuideArt(  590): umrandung - in 97ms kandidaten=2084239@0,51 2084239@0,48 38699854@0,51 2084239@0,51 2084239@0,51 guide=NRect(l=0.23501578, t=0.20780757, r=0.7649842, b=0.79219246)
09-17 16:00:59.789 I/GuideArt(  590): umrandung - in 103ms kandidaten=2084239@0,50 2084239@0,46 38699854@0,51 2084239@0,50 2084239@0,49 guide=NRect(l=0.23501578, t=0.20780757, r=0.7649842, b=0.79219246)
09-17 16:01:00.159 I/GuideArt(  590): umrandung - in 102ms kandidaten=2084239@0,50 2084239@0,47 38699854@0,50 2084239@0,51 2084239@0,51 guide=NRect(l=0.23501578, t=0.20780757, r=0.7649842, b=0.79219246)
09-17 16:01:00.442 I/GuideArt(  590): umrandung - in 95ms kandidaten=2084239@0,50 2084239@0,46 38699854@0,50 2084239@0,50 2084239@0,49 guide=NRect(l=0.23501578, t=0.20780757, r=0.7649842, b=0.79219246)
09-17 16:01:00.749 I/GuideArt(  590): umrandung - in 96ms kandidaten=2084239@0,51 2084239@0,47 38699854@0,51 2084239@0,50 2084239@0,51 guide=NRect(l=0.23501578, t=0.20780757, r=0.7649842, b=0.79219246)
09-17 16:01:01.113 I/GuideArt(  590): umrandung - in 96ms kandidaten=2084239@0,51 2084239@0,46 38699854@0,49 2084239@0,49 2084239@0,49 guide=NRect(l=0.23501578, t=0.20780757, r=0.7649842, b=0.79219246)
09-17 16:01:01.440 I/GuideArt(  590): umrandung - in 98ms kandidaten=2084239@0,50 2084239@0,46 38699854@0,50 2084239@0,50 2084239@0,50 guide=NRect(l=0.23501578, t=0.20780757, r=0.7649842, b=0.79219246)
09-17 16:01:01.754 I/GuideArt(  590): umrandung - in 99ms kandidaten=2084239@0,51 2084239@0,46 38699854@0,50 2084239@0,51 2084239@0,50 guide=NRect(l=0.23501578, t=0.20780757, r=0.7649842, b=0.79219246)
09-17 16:01:02.111 I/GuideArt(  590): umrandung - in 97ms kandidaten=2084239@0,50 2084239@0,46 38699854@0,51 2084239@0,52 2084239@0,51 guide=NRect(l=0.23501578, t=0.20780757, r=0.7649842, b=0.79219246)
09-17 16:01:02.409 I/GuideArt(  590): umrandung - in 102ms kandidaten=2084239@0,49 2084239@0,47 38699854@0,50 2084239@0,49 2084239@0,49 guide=NRect(l=0.23501578, t=0.20780757, r=0.7649842, b=0.79219246)
09-17 16:01:02.731 I/GuideArt(  590): umrandung - in 96ms kandidaten=2084239@0,49 38699854@0,47 38699854@0,51 2084239@0,48 2084239@0,51 guide=NRect(l=0.23501578, t=0.20780757, r=0.7649842, b=0.79219246)
09-17 16:01:03.067 I/GuideArt(  590): umrandung - in 101ms kandidaten=2084239@0,51 2084239@0,47 38699854@0,50 2084239@0,50 2084239@0,50 guide=NRect(l=0.23501578, t=0.20780757, r=0.7649842, b=0.79219246)
09-17 16:01:03.380 I/GuideArt(  590): umrandung - in 104ms kandidaten=2084239@0,51 38699854@0,46 38699854@0,50 2084239@0,51 2084239@0,50 guide=NRect(l=0.23501578, t=0.20780757, r=0.7649842, b=0.79219246)
09-17 16:01:03.689 I/GuideArt(  590): umrandung - in 98ms kandidaten=2084239@0,50 38699854@0,46 38699854@0,50 2084239@0,49 2084239@0,50 guide=NRect(l=0.23501578, t=0.20780757, r=0.7649842, b=0.79219246)
09-17 16:01:04.054 I/GuideArt(  590): umrandung - in 95ms kandidaten=2084239@0,51 2084239@0,47 38699854@0,51 2084239@0,51 2084239@0,49 guide=NRect(l=0.23501578, t=0.20780757, r=0.7649842, b=0.79219246)
09-17 16:01:04.348 I/GuideArt(  590): umrandung - in 97ms kandidaten=2084239@0,51 38699854@0,46 38699854@0,51 2084239@0,50 2084239@0,49 guide=NRect(l=0.23501578, t=0.20780757, r=0.7649842, b=0.79219246)
09-17 16:01:04.656 I/GuideArt(  590): umrandung - in 102ms kandidaten=2084239@0,49 2084239@0,46 38699854@0,50 2084239@0,50 2084239@0,50 guide=NRect(l=0.23501578, t=0.20780757, r=0.7649842, b=0.79219246)
09-17 16:01:05.002 I/GuideArt(  590): umrandung - in 102ms kandidaten=2084239@0,50 38699854@0,46 38699854@0,50 2084239@0,50 2084239@0,50 guide=NRect(l=0.23501578, t=0.20780757, r=0.7649842, b=0.79219246)
09-17 16:01:05.310 I/GuideArt(  590): umrandung - in 98ms kandidaten=2084239@0,50 38699854@0,46 38699854@0,51 2084239@0,50 2084239@0,50 guide=NRect(l=0.23501578, t=0.20780757, r=0.7649842, b=0.79219246)
09-17 16:01:05.610 I/GuideArt(  590): umrandung - in 97ms kandidaten=2084239@0,52 2084239@0,46 38699854@0,52 2084239@0,51 2084239@0,53 guide=NRect(l=0.23501578, t=0.20780757, r=0.7649842, b=0.79219246)
09-17 16:01:05.983 I/GuideArt(  590): umrandung - in 97ms kandidaten=2084239@0,51 2084239@0,47 38699854@0,50 2084239@0,49 2084239@0,49 guide=NRect(l=0.23501578, t=0.20780757, r=0.7649842, b=0.79219246)
09-17 16:01:06.289 I/GuideArt(  590): umrandung - in 96ms kandidaten=2084239@0,50 2084239@0,46 38699854@0,50 2084239@0,49 2084239@0,50 guide=NRect(l=0.23501578, t=0.20780757, r=0.7649842, b=0.79219246)
09-17 16:01:06.596 I/GuideArt(  590): umrandung - in 98ms kandidaten=2084239@0,50 2084239@0,46 38699854@0,49 2084239@0,50 2084239@0,50 guide=NRect(l=0.23501578, t=0.20780757, r=0.7649842, b=0.79219246)
09-17 16:01:06.973 I/GuideArt(  590): umrandung - in 105ms kandidaten=2084239@0,50 2084239@0,46 38699854@0,51 2084239@0,49 2084239@0,50 guide=NRect(l=0.23501578, t=0.20780757, r=0.7649842, b=0.79219246)
09-17 16:01:07.252 I/GuideArt(  590): umrandung - in 100ms kandidaten=2084239@0,50 2084239@0,46 38699854@0,50 2084239@0,49 2084239@0,50 guide=NRect(l=0.23501578, t=0.20780757, r=0.7649842, b=0.79219246)
09-17 16:01:07.555 I/GuideArt(  590): umrandung - in 96ms kandidaten=2084239@0,50 2084239@0,46 38699854@0,50 2084239@0,48 2084239@0,49 guide=NRect(l=0.23501578, t=0.20780757, r=0.7649842, b=0.79219246)
09-17 16:01:07.926 I/GuideArt(  590): umrandung - in 110ms kandidaten=2084239@0,49 2084239@0,46 38699854@0,51 2084239@0,51 2084239@0,49 guide=NRect(l=0.23501578, t=0.20780757, r=0.7649842, b=0.79219246)
09-17 16:01:08.212 I/GuideArt(  590): umrandung - in 101ms kandidaten=2084239@0,49 2084239@0,45 38699854@0,50 2084239@0,48 2084239@0,49 guide=NRect(l=0.23501578, t=0.20780757, r=0.7649842, b=0.79219246)
09-17 16:01:08.528 I/GuideArt(  590): umrandung - in 96ms kandidaten=2084239@0,50 2084239@0,46 38699854@0,50 2084239@0,50 2084239@0,49 guide=NRect(l=0.23501578, t=0.20780757, r=0.7649842, b=0.79219246)
09-17 16:01:08.883 I/GuideArt(  590): umrandung - in 100ms kandidaten=2084239@0,50 2084239@0,46 38699854@0,51 2084239@0,50 2084239@0,50 guide=NRect(l=0.23501578, t=0.20780757, r=0.7649842, b=0.79219246)
09-17 16:01:09.192 I/GuideArt(  590): umrandung - in 100ms kandidaten=2084239@0,50 2084239@0,46 38699854@0,51 2084239@0,51 2084239@0,49 guide=NRect(l=0.23501578, t=0.20780757, r=0.7649842, b=0.79219246)
09-17 16:01:09.491 I/GuideArt(  590): umrandung - in 99ms kandidaten=2084239@0,49 38699854@0,45 38699854@0,50 2084239@0,49 2084239@0,50 guide=NRect(l=0.23501578, t=0.20780757, r=0.7649842, b=0.79219246)
09-17 16:01:09.871 I/GuideArt(  590): umrandung - in 118ms kandidaten=2084239@0,51 2084239@0,47 38699854@0,50 2084239@0,51 2084239@0,50 guide=NRect(l=0.23501578, t=0.20780757, r=0.7649842, b=0.79219246)
09-17 16:01:10.195 I/GuideArt(  590): umrandung - in 104ms kandidaten=2084239@0,50 2084239@0,46 38699854@0,49 2084239@0,53 2084239@0,48 guide=NRect(l=0.23501578, t=0.20780757, r=0.7649842, b=0.79219246)
09-17 16:01:10.486 I/GuideArt(  590): umrandung - in 100ms kandidaten=2084239@0,49 2084239@0,46 38699854@0,49 2084239@0,49 2084239@0,49 guide=NRect(l=0.23501578, t=0.20780757, r=0.7649842, b=0.79219246)
09-17 16:01:10.885 I/GuideArt(  590): umrandung - in 108ms kandidaten=2084239@0,51 2084239@0,47 38699854@0,50 2084239@0,50 2084239@0,49 guide=NRect(l=0.23501578, t=0.20780757, r=0.7649842, b=0.79219246)
09-17 16:01:11.185 I/GuideArt(  590): umrandung - in 108ms kandidaten=2084239@0,49 38699854@0,46 38699854@0,50 2084239@0,51 2084239@0,48 guide=NRect(l=0.23501578, t=0.20780757, r=0.7649842, b=0.79219246)
09-17 16:01:11.474 I/GuideArt(  590): umrandung - in 105ms kandidaten=2084239@0,51 2084239@0,47 38699854@0,50 2084239@0,49 2084239@0,50 guide=NRect(l=0.23501578, t=0.20780757, r=0.7649842, b=0.79219246)
09-17 16:01:11.835 I/GuideArt(  590): umrandung - in 104ms kandidaten=2084239@0,50 2084239@0,46 38699854@0,50 2084239@0,51 2084239@0,50 guide=NRect(l=0.23501578, t=0.20780757, r=0.7649842, b=0.79219246)
09-17 16:01:12.160 I/GuideArt(  590): umrandung - in 106ms kandidaten=2084239@0,50 2084239@0,45 38699854@0,50 2084239@0,49 2084239@0,49 guide=NRect(l=0.23501578, t=0.20780757, r=0.7649842, b=0.79219246)
09-17 16:01:12.491 I/GuideArt(  590): umrandung - in 108ms kandidaten=2084239@0,50 2084239@0,45 38699854@0,50 2084239@0,52 2084239@0,49 guide=NRect(l=0.23501578, t=0.20780757, r=0.7649842, b=0.79219246)
09-17 16:01:12.850 I/GuideArt(  590): umrandung - in 103ms kandidaten=2084239@0,50 2084239@0,46 38699854@0,50 2084239@0,50 2084239@0,49 guide=NRect(l=0.23501578, t=0.20780757, r=0.7649842, b=0.79219246)
09-17 16:01:13.152 I/GuideArt(  590): umrandung - in 102ms kandidaten=2084239@0,50 2084239@0,46 38699854@0,51 2084239@0,49 2084239@0,49 guide=NRect(l=0.23501578, t=0.20780757, r=0.7649842, b=0.79219246)
09-17 16:01:13.455 I/GuideArt(  590): umrandung - in 102ms kandidaten=2084239@0,50 2084239@0,45 38699854@0,49 2084239@0,52 2084239@0,50 guide=NRect(l=0.23501578, t=0.20780757, r=0.7649842, b=0.79219246)
09-17 16:01:13.852 I/GuideArt(  590): umrandung - in 103ms kandidaten=2084239@0,50 2084239@0,46 38699854@0,50 2084239@0,51 2084239@0,50 guide=NRect(l=0.23501578, t=0.20780757, r=0.7649842, b=0.79219246)
09-17 16:01:14.167 I/GuideArt(  590): umrandung - in 97ms kandidaten=2084239@0,50 2084239@0,46 38699854@0,50 2084239@0,49 2084239@0,50 guide=NRect(l=0.23501578, t=0.20780757, r=0.7649842, b=0.79219246)
09-17 16:01:14.478 I/GuideArt(  590): umrandung - in 96ms kandidaten=2084239@0,51 2084239@0,47 38699854@0,51 2084239@0,50 2084239@0,51 guide=NRect(l=0.23501578, t=0.20780757, r=0.7649842, b=0.79219246)
09-17 16:01:14.844 I/GuideArt(  590): umrandung - in 97ms kandidaten=2084239@0,49 2084239@0,45 38699854@0,49 2084239@0,51 2084239@0,48 guide=NRect(l=0.23501578, t=0.20780757, r=0.7649842, b=0.79219246)
09-17 16:01:15.137 I/GuideArt(  590): umrandung - in 96ms kandidaten=2084239@0,51 2084239@0,48 38699854@0,51 2084239@0,49 2084239@0,49 guide=NRect(l=0.23501578, t=0.20780757, r=0.7649842, b=0.79219246)
09-17 16:01:15.470 I/GuideArt(  590): umrandung - in 97ms kandidaten=2084239@0,52 2084239@0,47 38699854@0,51 2084239@0,52 2084239@0,53 guide=NRect(l=0.23501578, t=0.20780757, r=0.7649842, b=0.79219246)
09-17 16:01:15.845 I/GuideArt(  590): umrandung - in 100ms kandidaten=2084239@0,51 2084239@0,46 38699854@0,50 2084239@0,50 2084239@0,49 guide=NRect(l=0.23501578, t=0.20780757, r=0.7649842, b=0.79219246)
09-17 16:01:16.149 I/GuideArt(  590): umrandung - in 98ms kandidaten=2084239@0,52 2084239@0,47 38699854@0,50 2084239@0,51 2084239@0,52 guide=NRect(l=0.23501578, t=0.20780757, r=0.7649842, b=0.79219246)
09-17 16:01:16.450 I/GuideArt(  590): umrandung - in 103ms kandidaten=2084239@0,50 2084239@0,46 38699854@0,51 2084239@0,51 2084239@0,51 guide=NRect(l=0.23501578, t=0.20780757, r=0.7649842, b=0.79219246)
09-17 16:01:16.827 I/GuideArt(  590): umrandung - in 98ms kandidaten=2084239@0,51 2084239@0,47 38699854@0,49 2084239@0,50 2084239@0,50 guide=NRect(l=0.23501578, t=0.20780757, r=0.7649842, b=0.79219246)
09-17 16:01:17.148 I/GuideArt(  590): umrandung - in 97ms kandidaten=2084239@0,50 2084239@0,46 38699854@0,50 2084239@0,50 2084239@0,48 guide=NRect(l=0.23501578, t=0.20780757, r=0.7649842, b=0.79219246)
09-17 16:01:17.447 I/GuideArt(  590): umrandung - in 100ms kandidaten=2084239@0,51 2084239@0,47 38699854@0,49 2084239@0,50 2084239@0,50 guide=NRect(l=0.23501578, t=0.20780757, r=0.7649842, b=0.79219246)
09-17 16:01:17.843 I/GuideArt(  590): umrandung - in 104ms kandidaten=2084239@0,49 2084239@0,45 38699854@0,49 2084239@0,51 2084239@0,50 guide=NRect(l=0.23501578, t=0.20780757, r=0.7649842, b=0.79219246)
09-17 16:01:18.145 I/GuideArt(  590): umrandung - in 99ms kandidaten=2084239@0,51 2084239@0,47 38699854@0,49 2084239@0,51 2084239@0,50 guide=NRect(l=0.23501578, t=0.20780757, r=0.7649842, b=0.79219246)
09-17 16:01:18.426 I/GuideArt(  590): umrandung - in 95ms kandidaten=2084239@0,52 2084239@0,46 38699854@0,50 2084239@0,53 2084239@0,51 guide=NRect(l=0.23501578, t=0.20780757, r=0.7649842, b=0.79219246)
09-17 16:01:18.821 I/GuideArt(  590): umrandung - in 105ms kandidaten=2084239@0,51 2084239@0,47 38699854@0,49 2084239@0,51 2084239@0,50 guide=NRect(l=0.23501578, t=0.20780757, r=0.7649842, b=0.79219246)
09-17 16:01:19.100 I/GuideArt(  590): umrandung - in 96ms kandidaten=2084239@0,51 2084239@0,48 38699854@0,50 2084239@0,51 2084239@0,50 guide=NRect(l=0.23501578, t=0.20780757, r=0.7649842, b=0.79219246)
09-17 16:01:19.404 I/GuideArt(  590): umrandung - in 99ms kandidaten=2084239@0,51 2084239@0,47 38699854@0,50 2084239@0,52 2084239@0,53 guide=NRect(l=0.23501578, t=0.20780757, r=0.7649842, b=0.79219246)
09-17 16:01:19.773 I/GuideArt(  590): umrandung - in 106ms kandidaten=2084239@0,49 38699854@0,45 38699854@0,50 2084239@0,51 2084239@0,49 guide=NRect(l=0.23501578, t=0.20780757, r=0.7649842, b=0.79219246)
09-17 16:01:20.059 I/GuideArt(  590): umrandung - in 97ms kandidaten=2084239@0,50 38699854@0,47 38699854@0,50 2084239@0,51 2084239@0,50 guide=NRect(l=0.23501578, t=0.20780757, r=0.7649842, b=0.79219246)
09-17 16:01:20.346 I/GuideArt(  590): umrandung - in 101ms kandidaten=2084239@0,49 2084239@0,47 38699854@0,51 2084239@0,51 2084239@0,49 guide=NRect(l=0.23501578, t=0.20780757, r=0.7649842, b=0.79219246)
09-17 16:01:20.720 I/GuideArt(  590): umrandung - in 99ms kandidaten=2084239@0,50 2084239@0,46 38699854@0,50 2084239@0,50 2084239@0,50 guide=NRect(l=0.23501578, t=0.20780757, r=0.7649842, b=0.79219246)
09-17 16:01:21.012 I/GuideArt(  590): umrandung - in 100ms kandidaten=2084239@0,51 2084239@0,45 38699854@0,50 2084239@0,51 2084239@0,51 guide=NRect(l=0.23501578, t=0.20780757, r=0.7649842, b=0.79219246)
09-17 16:01:21.317 I/GuideArt(  590): umrandung - in 99ms kandidaten=2084239@0,51 2084239@0,47 38699854@0,51 2084239@0,49 2084239@0,48 guide=NRect(l=0.23501578, t=0.20780757, r=0.7649842, b=0.79219246)
09-17 16:01:21.667 I/GuideArt(  590): umrandung - in 100ms kandidaten=2084239@0,49 38699854@0,45 38699854@0,49 2084239@0,49 2084239@0,49 guide=NRect(l=0.23501578, t=0.20780757, r=0.7649842, b=0.79219246)
09-17 16:01:21.968 I/GuideArt(  590): umrandung - in 98ms kandidaten=2084239@0,53 2084239@0,47 38699854@0,49 2084239@0,51 2084239@0,51 guide=NRect(l=0.23501578, t=0.20780757, r=0.7649842, b=0.79219246)
09-17 16:01:22.269 I/GuideArt(  590): umrandung - in 97ms kandidaten=2084239@0,51 2084239@0,47 38699854@0,49 2084239@0,51 2084239@0,51 guide=NRect(l=0.23501578, t=0.20780757, r=0.7649842, b=0.79219246)
09-17 16:01:22.675 I/GuideArt(  590): umrandung - in 113ms kandidaten=2084239@0,51 2084239@0,47 38699854@0,50 2084239@0,51 2084239@0,51 guide=NRect(l=0.23501578, t=0.20780757, r=0.7649842, b=0.79219246)
09-17 16:01:22.953 I/GuideArt(  590): umrandung - in 94ms kandidaten=2084239@0,50 2084239@0,47 38699854@0,51 2084239@0,51 2084239@0,50 guide=NRect(l=0.23501578, t=0.20780757, r=0.7649842, b=0.79219246)
09-17 16:01:23.242 I/GuideArt(  590): umrandung - in 101ms kandidaten=2084239@0,50 2084239@0,45 38699854@0,50 2084239@0,49 2084239@0,50 guide=NRect(l=0.23501578, t=0.20780757, r=0.7649842, b=0.79219246)
09-17 16:01:23.618 I/GuideArt(  590): umrandung - in 105ms kandidaten=2084239@0,50 2084239@0,45 38699854@0,50 2084239@0,51 2084239@0,50 guide=NRect(l=0.23501578, t=0.20780757, r=0.7649842, b=0.79219246)
09-17 16:01:23.904 I/GuideArt(  590): umrandung - in 98ms kandidaten=2084239@0,50 2084239@0,45 38699854@0,49 2084239@0,49 2084239@0,49 guide=NRect(l=0.23501578, t=0.20780757, r=0.7649842, b=0.79219246)
09-17 16:01:24.228 I/GuideArt(  590): umrandung - in 103ms kandidaten=2084239@0,52 2084239@0,48 38699854@0,49 2084239@0,51 2084239@0,50 guide=NRect(l=0.23501578, t=0.20780757, r=0.7649842, b=0.79219246)
09-17 16:01:24.593 I/GuideArt(  590): umrandung - in 106ms kandidaten=2084239@0,50 2084239@0,46 38699854@0,50 2084239@0,49 2084239@0,50 guide=NRect(l=0.23501578, t=0.20780757, r=0.7649842, b=0.79219246)
09-17 16:01:24.896 I/GuideArt(  590): umrandung - in 107ms kandidaten=2084239@0,50 2084239@0,47 38699854@0,50 2084239@0,51 2084239@0,47 guide=NRect(l=0.23501578, t=0.20780757, r=0.7649842, b=0.79219246)
09-17 16:01:25.197 I/GuideArt(  590): umrandung - in 99ms kandidaten=2084239@0,51 2084239@0,48 38699854@0,51 2084239@0,51 2084239@0,50 guide=NRect(l=0.23501578, t=0.20780757, r=0.7649842, b=0.79219246)
09-17 16:01:25.575 I/GuideArt(  590): umrandung - in 121ms kandidaten=2084239@0,51 2084239@0,46 38699854@0,49 2084239@0,49 2084239@0,49 guide=NRect(l=0.23501578, t=0.20780757, r=0.7649842, b=0.79219246)
09-17 16:01:25.877 I/GuideArt(  590): umrandung - in 109ms kandidaten=2084239@0,51 2084239@0,47 38699854@0,50 2084239@0,51 2084239@0,49 guide=NRect(l=0.23501578, t=0.20780757, r=0.7649842, b=0.79219246)
09-17 16:01:26.159 I/GuideArt(  590): umrandung - in 99ms kandidaten=2084239@0,51 2084239@0,46 38699854@0,50 2084239@0,51 2084239@0,49 guide=NRect(l=0.23501578, t=0.20780757, r=0.7649842, b=0.79219246)
09-17 16:01:26.532 I/GuideArt(  590): umrandung - in 105ms kandidaten=2084239@0,52 2084239@0,47 38699854@0,50 2084239@0,52 2084239@0,50 guide=NRect(l=0.23501578, t=0.20780757, r=0.7649842, b=0.79219246)
09-17 16:01:26.833 I/GuideArt(  590): umrandung - in 110ms kandidaten=2084239@0,50 2084239@0,46 38699854@0,49 2084239@0,52 2084239@0,50 guide=NRect(l=0.23501578, t=0.20780757, r=0.7649842, b=0.79219246)
09-17 16:01:27.142 I/GuideArt(  590): umrandung - in 106ms kandidaten=2084239@0,49 2084239@0,46 38699854@0,49 2084239@0,50 2084239@0,51 guide=NRect(l=0.23501578, t=0.20780757, r=0.7649842, b=0.79219246)
09-17 16:01:27.497 I/GuideArt(  590): umrandung - in 109ms kandidaten=2084239@0,51 2084239@0,46 38699854@0,50 2084239@0,52 2084239@0,50 guide=NRect(l=0.23501578, t=0.20780757, r=0.7649842, b=0.79219246)
09-17 16:01:27.814 I/GuideArt(  590): umrandung - in 105ms kandidaten=2084239@0,50 2084239@0,46 38699854@0,51 2084239@0,48 2084239@0,49 guide=NRect(l=0.23501578, t=0.20780757, r=0.7649842, b=0.79219246)
09-17 16:01:28.121 I/GuideArt(  590): umrandung - in 104ms kandidaten=2084239@0,50 2084239@0,46 38699854@0,49 2084239@0,50 2084239@0,48 guide=NRect(l=0.23501578, t=0.20780757, r=0.7649842, b=0.79219246)
09-17 16:01:28.516 I/GuideArt(  590): umrandung - in 101ms kandidaten=2084239@0,51 2084239@0,47 38699854@0,50 2084239@0,49 2084239@0,50 guide=NRect(l=0.23501578, t=0.20780757, r=0.7649842, b=0.79219246)
09-17 16:01:28.815 I/GuideArt(  590): umrandung - in 102ms kandidaten=2084239@0,51 2084239@0,46 38699854@0,49 2084239@0,51 2084239@0,50 guide=NRect(l=0.23501578, t=0.20780757, r=0.7649842, b=0.79219246)
09-17 16:01:29.144 I/GuideArt(  590): umrandung - in 106ms kandidaten=2084239@0,51 2084239@0,47 38699854@0,51 2084239@0,50 2084239@0,51 guide=NRect(l=0.23501578, t=0.20780757, r=0.7649842, b=0.79219246)
09-17 16:01:29.507 I/GuideArt(  590): umrandung - in 98ms kandidaten=2084239@0,51 2084239@0,48 38699854@0,51 2084239@0,51 2084239@0,51 guide=NRect(l=0.23501578, t=0.20780757, r=0.7649842, b=0.79219246)
09-17 16:01:29.798 I/GuideArt(  590): umrandung - in 100ms kandidaten=2084239@0,50 2084239@0,47 38699854@0,51 2084239@0,51 2084239@0,50 guide=NRect(l=0.23501578, t=0.20780757, r=0.7649842, b=0.79219246)
09-17 16:01:30.116 I/GuideArt(  590): umrandung - in 100ms kandidaten=2084239@0,49 2084239@0,45 38699854@0,50 2084239@0,50 2084239@0,50 guide=NRect(l=0.23501578, t=0.20780757, r=0.7649842, b=0.79219246)
09-17 16:01:30.517 I/GuideArt(  590): umrandung - in 98ms kandidaten=2084239@0,51 2084239@0,47 38699854@0,50 2084239@0,50 2084239@0,52 guide=NRect(l=0.23501578, t=0.20780757, r=0.7649842, b=0.79219246)
09-17 16:01:30.882 I/GuideArt(  590): umrandung - in 97ms kandidaten=2084239@0,52 2084239@0,47 38699854@0,51 2084239@0,51 2084239@0,51 guide=NRect(l=0.23501578, t=0.20780757, r=0.7649842, b=0.79219246)
09-17 16:01:31.199 I/GuideArt(  590): umrandung - in 101ms kandidaten=2084239@0,50 2084239@0,46 38699854@0,51 2084239@0,51 2084239@0,50 guide=NRect(l=0.23501578, t=0.20780757, r=0.7649842, b=0.79219246)
09-17 16:01:31.564 I/GuideArt(  590): umrandung - in 99ms kandidaten=2084239@0,51 2084239@0,46 38699854@0,50 2084239@0,50 2084239@0,51 guide=NRect(l=0.23501578, t=0.20780757, r=0.7649842, b=0.79219246)
09-17 16:01:31.867 I/GuideArt(  590): umrandung - in 97ms kandidaten=2084239@0,52 2084239@0,46 38699854@0,51 2084239@0,50 2084239@0,52 guide=NRect(l=0.23501578, t=0.20780757, r=0.7649842, b=0.79219246)
09-17 16:01:32.157 I/GuideArt(  590): umrandung - in 97ms kandidaten=2084239@0,49 2084239@0,46 38699854@0,51 2084239@0,50 2084239@0,49 guide=NRect(l=0.23501578, t=0.20780757, r=0.7649842, b=0.79219246)
09-17 16:01:32.535 I/GuideArt(  590): umrandung - in 96ms kandidaten=2084239@0,50 2084239@0,46 38699854@0,50 2084239@0,50 2084239@0,50 guide=NRect(l=0.23501578, t=0.20780757, r=0.7649842, b=0.79219246)
09-17 16:01:32.854 I/GuideArt(  590): umrandung - in 100ms kandidaten=2084239@0,51 2084239@0,47 38699854@0,50 2084239@0,50 2084239@0,50 guide=NRect(l=0.23501578, t=0.20780757, r=0.7649842, b=0.79219246)
09-17 16:01:33.161 I/GuideArt(  590): umrandung - in 99ms kandidaten=2084239@0,50 2084239@0,45 38699854@0,50 2084239@0,52 2084239@0,51 guide=NRect(l=0.23501578, t=0.20780757, r=0.7649842, b=0.79219246)
09-17 16:01:33.526 I/GuideArt(  590): umrandung - in 102ms kandidaten=2084239@0,50 2084239@0,45 38699854@0,50 2084239@0,48 2084239@0,49 guide=NRect(l=0.23501578, t=0.20780757, r=0.7649842, b=0.79219246)
09-17 16:01:33.826 I/GuideArt(  590): umrandung - in 100ms kandidaten=2084239@0,50 2084239@0,47 38699854@0,49 2084239@0,52 2084239@0,50 guide=NRect(l=0.23501578, t=0.20780757, r=0.7649842, b=0.79219246)
09-17 16:01:34.150 I/GuideArt(  590): umrandung - in 103ms kandidaten=2084239@0,50 2084239@0,47 38699854@0,50 2084239@0,51 2084239@0,49 guide=NRect(l=0.23501578, t=0.20780757, r=0.7649842, b=0.79219246)
09-17 16:01:34.521 I/GuideArt(  590): umrandung - in 100ms kandidaten=2084239@0,50 2084239@0,46 38699854@0,50 2084239@0,50 2084239@0,49 guide=NRect(l=0.23501578, t=0.20780757, r=0.7649842, b=0.79219246)
09-17 16:01:34.821 I/GuideArt(  590): umrandung - in 98ms kandidaten=2084239@0,50 2084239@0,46 38699854@0,50 2084239@0,51 2084239@0,50 guide=NRect(l=0.23501578, t=0.20780757, r=0.7649842, b=0.79219246)
09-17 16:01:35.129 I/GuideArt(  590): umrandung - in 103ms kandidaten=2084239@0,49 2084239@0,46 38699854@0,49 2084239@0,50 2084239@0,49 guide=NRect(l=0.23501578, t=0.20780757, r=0.7649842, b=0.79219246)
09-17 16:01:35.495 I/GuideArt(  590): umrandung - in 100ms kandidaten=2084239@0,50 2084239@0,47 38699854@0,50 2084239@0,51 2084239@0,49 guide=NRect(l=0.23501578, t=0.20780757, r=0.7649842, b=0.79219246)
09-17 16:01:35.814 I/GuideArt(  590): umrandung - in 103ms kandidaten=2084239@0,51 2084239@0,46 38699854@0,50 2084239@0,51 2084239@0,52 guide=NRect(l=0.23501578, t=0.20780757, r=0.7649842, b=0.79219246)
09-17 16:01:36.128 I/GuideArt(  590): umrandung - in 100ms kandidaten=2084239@0,52 2084239@0,48 38699854@0,49 2084239@0,52 2084239@0,52 guide=NRect(l=0.23501578, t=0.20780757, r=0.7649842, b=0.79219246)
09-17 16:01:36.497 I/GuideArt(  590): umrandung - in 100ms kandidaten=2084239@0,50 2084239@0,46 38699854@0,50 2084239@0,50 2084239@0,51 guide=NRect(l=0.23501578, t=0.20780757, r=0.7649842, b=0.79219246)
09-17 16:01:36.783 I/GuideArt(  590): umrandung - in 98ms kandidaten=2084239@0,52 2084239@0,46 38699854@0,49 2084239@0,50 2084239@0,51 guide=NRect(l=0.23501578, t=0.20780757, r=0.7649842, b=0.79219246)
09-17 16:01:37.111 I/GuideArt(  590): umrandung - in 105ms kandidaten=2084239@0,49 38699854@0,46 38699854@0,50 2084239@0,50 2084239@0,49 guide=NRect(l=0.23501578, t=0.20780757, r=0.7649842, b=0.79219246)
09-17 16:01:37.497 I/GuideArt(  590): umrandung - in 98ms kandidaten=2084239@0,51 2084239@0,47 38699854@0,51 2084239@0,49 2084239@0,50 guide=NRect(l=0.23501578, t=0.20780757, r=0.7649842, b=0.79219246)
09-17 16:01:37.797 I/GuideArt(  590): umrandung - in 98ms kandidaten=2084239@0,50 2084239@0,47 38699854@0,52 2084239@0,50 2084239@0,49 guide=NRect(l=0.23501578, t=0.20780757, r=0.7649842, b=0.79219246)
09-17 16:01:38.078 I/GuideArt(  590): umrandung - in 99ms kandidaten=2084239@0,50 2084239@0,46 38699854@0,50 2084239@0,49 2084239@0,50 guide=NRect(l=0.23501578, t=0.20780757, r=0.7649842, b=0.79219246)
09-17 16:01:38.424 I/GuideArt(  590): umrandung - in 101ms kandidaten=2084239@0,50 2084239@0,45 38699854@0,49 2084239@0,50 2084239@0,48 guide=NRect(l=0.23501578, t=0.20780757, r=0.7649842, b=0.79219246)
09-17 16:01:38.744 I/GuideArt(  590): umrandung - in 100ms kandidaten=2084239@0,50 2084239@0,47 38699854@0,50 2084239@0,50 2084239@0,50 guide=NRect(l=0.23501578, t=0.20780757, r=0.7649842, b=0.79219246)
09-17 16:01:39.057 I/GuideArt(  590): umrandung - in 101ms kandidaten=2084239@0,51 2084239@0,46 38699854@0,49 2084239@0,51 2084239@0,50 guide=NRect(l=0.23501578, t=0.20780757, r=0.7649842, b=0.79219246)
09-17 16:01:39.422 I/GuideArt(  590): umrandung - in 98ms kandidaten=2084239@0,51 38699854@0,46 38699854@0,50 2084239@0,51 2084239@0,49 guide=NRect(l=0.23501578, t=0.20780757, r=0.7649842, b=0.79219246)
09-17 16:01:39.708 I/GuideArt(  590): umrandung - in 102ms kandidaten=2084239@0,50 2084239@0,45 38699854@0,49 2084239@0,48 2084239@0,48 guide=NRect(l=0.23501578, t=0.20780757, r=0.7649842, b=0.79219246)
09-17 16:01:40.014 I/GuideArt(  590): umrandung - in 98ms kandidaten=2084239@0,50 2084239@0,46 38699854@0,50 2084239@0,51 2084239@0,50 guide=NRect(l=0.23501578, t=0.20780757, r=0.7649842, b=0.79219246)
09-17 16:01:40.390 I/GuideArt(  590): umrandung - in 97ms kandidaten=2084239@0,52 2084239@0,47 38699854@0,49 2084239@0,50 2084239@0,51 guide=NRect(l=0.23501578, t=0.20780757, r=0.7649842, b=0.79219246)
09-17 16:01:40.685 I/GuideArt(  590): umrandung - in 97ms kandidaten=2084239@0,51 2084239@0,47 38699854@0,50 2084239@0,49 2084239@0,49 guide=NRect(l=0.23501578, t=0.20780757, r=0.7649842, b=0.79219246)
09-17 16:01:41.003 I/GuideArt(  590): umrandung - in 99ms kandidaten=2084239@0,51 2084239@0,46 38699854@0,51 2084239@0,50 2084239@0,49 guide=NRect(l=0.23501578, t=0.20780757, r=0.7649842, b=0.79219246)
09-17 16:01:41.367 I/GuideArt(  590): umrandung - in 96ms kandidaten=2084239@0,50 2084239@0,46 38699854@0,50 2084239@0,50 2084239@0,49 guide=NRect(l=0.23501578, t=0.20780757, r=0.7649842, b=0.79219246)
09-17 16:01:41.660 I/GuideArt(  590): umrandung - in 110ms kandidaten=2084239@0,50 2084239@0,46 38699854@0,49 2084239@0,50 2084239@0,48 guide=NRect(l=0.23501578, t=0.20780757, r=0.7649842, b=0.79219246)
09-17 16:01:41.966 I/GuideArt(  590): umrandung - in 98ms kandidaten=2084239@0,51 2084239@0,47 38699854@0,50 2084239@0,51 2084239@0,50 guide=NRect(l=0.23501578, t=0.20780757, r=0.7649842, b=0.79219246)
09-17 16:01:42.333 I/GuideArt(  590): umrandung - in 99ms kandidaten=2084239@0,50 2084239@0,46 38699854@0,50 2084239@0,52 2084239@0,50 guide=NRect(l=0.23501578, t=0.20780757, r=0.7649842, b=0.79219246)
09-17 16:01:42.609 I/GuideArt(  590): umrandung - in 96ms kandidaten=2084239@0,50 2084239@0,47 38699854@0,52 2084239@0,50 2084239@0,49 guide=NRect(l=0.23501578, t=0.20780757, r=0.7649842, b=0.79219246)
09-17 16:01:42.932 I/GuideArt(  590): umrandung - in 97ms kandidaten=2084239@0,51 2084239@0,47 38699854@0,48 2084239@0,51 2084239@0,50 guide=NRect(l=0.23501578, t=0.20780757, r=0.7649842, b=0.79219246)
09-17 16:01:43.287 I/GuideArt(  590): umrandung - in 106ms kandidaten=2084239@0,49 2084239@0,46 38699854@0,50 2084239@0,51 2084239@0,49 guide=NRect(l=0.23501578, t=0.20780757, r=0.7649842, b=0.79219246)
09-17 16:01:43.583 I/GuideArt(  590): umrandung - in 96ms kandidaten=2084239@0,50 2084239@0,46 38699854@0,50 2084239@0,50 2084239@0,48 guide=NRect(l=0.23501578, t=0.20780757, r=0.7649842, b=0.79219246)
09-17 16:01:43.882 I/GuideArt(  590): umrandung - in 100ms kandidaten=2084239@0,51 2084239@0,47 38699854@0,50 2084239@0,50 2084239@0,51 guide=NRect(l=0.23501578, t=0.20780757, r=0.7649842, b=0.79219246)
09-17 16:01:44.215 I/GuideArt(  590): umrandung - in 96ms kandidaten=2084239@0,51 2084239@0,46 38699854@0,51 2084239@0,52 2084239@0,52 guide=NRect(l=0.23501578, t=0.20780757, r=0.7649842, b=0.79219246)
09-17 16:01:44.523 I/GuideArt(  590): umrandung - in 96ms kandidaten=2084239@0,51 2084239@0,47 38699854@0,50 2084239@0,51 2084239@0,50 guide=NRect(l=0.23501578, t=0.20780757, r=0.7649842, b=0.79219246)
09-17 16:01:44.834 I/GuideArt(  590): umrandung - in 100ms kandidaten=2084239@0,51 2084239@0,47 38699854@0,51 2084239@0,52 2084239@0,49 guide=NRect(l=0.23501578, t=0.20780757, r=0.7649842, b=0.79219246)
09-17 16:01:45.178 I/GuideArt(  590): umrandung - in 96ms kandidaten=2084239@0,49 2084239@0,46 38699854@0,50 2084239@0,51 2084239@0,50 guide=NRect(l=0.23501578, t=0.20780757, r=0.7649842, b=0.79219246)
09-17 16:01:45.481 I/GuideArt(  590): umrandung - in 100ms kandidaten=2084239@0,52 2084239@0,47 38699854@0,52 2084239@0,51 2084239@0,49 guide=NRect(l=0.23501578, t=0.20780757, r=0.7649842, b=0.79219246)
09-17 16:01:45.791 I/GuideArt(  590): umrandung - in 97ms kandidaten=2084239@0,50 2084239@0,46 38699854@0,49 2084239@0,50 2084239@0,50 guide=NRect(l=0.23501578, t=0.20780757, r=0.7649842, b=0.79219246)
09-17 16:01:46.173 I/GuideArt(  590): umrandung - in 98ms kandidaten=2084239@0,51 2084239@0,47 38699854@0,50 2084239@0,50 2084239@0,50 guide=NRect(l=0.23501578, t=0.20780757, r=0.7649842, b=0.79219246)
09-17 16:01:46.475 I/GuideArt(  590): umrandung - in 96ms kandidaten=2084239@0,51 2084239@0,46 38699854@0,50 2084239@0,51 2084239@0,50 guide=NRect(l=0.23501578, t=0.20780757, r=0.7649842, b=0.79219246)
09-17 16:01:46.778 I/GuideArt(  590): umrandung - in 98ms kandidaten=2084239@0,51 38699854@0,46 38699854@0,50 2084239@0,51 2084239@0,51 guide=NRect(l=0.23501578, t=0.20780757, r=0.7649842, b=0.79219246)
09-17 16:01:47.143 I/GuideArt(  590): umrandung - in 98ms kandidaten=2084239@0,49 2084239@0,46 38699854@0,49 2084239@0,51 2084239@0,48 guide=NRect(l=0.23501578, t=0.20780757, r=0.7649842, b=0.79219246)
09-17 16:01:47.450 I/GuideArt(  590): umrandung - in 98ms kandidaten=2084239@0,51 2084239@0,47 38699854@0,50 2084239@0,52 2084239@0,50 guide=NRect(l=0.23501578, t=0.20780757, r=0.7649842, b=0.79219246)
09-17 16:01:47.764 I/GuideArt(  590): umrandung - in 100ms kandidaten=2084239@0,50 2084239@0,45 38699854@0,49 2084239@0,51 2084239@0,51 guide=NRect(l=0.23501578, t=0.20780757, r=0.7649842, b=0.79219246)
09-17 16:01:48.116 I/GuideArt(  590): umrandung - in 99ms kandidaten=2084239@0,51 2084239@0,47 38699854@0,50 2084239@0,51 2084239@0,51 guide=NRect(l=0.23501578, t=0.20780757, r=0.7649842, b=0.79219246)
09-17 16:01:48.438 I/GuideArt(  590): umrandung - in 105ms kandidaten=2084239@0,51 2084239@0,47 38699854@0,49 2084239@0,51 2084239@0,51 guide=NRect(l=0.23501578, t=0.20780757, r=0.7649842, b=0.79219246)
09-17 16:01:48.757 I/GuideArt(  590): umrandung - in 98ms kandidaten=2084239@0,51 2084239@0,46 38699854@0,49 2084239@0,51 2084239@0,50 guide=NRect(l=0.23501578, t=0.20780757, r=0.7649842, b=0.79219246)
09-17 16:01:49.115 I/GuideArt(  590): umrandung - in 97ms kandidaten=2084239@0,50 2084239@0,46 38699854@0,50 2084239@0,50 2084239@0,49 guide=NRect(l=0.23501578, t=0.20780757, r=0.7649842, b=0.79219246)
09-17 16:01:49.419 I/GuideArt(  590): umrandung - in 95ms kandidaten=2084239@0,50 2084239@0,46 38699854@0,49 2084239@0,50 2084239@0,50 guide=NRect(l=0.23501578, t=0.20780757, r=0.7649842, b=0.79219246)
09-17 16:01:49.737 I/GuideArt(  590): umrandung - in 96ms kandidaten=2084239@0,51 2084239@0,47 38699854@0,50 2084239@0,50 2084239@0,50 guide=NRect(l=0.23501578, t=0.20780757, r=0.7649842, b=0.79219246)
09-17 16:01:50.096 I/GuideArt(  590): umrandung - in 97ms kandidaten=2084239@0,49 2084239@0,46 38699854@0,49 2084239@0,50 2084239@0,51 guide=NRect(l=0.23501578, t=0.20780757, r=0.7649842, b=0.79219246)
09-17 16:01:50.398 I/GuideArt(  590): umrandung - in 98ms kandidaten=2084239@0,50 2084239@0,46 38699854@0,50 2084239@0,50 2084239@0,50 guide=NRect(l=0.23501578, t=0.20780757, r=0.7649842, b=0.79219246)
09-17 16:01:50.691 I/GuideArt(  590): umrandung - in 97ms kandidaten=2084239@0,52 2084239@0,46 38699854@0,49 2084239@0,51 2084239@0,50 guide=NRect(l=0.23501578, t=0.20780757, r=0.7649842, b=0.79219246)
09-17 16:01:51.053 I/GuideArt(  590): umrandung - in 97ms kandidaten=2084239@0,50 2084239@0,46 38699854@0,49 2084239@0,50 2084239@0,49 guide=NRect(l=0.23501578, t=0.20780757, r=0.7649842, b=0.79219246)
09-17 16:01:51.366 I/GuideArt(  590): umrandung - in 100ms kandidaten=2084239@0,51 2084239@0,46 38699854@0,50 2084239@0,51 2084239@0,50 guide=NRect(l=0.23501578, t=0.20780757, r=0.7649842, b=0.79219246)
09-17 16:01:51.663 I/GuideArt(  590): umrandung - in 99ms kandidaten=2084239@0,50 38699854@0,45 38699854@0,51 2084239@0,51 2084239@0,50 guide=NRect(l=0.23501578, t=0.20780757, r=0.7649842, b=0.79219246)
09-17 16:01:52.046 I/GuideArt(  590): umrandung - in 96ms kandidaten=2084239@0,50 2084239@0,46 38699854@0,51 2084239@0,50 2084239@0,50 guide=NRect(l=0.23501578, t=0.20780757, r=0.7649842, b=0.79219246)
09-17 16:01:52.362 I/GuideArt(  590): umrandung - in 101ms kandidaten=2084239@0,50 2084239@0,45 38699854@0,49 2084239@0,50 2084239@0,51 guide=NRect(l=0.23501578, t=0.20780757, r=0.7649842, b=0.79219246)
09-17 16:01:52.664 I/GuideArt(  590): umrandung - in 97ms kandidaten=2084239@0,49 2084239@0,45 38699854@0,49 2084239@0,50 2084239@0,48 guide=NRect(l=0.23501578, t=0.20780757, r=0.7649842, b=0.79219246)
09-17 16:01:53.045 I/GuideArt(  590): umrandung - in 101ms kandidaten=2084239@0,49 2084239@0,45 38699854@0,48 2084239@0,50 2084239@0,49 guide=NRect(l=0.23501578, t=0.20780757, r=0.7649842, b=0.79219246)
09-17 16:01:53.364 I/GuideArt(  590): umrandung - in 97ms kandidaten=2084239@0,50 38699854@0,45 38699854@0,50 2084239@0,50 2084239@0,50 guide=NRect(l=0.23501578, t=0.20780757, r=0.7649842, b=0.79219246)
09-17 16:01:53.658 I/GuideArt(  590): umrandung - in 97ms kandidaten=2084239@0,51 2084239@0,46 38699854@0,49 2084239@0,51 2084239@0,51 guide=NRect(l=0.23501578, t=0.20780757, r=0.7649842, b=0.79219246)
09-17 16:01:54.021 I/GuideArt(  590): umrandung - in 109ms kandidaten=2084239@0,51 2084239@0,47 38699854@0,49 2084239@0,51 2084239@0,49 guide=NRect(l=0.23501578, t=0.20780757, r=0.7649842, b=0.79219246)
09-17 16:01:54.316 I/GuideArt(  590): umrandung - in 103ms kandidaten=2084239@0,51 2084239@0,48 38699854@0,50 2084239@0,51 2084239@0,51 guide=NRect(l=0.23501578, t=0.20780757, r=0.7649842, b=0.79219246)
09-17 16:01:54.611 I/GuideArt(  590): umrandung - in 97ms kandidaten=2084239@0,50 2084239@0,47 38699854@0,51 2084239@0,50 2084239@0,49 guide=NRect(l=0.23501578, t=0.20780757, r=0.7649842, b=0.79219246)
09-17 16:01:54.987 I/GuideArt(  590): umrandung - in 98ms kandidaten=2084239@0,50 2084239@0,47 38699854@0,51 2084239@0,51 2084239@0,50 guide=NRect(l=0.23501578, t=0.20780757, r=0.7649842, b=0.79219246)
09-17 16:01:55.289 I/GuideArt(  590): umrandung - in 96ms kandidaten=2084239@0,52 2084239@0,48 38699854@0,49 2084239@0,51 2084239@0,52 guide=NRect(l=0.23501578, t=0.20780757, r=0.7649842, b=0.79219246)
09-17 16:01:55.570 I/GuideArt(  590): umrandung - in 101ms kandidaten=2084239@0,49 2084239@0,46 38699854@0,50 2084239@0,52 2084239@0,49 guide=NRect(l=0.23501578, t=0.20780757, r=0.7649842, b=0.79219246)
09-17 16:01:55.937 I/GuideArt(  590): umrandung - in 100ms kandidaten=2084239@0,51 2084239@0,47 38699854@0,49 2084239@0,52 2084239@0,51 guide=NRect(l=0.23501578, t=0.20780757, r=0.7649842, b=0.79219246)
09-17 16:01:56.229 I/GuideArt(  590): umrandung - in 98ms kandidaten=2084239@0,50 2084239@0,46 38699854@0,51 2084239@0,50 2084239@0,50 guide=NRect(l=0.23501578, t=0.20780757, r=0.7649842, b=0.79219246)
09-17 16:01:56.517 I/GuideArt(  590): umrandung - in 98ms kandidaten=2084239@0,51 2084239@0,47 38699854@0,49 2084239@0,51 2084239@0,50 guide=NRect(l=0.23501578, t=0.20780757, r=0.7649842, b=0.79219246)
09-17 16:01:56.867 I/GuideArt(  590): umrandung - in 97ms kandidaten=2084239@0,49 2084239@0,45 38699854@0,48 2084239@0,50 2084239@0,49 guide=NRect(l=0.23501578, t=0.20780757, r=0.7649842, b=0.79219246)
09-17 16:01:57.187 I/GuideArt(  590): umrandung - in 96ms kandidaten=2084239@0,50 2084239@0,46 38699854@0,50 2084239@0,51 2084239@0,50 guide=NRect(l=0.23501578, t=0.20780757, r=0.7649842, b=0.79219246)
09-17 16:01:57.482 I/GuideArt(  590): umrandung - in 96ms kandidaten=2084239@0,51 2084239@0,46 38699854@0,50 2084239@0,51 2084239@0,50 guide=NRect(l=0.23501578, t=0.20780757, r=0.7649842, b=0.79219246)
09-17 16:01:57.833 I/GuideArt(  590): umrandung - in 98ms kandidaten=2084239@0,50 2084239@0,46 38699854@0,49 2084239@0,50 2084239@0,50 guide=NRect(l=0.23501578, t=0.20780757, r=0.7649842, b=0.79219246)
09-17 16:01:58.148 I/GuideArt(  590): umrandung - in 107ms kandidaten=2084239@0,50 2084239@0,45 38699854@0,50 2084239@0,50 2084239@0,49 guide=NRect(l=0.23501578, t=0.20780757, r=0.7649842, b=0.79219246)
09-17 16:01:58.442 I/GuideArt(  590): umrandung - in 100ms kandidaten=2084239@0,51 2084239@0,47 38699854@0,49 2084239@0,52 2084239@0,49 guide=NRect(l=0.23501578, t=0.20780757, r=0.7649842, b=0.79219246)
09-17 16:01:58.790 I/GuideArt(  590): umrandung - in 97ms kandidaten=2084239@0,51 2084239@0,46 38699854@0,49 2084239@0,50 2084239@0,49 guide=NRect(l=0.23501578, t=0.20780757, r=0.7649842, b=0.79219246)
09-17 16:01:59.077 I/GuideArt(  590): umrandung - in 96ms kandidaten=2084239@0,50 2084239@0,46 38699854@0,51 2084239@0,51 2084239@0,49 guide=NRect(l=0.23501578, t=0.20780757, r=0.7649842, b=0.79219246)
09-17 16:01:59.376 I/GuideArt(  590): umrandung - in 100ms kandidaten=2084239@0,53 2084239@0,46 38699854@0,50 2084239@0,51 2084239@0,51 guide=NRect(l=0.23501578, t=0.20780757, r=0.7649842, b=0.79219246)
09-17 16:01:59.740 I/GuideArt(  590): umrandung - in 98ms kandidaten=2084239@0,53 2084239@0,48 38699854@0,50 2084239@0,52 2084239@0,50 guide=NRect(l=0.23501578, t=0.20780757, r=0.7649842, b=0.79219246)
09-17 16:02:00.054 I/GuideArt(  590): umrandung - in 99ms kandidaten=2084239@0,49 38699854@0,46 38699854@0,50 2084239@0,50 2084239@0,48 guide=NRect(l=0.23501578, t=0.20780757, r=0.7649842, b=0.79219246)
09-17 16:02:00.355 I/GuideArt(  590): umrandung - in 95ms kandidaten=2084239@0,51 2084239@0,46 38699854@0,50 2084239@0,50 2084239@0,50 guide=NRect(l=0.23501578, t=0.20780757, r=0.7649842, b=0.79219246)
09-17 16:02:00.709 I/GuideArt(  590): umrandung - in 103ms kandidaten=2084239@0,50 2084239@0,46 38699854@0,49 2084239@0,50 2084239@0,50 guide=NRect(l=0.23501578, t=0.20780757, r=0.7649842, b=0.79219246)
09-17 16:02:01.020 I/GuideArt(  590): umrandung - in 98ms kandidaten=2084239@0,50 2084239@0,47 38699854@0,50 2084239@0,52 2084239@0,50 guide=NRect(l=0.23501578, t=0.20780757, r=0.7649842, b=0.79219246)
09-17 16:02:01.328 I/GuideArt(  590): umrandung - in 99ms kandidaten=2084239@0,50 2084239@0,46 38699854@0,49 2084239@0,51 2084239@0,51 guide=NRect(l=0.23501578, t=0.20780757, r=0.7649842, b=0.79219246)
09-17 16:02:01.695 I/GuideArt(  590): umrandung - in 113ms kandidaten=2084239@0,50 2084239@0,46 38699854@0,49 2084239@0,51 2084239@0,49 guide=NRect(l=0.23501578, t=0.20780757, r=0.7649842, b=0.79219246)
09-17 16:02:02.008 I/GuideArt(  590): umrandung - in 101ms kandidaten=2084239@0,50 2084239@0,46 38699854@0,49 2084239@0,50 2084239@0,49 guide=NRect(l=0.23501578, t=0.20780757, r=0.7649842, b=0.79219246)
09-17 16:02:02.314 I/GuideArt(  590): umrandung - in 102ms kandidaten=2084239@0,50 2084239@0,46 38699854@0,49 2084239@0,50 2084239@0,50 guide=NRect(l=0.23501578, t=0.20780757, r=0.7649842, b=0.79219246)
09-17 16:02:02.682 I/GuideArt(  590): umrandung - in 104ms kandidaten=2084239@0,50 2084239@0,46 38699854@0,50 2084239@0,52 2084239@0,49 guide=NRect(l=0.23501578, t=0.20780757, r=0.7649842, b=0.79219246)
09-17 16:02:02.989 I/GuideArt(  590): umrandung - in 100ms kandidaten=2084239@0,50 38699854@0,46 38699854@0,50 2084239@0,51 2084239@0,49 guide=NRect(l=0.23501578, t=0.20780757, r=0.7649842, b=0.79219246)
09-17 16:02:03.271 I/GuideArt(  590): umrandung - in 96ms kandidaten=2084239@0,49 2084239@0,46 38699854@0,50 2084239@0,51 2084239@0,50 guide=NRect(l=0.23501578, t=0.20780757, r=0.7649842, b=0.79219246)
09-17 16:02:03.630 I/GuideArt(  590): umrandung - in 97ms kandidaten=2084239@0,50 2084239@0,46 38699854@0,49 2084239@0,50 2084239@0,51 guide=NRect(l=0.23501578, t=0.20780757, r=0.7649842, b=0.79219246)
09-17 16:02:03.945 I/GuideArt(  590): umrandung - in 102ms kandidaten=2084239@0,49 2084239@0,45 38699854@0,49 2084239@0,48 2084239@0,51 guide=NRect(l=0.23501578, t=0.20780757, r=0.7649842, b=0.79219246)
09-17 16:02:04.259 I/GuideArt(  590): umrandung - in 100ms kandidaten=2084239@0,50 2084239@0,46 38699854@0,50 2084239@0,51 2084239@0,51 guide=NRect(l=0.23501578, t=0.20780757, r=0.7649842, b=0.79219246)
09-17 16:02:04.611 I/GuideArt(  590): umrandung - in 99ms kandidaten=2084239@0,51 2084239@0,47 38699854@0,51 2084239@0,51 2084239@0,50 guide=NRect(l=0.23501578, t=0.20780757, r=0.7649842, b=0.79219246)
09-17 16:02:04.911 I/GuideArt(  590): umrandung - in 99ms kandidaten=2084239@0,51 2084239@0,47 38699854@0,50 2084239@0,50 2084239@0,50 guide=NRect(l=0.23501578, t=0.20780757, r=0.7649842, b=0.79219246)
09-17 16:02:05.237 I/GuideArt(  590): umrandung - in 116ms kandidaten=2084239@0,51 2084239@0,47 38699854@0,49 2084239@0,50 2084239@0,49 guide=NRect(l=0.23501578, t=0.20780757, r=0.7649842, b=0.79219246)
09-17 16:02:05.625 I/GuideArt(  590): umrandung - in 107ms kandidaten=2084239@0,51 2084239@0,45 38699854@0,49 2084239@0,51 2084239@0,50 guide=NRect(l=0.23501578, t=0.20780757, r=0.7649842, b=0.79219246)
09-17 16:02:05.924 I/GuideArt(  590): umrandung - in 106ms kandidaten=2084239@0,51 2084239@0,47 38699854@0,48 2084239@0,51 2084239@0,50 guide=NRect(l=0.23501578, t=0.20780757, r=0.7649842, b=0.79219246)
09-17 16:02:06.254 I/GuideArt(  590): umrandung - in 102ms kandidaten=2084239@0,51 2084239@0,47 38699854@0,50 2084239@0,51 2084239@0,50 guide=NRect(l=0.23501578, t=0.20780757, r=0.7649842, b=0.79219246)
09-17 16:02:06.605 I/GuideArt(  590): umrandung - in 97ms kandidaten=2084239@0,51 2084239@0,46 38699854@0,49 2084239@0,51 2084239@0,50 guide=NRect(l=0.23501578, t=0.20780757, r=0.7649842, b=0.79219246)
09-17 16:02:06.921 I/GuideArt(  590): umrandung - in 98ms kandidaten=2084239@0,49 2084239@0,46 38699854@0,50 2084239@0,50 2084239@0,50 guide=NRect(l=0.23501578, t=0.20780757, r=0.7649842, b=0.79219246)
09-17 16:02:07.228 I/GuideArt(  590): umrandung - in 111ms kandidaten=2084239@0,51 2084239@0,46 38699854@0,49 2084239@0,50 2084239@0,50 guide=NRect(l=0.23501578, t=0.20780757, r=0.7649842, b=0.79219246)
09-17 16:02:07.608 I/GuideArt(  590): umrandung - in 98ms kandidaten=2084239@0,51 2084239@0,46 38699854@0,50 2084239@0,52 2084239@0,52 guide=NRect(l=0.23501578, t=0.20780757, r=0.7649842, b=0.79219246)
09-17 16:02:07.917 I/GuideArt(  590): umrandung - in 96ms kandidaten=2084239@0,51 2084239@0,47 38699854@0,50 2084239@0,52 2084239@0,51 guide=NRect(l=0.23501578, t=0.20780757, r=0.7649842, b=0.79219246)
09-17 16:02:08.247 I/GuideArt(  590): umrandung - in 104ms kandidaten=2084239@0,51 2084239@0,47 38699854@0,52 2084239@0,51 2084239@0,52 guide=NRect(l=0.23501578, t=0.20780757, r=0.7649842, b=0.79219246)
09-17 16:02:08.630 I/GuideArt(  590): umrandung - in 101ms kandidaten=2084239@0,51 2084239@0,47 38699854@0,50 2084239@0,52 2084239@0,50 guide=NRect(l=0.23501578, t=0.20780757, r=0.7649842, b=0.79219246)
09-17 16:02:08.920 I/GuideArt(  590): umrandung - in 96ms kandidaten=2084239@0,49 2084239@0,45 38699854@0,49 2084239@0,49 2084239@0,48 guide=NRect(l=0.23501578, t=0.20780757, r=0.7649842, b=0.79219246)
09-17 16:02:09.217 I/GuideArt(  590): umrandung - in 97ms kandidaten=2084239@0,50 38699854@0,46 38699854@0,49 2084239@0,51 2084239@0,49 guide=NRect(l=0.23501578, t=0.20780757, r=0.7649842, b=0.79219246)
09-17 16:02:09.566 I/GuideArt(  590): umrandung - in 96ms kandidaten=2084239@0,49 2084239@0,46 38699854@0,50 2084239@0,49 2084239@0,50 guide=NRect(l=0.23501578, t=0.20780757, r=0.7649842, b=0.79219246)
09-17 16:02:09.897 I/GuideArt(  590): umrandung - in 97ms kandidaten=2084239@0,51 2084239@0,47 38699854@0,50 2084239@0,50 2084239@0,51 guide=NRect(l=0.23501578, t=0.20780757, r=0.7649842, b=0.79219246)
09-17 16:02:10.206 I/GuideArt(  590): umrandung - in 97ms kandidaten=2084239@0,49 2084239@0,46 38699854@0,50 2084239@0,50 2084239@0,49 guide=NRect(l=0.23501578, t=0.20780757, r=0.7649842, b=0.79219246)
09-17 16:02:10.589 I/GuideArt(  590): umrandung - in 104ms kandidaten=2084239@0,52 2084239@0,47 38699854@0,49 2084239@0,52 2084239@0,51 guide=NRect(l=0.23501578, t=0.20780757, r=0.7649842, b=0.79219246)
09-17 16:02:10.913 I/GuideArt(  590): umrandung - in 102ms kandidaten=2084239@0,50 2084239@0,46 38699854@0,51 2084239@0,51 2084239@0,49 guide=NRect(l=0.23501578, t=0.20780757, r=0.7649842, b=0.79219246)
09-17 16:02:11.216 I/GuideArt(  590): umrandung - in 98ms kandidaten=2084239@0,50 2084239@0,46 38699854@0,49 2084239@0,49 2084239@0,50 guide=NRect(l=0.23501578, t=0.20780757, r=0.7649842, b=0.79219246)
09-17 16:02:11.585 I/GuideArt(  590): umrandung - in 99ms kandidaten=2084239@0,50 2084239@0,47 38699854@0,49 2084239@0,51 2084239@0,48 guide=NRect(l=0.23501578, t=0.20780757, r=0.7649842, b=0.79219246)
09-17 16:02:11.882 I/GuideArt(  590): umrandung - in 100ms kandidaten=2084239@0,50 2084239@0,47 38699854@0,49 2084239@0,51 2084239@0,50 guide=NRect(l=0.23501578, t=0.20780757, r=0.7649842, b=0.79219246)
09-17 16:02:12.180 I/GuideArt(  590): umrandung - in 99ms kandidaten=2084239@0,51 2084239@0,46 38699854@0,49 2084239@0,51 2084239@0,50 guide=NRect(l=0.23501578, t=0.20780757, r=0.7649842, b=0.79219246)
09-17 16:02:12.548 I/GuideArt(  590): umrandung - in 103ms kandidaten=2084239@0,49 2084239@0,45 38699854@0,49 2084239@0,49 2084239@0,48 guide=NRect(l=0.23501578, t=0.20780757, r=0.7649842, b=0.79219246)
09-17 16:02:12.836 I/GuideArt(  590): umrandung - in 99ms kandidaten=2084239@0,49 2084239@0,47 38699854@0,50 2084239@0,50 2084239@0,49 guide=NRect(l=0.23501578, t=0.20780757, r=0.7649842, b=0.79219246)
09-17 16:02:13.143 I/GuideArt(  590): umrandung - in 99ms kandidaten=2084239@0,49 2084239@0,45 38699854@0,50 2084239@0,50 2084239@0,49 guide=NRect(l=0.23501578, t=0.20780757, r=0.7649842, b=0.79219246)
09-17 16:02:13.522 I/GuideArt(  590): umrandung - in 103ms kandidaten=2084239@0,48 38699854@0,45 38699854@0,50 2084239@0,49 2084239@0,47 guide=NRect(l=0.23501578, t=0.20780757, r=0.7649842, b=0.79219246)
09-17 16:02:13.853 I/GuideArt(  590): umrandung - in 106ms kandidaten=2084239@0,50 2084239@0,45 38699854@0,49 2084239@0,52 2084239@0,50 guide=NRect(l=0.23501578, t=0.20780757, r=0.7649842, b=0.79219246)
09-17 16:02:14.147 I/GuideArt(  590): umrandung - in 98ms kandidaten=2084239@0,50 2084239@0,46 38699854@0,49 2084239@0,50 2084239@0,51 guide=NRect(l=0.23501578, t=0.20780757, r=0.7649842, b=0.79219246)
09-17 16:02:14.538 I/GuideArt(  590): umrandung - in 106ms kandidaten=2084239@0,50 2084239@0,46 38699854@0,51 2084239@0,49 2084239@0,49 guide=NRect(l=0.23501578, t=0.20780757, r=0.7649842, b=0.79219246)
09-17 16:02:14.835 I/GuideArt(  590): umrandung - in 104ms kandidaten=2084239@0,50 2084239@0,46 38699854@0,49 2084239@0,51 2084239@0,50 guide=NRect(l=0.23501578, t=0.20780757, r=0.7649842, b=0.79219246)
09-17 16:02:15.171 I/GuideArt(  590): umrandung - in 105ms kandidaten=2084239@0,50 2084239@0,45 38699854@0,49 2084239@0,50 2084239@0,49 guide=NRect(l=0.23501578, t=0.20780757, r=0.7649842, b=0.79219246)
09-17 16:02:15.536 I/GuideArt(  590): umrandung - in 111ms kandidaten=2084239@0,51 2084239@0,46 38699854@0,50 2084239@0,51 2084239@0,51 guide=NRect(l=0.23501578, t=0.20780757, r=0.7649842, b=0.79219246)
09-17 16:02:15.833 I/GuideArt(  590): umrandung - in 101ms kandidaten=2084239@0,50 2084239@0,45 38699854@0,49 2084239@0,50 2084239@0,49 guide=NRect(l=0.23501578, t=0.20780757, r=0.7649842, b=0.79219246)
09-17 16:02:16.153 I/GuideArt(  590): umrandung - in 104ms kandidaten=2084239@0,50 2084239@0,46 38699854@0,50 2084239@0,50 2084239@0,49 guide=NRect(l=0.23501578, t=0.20780757, r=0.7649842, b=0.79219246)
09-17 16:02:16.522 I/GuideArt(  590): umrandung - in 99ms kandidaten=2084239@0,51 2084239@0,47 38699854@0,50 2084239@0,50 2084239@0,50 guide=NRect(l=0.23501578, t=0.20780757, r=0.7649842, b=0.79219246)
09-17 16:02:16.843 I/GuideArt(  590): umrandung - in 98ms kandidaten=2084239@0,50 2084239@0,46 38699854@0,50 2084239@0,51 2084239@0,49 guide=NRect(l=0.23501578, t=0.20780757, r=0.7649842, b=0.79219246)
09-17 16:02:17.145 I/GuideArt(  590): umrandung - in 107ms kandidaten=2084239@0,52 2084239@0,47 38699854@0,49 2084239@0,51 2084239@0,51 guide=NRect(l=0.23501578, t=0.20780757, r=0.7649842, b=0.79219246)
09-17 16:02:17.509 I/GuideArt(  590): umrandung - in 99ms kandidaten=2084239@0,51 2084239@0,47 38699854@0,49 2084239@0,50 2084239@0,49 guide=NRect(l=0.23501578, t=0.20780757, r=0.7649842, b=0.79219246)
09-17 16:02:17.809 I/GuideArt(  590): umrandung - in 97ms kandidaten=2084239@0,49 2084239@0,45 38699854@0,49 2084239@0,52 2084239@0,49 guide=NRect(l=0.23501578, t=0.20780757, r=0.7649842, b=0.79219246)
09-17 16:02:18.124 I/GuideArt(  590): umrandung - in 99ms kandidaten=2084239@0,51 2084239@0,47 38699854@0,50 2084239@0,52 2084239@0,51 guide=NRect(l=0.23501578, t=0.20780757, r=0.7649842, b=0.79219246)
09-17 16:02:18.501 I/GuideArt(  590): umrandung - in 97ms kandidaten=2084239@0,51 2084239@0,46 38699854@0,50 2084239@0,51 2084239@0,50 guide=NRect(l=0.23501578, t=0.20780757, r=0.7649842, b=0.79219246)
09-17 16:02:18.808 I/GuideArt(  590): umrandung - in 101ms kandidaten=2084239@0,52 2084239@0,47 38699854@0,50 2084239@0,51 2084239@0,51 guide=NRect(l=0.23501578, t=0.20780757, r=0.7649842, b=0.79219246)
09-17 16:02:19.090 I/GuideArt(  590): umrandung - in 98ms kandidaten=2084239@0,51 2084239@0,47 38699854@0,49 2084239@0,51 2084239@0,50 guide=NRect(l=0.23501578, t=0.20780757, r=0.7649842, b=0.79219246)
09-17 16:02:19.428 I/GuideArt(  590): umrandung - in 97ms kandidaten=2084239@0,50 2084239@0,46 38699854@0,50 2084239@0,50 2084239@0,49 guide=NRect(l=0.23501578, t=0.20780757, r=0.7649842, b=0.79219246)
09-17 16:02:19.740 I/GuideArt(  590): umrandung - in 96ms kandidaten=2084239@0,51 2084239@0,47 38699854@0,50 2084239@0,50 2084239@0,49 guide=NRect(l=0.23501578, t=0.20780757, r=0.7649842, b=0.79219246)
09-17 16:02:20.022 I/GuideArt(  590): umrandung - in 105ms kandidaten=2084239@0,51 38699854@0,46 38699854@0,50 2084239@0,50 2084239@0,50 guide=NRect(l=0.23501578, t=0.20780757, r=0.7649842, b=0.79219246)
09-17 16:02:20.411 I/GuideArt(  590): umrandung - in 98ms kandidaten=2084239@0,51 2084239@0,45 38699854@0,49 2084239@0,51 2084239@0,49 guide=NRect(l=0.23501578, t=0.20780757, r=0.7649842, b=0.79219246)
09-17 16:02:20.712 I/GuideArt(  590): umrandung - in 98ms kandidaten=2084239@0,50 2084239@0,46 38699854@0,50 2084239@0,52 2084239@0,49 guide=NRect(l=0.23501578, t=0.20780757, r=0.7649842, b=0.79219246)
09-17 16:02:20.997 I/GuideArt(  590): umrandung - in 97ms kandidaten=2084239@0,49 38699854@0,45 38699854@0,50 2084239@0,50 2084239@0,50 guide=NRect(l=0.23501578, t=0.20780757, r=0.7649842, b=0.79219246)
09-17 16:02:21.381 I/GuideArt(  590): umrandung - in 99ms kandidaten=2084239@0,49 2084239@0,45 38699854@0,50 2084239@0,50 2084239@0,49 guide=NRect(l=0.23501578, t=0.20780757, r=0.7649842, b=0.79219246)
09-17 16:02:21.708 I/GuideArt(  590): umrandung - in 97ms kandidaten=2084239@0,51 2084239@0,47 38699854@0,50 2084239@0,51 2084239@0,50 guide=NRect(l=0.23501578, t=0.20780757, r=0.7649842, b=0.79219246)
09-17 16:02:22.014 I/GuideArt(  590): umrandung - in 102ms kandidaten=2084239@0,50 2084239@0,46 38699854@0,50 2084239@0,50 2084239@0,49 guide=NRect(l=0.23501578, t=0.20780757, r=0.7649842, b=0.79219246)
09-17 16:02:22.366 I/GuideArt(  590): umrandung - in 97ms kandidaten=2084239@0,49 2084239@0,46 38699854@0,50 2084239@0,50 2084239@0,49 guide=NRect(l=0.23501578, t=0.20780757, r=0.7649842, b=0.79219246)
09-17 16:02:22.668 I/GuideArt(  590): umrandung - in 98ms kandidaten=2084239@0,49 2084239@0,45 38699854@0,49 2084239@0,49 2084239@0,48 guide=NRect(l=0.23501578, t=0.20780757, r=0.7649842, b=0.79219246)
09-17 16:02:22.980 I/GuideArt(  590): umrandung - in 99ms kandidaten=2084239@0,50 2084239@0,45 38699854@0,49 2084239@0,51 2084239@0,48 guide=NRect(l=0.23501578, t=0.20780757, r=0.7649842, b=0.79219246)
09-17 16:02:23.344 I/GuideArt(  590): umrandung - in 96ms kandidaten=2084239@0,51 2084239@0,46 38699854@0,50 2084239@0,51 2084239@0,50 guide=NRect(l=0.23501578, t=0.20780757, r=0.7649842, b=0.79219246)
09-17 16:02:23.647 I/GuideArt(  590): umrandung - in 98ms kandidaten=2084239@0,48 2084239@0,45 38699854@0,49 2084239@0,51 2084239@0,48 guide=NRect(l=0.23501578, t=0.20780757, r=0.7649842, b=0.79219246)
09-17 16:02:23.939 I/GuideArt(  590): umrandung - in 103ms kandidaten=2084239@0,50 2084239@0,46 38699854@0,50 2084239@0,51 2084239@0,50 guide=NRect(l=0.23501578, t=0.20780757, r=0.7649842, b=0.79219246)
09-17 16:02:24.319 I/GuideArt(  590): umrandung - in 100ms kandidaten=2084239@0,50 2084239@0,46 38699854@0,49 2084239@0,50 2084239@0,50 guide=NRect(l=0.23501578, t=0.20780757, r=0.7649842, b=0.79219246)
09-17 16:02:24.665 I/GuideArt(  590): umrandung - in 98ms kandidaten=2084239@0,50 2084239@0,46 38699854@0,50 2084239@0,50 2084239@0,50 guide=NRect(l=0.23501578, t=0.20780757, r=0.7649842, b=0.79219246)
09-17 16:02:24.960 I/GuideArt(  590): umrandung - in 97ms kandidaten=2084239@0,50 2084239@0,45 38699854@0,49 2084239@0,50 2084239@0,50 guide=NRect(l=0.23501578, t=0.20780757, r=0.7649842, b=0.79219246)
09-17 16:02:25.333 I/GuideArt(  590): umrandung - in 99ms kandidaten=2084239@0,51 2084239@0,46 38699854@0,49 2084239@0,52 2084239@0,50 guide=NRect(l=0.23501578, t=0.20780757, r=0.7649842, b=0.79219246)
09-17 16:02:25.631 I/GuideArt(  590): umrandung - in 101ms kandidaten=2084239@0,51 2084239@0,46 38699854@0,49 2084239@0,51 2084239@0,49 guide=NRect(l=0.23501578, t=0.20780757, r=0.7649842, b=0.79219246)
09-17 16:02:25.919 I/GuideArt(  590): umrandung - in 98ms kandidaten=2084239@0,50 2084239@0,46 38699854@0,49 2084239@0,49 2084239@0,49 guide=NRect(l=0.23501578, t=0.20780757, r=0.7649842, b=0.79219246)
09-17 16:02:26.288 I/GuideArt(  590): umrandung - in 98ms kandidaten=2084239@0,50 2084239@0,47 38699854@0,50 2084239@0,51 2084239@0,50 guide=NRect(l=0.23501578, t=0.20780757, r=0.7649842, b=0.79219246)
09-17 16:02:26.613 I/GuideArt(  590): umrandung - in 101ms kandidaten=2084239@0,51 2084239@0,47 38699854@0,50 2084239@0,51 2084239@0,50 guide=NRect(l=0.23501578, t=0.20780757, r=0.7649842, b=0.79219246)
09-17 16:02:26.911 I/GuideArt(  590): umrandung - in 101ms kandidaten=2084239@0,50 2084239@0,46 38699854@0,50 2084239@0,50 2084239@0,49 guide=NRect(l=0.23501578, t=0.20780757, r=0.7649842, b=0.79219246)
09-17 16:02:27.295 I/GuideArt(  590): umrandung - in 108ms kandidaten=2084239@0,50 2084239@0,47 38699854@0,50 2084239@0,51 2084239@0,52 guide=NRect(l=0.23501578, t=0.20780757, r=0.7649842, b=0.79219246)
09-17 16:02:27.620 I/GuideArt(  590): umrandung - in 111ms kandidaten=2084239@0,49 2084239@0,46 38699854@0,49 2084239@0,52 2084239@0,49 guide=NRect(l=0.23501578, t=0.20780757, r=0.7649842, b=0.79219246)
09-17 16:02:27.964 I/GuideArt(  590): umrandung - in 116ms kandidaten=2084239@0,50 2084239@0,47 38699854@0,50 2084239@0,51 2084239@0,49 guide=NRect(l=0.23501578, t=0.20780757, r=0.7649842, b=0.79219246)
09-17 16:02:28.343 I/GuideArt(  590): umrandung - in 115ms kandidaten=2084239@0,49 2084239@0,45 38699854@0,50 2084239@0,49 2084239@0,50 guide=NRect(l=0.23501578, t=0.20780757, r=0.7649842, b=0.79219246)
09-17 16:02:28.659 I/GuideArt(  590): umrandung - in 115ms kandidaten=2084239@0,51 2084239@0,46 38699854@0,50 2084239@0,51 2084239@0,50 guide=NRect(l=0.23501578, t=0.20780757, r=0.7649842, b=0.79219246)
09-17 16:02:28.982 I/GuideArt(  590): umrandung - in 111ms kandidaten=2084239@0,50 2084239@0,46 38699854@0,49 2084239@0,51 2084239@0,51 guide=NRect(l=0.23501578, t=0.20780757, r=0.7649842, b=0.79219246)
09-17 16:02:29.396 I/GuideArt(  590): umrandung - in 110ms kandidaten=2084239@0,49 2084239@0,45 38699854@0,50 2084239@0,51 2084239@0,48 guide=NRect(l=0.23501578, t=0.20780757, r=0.7649842, b=0.79219246)
09-17 16:02:29.726 I/GuideArt(  590): umrandung - in 109ms kandidaten=2084239@0,50 2084239@0,47 38699854@0,49 2084239@0,50 2084239@0,48 guide=NRect(l=0.23501578, t=0.20780757, r=0.7649842, b=0.79219246)
09-17 16:02:30.074 I/GuideArt(  590): umrandung - in 107ms kandidaten=2084239@0,48 2084239@0,46 38699854@0,50 2084239@0,49 2084239@0,49 guide=NRect(l=0.23501578, t=0.20780757, r=0.7649842, b=0.79219246)
09-17 16:02:30.449 I/GuideArt(  590): umrandung - in 111ms kandidaten=2084239@0,49 2084239@0,46 38699854@0,49 2084239@0,50 2084239@0,48 guide=NRect(l=0.23501578, t=0.20780757, r=0.7649842, b=0.79219246)
09-17 16:02:30.792 I/GuideArt(  590): umrandung - in 109ms kandidaten=2084239@0,51 2084239@0,48 38699854@0,49 2084239@0,51 2084239@0,51 guide=NRect(l=0.23501578, t=0.20780757, r=0.7649842, b=0.79219246)
09-17 16:02:31.106 I/GuideArt(  590): umrandung - in 111ms kandidaten=2084239@0,51 2084239@0,47 38699854@0,51 2084239@0,52 2084239@0,49 guide=NRect(l=0.23501578, t=0.20780757, r=0.7649842, b=0.79219246)
09-17 16:02:31.496 I/GuideArt(  590): umrandung - in 123ms kandidaten=2084239@0,51 38699854@0,47 38699854@0,51 2084239@0,49 2084239@0,49 guide=NRect(l=0.23501578, t=0.20780757, r=0.7649842, b=0.79219246)
09-17 16:02:31.837 I/GuideArt(  590): umrandung - in 120ms kandidaten=2084239@0,50 2084239@0,46 38699854@0,49 2084239@0,51 2084239@0,49 guide=NRect(l=0.23501578, t=0.20780757, r=0.7649842, b=0.79219246)
09-17 16:02:32.161 I/GuideArt(  590): umrandung - in 114ms kandidaten=2084239@0,49 2084239@0,45 38699854@0,50 2084239@0,50 2084239@0,49 guide=NRect(l=0.23501578, t=0.20780757, r=0.7649842, b=0.79219246)
09-17 16:02:32.544 I/GuideArt(  590): umrandung - in 109ms kandidaten=2084239@0,49 2084239@0,46 38699854@0,50 2084239@0,51 2084239@0,50 guide=NRect(l=0.23501578, t=0.20780757, r=0.7649842, b=0.79219246)
09-17 16:02:32.904 I/GuideArt(  590): umrandung - in 112ms kandidaten=2084239@0,49 2084239@0,45 38699854@0,49 2084239@0,50 2084239@0,48 guide=NRect(l=0.23501578, t=0.20780757, r=0.7649842, b=0.79219246)
09-17 16:02:33.219 I/GuideArt(  590): umrandung - in 110ms kandidaten=2084239@0,51 2084239@0,46 38699854@0,50 2084239@0,51 2084239@0,50 guide=NRect(l=0.23501578, t=0.20780757, r=0.7649842, b=0.79219246)
09-17 16:02:33.619 I/GuideArt(  590): umrandung - in 109ms kandidaten=2084239@0,50 2084239@0,46 38699854@0,50 2084239@0,51 2084239@0,50 guide=NRect(l=0.23501578, t=0.20780757, r=0.7649842, b=0.79219246)
09-17 16:02:33.954 I/GuideArt(  590): umrandung - in 110ms kandidaten=2084239@0,49 2084239@0,46 38699854@0,49 2084239@0,50 2084239@0,49 guide=NRect(l=0.23501578, t=0.20780757, r=0.7649842, b=0.79219246)
09-17 16:02:34.299 I/GuideArt(  590): umrandung - in 112ms kandidaten=2084239@0,49 2084239@0,46 38699854@0,49 2084239@0,51 2084239@0,49 guide=NRect(l=0.23501578, t=0.20780757, r=0.7649842, b=0.79219246)
09-17 16:02:34.706 I/GuideArt(  590): umrandung - in 120ms kandidaten=2084239@0,51 2084239@0,47 38699854@0,50 2084239@0,52 2084239@0,50 guide=NRect(l=0.23501578, t=0.20780757, r=0.7649842, b=0.79219246)
09-17 16:02:35.010 I/GuideArt(  590): umrandung - in 115ms kandidaten=2084239@0,50 2084239@0,46 38699854@0,49 2084239@0,50 2084239@0,51 guide=NRect(l=0.23501578, t=0.20780757, r=0.7649842, b=0.79219246)
09-17 16:02:35.314 I/GuideArt(  590): umrandung - in 113ms kandidaten=2084239@0,49 2084239@0,45 38699854@0,50 2084239@0,50 2084239@0,49 guide=NRect(l=0.23501578, t=0.20780757, r=0.7649842, b=0.79219246)
09-17 16:02:35.737 I/GuideArt(  590): umrandung - in 110ms kandidaten=2084239@0,50 2084239@0,46 38699854@0,50 2084239@0,50 2084239@0,50 guide=NRect(l=0.23501578, t=0.20780757, r=0.7649842, b=0.79219246)
09-17 16:02:36.137 I/GuideArt(  590): umrandung - in 112ms kandidaten=2084239@0,50 2084239@0,46 38699854@0,50 2084239@0,51 2084239@0,48 guide=NRect(l=0.23501578, t=0.20780757, r=0.7649842, b=0.79219246)
09-17 16:02:36.483 I/GuideArt(  590): umrandung - in 107ms kandidaten=2084239@0,50 2084239@0,47 38699854@0,50 2084239@0,50 2084239@0,49 guide=NRect(l=0.23501578, t=0.20780757, r=0.7649842, b=0.79219246)
09-17 16:02:36.864 I/GuideArt(  590): umrandung - in 109ms kandidaten=2084239@0,50 2084239@0,47 38699854@0,50 2084239@0,51 2084239@0,50 guide=NRect(l=0.23501578, t=0.20780757, r=0.7649842, b=0.79219246)
09-17 16:02:37.230 I/GuideArt(  590): umrandung - in 122ms kandidaten=2084239@0,49 2084239@0,45 38699854@0,50 2084239@0,51 2084239@0,50 guide=NRect(l=0.23501578, t=0.20780757, r=0.7649842, b=0.79219246)
09-17 16:02:37.569 I/GuideArt(  590): umrandung - in 119ms kandidaten=2084239@0,51 2084239@0,48 38699854@0,49 2084239@0,51 2084239@0,50 guide=NRect(l=0.23501578, t=0.20780757, r=0.7649842, b=0.79219246)
09-17 16:02:37.939 I/GuideArt(  590): umrandung - in 112ms kandidaten=2084239@0,50 2084239@0,46 38699854@0,49 2084239@0,50 2084239@0,50 guide=NRect(l=0.23501578, t=0.20780757, r=0.7649842, b=0.79219246)
09-17 16:02:38.244 I/GuideArt(  590): umrandung - in 113ms kandidaten=2084239@0,52 2084239@0,47 38699854@0,50 2084239@0,52 2084239@0,51 guide=NRect(l=0.23501578, t=0.20780757, r=0.7649842, b=0.79219246)
09-17 16:02:38.599 I/GuideArt(  590): umrandung - in 116ms kandidaten=2084239@0,49 2084239@0,47 38699854@0,50 2084239@0,50 2084239@0,48 guide=NRect(l=0.23501578, t=0.20780757, r=0.7649842, b=0.79219246)
09-17 16:02:38.985 I/GuideArt(  590): umrandung - in 113ms kandidaten=2084239@0,51 2084239@0,46 38699854@0,48 2084239@0,50 2084239@0,50 guide=NRect(l=0.23501578, t=0.20780757, r=0.7649842, b=0.79219246)
09-17 16:02:39.334 I/GuideArt(  590): umrandung - in 110ms kandidaten=2084239@0,51 2084239@0,46 38699854@0,49 2084239@0,53 2084239@0,50 guide=NRect(l=0.23501578, t=0.20780757, r=0.7649842, b=0.79219246)
09-17 16:02:39.651 I/GuideArt(  590): umrandung - in 110ms kandidaten=2084239@0,50 2084239@0,47 38699854@0,51 2084239@0,51 2084239@0,49 guide=NRect(l=0.23501578, t=0.20780757, r=0.7649842, b=0.79219246)
09-17 16:02:40.040 I/GuideArt(  590): umrandung - in 108ms kandidaten=2084239@0,50 2084239@0,47 38699854@0,48 2084239@0,52 2084239@0,50 guide=NRect(l=0.23501578, t=0.20780757, r=0.7649842, b=0.79219246)
09-17 16:02:40.390 I/GuideArt(  590): umrandung - in 106ms kandidaten=2084239@0,51 2084239@0,46 38699854@0,49 2084239@0,50 2084239@0,50 guide=NRect(l=0.23501578, t=0.20780757, r=0.7649842, b=0.79219246)
09-17 16:02:40.717 I/GuideArt(  590): umrandung - in 108ms kandidaten=2084239@0,51 2084239@0,46 38699854@0,49 2084239@0,51 2084239@0,49 guide=NRect(l=0.23501578, t=0.20780757, r=0.7649842, b=0.79219246)
09-17 16:02:41.157 I/GuideArt(  590): umrandung - in 120ms kandidaten=2084239@0,52 2084239@0,48 38699854@0,49 2084239@0,51 2084239@0,51 guide=NRect(l=0.23501578, t=0.20780757, r=0.7649842, b=0.79219246)
09-17 16:02:41.476 I/GuideArt(  590): umrandung - in 107ms kandidaten=2084239@0,50 2084239@0,46 38699854@0,49 2084239@0,51 2084239@0,49 guide=NRect(l=0.23501578, t=0.20780757, r=0.7649842, b=0.79219246)
09-17 16:02:41.824 I/GuideArt(  590): umrandung - in 112ms kandidaten=2084239@0,51 2084239@0,46 38699854@0,50 2084239@0,51 2084239@0,50 guide=NRect(l=0.23501578, t=0.20780757, r=0.7649842, b=0.79219246)
09-17 16:02:42.218 I/GuideArt(  590): umrandung - in 110ms kandidaten=2084239@0,50 2084239@0,46 38699854@0,50 2084239@0,50 2084239@0,49 guide=NRect(l=0.23501578, t=0.20780757, r=0.7649842, b=0.79219246)
09-17 16:02:42.561 I/GuideArt(  590): umrandung - in 114ms kandidaten=2084239@0,50 2084239@0,46 38699854@0,50 2084239@0,51 2084239@0,49 guide=NRect(l=0.23501578, t=0.20780757, r=0.7649842, b=0.79219246)
09-17 16:02:42.881 I/GuideArt(  590): umrandung - in 108ms kandidaten=2084239@0,50 2084239@0,47 38699854@0,48 2084239@0,49 2084239@0,50 guide=NRect(l=0.23501578, t=0.20780757, r=0.7649842, b=0.79219246)
09-17 16:02:43.271 I/GuideArt(  590): umrandung - in 106ms kandidaten=2084239@0,49 2084239@0,46 38699854@0,49 2084239@0,50 2084239@0,52 guide=NRect(l=0.23501578, t=0.20780757, r=0.7649842, b=0.79219246)
09-17 16:02:43.613 I/GuideArt(  590): umrandung - in 118ms kandidaten=2084239@0,52 2084239@0,46 38699854@0,51 2084239@0,51 2084239@0,51 guide=NRect(l=0.23501578, t=0.20780757, r=0.7649842, b=0.79219246)
09-17 16:02:43.954 I/GuideArt(  590): umrandung - in 115ms kandidaten=2084239@0,49 2084239@0,46 38699854@0,50 2084239@0,51 2084239@0,50 guide=NRect(l=0.23501578, t=0.20780757, r=0.7649842, b=0.79219246)
09-17 16:02:44.340 I/GuideArt(  590): umrandung - in 116ms kandidaten=2084239@0,50 38699854@0,46 38699854@0,50 2084239@0,49 2084239@0,50 guide=NRect(l=0.23501578, t=0.20780757, r=0.7649842, b=0.79219246)
09-17 16:02:44.697 I/GuideArt(  590): umrandung - in 108ms kandidaten=2084239@0,50 38699854@0,45 38699854@0,50 2084239@0,51 2084239@0,50 guide=NRect(l=0.23501578, t=0.20780757, r=0.7649842, b=0.79219246)
09-17 16:02:45.016 I/GuideArt(  590): umrandung - in 111ms kandidaten=2084239@0,50 2084239@0,46 38699854@0,50 2084239@0,51 2084239@0,49 guide=NRect(l=0.23501578, t=0.20780757, r=0.7649842, b=0.79219246)
09-17 16:02:45.438 I/GuideArt(  590): umrandung - in 112ms kandidaten=2084239@0,52 2084239@0,47 38699854@0,49 2084239@0,51 2084239@0,51 guide=NRect(l=0.23501578, t=0.20780757, r=0.7649842, b=0.79219246)
09-17 16:02:45.785 I/GuideArt(  590): umrandung - in 108ms kandidaten=2084239@0,50 2084239@0,46 38699854@0,49 2084239@0,49 2084239@0,49 guide=NRect(l=0.23501578, t=0.20780757, r=0.7649842, b=0.79219246)
09-17 16:02:46.125 I/GuideArt(  590): umrandung - in 107ms kandidaten=2084239@0,51 2084239@0,46 38699854@0,50 2084239@0,51 2084239@0,49 guide=NRect(l=0.23501578, t=0.20780757, r=0.7649842, b=0.79219246)
09-17 16:02:46.499 I/GuideArt(  590): umrandung - in 112ms kandidaten=2084239@0,51 2084239@0,46 38699854@0,49 2084239@0,51 2084239@0,50 guide=NRect(l=0.23501578, t=0.20780757, r=0.7649842, b=0.79219246)
09-17 16:02:46.829 I/GuideArt(  590): umrandung - in 112ms kandidaten=2084239@0,51 2084239@0,48 38699854@0,49 2084239@0,51 2084239@0,51 guide=NRect(l=0.23501578, t=0.20780757, r=0.7649842, b=0.79219246)
09-17 16:02:47.138 I/GuideArt(  590): umrandung - in 114ms kandidaten=2084239@0,49 2084239@0,46 38699854@0,50 2084239@0,51 2084239@0,48 guide=NRect(l=0.23501578, t=0.20780757, r=0.7649842, b=0.79219246)
09-17 16:02:47.559 I/GuideArt(  590): umrandung - in 120ms kandidaten=2084239@0,51 2084239@0,46 38699854@0,49 2084239@0,51 2084239@0,48 guide=NRect(l=0.23501578, t=0.20780757, r=0.7649842, b=0.79219246)
09-17 16:02:47.880 I/GuideArt(  590): umrandung - in 114ms kandidaten=2084239@0,51 2084239@0,47 38699854@0,50 2084239@0,51 2084239@0,50 guide=NRect(l=0.23501578, t=0.20780757, r=0.7649842, b=0.79219246)
09-17 16:02:48.213 I/GuideArt(  590): umrandung - in 106ms kandidaten=2084239@0,52 2084239@0,47 38699854@0,49 2084239@0,52 2084239@0,50 guide=NRect(l=0.23501578, t=0.20780757, r=0.7649842, b=0.79219246)
09-17 16:02:48.622 I/GuideArt(  590): umrandung - in 127ms kandidaten=2084239@0,50 2084239@0,47 38699854@0,50 2084239@0,50 2084239@0,50 guide=NRect(l=0.23501578, t=0.20780757, r=0.7649842, b=0.79219246)
09-17 16:02:48.947 I/GuideArt(  590): umrandung - in 108ms kandidaten=2084239@0,49 2084239@0,46 38699854@0,49 2084239@0,50 2084239@0,49 guide=NRect(l=0.23501578, t=0.20780757, r=0.7649842, b=0.79219246)
09-17 16:02:49.288 I/GuideArt(  590): umrandung - in 112ms kandidaten=2084239@0,51 2084239@0,47 38699854@0,50 2084239@0,51 2084239@0,52 guide=NRect(l=0.23501578, t=0.20780757, r=0.7649842, b=0.79219246)
09-17 16:02:49.677 I/GuideArt(  590): umrandung - in 110ms kandidaten=2084239@0,50 2084239@0,46 38699854@0,49 2084239@0,51 2084239@0,49 guide=NRect(l=0.23501578, t=0.20780757, r=0.7649842, b=0.79219246)
09-17 16:02:50.015 I/GuideArt(  590): umrandung - in 112ms kandidaten=2084239@0,51 2084239@0,47 38699854@0,49 2084239@0,51 2084239@0,49 guide=NRect(l=0.23501578, t=0.20780757, r=0.7649842, b=0.79219246)
09-17 16:02:50.365 I/GuideArt(  590): umrandung - in 119ms kandidaten=2084239@0,50 2084239@0,45 38699854@0,49 2084239@0,52 2084239@0,51 guide=NRect(l=0.23501578, t=0.20780757, r=0.7649842, b=0.79219246)
09-17 16:02:50.775 I/GuideArt(  590): umrandung - in 109ms kandidaten=2084239@0,49 2084239@0,46 38699854@0,50 2084239@0,51 2084239@0,49 guide=NRect(l=0.23501578, t=0.20780757, r=0.7649842, b=0.79219246)
09-17 16:02:51.124 I/GuideArt(  590): umrandung - in 109ms kandidaten=2084239@0,49 2084239@0,45 38699854@0,49 2084239@0,52 2084239@0,49 guide=NRect(l=0.23501578, t=0.20780757, r=0.7649842, b=0.79219246)
09-17 16:02:51.438 I/GuideArt(  590): umrandung - in 109ms kandidaten=2084239@0,49 2084239@0,46 38699854@0,49 2084239@0,50 2084239@0,48 guide=NRect(l=0.23501578, t=0.20780757, r=0.7649842, b=0.79219246)
09-17 16:02:51.839 I/GuideArt(  590): umrandung - in 107ms kandidaten=2084239@0,51 2084239@0,46 38699854@0,49 2084239@0,52 2084239@0,50 guide=NRect(l=0.23501578, t=0.20780757, r=0.7649842, b=0.79219246)
09-17 16:02:52.195 I/GuideArt(  590): umrandung - in 107ms kandidaten=2084239@0,50 2084239@0,45 38699854@0,48 2084239@0,50 2084239@0,48 guide=NRect(l=0.23501578, t=0.20780757, r=0.7649842, b=0.79219246)
09-17 16:02:52.525 I/GuideArt(  590): umrandung - in 108ms kandidaten=2084239@0,51 2084239@0,47 38699854@0,50 2084239@0,52 2084239@0,50 guide=NRect(l=0.23501578, t=0.20780757, r=0.7649842, b=0.79219246)
09-17 16:02:52.939 I/GuideArt(  590): umrandung - in 120ms kandidaten=2084239@0,50 2084239@0,47 38699854@0,48 2084239@0,52 2084239@0,50 guide=NRect(l=0.23501578, t=0.20780757, r=0.7649842, b=0.79219246)
09-17 16:02:53.305 I/GuideArt(  590): umrandung - in 113ms kandidaten=2084239@0,50 2084239@0,46 38699854@0,48 2084239@0,52 2084239@0,49 guide=NRect(l=0.23501578, t=0.20780757, r=0.7649842, b=0.79219246)
09-17 16:02:53.637 I/GuideArt(  590): umrandung - in 107ms kandidaten=2084239@0,50 2084239@0,46 38699854@0,50 2084239@0,52 2084239@0,49 guide=NRect(l=0.23501578, t=0.20780757, r=0.7649842, b=0.79219246)
09-17 16:02:54.030 I/GuideArt(  590): umrandung - in 105ms kandidaten=2084239@0,49 2084239@0,46 38699854@0,50 2084239@0,50 2084239@0,48 guide=NRect(l=0.23501578, t=0.20780757, r=0.7649842, b=0.79219246)
09-17 16:02:54.335 I/GuideArt(  590): umrandung - in 106ms kandidaten=2084239@0,49 2084239@0,45 38699854@0,49 2084239@0,50 2084239@0,48 guide=NRect(l=0.23501578, t=0.20780757, r=0.7649842, b=0.79219246)
09-17 16:02:54.668 I/GuideArt(  590): umrandung - in 109ms kandidaten=2084239@0,51 2084239@0,46 38699854@0,49 2084239@0,52 2084239@0,50 guide=NRect(l=0.23501578, t=0.20780757, r=0.7649842, b=0.79219246)
09-17 16:02:55.078 I/GuideArt(  590): umrandung - in 114ms kandidaten=2084239@0,51 2084239@0,46 38699854@0,50 2084239@0,52 2084239@0,51 guide=NRect(l=0.23501578, t=0.20780757, r=0.7649842, b=0.79219246)
09-17 16:02:55.400 I/GuideArt(  590): umrandung - in 109ms kandidaten=2084239@0,51 2084239@0,46 38699854@0,49 2084239@0,52 2084239@0,50 guide=NRect(l=0.23501578, t=0.20780757, r=0.7649842, b=0.79219246)
09-17 16:02:55.735 I/GuideArt(  590): umrandung - in 107ms kandidaten=2084239@0,51 2084239@0,47 38699854@0,48 2084239@0,50 2084239@0,49 guide=NRect(l=0.23501578, t=0.20780757, r=0.7649842, b=0.79219246)
09-17 16:02:56.130 I/GuideArt(  590): umrandung - in 115ms kandidaten=2084239@0,50 2084239@0,46 38699854@0,50 2084239@0,52 2084239@0,49 guide=NRect(l=0.23501578, t=0.20780757, r=0.7649842, b=0.79219246)
09-17 16:02:56.458 I/GuideArt(  590): umrandung - in 115ms kandidaten=2084239@0,49 2084239@0,46 38699854@0,50 2084239@0,49 2084239@0,50 guide=NRect(l=0.23501578, t=0.20780757, r=0.7649842, b=0.79219246)
09-17 16:02:56.790 I/GuideArt(  590): umrandung - in 121ms kandidaten=2084239@0,50 2084239@0,46 38699854@0,50 2084239@0,50 2084239@0,50 guide=NRect(l=0.23501578, t=0.20780757, r=0.7649842, b=0.79219246)
09-17 16:02:57.163 I/GuideArt(  590): umrandung - in 110ms kandidaten=2084239@0,50 2084239@0,46 38699854@0,48 2084239@0,49 2084239@0,49 guide=NRect(l=0.23501578, t=0.20780757, r=0.7649842, b=0.79219246)
09-17 16:02:57.477 I/GuideArt(  590): umrandung - in 107ms kandidaten=2084239@0,50 2084239@0,46 38699854@0,48 2084239@0,50 2084239@0,50 guide=NRect(l=0.23501578, t=0.20780757, r=0.7649842, b=0.79219246)
09-17 16:02:57.810 I/GuideArt(  590): umrandung - in 112ms kandidaten=2084239@0,50 2084239@0,46 38699854@0,49 2084239@0,52 2084239@0,50 guide=NRect(l=0.23501578, t=0.20780757, r=0.7649842, b=0.79219246)
09-17 16:02:58.194 I/GuideArt(  590): umrandung - in 108ms kandidaten=2084239@0,51 2084239@0,46 38699854@0,49 2084239@0,51 2084239@0,50 guide=NRect(l=0.23501578, t=0.20780757, r=0.7649842, b=0.79219246)
09-17 16:02:58.565 I/GuideArt(  590): umrandung - in 110ms kandidaten=2084239@0,51 2084239@0,46 38699854@0,50 2084239@0,51 2084239@0,50 guide=NRect(l=0.23501578, t=0.20780757, r=0.7649842, b=0.79219246)
09-17 16:02:58.903 I/GuideArt(  590): umrandung - in 108ms kandidaten=2084239@0,50 2084239@0,46 38699854@0,50 2084239@0,51 2084239@0,50 guide=NRect(l=0.23501578, t=0.20780757, r=0.7649842, b=0.79219246)
09-17 16:02:59.313 I/GuideArt(  590): umrandung - in 121ms kandidaten=2084239@0,49 38699854@0,46 38699854@0,49 2084239@0,51 2084239@0,50 guide=NRect(l=0.23501578, t=0.20780757, r=0.7649842, b=0.79219246)
09-17 16:02:59.641 I/GuideArt(  590): umrandung - in 114ms kandidaten=2084239@0,50 2084239@0,46 38699854@0,49 2084239@0,49 2084239@0,49 guide=NRect(l=0.23501578, t=0.20780757, r=0.7649842, b=0.79219246)
09-17 16:02:59.983 I/GuideArt(  590): umrandung - in 124ms kandidaten=2084239@0,50 2084239@0,46 38699854@0,49 2084239@0,50 2084239@0,49 guide=NRect(l=0.23501578, t=0.20780757, r=0.7649842, b=0.79219246)
09-17 16:03:00.367 I/GuideArt(  590): umrandung - in 113ms kandidaten=2084239@0,50 2084239@0,45 38699854@0,49 2084239@0,49 2084239@0,50 guide=NRect(l=0.23501578, t=0.20780757, r=0.7649842, b=0.79219246)
09-17 16:03:00.719 I/GuideArt(  590): umrandung - in 109ms kandidaten=2084239@0,52 2084239@0,46 38699854@0,50 2084239@0,51 2084239@0,50 guide=NRect(l=0.23501578, t=0.20780757, r=0.7649842, b=0.79219246)
09-17 16:03:01.032 I/GuideArt(  590): umrandung - in 110ms kandidaten=2084239@0,51 2084239@0,46 38699854@0,50 2084239@0,50 2084239@0,50 guide=NRect(l=0.23501578, t=0.20780757, r=0.7649842, b=0.79219246)
09-17 16:03:01.397 I/GuideArt(  590): umrandung - in 107ms kandidaten=2084239@0,49 2084239@0,46 38699854@0,50 2084239@0,51 2084239@0,51 guide=NRect(l=0.23501578, t=0.20780757, r=0.7649842, b=0.79219246)
09-17 16:03:01.749 I/GuideArt(  590): umrandung - in 107ms kandidaten=2084239@0,50 2084239@0,46 38699854@0,49 2084239@0,51 2084239@0,49 guide=NRect(l=0.23501578, t=0.20780757, r=0.7649842, b=0.79219246)
09-17 16:03:02.070 I/GuideArt(  590): umrandung - in 109ms kandidaten=2084239@0,50 2084239@0,45 38699854@0,48 2084239@0,50 2084239@0,49 guide=NRect(l=0.23501578, t=0.20780757, r=0.7649842, b=0.79219246)
09-17 16:03:02.475 I/GuideArt(  590): umrandung - in 107ms kandidaten=2084239@0,51 2084239@0,47 38699854@0,49 2084239@0,50 2084239@0,50 guide=NRect(l=0.23501578, t=0.20780757, r=0.7649842, b=0.79219246)
09-17 16:03:02.790 I/GuideArt(  590): umrandung - in 109ms kandidaten=2084239@0,50 2084239@0,46 38699854@0,51 2084239@0,50 2084239@0,50 guide=NRect(l=0.23501578, t=0.20780757, r=0.7649842, b=0.79219246)
09-17 16:03:03.143 I/GuideArt(  590): umrandung - in 115ms kandidaten=2084239@0,53 2084239@0,47 38699854@0,49 2084239@0,52 2084239@0,51 guide=NRect(l=0.23501578, t=0.20780757, r=0.7649842, b=0.79219246)
09-17 16:03:03.562 I/GuideArt(  590): umrandung - in 109ms kandidaten=2084239@0,50 2084239@0,46 38699854@0,49 2084239@0,50 2084239@0,50 guide=NRect(l=0.23501578, t=0.20780757, r=0.7649842, b=0.79219246)
09-17 16:03:03.906 I/GuideArt(  590): umrandung - in 107ms kandidaten=2084239@0,50 2084239@0,46 38699854@0,49 2084239@0,50 2084239@0,48 guide=NRect(l=0.23501578, t=0.20780757, r=0.7649842, b=0.79219246)
09-17 16:03:04.244 I/GuideArt(  590): umrandung - in 110ms kandidaten=2084239@0,49 2084239@0,45 38699854@0,49 2084239@0,49 2084239@0,49 guide=NRect(l=0.23501578, t=0.20780757, r=0.7649842, b=0.79219246)
09-17 16:03:04.619 I/GuideArt(  590): umrandung - in 107ms kandidaten=2084239@0,50 2084239@0,47 38699854@0,50 2084239@0,51 2084239@0,50 guide=NRect(l=0.23501578, t=0.20780757, r=0.7649842, b=0.79219246)
09-17 16:03:04.986 I/GuideArt(  590): umrandung - in 111ms kandidaten=2084239@0,50 2084239@0,47 38699854@0,50 2084239@0,51 2084239@0,49 guide=NRect(l=0.23501578, t=0.20780757, r=0.7649842, b=0.79219246)
09-17 16:03:05.302 I/GuideArt(  590): umrandung - in 106ms kandidaten=2084239@0,49 2084239@0,45 38699854@0,49 2084239@0,49 2084239@0,47 guide=NRect(l=0.23501578, t=0.20780757, r=0.7649842, b=0.79219246)
09-17 16:03:05.705 I/GuideArt(  590): umrandung - in 116ms kandidaten=2084239@0,51 2084239@0,47 38699854@0,49 2084239@0,51 2084239@0,49 guide=NRect(l=0.23501578, t=0.20780757, r=0.7649842, b=0.79219246)
09-17 16:03:06.018 I/GuideArt(  590): umrandung - in 124ms kandidaten=2084239@0,50 2084239@0,46 38699854@0,50 2084239@0,49 2084239@0,49 guide=NRect(l=0.23501578, t=0.20780757, r=0.7649842, b=0.79219246)
09-17 16:03:06.338 I/GuideArt(  590): umrandung - in 111ms kandidaten=2084239@0,50 2084239@0,46 38699854@0,50 2084239@0,51 2084239@0,49 guide=NRect(l=0.23501578, t=0.20780757, r=0.7649842, b=0.79219246)
09-17 16:03:06.731 I/GuideArt(  590): umrandung - in 117ms kandidaten=2084239@0,50 2084239@0,47 38699854@0,49 2084239@0,52 2084239@0,50 guide=NRect(l=0.23501578, t=0.20780757, r=0.7649842, b=0.79219246)
09-17 16:03:07.079 I/GuideArt(  590): umrandung - in 114ms kandidaten=2084239@0,50 2084239@0,46 38699854@0,49 2084239@0,49 2084239@0,50 guide=NRect(l=0.23501578, t=0.20780757, r=0.7649842, b=0.79219246)
09-17 16:03:07.415 I/GuideArt(  590): umrandung - in 108ms kandidaten=2084239@0,50 2084239@0,46 38699854@0,50 2084239@0,51 2084239@0,49 guide=NRect(l=0.23501578, t=0.20780757, r=0.7649842, b=0.79219246)
09-17 16:03:07.857 I/GuideArt(  590): umrandung - in 108ms kandidaten=2084239@0,51 2084239@0,47 38699854@0,50 2084239@0,51 2084239@0,50 guide=NRect(l=0.23501578, t=0.20780757, r=0.7649842, b=0.79219246)
09-17 16:03:08.199 I/GuideArt(  590): umrandung - in 109ms kandidaten=2084239@0,50 2084239@0,45 38699854@0,49 2084239@0,51 2084239@0,50 guide=NRect(l=0.23501578, t=0.20780757, r=0.7649842, b=0.79219246)
09-17 16:03:08.529 I/GuideArt(  590): umrandung - in 110ms kandidaten=2084239@0,49 2084239@0,46 38699854@0,48 2084239@0,51 2084239@0,48 guide=NRect(l=0.23501578, t=0.20780757, r=0.7649842, b=0.79219246)
09-17 16:03:08.934 I/GuideArt(  590): umrandung - in 118ms kandidaten=2084239@0,49 2084239@0,46 38699854@0,49 2084239@0,51 2084239@0,49 guide=NRect(l=0.23501578, t=0.20780757, r=0.7649842, b=0.79219246)
09-17 16:03:09.275 I/GuideArt(  590): umrandung - in 118ms kandidaten=2084239@0,50 2084239@0,46 38699854@0,49 2084239@0,51 2084239@0,49 guide=NRect(l=0.23501578, t=0.20780757, r=0.7649842, b=0.79219246)
09-17 16:03:09.595 I/GuideArt(  590): umrandung - in 115ms kandidaten=2084239@0,51 2084239@0,45 38699854@0,49 2084239@0,51 2084239@0,50 guide=NRect(l=0.23501578, t=0.20780757, r=0.7649842, b=0.79219246)
09-17 16:03:09.996 I/GuideArt(  590): umrandung - in 108ms kandidaten=2084239@0,52 2084239@0,47 38699854@0,51 2084239@0,51 2084239@0,49 guide=NRect(l=0.23501578, t=0.20780757, r=0.7649842, b=0.79219246)
09-17 16:03:10.335 I/GuideArt(  590): umrandung - in 108ms kandidaten=2084239@0,50 2084239@0,45 38699854@0,49 2084239@0,51 2084239@0,49 guide=NRect(l=0.23501578, t=0.20780757, r=0.7649842, b=0.79219246)
09-17 16:03:10.658 I/GuideArt(  590): umrandung - in 106ms kandidaten=2084239@0,49 2084239@0,46 38699854@0,50 2084239@0,51 2084239@0,49 guide=NRect(l=0.23501578, t=0.20780757, r=0.7649842, b=0.79219246)
09-17 16:03:11.070 I/GuideArt(  590): umrandung - in 110ms kandidaten=2084239@0,52 2084239@0,47 38699854@0,49 2084239@0,53 2084239@0,50 guide=NRect(l=0.23501578, t=0.20780757, r=0.7649842, b=0.79219246)
09-17 16:03:11.395 I/GuideArt(  590): umrandung - in 112ms kandidaten=2084239@0,51 2084239@0,47 38699854@0,49 2084239@0,51 2084239@0,50 guide=NRect(l=0.23501578, t=0.20780757, r=0.7649842, b=0.79219246)
09-17 16:03:11.730 I/GuideArt(  590): umrandung - in 109ms kandidaten=2084239@0,51 2084239@0,46 38699854@0,49 2084239@0,52 2084239@0,50 guide=NRect(l=0.23501578, t=0.20780757, r=0.7649842, b=0.79219246)
09-17 16:03:12.115 I/GuideArt(  590): umrandung - in 113ms kandidaten=2084239@0,49 2084239@0,46 38699854@0,47 2084239@0,49 2084239@0,49 guide=NRect(l=0.23501578, t=0.20780757, r=0.7649842, b=0.79219246)
09-17 16:03:12.433 I/GuideArt(  590): umrandung - in 116ms kandidaten=2084239@0,52 2084239@0,47 38699854@0,50 2084239@0,51 2084239@0,51 guide=NRect(l=0.23501578, t=0.20780757, r=0.7649842, b=0.79219246)
09-17 16:03:12.764 I/GuideArt(  590): umrandung - in 115ms kandidaten=2084239@0,51 2084239@0,46 38699854@0,50 2084239@0,50 2084239@0,50 guide=NRect(l=0.23501578, t=0.20780757, r=0.7649842, b=0.79219246)
09-17 16:03:13.164 I/GuideArt(  590): umrandung - in 127ms kandidaten=2084239@0,51 2084239@0,46 38699854@0,50 2084239@0,52 2084239@0,49 guide=NRect(l=0.23501578, t=0.20780757, r=0.7649842, b=0.79219246)
09-17 16:03:13.501 I/GuideArt(  590): umrandung - in 109ms kandidaten=2084239@0,52 2084239@0,47 38699854@0,50 2084239@0,50 2084239@0,51 guide=NRect(l=0.23501578, t=0.20780757, r=0.7649842, b=0.79219246)
09-17 16:03:13.822 I/GuideArt(  590): umrandung - in 108ms kandidaten=2084239@0,49 2084239@0,47 38699854@0,49 2084239@0,49 2084239@0,49 guide=NRect(l=0.23501578, t=0.20780757, r=0.7649842, b=0.79219246)
09-17 16:03:14.237 I/GuideArt(  590): umrandung - in 108ms kandidaten=2084239@0,49 2084239@0,45 38699854@0,48 2084239@0,51 2084239@0,50 guide=NRect(l=0.23501578, t=0.20780757, r=0.7649842, b=0.79219246)
09-17 16:03:14.557 I/GuideArt(  590): umrandung - in 106ms kandidaten=2084239@0,49 2084239@0,46 38699854@0,49 2084239@0,50 2084239@0,50 guide=NRect(l=0.23501578, t=0.20780757, r=0.7649842, b=0.79219246)
09-17 16:03:14.910 I/GuideArt(  590): umrandung - in 111ms kandidaten=2084239@0,50 2084239@0,46 38699854@0,49 2084239@0,52 2084239@0,50 guide=NRect(l=0.23501578, t=0.20780757, r=0.7649842, b=0.79219246)
09-17 16:03:15.308 I/GuideArt(  590): umrandung - in 114ms kandidaten=2084239@0,49 2084239@0,45 38699854@0,49 2084239@0,51 2084239@0,49 guide=NRect(l=0.23501578, t=0.20780757, r=0.7649842, b=0.79219246)
09-17 16:03:15.632 I/GuideArt(  590): umrandung - in 123ms kandidaten=2084239@0,51 2084239@0,46 38699854@0,48 2084239@0,50 2084239@0,49 guide=NRect(l=0.23501578, t=0.20780757, r=0.7649842, b=0.79219246)
09-17 16:03:15.975 I/GuideArt(  590): umrandung - in 120ms kandidaten=2084239@0,50 2084239@0,47 38699854@0,50 2084239@0,51 2084239@0,50 guide=NRect(l=0.23501578, t=0.20780757, r=0.7649842, b=0.79219246)
09-17 16:03:16.458 I/GuideArt(  590): umrandung - in 110ms kandidaten=2084239@0,51 2084239@0,46 38699854@0,48 2084239@0,52 2084239@0,49 guide=NRect(l=0.23501578, t=0.20780757, r=0.7649842, b=0.79219246)
09-17 16:03:16.809 I/GuideArt(  590): umrandung - in 110ms kandidaten=2084239@0,50 2084239@0,46 38699854@0,48 2084239@0,51 2084239@0,50 guide=NRect(l=0.23501578, t=0.20780757, r=0.7649842, b=0.79219246)
09-17 16:03:17.115 I/GuideArt(  590): umrandung - in 108ms kandidaten=2084239@0,51 2084239@0,47 38699854@0,50 2084239@0,52 2084239@0,51 guide=NRect(l=0.23501578, t=0.20780757, r=0.7649842, b=0.79219246)
09-17 16:03:17.529 I/GuideArt(  590): umrandung - in 111ms kandidaten=2084239@0,49 2084239@0,46 38699854@0,49 2084239@0,50 2084239@0,49 guide=NRect(l=0.23501578, t=0.20780757, r=0.7649842, b=0.79219246)
09-17 16:03:17.882 I/GuideArt(  590): umrandung - in 115ms kandidaten=2084239@0,51 2084239@0,47 38699854@0,50 2084239@0,51 2084239@0,50 guide=NRect(l=0.23501578, t=0.20780757, r=0.7649842, b=0.79219246)
09-17 16:03:18.194 I/GuideArt(  590): umrandung - in 118ms kandidaten=2084239@0,50 2084239@0,47 38699854@0,50 2084239@0,51 2084239@0,49 guide=NRect(l=0.23501578, t=0.20780757, r=0.7649842, b=0.79219246)
09-17 16:03:18.600 I/GuideArt(  590): umrandung - in 107ms kandidaten=2084239@0,50 2084239@0,46 38699854@0,49 2084239@0,50 2084239@0,49 guide=NRect(l=0.23501578, t=0.20780757, r=0.7649842, b=0.79219246)
09-17 16:03:18.923 I/GuideArt(  590): umrandung - in 109ms kandidaten=2084239@0,51 2084239@0,46 38699854@0,50 2084239@0,51 2084239@0,50 guide=NRect(l=0.23501578, t=0.20780757, r=0.7649842, b=0.79219246)
09-17 16:03:19.258 I/GuideArt(  590): umrandung - in 110ms kandidaten=2084239@0,50 2084239@0,45 38699854@0,48 2084239@0,49 2084239@0,50 guide=NRect(l=0.23501578, t=0.20780757, r=0.7649842, b=0.79219246)
09-17 16:03:19.660 I/GuideArt(  590): umrandung - in 109ms kandidaten=2084239@0,50 2084239@0,46 38699854@0,50 2084239@0,50 2084239@0,49 guide=NRect(l=0.23501578, t=0.20780757, r=0.7649842, b=0.79219246)
09-17 16:03:20.011 I/GuideArt(  590): umrandung - in 112ms kandidaten=2084239@0,52 2084239@0,48 38699854@0,50 2084239@0,51 2084239@0,50 guide=NRect(l=0.23501578, t=0.20780757, r=0.7649842, b=0.79219246)
09-17 16:03:20.342 I/GuideArt(  590): umrandung - in 107ms kandidaten=2084239@0,49 2084239@0,46 38699854@0,49 2084239@0,53 2084239@0,49 guide=NRect(l=0.23501578, t=0.20780757, r=0.7649842, b=0.79219246)
09-17 16:03:20.715 I/GuideArt(  590): umrandung - in 108ms kandidaten=2084239@0,50 2084239@0,45 38699854@0,49 2084239@0,51 2084239@0,49 guide=NRect(l=0.23501578, t=0.20780757, r=0.7649842, b=0.79219246)
09-17 16:03:21.067 I/GuideArt(  590): umrandung - in 117ms kandidaten=2084239@0,51 2084239@0,47 38699854@0,50 2084239@0,51 2084239@0,49 guide=NRect(l=0.23501578, t=0.20780757, r=0.7649842, b=0.79219246)
09-17 16:03:21.394 I/GuideArt(  590): umrandung - in 114ms kandidaten=2084239@0,52 2084239@0,46 38699854@0,51 2084239@0,51 2084239@0,51 guide=NRect(l=0.23501578, t=0.20780757, r=0.7649842, b=0.79219246)
09-17 16:03:21.780 I/GuideArt(  590): umrandung - in 116ms kandidaten=2084239@0,51 2084239@0,46 38699854@0,50 2084239@0,52 2084239@0,51 guide=NRect(l=0.23501578, t=0.20780757, r=0.7649842, b=0.79219246)
09-17 16:03:22.115 I/GuideArt(  590): umrandung - in 141ms kandidaten=2084239@0,51 2084239@0,47 38699854@0,49 2084239@0,51 2084239@0,49 guide=NRect(l=0.23501578, t=0.20780757, r=0.7649842, b=0.79219246)
09-17 16:03:22.458 I/GuideArt(  590): umrandung - in 110ms kandidaten=2084239@0,51 2084239@0,47 38699854@0,49 2084239@0,51 2084239@0,49 guide=NRect(l=0.23501578, t=0.20780757, r=0.7649842, b=0.79219246)
09-17 16:03:22.853 I/GuideArt(  590): umrandung - in 112ms kandidaten=2084239@0,50 2084239@0,46 38699854@0,50 2084239@0,51 2084239@0,50 guide=NRect(l=0.23501578, t=0.20780757, r=0.7649842, b=0.79219246)
09-17 16:03:23.191 I/GuideArt(  590): umrandung - in 109ms kandidaten=2084239@0,50 2084239@0,45 38699854@0,50 2084239@0,50 2084239@0,48 guide=NRect(l=0.23501578, t=0.20780757, r=0.7649842, b=0.79219246)
09-17 16:03:23.518 I/GuideArt(  590): umrandung - in 108ms kandidaten=2084239@0,49 2084239@0,46 38699854@0,50 2084239@0,51 2084239@0,49 guide=NRect(l=0.23501578, t=0.20780757, r=0.7649842, b=0.79219246)
09-17 16:03:23.921 I/GuideArt(  590): umrandung - in 117ms kandidaten=2084239@0,51 2084239@0,47 38699854@0,49 2084239@0,50 2084239@0,51 guide=NRect(l=0.23501578, t=0.20780757, r=0.7649842, b=0.79219246)
09-17 16:03:24.274 I/GuideArt(  590): umrandung - in 116ms kandidaten=2084239@0,50 2084239@0,47 38699854@0,51 2084239@0,51 2084239@0,50 guide=NRect(l=0.23501578, t=0.20780757, r=0.7649842, b=0.79219246)
09-17 16:03:24.599 I/GuideArt(  590): umrandung - in 118ms kandidaten=2084239@0,51 2084239@0,46 38699854@0,50 2084239@0,51 2084239@0,51 guide=NRect(l=0.23501578, t=0.20780757, r=0.7649842, b=0.79219246)
09-17 16:03:24.980 I/GuideArt(  590): umrandung - in 115ms kandidaten=2084239@0,49 2084239@0,45 38699854@0,50 2084239@0,51 2084239@0,48 guide=NRect(l=0.23501578, t=0.20780757, r=0.7649842, b=0.79219246)
09-17 16:03:25.300 I/GuideArt(  590): umrandung - in 117ms kandidaten=2084239@0,51 2084239@0,46 38699854@0,48 2084239@0,52 2084239@0,51 guide=NRect(l=0.23501578, t=0.20780757, r=0.7649842, b=0.79219246)
09-17 16:03:25.625 I/GuideArt(  590): umrandung - in 115ms kandidaten=2084239@0,50 2084239@0,46 38699854@0,49 2084239@0,51 2084239@0,48 guide=NRect(l=0.23501578, t=0.20780757, r=0.7649842, b=0.79219246)
09-17 16:03:26.013 I/GuideArt(  590): umrandung - in 107ms kandidaten=2084239@0,50 2084239@0,46 38699854@0,49 2084239@0,51 2084239@0,49 guide=NRect(l=0.23501578, t=0.20780757, r=0.7649842, b=0.79219246)
09-17 16:03:26.346 I/GuideArt(  590): umrandung - in 112ms kandidaten=2084239@0,49 2084239@0,46 38699854@0,50 2084239@0,51 2084239@0,48 guide=NRect(l=0.23501578, t=0.20780757, r=0.7649842, b=0.79219246)
09-17 16:03:26.699 I/GuideArt(  590): umrandung - in 108ms kandidaten=2084239@0,49 2084239@0,46 38699854@0,49 2084239@0,50 2084239@0,49 guide=NRect(l=0.23501578, t=0.20780757, r=0.7649842, b=0.79219246)
09-17 16:03:27.076 I/GuideArt(  590): umrandung - in 106ms kandidaten=2084239@0,51 2084239@0,47 38699854@0,49 2084239@0,51 2084239@0,49 guide=NRect(l=0.23501578, t=0.20780757, r=0.7649842, b=0.79219246)
09-17 16:03:27.426 I/GuideArt(  590): umrandung - in 108ms kandidaten=2084239@0,50 2084239@0,46 38699854@0,48 2084239@0,52 2084239@0,48 guide=NRect(l=0.23501578, t=0.20780757, r=0.7649842, b=0.79219246)
09-17 16:03:27.757 I/GuideArt(  590): umrandung - in 110ms kandidaten=2084239@0,51 2084239@0,46 38699854@0,50 2084239@0,51 2084239@0,49 guide=NRect(l=0.23501578, t=0.20780757, r=0.7649842, b=0.79219246)
09-17 16:03:28.152 I/GuideArt(  590): umrandung - in 114ms kandidaten=2084239@0,50 2084239@0,47 38699854@0,50 2084239@0,51 2084239@0,50 guide=NRect(l=0.23501578, t=0.20780757, r=0.7649842, b=0.79219246)
09-17 16:03:28.481 I/GuideArt(  590): umrandung - in 117ms kandidaten=2084239@0,52 2084239@0,48 38699854@0,49 2084239@0,52 2084239@0,50 guide=NRect(l=0.23501578, t=0.20780757, r=0.7649842, b=0.79219246)
09-17 16:03:28.837 I/GuideArt(  590): umrandung - in 120ms kandidaten=2084239@0,49 2084239@0,45 38699854@0,49 2084239@0,51 2084239@0,47 guide=NRect(l=0.23501578, t=0.20780757, r=0.7649842, b=0.79219246)
09-17 16:03:29.251 I/GuideArt(  590): umrandung - in 111ms kandidaten=2084239@0,49 2084239@0,45 38699854@0,50 2084239@0,51 2084239@0,49 guide=NRect(l=0.23501578, t=0.20780757, r=0.7649842, b=0.79219246)
09-17 16:03:29.603 I/GuideArt(  590): umrandung - in 110ms kandidaten=2084239@0,50 2084239@0,46 38699854@0,49 2084239@0,51 2084239@0,50 guide=NRect(l=0.23501578, t=0.20780757, r=0.7649842, b=0.79219246)
09-17 16:03:29.939 I/GuideArt(  590): umrandung - in 109ms kandidaten=2084239@0,51 2084239@0,47 38699854@0,50 2084239@0,51 2084239@0,49 guide=NRect(l=0.23501578, t=0.20780757, r=0.7649842, b=0.79219246)
09-17 16:03:30.345 I/GuideArt(  590): umrandung - in 115ms kandidaten=2084239@0,51 2084239@0,47 38699854@0,49 2084239@0,51 2084239@0,50 guide=NRect(l=0.23501578, t=0.20780757, r=0.7649842, b=0.79219246)
09-17 16:03:30.667 I/GuideArt(  590): umrandung - in 117ms kandidaten=2084239@0,51 2084239@0,46 38699854@0,49 2084239@0,52 2084239@0,50 guide=NRect(l=0.23501578, t=0.20780757, r=0.7649842, b=0.79219246)
09-17 16:03:30.986 I/GuideArt(  590): umrandung - in 117ms kandidaten=2084239@0,51 2084239@0,46 38699854@0,49 2084239@0,53 2084239@0,50 guide=NRect(l=0.23501578, t=0.20780757, r=0.7649842, b=0.79219246)
09-17 16:03:31.384 I/GuideArt(  590): umrandung - in 114ms kandidaten=2084239@0,51 2084239@0,46 38699854@0,50 2084239@0,51 2084239@0,51 guide=NRect(l=0.23501578, t=0.20780757, r=0.7649842, b=0.79219246)
09-17 16:03:31.742 I/GuideArt(  590): umrandung - in 114ms kandidaten=2084239@0,49 2084239@0,45 38699854@0,49 2084239@0,49 2084239@0,50 guide=NRect(l=0.23501578, t=0.20780757, r=0.7649842, b=0.79219246)
09-17 16:03:32.093 I/GuideArt(  590): umrandung - in 107ms kandidaten=2084239@0,51 2084239@0,48 38699854@0,50 2084239@0,52 2084239@0,51 guide=NRect(l=0.23501578, t=0.20780757, r=0.7649842, b=0.79219246)
09-17 16:03:32.480 I/GuideArt(  590): umrandung - in 109ms kandidaten=2084239@0,50 2084239@0,46 38699854@0,50 2084239@0,50 2084239@0,50 guide=NRect(l=0.23501578, t=0.20780757, r=0.7649842, b=0.79219246)
09-17 16:03:32.807 I/GuideArt(  590): umrandung - in 109ms kandidaten=2084239@0,50 2084239@0,47 38699854@0,50 2084239@0,50 2084239@0,49 guide=NRect(l=0.23501578, t=0.20780757, r=0.7649842, b=0.79219246)
09-17 16:03:33.140 I/GuideArt(  590): umrandung - in 107ms kandidaten=2084239@0,50 2084239@0,46 38699854@0,49 2084239@0,50 2084239@0,49 guide=NRect(l=0.23501578, t=0.20780757, r=0.7649842, b=0.79219246)
09-17 16:03:33.529 I/GuideArt(  590): umrandung - in 114ms kandidaten=2084239@0,50 2084239@0,46 38699854@0,50 2084239@0,51 2084239@0,50 guide=NRect(l=0.23501578, t=0.20780757, r=0.7649842, b=0.79219246)
09-17 16:03:33.857 I/GuideArt(  590): umrandung - in 113ms kandidaten=2084239@0,52 2084239@0,47 38699854@0,50 2084239@0,52 2084239@0,49 guide=NRect(l=0.23501578, t=0.20780757, r=0.7649842, b=0.79219246)
09-17 16:03:34.203 I/GuideArt(  590): umrandung - in 112ms kandidaten=2084239@0,50 2084239@0,46 38699854@0,49 2084239@0,50 2084239@0,48 guide=NRect(l=0.23501578, t=0.20780757, r=0.7649842, b=0.79219246)
09-17 16:03:34.601 I/GuideArt(  590): umrandung - in 108ms kandidaten=2084239@0,51 2084239@0,45 38699854@0,49 2084239@0,52 2084239@0,49 guide=NRect(l=0.23501578, t=0.20780757, r=0.7649842, b=0.79219246)
09-17 16:03:34.916 I/GuideArt(  590): umrandung - in 113ms kandidaten=2084239@0,52 2084239@0,46 38699854@0,50 2084239@0,51 2084239@0,51 guide=NRect(l=0.23501578, t=0.20780757, r=0.7649842, b=0.79219246)
09-17 16:03:35.251 I/GuideArt(  590): umrandung - in 109ms kandidaten=2084239@0,51 2084239@0,48 38699854@0,50 2084239@0,50 2084239@0,50 guide=NRect(l=0.23501578, t=0.20780757, r=0.7649842, b=0.79219246)
09-17 16:03:35.637 I/GuideArt(  590): umrandung - in 106ms kandidaten=2084239@0,50 2084239@0,47 38699854@0,49 2084239@0,49 2084239@0,50 guide=NRect(l=0.23501578, t=0.20780757, r=0.7649842, b=0.79219246)
09-17 16:03:35.981 I/GuideArt(  590): umrandung - in 110ms kandidaten=2084239@0,51 2084239@0,47 38699854@0,50 2084239@0,51 2084239@0,50 guide=NRect(l=0.23501578, t=0.20780757, r=0.7649842, b=0.79219246)
09-17 16:03:36.324 I/GuideArt(  590): umrandung - in 111ms kandidaten=2084239@0,49 2084239@0,45 38699854@0,49 2084239@0,50 2084239@0,49 guide=NRect(l=0.23501578, t=0.20780757, r=0.7649842, b=0.79219246)
09-17 16:03:36.726 I/GuideArt(  590): umrandung - in 118ms kandidaten=2084239@0,51 2084239@0,47 38699854@0,51 2084239@0,51 2084239@0,51 guide=NRect(l=0.23501578, t=0.20780757, r=0.7649842, b=0.79219246)
09-17 16:03:37.066 I/GuideArt(  590): umrandung - in 116ms kandidaten=2084239@0,51 2084239@0,47 38699854@0,49 2084239@0,51 2084239@0,49 guide=NRect(l=0.23501578, t=0.20780757, r=0.7649842, b=0.79219246)
09-17 16:03:37.379 I/GuideArt(  590): umrandung - in 115ms kandidaten=2084239@0,50 2084239@0,46 38699854@0,49 2084239@0,51 2084239@0,50 guide=NRect(l=0.23501578, t=0.20780757, r=0.7649842, b=0.79219246)
09-17 16:03:37.774 I/GuideArt(  590): umrandung - in 113ms kandidaten=2084239@0,50 2084239@0,47 38699854@0,49 2084239@0,51 2084239@0,51 guide=NRect(l=0.23501578, t=0.20780757, r=0.7649842, b=0.79219246)
09-17 16:03:38.148 I/GuideArt(  590): umrandung - in 109ms kandidaten=2084239@0,49 2084239@0,46 38699854@0,50 2084239@0,49 2084239@0,48 guide=NRect(l=0.23501578, t=0.20780757, r=0.7649842, b=0.79219246)
09-17 16:03:38.477 I/GuideArt(  590): umrandung - in 109ms kandidaten=2084239@0,50 2084239@0,47 38699854@0,50 2084239@0,50 2084239@0,50 guide=NRect(l=0.23501578, t=0.20780757, r=0.7649842, b=0.79219246)
09-17 16:03:38.880 I/GuideArt(  590): umrandung - in 110ms kandidaten=2084239@0,50 2084239@0,46 38699854@0,48 2084239@0,50 2084239@0,47 guide=NRect(l=0.23501578, t=0.20780757, r=0.7649842, b=0.79219246)
09-17 16:03:39.210 I/GuideArt(  590): umrandung - in 109ms kandidaten=2084239@0,53 2084239@0,47 38699854@0,50 2084239@0,51 2084239@0,51 guide=NRect(l=0.23501578, t=0.20780757, r=0.7649842, b=0.79219246)
09-17 16:03:39.561 I/GuideArt(  590): umrandung - in 120ms kandidaten=2084239@0,50 2084239@0,46 38699854@0,50 2084239@0,50 2084239@0,51 guide=NRect(l=0.23501578, t=0.20780757, r=0.7649842, b=0.79219246)
09-17 16:03:39.958 I/GuideArt(  590): umrandung - in 114ms kandidaten=2084239@0,50 2084239@0,45 38699854@0,50 2084239@0,51 2084239@0,48 guide=NRect(l=0.23501578, t=0.20780757, r=0.7649842, b=0.79219246)
09-17 16:03:40.276 I/GuideArt(  590): umrandung - in 116ms kandidaten=2084239@0,50 2084239@0,47 38699854@0,48 2084239@0,51 2084239@0,50 guide=NRect(l=0.23501578, t=0.20780757, r=0.7649842, b=0.79219246)
09-17 16:03:40.597 I/GuideArt(  590): umrandung - in 122ms kandidaten=2084239@0,51 2084239@0,47 38699854@0,50 2084239@0,51 2084239@0,49 guide=NRect(l=0.23501578, t=0.20780757, r=0.7649842, b=0.79219246)
09-17 16:03:40.998 I/GuideArt(  590): umrandung - in 108ms kandidaten=2084239@0,50 2084239@0,46 38699854@0,49 2084239@0,50 2084239@0,48 guide=NRect(l=0.23501578, t=0.20780757, r=0.7649842, b=0.79219246)
09-17 16:03:41.360 I/GuideArt(  590): umrandung - in 106ms kandidaten=2084239@0,50 2084239@0,47 38699854@0,50 2084239@0,50 2084239@0,49 guide=NRect(l=0.23501578, t=0.20780757, r=0.7649842, b=0.79219246)
09-17 16:03:41.673 I/GuideArt(  590): umrandung - in 106ms kandidaten=2084239@0,51 2084239@0,46 38699854@0,49 2084239@0,53 2084239@0,51 guide=NRect(l=0.23501578, t=0.20780757, r=0.7649842, b=0.79219246)
09-17 16:03:42.071 I/GuideArt(  590): umrandung - in 107ms kandidaten=2084239@0,49 2084239@0,46 38699854@0,50 2084239@0,50 2084239@0,49 guide=NRect(l=0.23501578, t=0.20780757, r=0.7649842, b=0.79219246)
09-17 16:03:42.420 I/GuideArt(  590): umrandung - in 114ms kandidaten=2084239@0,50 2084239@0,47 38699854@0,50 2084239@0,50 2084239@0,48 guide=NRect(l=0.23501578, t=0.20780757, r=0.7649842, b=0.79219246)
09-17 16:03:42.752 I/GuideArt(  590): umrandung - in 119ms kandidaten=2084239@0,50 2084239@0,46 38699854@0,50 2084239@0,50 2084239@0,48 guide=NRect(l=0.23501578, t=0.20780757, r=0.7649842, b=0.79219246)
09-17 16:03:43.165 I/GuideArt(  590): umrandung - in 115ms kandidaten=2084239@0,50 2084239@0,46 38699854@0,49 2084239@0,51 2084239@0,49 guide=NRect(l=0.23501578, t=0.20780757, r=0.7649842, b=0.79219246)
09-17 16:03:43.487 I/GuideArt(  590): umrandung - in 119ms kandidaten=2084239@0,51 2084239@0,46 38699854@0,50 2084239@0,50 2084239@0,49 guide=NRect(l=0.23501578, t=0.20780757, r=0.7649842, b=0.79219246)
09-17 16:03:43.802 I/GuideArt(  590): umrandung - in 114ms kandidaten=2084239@0,51 2084239@0,48 38699854@0,51 2084239@0,51 2084239@0,51 guide=NRect(l=0.23501578, t=0.20780757, r=0.7649842, b=0.79219246)
09-17 16:03:44.199 I/GuideArt(  590): umrandung - in 112ms kandidaten=2084239@0,50 2084239@0,46 38699854@0,50 2084239@0,50 2084239@0,51 guide=NRect(l=0.23501578, t=0.20780757, r=0.7649842, b=0.79219246)
09-17 16:03:44.562 I/GuideArt(  590): umrandung - in 108ms kandidaten=2084239@0,50 2084239@0,46 38699854@0,51 2084239@0,51 2084239@0,50 guide=NRect(l=0.23501578, t=0.20780757, r=0.7649842, b=0.79219246)
09-17 16:03:44.915 I/GuideArt(  590): umrandung - in 110ms kandidaten=2084239@0,50 2084239@0,47 38699854@0,50 2084239@0,50 2084239@0,49 guide=NRect(l=0.23501578, t=0.20780757, r=0.7649842, b=0.79219246)
09-17 16:03:45.312 I/GuideArt(  590): umrandung - in 111ms kandidaten=2084239@0,50 2084239@0,46 38699854@0,49 2084239@0,51 2084239@0,50 guide=NRect(l=0.23501578, t=0.20780757, r=0.7649842, b=0.79219246)
09-17 16:03:45.649 I/GuideArt(  590): umrandung - in 110ms kandidaten=2084239@0,52 2084239@0,46 38699854@0,50 2084239@0,49 2084239@0,51 guide=NRect(l=0.23501578, t=0.20780757, r=0.7649842, b=0.79219246)
09-17 16:03:45.984 I/GuideArt(  590): umrandung - in 110ms kandidaten=2084239@0,51 2084239@0,47 38699854@0,50 2084239@0,51 2084239@0,51 guide=NRect(l=0.23501578, t=0.20780757, r=0.7649842, b=0.79219246)
09-17 16:03:46.369 I/GuideArt(  590): umrandung - in 122ms kandidaten=2084239@0,50 2084239@0,47 38699854@0,49 2084239@0,51 2084239@0,49 guide=NRect(l=0.23501578, t=0.20780757, r=0.7649842, b=0.79219246)
09-17 16:03:46.699 I/GuideArt(  590): umrandung - in 115ms kandidaten=2084239@0,51 2084239@0,47 38699854@0,50 2084239@0,51 2084239@0,49 guide=NRect(l=0.23501578, t=0.20780757, r=0.7649842, b=0.79219246)
09-17 16:03:47.015 I/GuideArt(  590): umrandung - in 114ms kandidaten=2084239@0,49 2084239@0,46 38699854@0,50 2084239@0,50 2084239@0,48 guide=NRect(l=0.23501578, t=0.20780757, r=0.7649842, b=0.79219246)
09-17 16:03:47.401 I/GuideArt(  590): umrandung - in 110ms kandidaten=2084239@0,49 2084239@0,46 38699854@0,49 2084239@0,50 2084239@0,49 guide=NRect(l=0.23501578, t=0.20780757, r=0.7649842, b=0.79219246)
09-17 16:03:47.749 I/GuideArt(  590): umrandung - in 112ms kandidaten=2084239@0,50 2084239@0,46 38699854@0,50 2084239@0,50 2084239@0,50 guide=NRect(l=0.23501578, t=0.20780757, r=0.7649842, b=0.79219246)
09-17 16:03:48.087 I/GuideArt(  590): umrandung - in 110ms kandidaten=2084239@0,51 2084239@0,46 38699854@0,49 2084239@0,51 2084239@0,50 guide=NRect(l=0.23501578, t=0.20780757, r=0.7649842, b=0.79219246)
09-17 16:03:48.482 I/GuideArt(  590): umrandung - in 110ms kandidaten=2084239@0,50 2084239@0,46 38699854@0,49 2084239@0,52 2084239@0,49 guide=NRect(l=0.23501578, t=0.20780757, r=0.7649842, b=0.79219246)
09-17 16:03:48.805 I/GuideArt(  590): umrandung - in 112ms kandidaten=2084239@0,52 2084239@0,46 38699854@0,50 2084239@0,50 2084239@0,49 guide=NRect(l=0.23501578, t=0.20780757, r=0.7649842, b=0.79219246)
09-17 16:03:49.136 I/GuideArt(  590): umrandung - in 108ms kandidaten=2084239@0,50 2084239@0,46 38699854@0,50 2084239@0,50 2084239@0,50 guide=NRect(l=0.23501578, t=0.20780757, r=0.7649842, b=0.79219246)
09-17 16:03:49.559 I/GuideArt(  590): umrandung - in 121ms kandidaten=2084239@0,51 2084239@0,46 38699854@0,49 2084239@0,51 2084239@0,49 guide=NRect(l=0.23501578, t=0.20780757, r=0.7649842, b=0.79219246)
09-17 16:03:49.879 I/GuideArt(  590): umrandung - in 114ms kandidaten=2084239@0,51 2084239@0,47 38699854@0,51 2084239@0,52 2084239@0,51 guide=NRect(l=0.23501578, t=0.20780757, r=0.7649842, b=0.79219246)
09-17 16:03:50.225 I/GuideArt(  590): umrandung - in 124ms kandidaten=2084239@0,51 2084239@0,46 38699854@0,49 2084239@0,51 2084239@0,50 guide=NRect(l=0.23501578, t=0.20780757, r=0.7649842, b=0.79219246)
09-17 16:03:50.644 I/GuideArt(  590): umrandung - in 110ms kandidaten=2084239@0,50 2084239@0,46 38699854@0,49 2084239@0,49 2084239@0,50 guide=NRect(l=0.23501578, t=0.20780757, r=0.7649842, b=0.79219246)
09-17 16:03:50.966 I/GuideArt(  590): umrandung - in 108ms kandidaten=2084239@0,50 2084239@0,46 38699854@0,49 2084239@0,51 2084239@0,49 guide=NRect(l=0.23501578, t=0.20780757, r=0.7649842, b=0.79219246)
09-17 16:03:51.303 I/GuideArt(  590): umrandung - in 111ms kandidaten=2084239@0,51 2084239@0,46 38699854@0,49 2084239@0,51 2084239@0,49 guide=NRect(l=0.23501578, t=0.20780757, r=0.7649842, b=0.79219246)
09-17 16:03:51.720 I/GuideArt(  590): umrandung - in 107ms kandidaten=2084239@0,50 2084239@0,46 38699854@0,49 2084239@0,52 2084239@0,50 guide=NRect(l=0.23501578, t=0.20780757, r=0.7649842, b=0.79219246)
09-17 16:03:52.057 I/GuideArt(  590): umrandung - in 111ms kandidaten=2084239@0,51 2084239@0,47 38699854@0,48 2084239@0,52 2084239@0,50 guide=NRect(l=0.23501578, t=0.20780757, r=0.7649842, b=0.79219246)
09-17 16:03:52.388 I/GuideArt(  590): umrandung - in 108ms kandidaten=2084239@0,50 2084239@0,46 38699854@0,49 2084239@0,52 2084239@0,50 guide=NRect(l=0.23501578, t=0.20780757, r=0.7649842, b=0.79219246)
09-17 16:03:52.773 I/GuideArt(  590): umrandung - in 125ms kandidaten=2084239@0,51 2084239@0,46 38699854@0,49 2084239@0,52 2084239@0,51 guide=NRect(l=0.23501578, t=0.20780757, r=0.7649842, b=0.79219246)
09-17 16:03:53.115 I/GuideArt(  590): umrandung - in 121ms kandidaten=2084239@0,49 38699854@0,45 38699854@0,50 2084239@0,51 2084239@0,48 guide=NRect(l=0.23501578, t=0.20780757, r=0.7649842, b=0.79219246)
09-17 16:03:53.465 I/GuideArt(  590): umrandung - in 122ms kandidaten=2084239@0,51 2084239@0,46 38699854@0,49 2084239@0,50 2084239@0,49 guide=NRect(l=0.23501578, t=0.20780757, r=0.7649842, b=0.79219246)
09-17 16:03:53.925 I/GuideArt(  590): umrandung - in 110ms kandidaten=2084239@0,51 2084239@0,47 38699854@0,50 2084239@0,51 2084239@0,50 guide=NRect(l=0.23501578, t=0.20780757, r=0.7649842, b=0.79219246)
09-17 16:03:54.275 I/GuideArt(  590): umrandung - in 114ms kandidaten=2084239@0,50 2084239@0,47 38699854@0,49 2084239@0,52 2084239@0,50 guide=NRect(l=0.23501578, t=0.20780757, r=0.7649842, b=0.79219246)
09-17 16:03:54.634 I/GuideArt(  590): umrandung - in 112ms kandidaten=2084239@0,49 2084239@0,45 38699854@0,48 2084239@0,50 2084239@0,49 guide=NRect(l=0.23501578, t=0.20780757, r=0.7649842, b=0.79219246)
09-17 16:03:55.075 I/GuideArt(  590): umrandung - in 134ms kandidaten=2084239@0,51 2084239@0,47 38699854@0,51 2084239@0,52 2084239@0,49 guide=NRect(l=0.23501578, t=0.20780757, r=0.7649842, b=0.79219246)
09-17 16:03:55.426 I/GuideArt(  590): umrandung - in 109ms kandidaten=2084239@0,49 2084239@0,45 38699854@0,49 2084239@0,52 2084239@0,49 guide=NRect(l=0.23501578, t=0.20780757, r=0.7649842, b=0.79219246)
09-17 16:03:55.798 I/GuideArt(  590): umrandung - in 110ms kandidaten=2084239@0,51 2084239@0,46 38699854@0,49 2084239@0,52 2084239@0,51 guide=NRect(l=0.23501578, t=0.20780757, r=0.7649842, b=0.79219246)
09-17 16:03:56.213 I/GuideArt(  590): umrandung - in 111ms kandidaten=2084239@0,49 2084239@0,47 38699854@0,49 2084239@0,49 2084239@0,49 guide=NRect(l=0.23501578, t=0.20780757, r=0.7649842, b=0.79219246)
09-17 16:03:56.542 I/GuideArt(  590): umrandung - in 113ms kandidaten=2084239@0,49 2084239@0,45 38699854@0,49 2084239@0,49 2084239@0,49 guide=NRect(l=0.23501578, t=0.20780757, r=0.7649842, b=0.79219246)
09-17 16:03:56.933 I/GuideArt(  590): umrandung - in 123ms kandidaten=2084239@0,50 2084239@0,46 38699854@0,49 2084239@0,52 2084239@0,49 guide=NRect(l=0.23501578, t=0.20780757, r=0.7649842, b=0.79219246)
09-17 16:03:57.346 I/GuideArt(  590): umrandung - in 109ms kandidaten=2084239@0,51 2084239@0,46 38699854@0,49 2084239@0,52 2084239@0,50 guide=NRect(l=0.23501578, t=0.20780757, r=0.7649842, b=0.79219246)
09-17 16:03:57.669 I/GuideArt(  590): umrandung - in 114ms kandidaten=2084239@0,51 2084239@0,46 38699854@0,49 2084239@0,52 2084239@0,51 guide=NRect(l=0.23501578, t=0.20780757, r=0.7649842, b=0.79219246)
09-17 16:03:57.995 I/GuideArt(  590): umrandung - in 108ms kandidaten=2084239@0,50 38699854@0,45 38699854@0,49 2084239@0,51 2084239@0,50 guide=NRect(l=0.23501578, t=0.20780757, r=0.7649842, b=0.79219246)
09-17 16:03:58.425 I/GuideArt(  590): umrandung - in 118ms kandidaten=2084239@0,48 2084239@0,46 38699854@0,49 2084239@0,51 2084239@0,50 guide=NRect(l=0.23501578, t=0.20780757, r=0.7649842, b=0.79219246)
09-17 16:03:58.820 I/GuideArt(  590): umrandung - in 122ms kandidaten=2084239@0,51 2084239@0,46 38699854@0,49 2084239@0,51 2084239@0,49 guide=NRect(l=0.23501578, t=0.20780757, r=0.7649842, b=0.79219246)
09-17 16:03:59.146 I/GuideArt(  590): umrandung - in 115ms kandidaten=2084239@0,50 2084239@0,46 38699854@0,49 2084239@0,51 2084239@0,50 guide=NRect(l=0.23501578, t=0.20780757, r=0.7649842, b=0.79219246)
09-17 16:03:59.559 I/GuideArt(  590): umrandung - in 114ms kandidaten=2084239@0,51 2084239@0,45 38699854@0,50 2084239@0,52 2084239@0,50 guide=NRect(l=0.23501578, t=0.20780757, r=0.7649842, b=0.79219246)
09-17 16:03:59.907 I/GuideArt(  590): umrandung - in 106ms kandidaten=2084239@0,50 2084239@0,46 38699854@0,50 2084239@0,50 2084239@0,48 guide=NRect(l=0.23501578, t=0.20780757, r=0.7649842, b=0.79219246)
09-17 16:04:00.245 I/GuideArt(  590): umrandung - in 109ms kandidaten=2084239@0,51 2084239@0,46 38699854@0,50 2084239@0,51 2084239@0,50 guide=NRect(l=0.23501578, t=0.20780757, r=0.7649842, b=0.79219246)
09-17 16:04:00.640 I/GuideArt(  590): umrandung - in 109ms kandidaten=2084239@0,51 2084239@0,47 38699854@0,50 2084239@0,51 2084239@0,50 guide=NRect(l=0.23501578, t=0.20780757, r=0.7649842, b=0.79219246)
09-17 16:04:00.983 I/GuideArt(  590): umrandung - in 112ms kandidaten=2084239@0,50 2084239@0,46 38699854@0,50 2084239@0,51 2084239@0,51 guide=NRect(l=0.23501578, t=0.20780757, r=0.7649842, b=0.79219246)
09-17 16:04:01.289 I/GuideArt(  590): umrandung - in 108ms kandidaten=2084239@0,51 2084239@0,46 38699854@0,50 2084239@0,50 2084239@0,50 guide=NRect(l=0.23501578, t=0.20780757, r=0.7649842, b=0.79219246)
09-17 16:04:01.692 I/GuideArt(  590): umrandung - in 114ms kandidaten=2084239@0,50 2084239@0,46 38699854@0,49 2084239@0,53 2084239@0,50 guide=NRect(l=0.23501578, t=0.20780757, r=0.7649842, b=0.79219246)
09-17 16:04:01.989 I/GuideArt(  590): umrandung - in 106ms kandidaten=2084239@0,51 2084239@0,47 38699854@0,50 2084239@0,50 2084239@0,51 guide=NRect(l=0.23501578, t=0.20780757, r=0.7649842, b=0.79219246)
09-17 16:04:02.313 I/GuideArt(  590): umrandung - in 107ms kandidaten=2084239@0,51 2084239@0,47 38699854@0,51 2084239@0,52 2084239@0,52 guide=NRect(l=0.23501578, t=0.20780757, r=0.7649842, b=0.79219246)
09-17 16:04:02.720 I/GuideArt(  590): umrandung - in 113ms kandidaten=2084239@0,50 2084239@0,46 38699854@0,49 2084239@0,51 2084239@0,48 guide=NRect(l=0.23501578, t=0.20780757, r=0.7649842, b=0.79219246)
09-17 16:04:03.080 I/GuideArt(  590): umrandung - in 120ms kandidaten=2084239@0,50 2084239@0,47 38699854@0,50 2084239@0,49 2084239@0,50 guide=NRect(l=0.23501578, t=0.20780757, r=0.7649842, b=0.79219246)
09-17 16:04:03.409 I/GuideArt(  590): umrandung - in 111ms kandidaten=2084239@0,50 2084239@0,45 38699854@0,49 2084239@0,51 2084239@0,49 guide=NRect(l=0.23501578, t=0.20780757, r=0.7649842, b=0.79219246)
09-17 16:04:03.826 I/GuideArt(  590): umrandung - in 106ms kandidaten=2084239@0,50 2084239@0,47 38699854@0,49 2084239@0,51 2084239@0,51 guide=NRect(l=0.23501578, t=0.20780757, r=0.7649842, b=0.79219246)
09-17 16:04:04.178 I/GuideArt(  590): umrandung - in 107ms kandidaten=2084239@0,49 2084239@0,45 38699854@0,49 2084239@0,51 2084239@0,50 guide=NRect(l=0.23501578, t=0.20780757, r=0.7649842, b=0.79219246)
09-17 16:04:04.494 I/GuideArt(  590): umrandung - in 110ms kandidaten=2084239@0,50 2084239@0,46 38699854@0,49 2084239@0,50 2084239@0,50 guide=NRect(l=0.23501578, t=0.20780757, r=0.7649842, b=0.79219246)
09-17 16:04:04.911 I/GuideArt(  590): umrandung - in 118ms kandidaten=2084239@0,51 2084239@0,46 38699854@0,50 2084239@0,51 2084239@0,50 guide=NRect(l=0.23501578, t=0.20780757, r=0.7649842, b=0.79219246)
09-17 16:04:05.232 I/GuideArt(  590): umrandung - in 118ms kandidaten=2084239@0,50 2084239@0,47 38699854@0,49 2084239@0,50 2084239@0,49 guide=NRect(l=0.23501578, t=0.20780757, r=0.7649842, b=0.79219246)
09-17 16:04:05.572 I/GuideArt(  590): umrandung - in 118ms kandidaten=2084239@0,50 2084239@0,47 38699854@0,50 2084239@0,50 2084239@0,50 guide=NRect(l=0.23501578, t=0.20780757, r=0.7649842, b=0.79219246)
09-17 16:04:06.021 I/GuideArt(  590): umrandung - in 118ms kandidaten=2084239@0,49 2084239@0,46 38699854@0,49 2084239@0,50 2084239@0,50 guide=NRect(l=0.23501578, t=0.20780757, r=0.7649842, b=0.79219246)
09-17 16:04:06.353 I/GuideArt(  590): umrandung - in 108ms kandidaten=2084239@0,50 2084239@0,46 38699854@0,49 2084239@0,51 2084239@0,50 guide=NRect(l=0.23501578, t=0.20780757, r=0.7649842, b=0.79219246)
09-17 16:04:06.704 I/GuideArt(  590): umrandung - in 110ms kandidaten=2084239@0,51 2084239@0,47 38699854@0,49 2084239@0,50 2084239@0,48 guide=NRect(l=0.23501578, t=0.20780757, r=0.7649842, b=0.79219246)
09-17 16:04:07.090 I/GuideArt(  590): umrandung - in 112ms kandidaten=2084239@0,51 2084239@0,47 38699854@0,49 2084239@0,50 2084239@0,51 guide=NRect(l=0.23501578, t=0.20780757, r=0.7649842, b=0.79219246)
09-17 16:04:07.427 I/GuideArt(  590): umrandung - in 112ms kandidaten=2084239@0,49 2084239@0,46 38699854@0,49 2084239@0,51 2084239@0,48 guide=NRect(l=0.23501578, t=0.20780757, r=0.7649842, b=0.79219246)
09-17 16:04:07.786 I/GuideArt(  590): umrandung - in 126ms kandidaten=2084239@0,49 2084239@0,45 38699854@0,49 2084239@0,49 2084239@0,48 guide=NRect(l=0.23501578, t=0.20780757, r=0.7649842, b=0.79219246)
09-17 16:04:08.197 I/GuideArt(  590): umrandung - in 116ms kandidaten=2084239@0,51 2084239@0,46 38699854@0,50 2084239@0,51 2084239@0,50 guide=NRect(l=0.23501578, t=0.20780757, r=0.7649842, b=0.79219246)
09-17 16:04:08.535 I/GuideArt(  590): umrandung - in 108ms kandidaten=2084239@0,50 2084239@0,45 38699854@0,51 2084239@0,49 2084239@0,50 guide=NRect(l=0.23501578, t=0.20780757, r=0.7649842, b=0.79219246)
09-17 16:04:08.856 I/GuideArt(  590): umrandung - in 106ms kandidaten=2084239@0,50 2084239@0,46 38699854@0,50 2084239@0,50 2084239@0,50 guide=NRect(l=0.23501578, t=0.20780757, r=0.7649842, b=0.79219246)
09-17 16:04:09.265 I/GuideArt(  590): umrandung - in 112ms kandidaten=2084239@0,50 2084239@0,46 38699854@0,49 2084239@0,50 2084239@0,49 guide=NRect(l=0.23501578, t=0.20780757, r=0.7649842, b=0.79219246)
09-17 16:04:09.615 I/GuideArt(  590): umrandung - in 107ms kandidaten=2084239@0,49 2084239@0,47 38699854@0,49 2084239@0,51 2084239@0,49 guide=NRect(l=0.23501578, t=0.20780757, r=0.7649842, b=0.79219246)
09-17 16:04:09.964 I/GuideArt(  590): umrandung - in 110ms kandidaten=2084239@0,50 2084239@0,45 38699854@0,49 2084239@0,51 2084239@0,50 guide=NRect(l=0.23501578, t=0.20780757, r=0.7649842, b=0.79219246)
09-17 16:04:10.359 I/GuideArt(  590): umrandung - in 117ms kandidaten=2084239@0,49 2084239@0,46 38699854@0,51 2084239@0,51 2084239@0,50 guide=NRect(l=0.23501578, t=0.20780757, r=0.7649842, b=0.79219246)
09-17 16:04:10.702 I/GuideArt(  590): umrandung - in 114ms kandidaten=2084239@0,50 2084239@0,46 38699854@0,49 2084239@0,51 2084239@0,51 guide=NRect(l=0.23501578, t=0.20780757, r=0.7649842, b=0.79219246)
09-17 16:04:11.038 I/GuideArt(  590): umrandung - in 129ms kandidaten=2084239@0,52 2084239@0,46 38699854@0,50 2084239@0,52 2084239@0,51 guide=NRect(l=0.23501578, t=0.20780757, r=0.7649842, b=0.79219246)
09-17 16:04:11.421 I/GuideArt(  590): umrandung - in 108ms kandidaten=2084239@0,50 2084239@0,46 38699854@0,49 2084239@0,51 2084239@0,49 guide=NRect(l=0.23501578, t=0.20780757, r=0.7649842, b=0.79219246)
09-17 16:04:11.749 I/GuideArt(  590): umrandung - in 108ms kandidaten=2084239@0,50 2084239@0,46 38699854@0,49 2084239@0,51 2084239@0,50 guide=NRect(l=0.23501578, t=0.20780757, r=0.7649842, b=0.79219246)
09-17 16:04:12.101 I/GuideArt(  590): umrandung - in 110ms kandidaten=2084239@0,50 2084239@0,45 38699854@0,50 2084239@0,50 2084239@0,50 guide=NRect(l=0.23501578, t=0.20780757, r=0.7649842, b=0.79219246)
09-17 16:04:12.492 I/GuideArt(  590): umrandung - in 109ms kandidaten=2084239@0,51 2084239@0,47 38699854@0,49 2084239@0,49 2084239@0,49 guide=NRect(l=0.23501578, t=0.20780757, r=0.7649842, b=0.79219246)
09-17 16:04:12.838 I/GuideArt(  590): umrandung - in 109ms kandidaten=2084239@0,50 38699854@0,46 38699854@0,51 2084239@0,49 2084239@0,50 guide=NRect(l=0.23501578, t=0.20780757, r=0.7649842, b=0.79219246)
09-17 16:04:13.157 I/GuideArt(  590): umrandung - in 108ms kandidaten=2084239@0,48 2084239@0,45 38699854@0,49 2084239@0,50 2084239@0,49 guide=NRect(l=0.23501578, t=0.20780757, r=0.7649842, b=0.79219246)
09-17 16:04:13.555 I/GuideArt(  590): umrandung - in 116ms kandidaten=2084239@0,50 2084239@0,47 38699854@0,50 2084239@0,50 2084239@0,49 guide=NRect(l=0.23501578, t=0.20780757, r=0.7649842, b=0.79219246)
09-17 16:04:13.876 I/GuideArt(  590): umrandung - in 119ms kandidaten=2084239@0,50 2084239@0,46 38699854@0,49 2084239@0,51 2084239@0,51 guide=NRect(l=0.23501578, t=0.20780757, r=0.7649842, b=0.79219246)
09-17 16:04:14.199 I/GuideArt(  590): umrandung - in 123ms kandidaten=2084239@0,51 2084239@0,46 38699854@0,50 2084239@0,52 2084239@0,50 guide=NRect(l=0.23501578, t=0.20780757, r=0.7649842, b=0.79219246)
09-17 16:04:14.616 I/GuideArt(  590): umrandung - in 107ms kandidaten=2084239@0,52 2084239@0,47 38699854@0,50 2084239@0,50 2084239@0,50 guide=NRect(l=0.23501578, t=0.20780757, r=0.7649842, b=0.79219246)
09-17 16:04:14.960 I/GuideArt(  590): umrandung - in 109ms kandidaten=2084239@0,50 2084239@0,47 38699854@0,50 2084239@0,50 2084239@0,51 guide=NRect(l=0.23501578, t=0.20780757, r=0.7649842, b=0.79219246)
09-17 16:04:15.302 I/GuideArt(  590): umrandung - in 109ms kandidaten=2084239@0,48 38699854@0,45 38699854@0,49 2084239@0,50 2084239@0,48 guide=NRect(l=0.23501578, t=0.20780757, r=0.7649842, b=0.79219246)
09-17 16:04:15.683 I/GuideArt(  590): umrandung - in 108ms kandidaten=2084239@0,51 2084239@0,46 38699854@0,48 2084239@0,51 2084239@0,50 guide=NRect(l=0.23501578, t=0.20780757, r=0.7649842, b=0.79219246)
09-17 16:04:16.016 I/GuideArt(  590): umrandung - in 107ms kandidaten=2084239@0,50 2084239@0,47 38699854@0,49 2084239@0,50 2084239@0,50 guide=NRect(l=0.23501578, t=0.20780757, r=0.7649842, b=0.79219246)
09-17 16:04:16.363 I/GuideArt(  590): umrandung - in 109ms kandidaten=2084239@0,51 2084239@0,46 38699854@0,50 2084239@0,51 2084239@0,50 guide=NRect(l=0.23501578, t=0.20780757, r=0.7649842, b=0.79219246)
09-17 16:04:16.758 I/GuideArt(  590): umrandung - in 114ms kandidaten=2084239@0,51 2084239@0,46 38699854@0,49 2084239@0,49 2084239@0,49 guide=NRect(l=0.23501578, t=0.20780757, r=0.7649842, b=0.79219246)
09-17 16:04:17.088 I/GuideArt(  590): umrandung - in 119ms kandidaten=2084239@0,50 2084239@0,45 38699854@0,49 2084239@0,50 2084239@0,49 guide=NRect(l=0.23501578, t=0.20780757, r=0.7649842, b=0.79219246)
09-17 16:04:17.415 I/GuideArt(  590): umrandung - in 115ms kandidaten=2084239@0,52 2084239@0,47 38699854@0,48 2084239@0,50 2084239@0,51 guide=NRect(l=0.23501578, t=0.20780757, r=0.7649842, b=0.79219246)
09-17 16:04:17.812 I/GuideArt(  590): umrandung - in 107ms kandidaten=2084239@0,49 2084239@0,46 38699854@0,50 2084239@0,50 2084239@0,50 guide=NRect(l=0.23501578, t=0.20780757, r=0.7649842, b=0.79219246)
09-17 16:04:18.123 I/GuideArt(  590): umrandung - in 107ms kandidaten=2084239@0,49 2084239@0,45 38699854@0,49 2084239@0,50 2084239@0,49 guide=NRect(l=0.23501578, t=0.20780757, r=0.7649842, b=0.79219246)
09-17 16:04:18.457 I/GuideArt(  590): umrandung - in 111ms kandidaten=2084239@0,52 2084239@0,46 38699854@0,50 2084239@0,50 2084239@0,51 guide=NRect(l=0.23501578, t=0.20780757, r=0.7649842, b=0.79219246)
09-17 16:04:18.863 I/GuideArt(  590): umrandung - in 111ms kandidaten=2084239@0,50 2084239@0,47 38699854@0,51 2084239@0,50 2084239@0,50 guide=NRect(l=0.23501578, t=0.20780757, r=0.7649842, b=0.79219246)
09-17 16:04:19.186 I/GuideArt(  590): umrandung - in 109ms kandidaten=2084239@0,50 2084239@0,47 38699854@0,49 2084239@0,51 2084239@0,49 guide=NRect(l=0.23501578, t=0.20780757, r=0.7649842, b=0.79219246)
09-17 16:04:19.521 I/GuideArt(  590): umrandung - in 110ms kandidaten=2084239@0,50 2084239@0,46 38699854@0,49 2084239@0,51 2084239@0,50 guide=NRect(l=0.23501578, t=0.20780757, r=0.7649842, b=0.79219246)
09-17 16:04:19.933 I/GuideArt(  590): umrandung - in 117ms kandidaten=2084239@0,50 2084239@0,46 38699854@0,51 2084239@0,51 2084239@0,51 guide=NRect(l=0.23501578, t=0.20780757, r=0.7649842, b=0.79219246)
09-17 16:04:20.287 I/GuideArt(  590): umrandung - in 115ms kandidaten=2084239@0,49 2084239@0,46 38699854@0,49 2084239@0,50 2084239@0,50 guide=NRect(l=0.23501578, t=0.20780757, r=0.7649842, b=0.79219246)
09-17 16:04:20.616 I/GuideArt(  590): umrandung - in 120ms kandidaten=2084239@0,49 2084239@0,45 38699854@0,50 2084239@0,50 2084239@0,49 guide=NRect(l=0.23501578, t=0.20780757, r=0.7649842, b=0.79219246)
09-17 16:04:21.020 I/GuideArt(  590): umrandung - in 109ms kandidaten=2084239@0,52 2084239@0,48 38699854@0,50 2084239@0,51 2084239@0,52 guide=NRect(l=0.23501578, t=0.20780757, r=0.7649842, b=0.79219246)
09-17 16:04:21.358 I/GuideArt(  590): umrandung - in 108ms kandidaten=2084239@0,50 2084239@0,46 38699854@0,50 2084239@0,49 2084239@0,48 guide=NRect(l=0.23501578, t=0.20780757, r=0.7649842, b=0.79219246)
09-17 16:04:21.712 I/GuideArt(  590): umrandung - in 110ms kandidaten=2084239@0,48 2084239@0,44 38699854@0,49 2084239@0,49 2084239@0,48 guide=NRect(l=0.23501578, t=0.20780757, r=0.7649842, b=0.79219246)
09-17 16:04:22.117 I/GuideArt(  590): umrandung - in 110ms kandidaten=2084239@0,50 2084239@0,46 38699854@0,50 2084239@0,51 2084239@0,50 guide=NRect(l=0.23501578, t=0.20780757, r=0.7649842, b=0.79219246)
09-17 16:04:22.457 I/GuideArt(  590): umrandung - in 111ms kandidaten=2084239@0,50 2084239@0,46 38699854@0,50 2084239@0,51 2084239@0,49 guide=NRect(l=0.23501578, t=0.20780757, r=0.7649842, b=0.79219246)
09-17 16:04:22.782 I/GuideArt(  590): umrandung - in 112ms kandidaten=2084239@0,51 2084239@0,46 38699854@0,49 2084239@0,50 2084239@0,50 guide=NRect(l=0.23501578, t=0.20780757, r=0.7649842, b=0.79219246)
09-17 16:04:23.176 I/GuideArt(  590): umrandung - in 121ms kandidaten=2084239@0,49 2084239@0,46 38699854@0,50 2084239@0,50 2084239@0,49 guide=NRect(l=0.23501578, t=0.20780757, r=0.7649842, b=0.79219246)
09-17 16:04:23.496 I/GuideArt(  590): umrandung - in 117ms kandidaten=2084239@0,51 2084239@0,46 38699854@0,51 2084239@0,52 2084239@0,50 guide=NRect(l=0.23501578, t=0.20780757, r=0.7649842, b=0.79219246)
09-17 16:04:23.822 I/GuideArt(  590): umrandung - in 113ms kandidaten=2084239@0,51 2084239@0,46 38699854@0,49 2084239@0,51 2084239@0,51 guide=NRect(l=0.23501578, t=0.20780757, r=0.7649842, b=0.79219246)
09-17 16:04:24.209 I/GuideArt(  590): umrandung - in 111ms kandidaten=2084239@0,52 2084239@0,47 38699854@0,49 2084239@0,51 2084239@0,51 guide=NRect(l=0.23501578, t=0.20780757, r=0.7649842, b=0.79219246)
09-17 16:04:24.548 I/GuideArt(  590): umrandung - in 109ms kandidaten=2084239@0,51 2084239@0,46 38699854@0,49 2084239@0,51 2084239@0,49 guide=NRect(l=0.23501578, t=0.20780757, r=0.7649842, b=0.79219246)
09-17 16:04:24.876 I/GuideArt(  590): umrandung - in 107ms kandidaten=2084239@0,50 2084239@0,46 38699854@0,49 2084239@0,51 2084239@0,48 guide=NRect(l=0.23501578, t=0.20780757, r=0.7649842, b=0.79219246)
09-17 16:04:25.285 I/GuideArt(  590): umrandung - in 110ms kandidaten=2084239@0,51 2084239@0,46 38699854@0,49 2084239@0,51 2084239@0,51 guide=NRect(l=0.23501578, t=0.20780757, r=0.7649842, b=0.79219246)
09-17 16:04:25.618 I/GuideArt(  590): umrandung - in 107ms kandidaten=2084239@0,50 2084239@0,46 38699854@0,50 2084239@0,50 2084239@0,50 guide=NRect(l=0.23501578, t=0.20780757, r=0.7649842, b=0.79219246)
09-17 16:04:25.940 I/GuideArt(  590): umrandung - in 108ms kandidaten=2084239@0,52 2084239@0,47 38699854@0,50 2084239@0,52 2084239@0,51 guide=NRect(l=0.23501578, t=0.20780757, r=0.7649842, b=0.79219246)
09-17 16:04:26.359 I/GuideArt(  590): umrandung - in 114ms kandidaten=2084239@0,51 2084239@0,46 38699854@0,49 2084239@0,52 2084239@0,51 guide=NRect(l=0.23501578, t=0.20780757, r=0.7649842, b=0.79219246)
09-17 16:04:26.681 I/GuideArt(  590): umrandung - in 113ms kandidaten=2084239@0,49 2084239@0,46 38699854@0,50 2084239@0,50 2084239@0,50 guide=NRect(l=0.23501578, t=0.20780757, r=0.7649842, b=0.79219246)
09-17 16:04:27.016 I/GuideArt(  590): umrandung - in 120ms kandidaten=2084239@0,50 2084239@0,45 38699854@0,49 2084239@0,49 2084239@0,49 guide=NRect(l=0.23501578, t=0.20780757, r=0.7649842, b=0.79219246)
09-17 16:04:27.415 I/GuideArt(  590): umrandung - in 107ms kandidaten=2084239@0,49 38699854@0,46 38699854@0,50 2084239@0,50 2084239@0,49 guide=NRect(l=0.23501578, t=0.20780757, r=0.7649842, b=0.79219246)
09-17 16:04:27.752 I/GuideArt(  590): umrandung - in 109ms kandidaten=2084239@0,51 2084239@0,46 38699854@0,50 2084239@0,51 2084239@0,50 guide=NRect(l=0.23501578, t=0.20780757, r=0.7649842, b=0.79219246)
09-17 16:04:28.076 I/GuideArt(  590): umrandung - in 109ms kandidaten=2084239@0,51 2084239@0,47 38699854@0,50 2084239@0,50 2084239@0,50 guide=NRect(l=0.23501578, t=0.20780757, r=0.7649842, b=0.79219246)
09-17 16:04:28.477 I/GuideArt(  590): umrandung - in 108ms kandidaten=2084239@0,51 2084239@0,46 38699854@0,49 2084239@0,50 2084239@0,50 guide=NRect(l=0.23501578, t=0.20780757, r=0.7649842, b=0.79219246)
09-17 16:04:28.815 I/GuideArt(  590): umrandung - in 108ms kandidaten=2084239@0,50 2084239@0,46 38699854@0,49 2084239@0,51 2084239@0,51 guide=NRect(l=0.23501578, t=0.20780757, r=0.7649842, b=0.79219246)
09-17 16:04:29.139 I/GuideArt(  590): umrandung - in 108ms kandidaten=2084239@0,50 2084239@0,47 38699854@0,50 2084239@0,49 2084239@0,49 guide=NRect(l=0.23501578, t=0.20780757, r=0.7649842, b=0.79219246)
09-17 16:04:29.538 I/GuideArt(  590): umrandung - in 112ms kandidaten=2084239@0,50 2084239@0,46 38699854@0,50 2084239@0,50 2084239@0,49 guide=NRect(l=0.23501578, t=0.20780757, r=0.7649842, b=0.79219246)
09-17 16:04:29.885 I/GuideArt(  590): umrandung - in 118ms kandidaten=2084239@0,51 2084239@0,48 38699854@0,50 2084239@0,52 2084239@0,51 guide=NRect(l=0.23501578, t=0.20780757, r=0.7649842, b=0.79219246)
09-17 16:04:30.210 I/GuideArt(  590): umrandung - in 124ms kandidaten=2084239@0,50 2084239@0,46 38699854@0,50 2084239@0,50 2084239@0,49 guide=NRect(l=0.23501578, t=0.20780757, r=0.7649842, b=0.79219246)
09-17 16:04:30.622 I/GuideArt(  590): umrandung - in 112ms kandidaten=2084239@0,50 2084239@0,45 38699854@0,49 2084239@0,49 2084239@0,50 guide=NRect(l=0.23501578, t=0.20780757, r=0.7649842, b=0.79219246)
09-17 16:04:30.952 I/GuideArt(  590): umrandung - in 107ms kandidaten=2084239@0,49 2084239@0,46 38699854@0,49 2084239@0,50 2084239@0,49 guide=NRect(l=0.23501578, t=0.20780757, r=0.7649842, b=0.79219246)
09-17 16:04:31.282 I/GuideArt(  590): umrandung - in 108ms kandidaten=2084239@0,51 2084239@0,46 38699854@0,50 2084239@0,50 2084239@0,50 guide=NRect(l=0.23501578, t=0.20780757, r=0.7649842, b=0.79219246)
09-17 16:04:31.677 I/GuideArt(  590): umrandung - in 108ms kandidaten=2084239@0,50 2084239@0,46 38699854@0,50 2084239@0,51 2084239@0,50 guide=NRect(l=0.23501578, t=0.20780757, r=0.7649842, b=0.79219246)
09-17 16:04:32.015 I/GuideArt(  590): umrandung - in 107ms kandidaten=2084239@0,49 38699854@0,45 38699854@0,50 2084239@0,50 2084239@0,49 guide=NRect(l=0.23501578, t=0.20780757, r=0.7649842, b=0.79219246)
09-17 16:04:32.359 I/GuideArt(  590): umrandung - in 110ms kandidaten=2084239@0,50 2084239@0,47 38699854@0,50 2084239@0,50 2084239@0,50 guide=NRect(l=0.23501578, t=0.20780757, r=0.7649842, b=0.79219246)
09-17 16:04:32.779 I/GuideArt(  590): umrandung - in 116ms kandidaten=2084239@0,50 2084239@0,46 38699854@0,50 2084239@0,51 2084239@0,49 guide=NRect(l=0.23501578, t=0.20780757, r=0.7649842, b=0.79219246)
09-17 16:04:33.114 I/GuideArt(  590): umrandung - in 115ms kandidaten=2084239@0,50 2084239@0,45 38699854@0,49 2084239@0,51 2084239@0,50 guide=NRect(l=0.23501578, t=0.20780757, r=0.7649842, b=0.79219246)
09-17 16:04:33.440 I/GuideArt(  590): umrandung - in 115ms kandidaten=2084239@0,51 2084239@0,47 38699854@0,50 2084239@0,51 2084239@0,49 guide=NRect(l=0.23501578, t=0.20780757, r=0.7649842, b=0.79219246)
09-17 16:04:33.863 I/GuideArt(  590): umrandung - in 111ms kandidaten=2084239@0,50 2084239@0,47 38699854@0,51 2084239@0,50 2084239@0,51 guide=NRect(l=0.23501578, t=0.20780757, r=0.7649842, b=0.79219246)
09-17 16:04:34.215 I/GuideArt(  590): umrandung - in 109ms kandidaten=2084239@0,50 2084239@0,46 38699854@0,50 2084239@0,50 2084239@0,49 guide=NRect(l=0.23501578, t=0.20780757, r=0.7649842, b=0.79219246)
09-17 16:04:34.541 I/GuideArt(  590): umrandung - in 106ms kandidaten=2084239@0,50 2084239@0,46 38699854@0,50 2084239@0,51 2084239@0,48 guide=NRect(l=0.23501578, t=0.20780757, r=0.7649842, b=0.79219246)
09-17 16:04:34.975 I/GuideArt(  590): umrandung - in 112ms kandidaten=2084239@0,50 2084239@0,47 38699854@0,51 2084239@0,50 2084239@0,49 guide=NRect(l=0.23501578, t=0.20780757, r=0.7649842, b=0.79219246)
09-17 16:04:35.318 I/GuideArt(  590): umrandung - in 121ms kandidaten=2084239@0,48 2084239@0,45 38699854@0,49 2084239@0,48 2084239@0,49 guide=NRect(l=0.23501578, t=0.20780757, r=0.7649842, b=0.79219246)
09-17 16:04:35.640 I/GuideArt(  590): umrandung - in 114ms kandidaten=2084239@0,49 2084239@0,45 38699854@0,45 2084239@0,50 2084239@0,49 guide=NRect(l=0.23501578, t=0.20780757, r=0.7649842, b=0.79219246)
09-17 16:04:35.962 I/BandOcr (  590): layout=UNKNOWN zone=SKIPPED ar=0.771 box=582x755 (Box ist kein Artwork)
09-17 16:04:36.070 I/GuideArt(  590): umrandung - in 108ms kandidaten=2084239@0,48 2084239@0,44 2084239@0,44 2084239@0,51 2084239@0,47 guide=NRect(l=0.23501578, t=0.20780757, r=0.7649842, b=0.79219246)
09-17 16:04:36.436 I/GuideArt(  590): umrandung - in 108ms kandidaten=2084239@0,50 2084239@0,46 38699854@0,47 2084239@0,51 2084239@0,49 guide=NRect(l=0.23501578, t=0.20780757, r=0.7649842, b=0.79219246)
09-17 16:04:36.773 I/GuideArt(  590): umrandung - in 108ms kandidaten=2084239@0,49 2084239@0,44 38699854@0,46 2084239@0,52 2084239@0,50 guide=NRect(l=0.23501578, t=0.20780757, r=0.7649842, b=0.79219246)
09-17 16:04:37.181 I/GuideArt(  590): umrandung - in 108ms kandidaten=2084239@0,49 2084239@0,46 38699854@0,48 2084239@0,52 2084239@0,48 guide=NRect(l=0.23501578, t=0.20780757, r=0.7649842, b=0.79219246)
09-17 16:04:37.495 I/GuideArt(  590): umrandung - in 108ms kandidaten=2084239@0,48 41044418@0,44 38699854@0,47 2084239@0,51 2084239@0,48 guide=NRect(l=0.23501578, t=0.20780757, r=0.7649842, b=0.79219246)
09-17 16:04:37.818 I/GuideArt(  590): umrandung - in 112ms kandidaten=2084239@0,50 2084239@0,45 38699854@0,46 2084239@0,53 2084239@0,50 guide=NRect(l=0.23501578, t=0.20780757, r=0.7649842, b=0.79219246)
09-17 16:04:38.241 I/GuideArt(  590): umrandung - in 124ms kandidaten=2084239@0,49 2084239@0,46 38699854@0,48 2084239@0,50 2084239@0,48 guide=NRect(l=0.23501578, t=0.20780757, r=0.7649842, b=0.79219246)
09-17 16:04:38.571 I/GuideArt(  590): umrandung - in 119ms kandidaten=2084239@0,51 2084239@0,47 38699854@0,50 2084239@0,51 2084239@0,50 guide=NRect(l=0.23501578, t=0.20780757, r=0.7649842, b=0.79219246)
09-17 16:04:38.905 I/GuideArt(  590): umrandung - in 112ms kandidaten=2084239@0,50 2084239@0,46 38699854@0,51 2084239@0,49 2084239@0,50 guide=NRect(l=0.23501578, t=0.20780757, r=0.7649842, b=0.79219246)
09-17 16:04:39.293 I/GuideArt(  590): umrandung - in 109ms kandidaten=2084239@0,50 2084239@0,47 38699854@0,49 2084239@0,51 2084239@0,49 guide=NRect(l=0.23501578, t=0.20780757, r=0.7649842, b=0.79219246)
09-17 16:04:39.619 I/GuideArt(  590): umrandung - in 111ms kandidaten=2084239@0,50 2084239@0,46 38699854@0,51 2084239@0,49 2084239@0,50 guide=NRect(l=0.23501578, t=0.20780757, r=0.7649842, b=0.79219246)
09-17 16:04:39.956 I/GuideArt(  590): umrandung - in 113ms kandidaten=2084239@0,50 2084239@0,47 38699854@0,50 2084239@0,51 2084239@0,50 guide=NRect(l=0.23501578, t=0.20780757, r=0.7649842, b=0.79219246)
09-17 16:04:40.336 I/GuideArt(  590): umrandung - in 111ms kandidaten=2084239@0,51 2084239@0,46 38699854@0,51 2084239@0,51 2084239@0,51 guide=NRect(l=0.23501578, t=0.20780757, r=0.7649842, b=0.79219246)
09-17 16:04:40.689 I/GuideArt(  590): umrandung - in 110ms kandidaten=2084239@0,52 2084239@0,47 38699854@0,50 2084239@0,50 2084239@0,51 guide=NRect(l=0.23501578, t=0.20780757, r=0.7649842, b=0.79219246)
09-17 16:04:41.015 I/GuideArt(  590): umrandung - in 114ms kandidaten=2084239@0,49 2084239@0,45 38699854@0,50 2084239@0,49 2084239@0,50 guide=NRect(l=0.23501578, t=0.20780757, r=0.7649842, b=0.79219246)
09-17 16:04:41.415 I/GuideArt(  590): umrandung - in 116ms kandidaten=2084239@0,50 2084239@0,46 38699854@0,50 2084239@0,50 2084239@0,49 guide=NRect(l=0.23501578, t=0.20780757, r=0.7649842, b=0.79219246)
09-17 16:04:41.738 I/GuideArt(  590): umrandung - in 120ms kandidaten=2084239@0,49 2084239@0,45 38699854@0,50 2084239@0,49 2084239@0,49 guide=NRect(l=0.23501578, t=0.20780757, r=0.7649842, b=0.79219246)
09-17 16:04:42.085 I/GuideArt(  590): umrandung - in 113ms kandidaten=2084239@0,51 2084239@0,47 38699854@0,51 2084239@0,50 2084239@0,50 guide=NRect(l=0.23501578, t=0.20780757, r=0.7649842, b=0.79219246)
09-17 16:04:42.467 I/GuideArt(  590): umrandung - in 109ms kandidaten=2084239@0,49 38699854@0,46 38699854@0,51 2084239@0,49 2084239@0,49 guide=NRect(l=0.23501578, t=0.20780757, r=0.7649842, b=0.79219246)
09-17 16:04:42.840 I/GuideArt(  590): umrandung - in 109ms kandidaten=2084239@0,50 2084239@0,46 38699854@0,49 2084239@0,51 2084239@0,51 guide=NRect(l=0.23501578, t=0.20780757, r=0.7649842, b=0.79219246)
09-17 16:04:43.177 I/GuideArt(  590): umrandung - in 106ms kandidaten=2084239@0,50 2084239@0,46 38699854@0,49 2084239@0,50 2084239@0,48 guide=NRect(l=0.23501578, t=0.20780757, r=0.7649842, b=0.79219246)
09-17 16:04:43.569 I/GuideArt(  590): umrandung - in 110ms kandidaten=2084239@0,51 2084239@0,47 38699854@0,51 2084239@0,50 2084239@0,50 guide=NRect(l=0.23501578, t=0.20780757, r=0.7649842, b=0.79219246)
09-17 16:04:43.910 I/GuideArt(  590): umrandung - in 114ms kandidaten=2084239@0,50 2084239@0,46 38699854@0,50 2084239@0,51 2084239@0,50 guide=NRect(l=0.23501578, t=0.20780757, r=0.7649842, b=0.79219246)
09-17 16:04:44.237 I/GuideArt(  590): umrandung - in 112ms kandidaten=2084239@0,51 2084239@0,47 38699854@0,50 2084239@0,51 2084239@0,51 guide=NRect(l=0.23501578, t=0.20780757, r=0.7649842, b=0.79219246)
09-17 16:04:44.635 I/GuideArt(  590): umrandung - in 116ms kandidaten=2084239@0,51 2084239@0,47 38699854@0,50 2084239@0,50 2084239@0,51 guide=NRect(l=0.23501578, t=0.20780757, r=0.7649842, b=0.79219246)
09-17 16:04:45.051 I/GuideArt(  590): umrandung - in 111ms kandidaten=2084239@0,51 2084239@0,46 38699854@0,51 2084239@0,50 2084239@0,51 guide=NRect(l=0.23501578, t=0.20780757, r=0.7649842, b=0.79219246)
09-17 16:04:45.405 I/GuideArt(  590): umrandung - in 107ms kandidaten=2084239@0,48 2084239@0,45 38699854@0,50 2084239@0,50 2084239@0,50 guide=NRect(l=0.23501578, t=0.20780757, r=0.7649842, b=0.79219246)
09-17 16:04:45.812 I/GuideArt(  590): umrandung - in 108ms kandidaten=2084239@0,49 2084239@0,46 38699854@0,49 2084239@0,50 2084239@0,48 guide=NRect(l=0.23501578, t=0.20780757, r=0.7649842, b=0.79219246)
09-17 16:04:46.125 I/GuideArt(  590): umrandung - in 108ms kandidaten=2084239@0,49 2084239@0,46 38699854@0,49 2084239@0,50 2084239@0,51 guide=NRect(l=0.23501578, t=0.20780757, r=0.7649842, b=0.79219246)
09-17 16:04:46.476 I/GuideArt(  590): umrandung - in 114ms kandidaten=2084239@0,50 2084239@0,46 38699854@0,49 2084239@0,49 2084239@0,49 guide=NRect(l=0.23501578, t=0.20780757, r=0.7649842, b=0.79219246)
09-17 16:04:46.863 I/GuideArt(  590): umrandung - in 117ms kandidaten=2084239@0,50 2084239@0,47 38699854@0,50 2084239@0,51 2084239@0,50 guide=NRect(l=0.23501578, t=0.20780757, r=0.7649842, b=0.79219246)
09-17 16:04:47.196 I/GuideArt(  590): umrandung - in 122ms kandidaten=2084239@0,50 2084239@0,45 38699854@0,50 2084239@0,49 2084239@0,50 guide=NRect(l=0.23501578, t=0.20780757, r=0.7649842, b=0.79219246)
09-17 16:04:47.533 I/GuideArt(  590): umrandung - in 118ms kandidaten=2084239@0,50 2084239@0,46 38699854@0,50 2084239@0,51 2084239@0,49 guide=NRect(l=0.23501578, t=0.20780757, r=0.7649842, b=0.79219246)
09-17 16:04:47.928 I/GuideArt(  590): umrandung - in 108ms kandidaten=2084239@0,50 2084239@0,45 38699854@0,50 2084239@0,51 2084239@0,50 guide=NRect(l=0.23501578, t=0.20780757, r=0.7649842, b=0.79219246)
09-17 16:04:48.266 I/GuideArt(  590): umrandung - in 111ms kandidaten=2084239@0,49 38699854@0,45 38699854@0,50 2084239@0,50 2084239@0,50 guide=NRect(l=0.23501578, t=0.20780757, r=0.7649842, b=0.79219246)
09-17 16:04:48.606 I/GuideArt(  590): umrandung - in 108ms kandidaten=2084239@0,51 2084239@0,47 38699854@0,51 2084239@0,50 2084239@0,53 guide=NRect(l=0.23501578, t=0.20780757, r=0.7649842, b=0.79219246)
09-17 16:04:49.013 I/GuideArt(  590): umrandung - in 117ms kandidaten=2084239@0,51 2084239@0,47 38699854@0,50 2084239@0,51 2084239@0,49 guide=NRect(l=0.23501578, t=0.20780757, r=0.7649842, b=0.79219246)
09-17 16:04:49.333 I/GuideArt(  590): umrandung - in 109ms kandidaten=2084239@0,49 2084239@0,46 38699854@0,50 2084239@0,51 2084239@0,50 guide=NRect(l=0.23501578, t=0.20780757, r=0.7649842, b=0.79219246)
09-17 16:04:49.669 I/GuideArt(  590): umrandung - in 110ms kandidaten=2084239@0,50 2084239@0,48 38699854@0,51 2084239@0,51 2084239@0,50 guide=NRect(l=0.23501578, t=0.20780757, r=0.7649842, b=0.79219246)
09-17 16:04:50.097 I/GuideArt(  590): umrandung - in 117ms kandidaten=2084239@0,50 38699854@0,45 38699854@0,50 2084239@0,49 2084239@0,50 guide=NRect(l=0.23501578, t=0.20780757, r=0.7649842, b=0.79219246)
09-17 16:04:50.425 I/GuideArt(  590): umrandung - in 114ms kandidaten=2084239@0,50 2084239@0,45 38699854@0,49 2084239@0,50 2084239@0,50 guide=NRect(l=0.23501578, t=0.20780757, r=0.7649842, b=0.79219246)
09-17 16:04:50.742 I/GuideArt(  590): umrandung - in 116ms kandidaten=2084239@0,50 2084239@0,46 38699854@0,50 2084239@0,49 2084239@0,49 guide=NRect(l=0.23501578, t=0.20780757, r=0.7649842, b=0.79219246)
09-17 16:04:51.190 I/GuideArt(  590): umrandung - in 112ms kandidaten=2084239@0,50 2084239@0,45 38699854@0,49 2084239@0,52 2084239@0,50 guide=NRect(l=0.23501578, t=0.20780757, r=0.7649842, b=0.79219246)
09-17 16:04:51.536 I/GuideArt(  590): umrandung - in 109ms kandidaten=2084239@0,50 2084239@0,46 38699854@0,50 2084239@0,50 2084239@0,49 guide=NRect(l=0.23501578, t=0.20780757, r=0.7649842, b=0.79219246)
09-17 16:04:51.871 I/GuideArt(  590): umrandung - in 105ms kandidaten=2084239@0,51 2084239@0,47 38699854@0,50 2084239@0,51 2084239@0,51 guide=NRect(l=0.23501578, t=0.20780757, r=0.7649842, b=0.79219246)
09-17 16:04:52.280 I/GuideArt(  590): umrandung - in 115ms kandidaten=2084239@0,49 38699854@0,45 38699854@0,50 2084239@0,50 2084239@0,48 guide=NRect(l=0.23501578, t=0.20780757, r=0.7649842, b=0.79219246)
09-17 16:04:52.606 I/GuideArt(  590): umrandung - in 119ms kandidaten=2084239@0,51 2084239@0,46 38699854@0,49 2084239@0,50 2084239@0,51 guide=NRect(l=0.23501578, t=0.20780757, r=0.7649842, b=0.79219246)
09-17 16:04:52.925 I/GuideArt(  590): umrandung - in 115ms kandidaten=2084239@0,50 2084239@0,47 38699854@0,49 2084239@0,50 2084239@0,49 guide=NRect(l=0.23501578, t=0.20780757, r=0.7649842, b=0.79219246)
09-17 16:04:53.296 I/GuideArt(  590): umrandung - in 124ms kandidaten=2084239@0,50 2084239@0,46 38699854@0,49 2084239@0,51 2084239@0,50 guide=NRect(l=0.23501578, t=0.20780757, r=0.7649842, b=0.79219246)
09-17 16:04:53.636 I/GuideArt(  590): umrandung - in 129ms kandidaten=2084239@0,49 2084239@0,45 38699854@0,49 2084239@0,50 2084239@0,49 guide=NRect(l=0.23501578, t=0.20780757, r=0.7649842, b=0.79219246)
09-17 16:04:53.961 I/GuideArt(  590): umrandung - in 108ms kandidaten=2084239@0,50 2084239@0,45 38699854@0,49 2084239@0,50 2084239@0,50 guide=NRect(l=0.23501578, t=0.20780757, r=0.7649842, b=0.79219246)
09-17 16:04:54.370 I/GuideArt(  590): umrandung - in 113ms kandidaten=2084239@0,52 2084239@0,47 38699854@0,50 2084239@0,52 2084239@0,51 guide=NRect(l=0.23501578, t=0.20780757, r=0.7649842, b=0.79219246)
09-17 16:04:54.699 I/GuideArt(  590): umrandung - in 111ms kandidaten=2084239@0,51 2084239@0,47 38699854@0,48 2084239@0,51 2084239@0,50 guide=NRect(l=0.23501578, t=0.20780757, r=0.7649842, b=0.79219246)
09-17 16:04:55.051 I/GuideArt(  590): umrandung - in 112ms kandidaten=2084239@0,51 2084239@0,45 38699854@0,51 2084239@0,50 2084239@0,50 guide=NRect(l=0.23501578, t=0.20780757, r=0.7649842, b=0.79219246)
09-17 16:04:55.427 I/GuideArt(  590): umrandung - in 109ms kandidaten=2084239@0,50 2084239@0,46 38699854@0,51 2084239@0,50 2084239@0,51 guide=NRect(l=0.23501578, t=0.20780757, r=0.7649842, b=0.79219246)
09-17 16:04:55.756 I/GuideArt(  590): umrandung - in 106ms kandidaten=2084239@0,51 2084239@0,46 38699854@0,49 2084239@0,50 2084239@0,50 guide=NRect(l=0.23501578, t=0.20780757, r=0.7649842, b=0.79219246)
09-17 16:04:56.078 I/GuideArt(  590): umrandung - in 110ms kandidaten=2084239@0,51 2084239@0,46 38699854@0,49 2084239@0,50 2084239@0,48 guide=NRect(l=0.23501578, t=0.20780757, r=0.7649842, b=0.79219246)
09-17 16:04:56.497 I/GuideArt(  590): umrandung - in 114ms kandidaten=2084239@0,50 2084239@0,46 38699854@0,48 2084239@0,51 2084239@0,51 guide=NRect(l=0.23501578, t=0.20780757, r=0.7649842, b=0.79219246)
09-17 16:04:56.827 I/GuideArt(  590): umrandung - in 115ms kandidaten=2084239@0,51 2084239@0,46 38699854@0,50 2084239@0,50 2084239@0,51 guide=NRect(l=0.23501578, t=0.20780757, r=0.7649842, b=0.79219246)
09-17 16:04:57.168 I/GuideArt(  590): umrandung - in 110ms kandidaten=2084239@0,49 2084239@0,44 38699854@0,49 2084239@0,50 2084239@0,48 guide=NRect(l=0.23501578, t=0.20780757, r=0.7649842, b=0.79219246)
09-17 16:04:57.551 I/GuideArt(  590): umrandung - in 106ms kandidaten=2084239@0,51 2084239@0,47 38699854@0,51 2084239@0,51 2084239@0,50 guide=NRect(l=0.23501578, t=0.20780757, r=0.7649842, b=0.79219246)
09-17 16:04:57.892 I/GuideArt(  590): umrandung - in 107ms kandidaten=2084239@0,50 2084239@0,45 38699854@0,50 2084239@0,51 2084239@0,50 guide=NRect(l=0.23501578, t=0.20780757, r=0.7649842, b=0.79219246)
09-17 16:04:58.231 I/GuideArt(  590): umrandung - in 108ms kandidaten=2084239@0,50 38699854@0,45 38699854@0,48 2084239@0,50 2084239@0,50 guide=NRect(l=0.23501578, t=0.20780757, r=0.7649842, b=0.79219246)
09-17 16:04:58.621 I/GuideArt(  590): umrandung - in 113ms kandidaten=2084239@0,52 2084239@0,47 38699854@0,50 2084239@0,51 2084239@0,51 guide=NRect(l=0.23501578, t=0.20780757, r=0.7649842, b=0.79219246)
09-17 16:04:58.989 I/GuideArt(  590): umrandung - in 114ms kandidaten=2084239@0,49 2084239@0,45 38699854@0,49 2084239@0,52 2084239@0,48 guide=NRect(l=0.23501578, t=0.20780757, r=0.7649842, b=0.79219246)
09-17 16:04:59.302 I/GuideArt(  590): umrandung - in 113ms kandidaten=2084239@0,50 2084239@0,46 38699854@0,51 2084239@0,51 2084239@0,49 guide=NRect(l=0.23501578, t=0.20780757, r=0.7649842, b=0.79219246)
