StapelMess === Scanner geoeffnet t=1789644528624 ===
StapelMess t=1789644529421 strip=-1,0 inner=-1,0 ml=start
StapelMess t=1789644529443 strip=5,5 inner=14,2 ml=busy
StapelMess t=1789644529447 strip=0,1 inner=0,1 ml=busy
StapelMess t=1789644529472 strip=3,1 inner=5,8 ml=busy
StapelMess t=1789644529500 strip=3,0 inner=4,2 ml=busy
StapelMess t=1789644529561 strip=0,3 inner=1,1 ml=busy
StapelMess t=1789644529586 strip=0,7 inner=1,4 ml=busy
StapelMess t=1789644529617 strip=0,3 inner=0,9 ml=busy
StapelMess t=1789644529638 strip=0,9 inner=0,8 ml=busy
StapelMess ml t=1789644529421 fertig=1789644529653 pcs=[]
StapelMess t=1789644529671 strip=1,3 inner=1,5 ml=start
StapelMess t=1789644529700 strip=4,7 inner=3,3 ml=busy
StapelMess t=1789644529739 strip=0,4 inner=1,0 ml=busy
StapelMess t=1789644529768 strip=0,2 inner=0,4 ml=busy
StapelMess t=1789644529798 strip=1,7 inner=1,2 ml=busy
StapelScan t=1789644529803 diff=20,0 pcs=[]
StapelMess ml t=1789644529671 fertig=1789644529803 pcs=[]
StapelMess t=1789644529825 strip=2,2 inner=3,0 ml=start
StapelMess t=1789644529868 strip=0,5 inner=0,3 ml=busy
StapelMess t=1789644529891 strip=1,1 inner=0,7 ml=busy
StapelMess t=1789644529926 strip=1,7 inner=1,6 ml=busy
StapelMess t=1789644529958 strip=0,5 inner=0,5 ml=busy
StapelMess t=1789644529998 strip=0,3 inner=0,2 ml=busy
StapelMess t=1789644530026 strip=0,3 inner=0,3 ml=busy
StapelMess t=1789644530057 strip=0,3 inner=0,9 ml=busy
StapelScan t=1789644530091 diff=8,0 pcs=[]
StapelMess ml t=1789644529825 fertig=1789644530091 pcs=[]
StapelMess t=1789644530096 strip=0,1 inner=0,1 ml=start
StapelMess t=1789644530141 strip=0,2 inner=0,1 ml=busy
StapelMess t=1789644530176 strip=0,2 inner=0,1 ml=busy
StapelMess ml t=1789644530096 fertig=1789644530184 pcs=[]
StapelMess t=1789644530205 strip=0,1 inner=0,1 ml=start
StapelMess t=1789644530232 strip=0,1 inner=0,1 ml=busy
StapelMess t=1789644530266 strip=0,1 inner=0,1 ml=busy
StapelMess ml t=1789644530205 fertig=1789644530293 pcs=[]
StapelMess t=1789644530301 strip=0,1 inner=0,1 ml=start
StapelMess t=1789644530334 strip=0,2 inner=0,3 ml=busy
StapelMess t=1789644530369 strip=0,1 inner=0,1 ml=busy
StapelMess t=1789644530405 strip=0,2 inner=0,3 ml=busy
StapelMess t=1789644530433 strip=0,1 inner=0,1 ml=busy
StapelMess ml t=1789644530301 fertig=1789644530441 pcs=[]
StapelScan diff=1,7 dauer=288 entscheidung=Meldung
StapelMess t=1789644530471 strip=0,1 inner=0,1 ml=start
StapelMess t=1789644530505 strip=0,1 inner=0,1 ml=busy
StapelMess t=1789644530537 strip=0,1 inner=0,1 ml=busy
StapelMess ml t=1789644530471 fertig=1789644530560 pcs=[]
StapelMess t=1789644530573 strip=0,2 inner=0,3 ml=start
StapelMess t=1789644530598 strip=0,3 inner=0,3 ml=busy
StapelMess t=1789644530632 strip=0,1 inner=0,1 ml=busy
StapelMess t=1789644530667 strip=0,1 inner=0,1 ml=busy
StapelMess ml t=1789644530573 fertig=1789644530682 pcs=[]
StapelMess t=1789644530702 strip=0,1 inner=0,1 ml=start
StapelMess t=1789644530734 strip=0,1 inner=0,1 ml=busy
StapelMess t=1789644530767 strip=0,1 inner=0,1 ml=busy
StapelMess t=1789644530802 strip=0,2 inner=0,3 ml=busy
StapelMess t=1789644530833 strip=0,1 inner=0,2 ml=busy
StapelMess ml t=1789644530702 fertig=1789644530860 pcs=[]
StapelMess t=1789644530868 strip=1,0 inner=1,0 ml=start
StapelMess t=1789644530898 strip=0,5 inner=0,3 ml=busy
StapelMess t=1789644530935 strip=0,2 inner=0,3 ml=busy
StapelScan t=1789644530957 diff=4,9 pcs=[]
StapelMess ml t=1789644530868 fertig=1789644530957 pcs=[]
StapelMess t=1789644530968 strip=0,1 inner=0,1 ml=start
StapelMess t=1789644531001 strip=0,1 inner=0,1 ml=busy
StapelMess t=1789644531047 strip=0,1 inner=0,1 ml=busy
StapelMess ml t=1789644530968 fertig=1789644531069 pcs=[]
StapelMess t=1789644531069 strip=0,2 inner=0,2 ml=start
StapelMess t=1789644531098 strip=0,3 inner=0,2 ml=busy
StapelMess t=1789644531147 strip=0,2 inner=0,3 ml=busy
StapelMess ml t=1789644531069 fertig=1789644531183 pcs=[]
StapelScan diff=1,7 dauer=0 entscheidung=Verworfen
StapelMess t=1789644531190 strip=0,1 inner=0,2 ml=start
StapelMess t=1789644531204 strip=8,4 inner=9,9 ml=busy
StapelMess t=1789644531264 strip=14,0 inner=13,1 ml=busy
StapelMess t=1789644531292 strip=10,4 inner=6,7 ml=busy
StapelMess ml t=1789644531190 fertig=1789644531299 pcs=[]
StapelMess t=1789644531322 strip=5,5 inner=4,7 ml=start
StapelMess t=1789644531344 strip=5,4 inner=3,7 ml=busy
StapelMess t=1789644531377 strip=3,3 inner=2,4 ml=busy
StapelScan t=1789644531417 diff=35,0 pcs=[]
StapelMess ml t=1789644531322 fertig=1789644531417 pcs=[]
StapelMess t=1789644531423 strip=1,8 inner=1,3 ml=start
StapelMess t=1789644531447 strip=1,8 inner=0,9 ml=busy
StapelMess t=1789644531480 strip=0,7 inner=0,5 ml=busy
StapelMess t=1789644531523 strip=1,4 inner=1,0 ml=busy
StapelScan t=1789644531570 diff=15,9 pcs=[]
StapelMess ml t=1789644531423 fertig=1789644531570 pcs=[]
StapelMess t=1789644531574 strip=1,4 inner=1,2 ml=start
StapelMess t=1789644531580 strip=2,3 inner=1,2 ml=busy
StapelMess t=1789644531612 strip=4,2 inner=2,2 ml=busy
StapelMess t=1789644531659 strip=1,9 inner=1,0 ml=busy
StapelScan t=1789644531670 diff=9,0 pcs=[]
StapelMess ml t=1789644531574 fertig=1789644531670 pcs=[]
StapelMess t=1789644531687 strip=1,0 inner=0,5 ml=start
StapelMess t=1789644531709 strip=1,1 inner=0,6 ml=busy
StapelMess t=1789644531744 strip=1,5 inner=0,7 ml=busy
StapelScan t=1789644531781 diff=13,2 pcs=[]
StapelMess ml t=1789644531687 fertig=1789644531782 pcs=[]
StapelMess t=1789644531786 strip=0,7 inner=0,6 ml=start
StapelMess t=1789644531809 strip=0,6 inner=0,4 ml=busy
StapelMess t=1789644531845 strip=1,0 inner=0,4 ml=busy
StapelMess t=1789644531890 strip=1,3 inner=0,7 ml=busy
StapelMess t=1789644531921 strip=0,7 inner=0,5 ml=busy
StapelScan t=1789644531933 diff=7,6 pcs=[]
StapelMess ml t=1789644531786 fertig=1789644531933 pcs=[]
StapelMess t=1789644531945 strip=0,7 inner=0,4 ml=start
StapelMess t=1789644531976 strip=0,2 inner=0,2 ml=busy
StapelMess t=1789644532014 strip=1,6 inner=0,7 ml=busy
StapelScan t=1789644532045 diff=9,7 pcs=[]
StapelMess ml t=1789644531945 fertig=1789644532045 pcs=[]
StapelMess t=1789644532062 strip=1,1 inner=0,6 ml=start
StapelMess t=1789644532088 strip=0,8 inner=0,6 ml=busy
StapelMess t=1789644532114 strip=1,6 inner=0,8 ml=busy
StapelMess t=1789644532166 strip=1,3 inner=0,7 ml=busy
StapelScan t=1789644532192 diff=6,5 pcs=[]
StapelMess ml t=1789644532062 fertig=1789644532192 pcs=[]
StapelMess t=1789644532206 strip=1,5 inner=1,0 ml=start
StapelMess t=1789644532223 strip=1,8 inner=0,9 ml=busy
StapelMess t=1789644532244 strip=2,6 inner=1,2 ml=busy
StapelMess t=1789644532290 strip=1,3 inner=0,7 ml=busy
StapelMess t=1789644532324 strip=1,2 inner=0,7 ml=busy
StapelMess t=1789644532348 strip=2,2 inner=0,9 ml=busy
StapelScan t=1789644532360 diff=10,9 pcs=[]
StapelMess ml t=1789644532206 fertig=1789644532361 pcs=[]
StapelMess t=1789644532376 strip=1,9 inner=1,0 ml=start
StapelMess t=1789644532410 strip=1,1 inner=0,5 ml=busy
StapelMess t=1789644532445 strip=3,1 inner=1,3 ml=busy
StapelMess t=1789644532478 strip=1,7 inner=0,8 ml=busy
StapelScan t=1789644532490 diff=17,0 pcs=[]
StapelMess ml t=1789644532376 fertig=1789644532490 pcs=[]
StapelMess t=1789644532510 strip=0,8 inner=0,5 ml=start
StapelMess t=1789644532543 strip=2,5 inner=1,3 ml=busy
StapelMess t=1789644532580 strip=1,3 inner=0,7 ml=busy
StapelScan t=1789644532620 diff=12,7 pcs=[]
StapelMess ml t=1789644532510 fertig=1789644532621 pcs=[]
StapelMess t=1789644532640 strip=0,8 inner=0,4 ml=start
StapelMess t=1789644532651 strip=0,8 inner=0,5 ml=busy
StapelMess t=1789644532678 strip=2,3 inner=1,7 ml=busy
StapelMess t=1789644532725 strip=1,0 inner=0,7 ml=busy
StapelMess t=1789644532757 strip=1,2 inner=0,9 ml=busy
StapelMess t=1789644532778 strip=0,6 inner=0,3 ml=busy
StapelScan t=1789644532788 diff=9,5 pcs=[]
StapelMess ml t=1789644532640 fertig=1789644532789 pcs=[]
StapelMess t=1789644532812 strip=2,2 inner=0,8 ml=start
StapelMess t=1789644532845 strip=0,5 inner=0,4 ml=busy
StapelMess t=1789644532889 strip=0,2 inner=0,1 ml=busy
StapelScan t=1789644532917 diff=12,5 pcs=[]
StapelMess ml t=1789644532812 fertig=1789644532917 pcs=[]
StapelMess t=1789644532920 strip=0,5 inner=0,4 ml=start
StapelMess t=1789644532955 strip=0,4 inner=0,2 ml=busy
StapelMess t=1789644532982 strip=0,5 inner=0,2 ml=busy
StapelMess t=1789644533022 strip=0,2 inner=0,1 ml=busy
StapelMess ml t=1789644532920 fertig=1789644533025 pcs=[]
StapelMess t=1789644533043 strip=0,2 inner=0,1 ml=start
StapelMess t=1789644533075 strip=0,2 inner=0,1 ml=busy
StapelMess t=1789644533113 strip=0,2 inner=0,1 ml=busy
StapelMess t=1789644533147 strip=0,3 inner=0,3 ml=busy
StapelMess ml t=1789644533043 fertig=1789644533178 pcs=[]
StapelScan diff=1,4 dauer=1501 entscheidung=Verworfen
StapelMess t=1789644533188 strip=0,1 inner=0,1 ml=start
StapelMess t=1789644533223 strip=0,1 inner=0,1 ml=busy
StapelMess t=1789644533257 strip=0,1 inner=0,1 ml=busy
StapelMess t=1789644533289 strip=0,1 inner=0,1 ml=busy
StapelMess ml t=1789644533188 fertig=1789644533296 pcs=[]
StapelMess t=1789644533301 strip=0,1 inner=0,1 ml=start
StapelMess t=1789644533336 strip=0,1 inner=0,1 ml=busy
StapelMess t=1789644533365 strip=0,1 inner=0,1 ml=busy
StapelMess t=1789644533398 strip=0,4 inner=0,5 ml=busy
StapelMess ml t=1789644533301 fertig=1789644533416 pcs=[]
StapelMess t=1789644533430 strip=0,1 inner=0,1 ml=start
StapelMess t=1789644533466 strip=0,1 inner=0,1 ml=busy
StapelMess t=1789644533497 strip=0,3 inner=0,3 ml=busy
StapelMess t=1789644533534 strip=0,1 inner=0,1 ml=busy
StapelMess t=1789644533563 strip=0,1 inner=0,1 ml=busy
StapelMess ml t=1789644533430 fertig=1789644533576 pcs=[]
StapelMess t=1789644533599 strip=0,1 inner=0,1 ml=start
StapelMess t=1789644533632 strip=0,1 inner=0,1 ml=busy
StapelMess t=1789644533667 strip=0,1 inner=0,1 ml=busy
StapelMess ml t=1789644533599 fertig=1789644533704 pcs=[]
StapelMess t=1789644533702 strip=0,2 inner=0,3 ml=start
StapelMess t=1789644533741 strip=0,1 inner=0,1 ml=busy
StapelMess t=1789644533766 strip=0,1 inner=0,1 ml=busy
StapelMess t=1789644533800 strip=0,1 inner=0,1 ml=busy
StapelMess ml t=1789644533702 fertig=1789644533809 pcs=[]
StapelMess t=1789644533831 strip=0,1 inner=0,1 ml=start
StapelMess t=1789644533871 strip=0,1 inner=0,1 ml=busy
StapelMess t=1789644533898 strip=0,1 inner=0,1 ml=busy
StapelMess t=1789644533935 strip=0,1 inner=0,1 ml=busy
StapelMess t=1789644533964 strip=0,2 inner=0,2 ml=busy
StapelMess ml t=1789644533831 fertig=1789644533977 pcs=[]
StapelMess t=1789644533997 strip=0,1 inner=0,1 ml=start
StapelMess t=1789644534030 strip=0,1 inner=0,1 ml=busy
StapelMess t=1789644534067 strip=0,1 inner=0,1 ml=busy
StapelMess ml t=1789644533997 fertig=1789644534099 pcs=[]
StapelMess t=1789644534097 strip=0,1 inner=0,1 ml=start
StapelMess t=1789644534131 strip=0,3 inner=0,3 ml=busy
StapelMess t=1789644534167 strip=0,1 inner=0,1 ml=busy
StapelMess t=1789644534203 strip=0,1 inner=0,1 ml=busy
StapelMess ml t=1789644534097 fertig=1789644534206 pcs=[]
StapelMess t=1789644534224 strip=0,1 inner=0,1 ml=start
StapelMess t=1789644534263 strip=0,1 inner=0,1 ml=busy
StapelMess t=1789644534300 strip=0,1 inner=0,1 ml=busy
StapelMess t=1789644534333 strip=0,2 inner=0,3 ml=busy
StapelMess t=1789644534359 strip=0,1 inner=0,1 ml=busy
StapelMess ml t=1789644534224 fertig=1789644534374 pcs=[]
StapelMess t=1789644534398 strip=0,1 inner=0,1 ml=start
StapelMess t=1789644534431 strip=0,1 inner=0,1 ml=busy
StapelMess t=1789644534468 strip=0,1 inner=0,1 ml=busy
StapelMess ml t=1789644534398 fertig=1789644534512 pcs=[]
StapelMess t=1789644534516 strip=0,2 inner=0,3 ml=start
StapelMess t=1789644534546 strip=0,1 inner=0,1 ml=busy
StapelMess t=1789644534568 strip=0,1 inner=0,1 ml=busy
StapelMess t=1789644534596 strip=0,1 inner=0,1 ml=busy
StapelMess ml t=1789644534516 fertig=1789644534622 pcs=[]
StapelMess t=1789644534624 strip=0,1 inner=0,1 ml=start
StapelMess t=1789644534663 strip=0,1 inner=0,1 ml=busy
StapelMess t=1789644534703 strip=0,1 inner=0,1 ml=busy
StapelMess t=1789644534731 strip=0,1 inner=0,2 ml=busy
StapelMess t=1789644534763 strip=0,1 inner=0,1 ml=busy
StapelMess ml t=1789644534624 fertig=1789644534773 pcs=[]
StapelMess t=1789644534797 strip=0,1 inner=0,1 ml=start
StapelMess t=1789644534830 strip=0,1 inner=0,1 ml=busy
StapelMess t=1789644534864 strip=0,1 inner=0,1 ml=busy
StapelMess t=1789644534896 strip=0,1 inner=0,1 ml=busy
StapelMess ml t=1789644534797 fertig=1789644534899 pcs=[]
StapelMess t=1789644534930 strip=0,1 inner=0,1 ml=start
StapelMess t=1789644534964 strip=0,1 inner=0,1 ml=busy
StapelMess t=1789644534997 strip=0,1 inner=0,1 ml=busy
StapelMess t=1789644535029 strip=0,1 inner=0,1 ml=busy
StapelMess ml t=1789644534930 fertig=1789644535034 pcs=[]
StapelMess t=1789644535064 strip=0,1 inner=0,1 ml=start
StapelMess t=1789644535101 strip=0,1 inner=0,1 ml=busy
StapelMess t=1789644535131 strip=0,2 inner=0,2 ml=busy
StapelMess t=1789644535163 strip=0,1 inner=0,1 ml=busy
StapelMess t=1789644535197 strip=0,1 inner=0,1 ml=busy
StapelMess ml t=1789644535064 fertig=1789644535210 pcs=[]
StapelMess t=1789644535228 strip=0,1 inner=0,1 ml=start
StapelMess t=1789644535263 strip=0,1 inner=0,1 ml=busy
StapelMess t=1789644535296 strip=0,4 inner=0,5 ml=busy
StapelMess ml t=1789644535228 fertig=1789644535330 pcs=[]
StapelMess t=1789644535330 strip=0,1 inner=0,1 ml=start
StapelMess t=1789644535363 strip=0,1 inner=0,1 ml=busy
StapelMess t=1789644535397 strip=0,1 inner=0,1 ml=busy
StapelMess t=1789644535428 strip=0,1 inner=0,1 ml=busy
StapelMess ml t=1789644535330 fertig=1789644535436 pcs=[]
StapelMess t=1789644535465 strip=0,1 inner=0,1 ml=start
StapelMess t=1789644535502 strip=0,1 inner=0,1 ml=busy
StapelMess t=1789644535530 strip=0,3 inner=0,3 ml=busy
StapelMess t=1789644535563 strip=0,1 inner=0,1 ml=busy
StapelMess ml t=1789644535465 fertig=1789644535602 pcs=[]
StapelMess t=1789644535600 strip=0,1 inner=0,1 ml=busy
StapelMess t=1789644535630 strip=0,1 inner=0,1 ml=start
StapelMess t=1789644535663 strip=0,3 inner=0,3 ml=busy
StapelMess t=1789644535696 strip=0,1 inner=0,1 ml=busy
StapelMess t=1789644535724 strip=0,1 inner=0,1 ml=busy
StapelMess ml t=1789644535630 fertig=1789644535748 pcs=[]
StapelMess t=1789644535763 strip=0,1 inner=0,1 ml=start
StapelMess t=1789644535796 strip=0,3 inner=0,4 ml=busy
StapelMess t=1789644535830 strip=0,1 inner=0,1 ml=busy
StapelMess ml t=1789644535763 fertig=1789644535870 pcs=[]
StapelMess t=1789644535868 strip=0,2 inner=0,2 ml=busy
StapelMess t=1789644535897 strip=0,1 inner=0,1 ml=start
StapelMess t=1789644535930 strip=0,1 inner=0,1 ml=busy
StapelMess t=1789644535963 strip=0,1 inner=0,1 ml=busy
StapelMess t=1789644535996 strip=0,1 inner=0,1 ml=busy
StapelMess t=1789644536028 strip=0,4 inner=0,4 ml=busy
StapelMess ml t=1789644535897 fertig=1789644536032 pcs=[]
StapelMess t=1789644536063 strip=0,2 inner=0,2 ml=start
StapelMess t=1789644536096 strip=0,1 inner=0,1 ml=busy
StapelMess t=1789644536136 strip=0,1 inner=0,1 ml=busy
StapelMess t=1789644536163 strip=0,1 inner=0,1 ml=busy
StapelMess ml t=1789644536063 fertig=1789644536187 pcs=[]
StapelMess t=1789644536202 strip=0,1 inner=0,1 ml=start
StapelMess t=1789644536230 strip=0,1 inner=0,1 ml=busy
StapelMess t=1789644536266 strip=0,1 inner=0,1 ml=busy
StapelMess t=1789644536297 strip=0,1 inner=0,1 ml=busy
StapelMess ml t=1789644536202 fertig=1789644536315 pcs=[]
StapelMess t=1789644536329 strip=0,1 inner=0,1 ml=start
StapelMess t=1789644536363 strip=0,1 inner=0,2 ml=busy
StapelMess t=1789644536413 strip=0,1 inner=0,1 ml=busy
StapelMess t=1789644536430 strip=0,1 inner=0,1 ml=busy
StapelMess t=1789644536470 strip=0,1 inner=0,1 ml=busy
StapelMess t=1789644536496 strip=0,1 inner=0,1 ml=busy
StapelMess ml t=1789644536329 fertig=1789644536512 pcs=[]
StapelMess t=1789644536530 strip=0,1 inner=0,1 ml=start
StapelMess t=1789644536560 strip=0,1 inner=0,2 ml=busy
StapelMess t=1789644536594 strip=0,1 inner=0,1 ml=busy
StapelMess t=1789644536628 strip=0,1 inner=0,1 ml=busy
StapelMess ml t=1789644536530 fertig=1789644536636 pcs=[]
StapelMess t=1789644536664 strip=0,1 inner=0,1 ml=start
StapelMess t=1789644536696 strip=0,2 inner=0,1 ml=busy
StapelMess t=1789644536746 strip=0,1 inner=0,1 ml=busy
StapelMess t=1789644536789 strip=0,3 inner=0,3 ml=busy
StapelMess t=1789644536808 strip=0,1 inner=0,1 ml=busy
StapelMess t=1789644536831 strip=0,1 inner=0,1 ml=busy
StapelMess ml t=1789644536664 fertig=1789644536835 pcs=[]
StapelMess t=1789644536864 strip=0,1 inner=0,1 ml=start
StapelMess t=1789644536896 strip=0,2 inner=0,3 ml=busy
StapelMess t=1789644536943 strip=0,1 inner=0,1 ml=busy
StapelMess t=1789644536989 strip=0,3 inner=0,3 ml=busy
StapelMess t=1789644537003 strip=0,1 inner=0,1 ml=busy
StapelMess t=1789644537031 strip=0,1 inner=0,1 ml=busy
StapelMess ml t=1789644536864 fertig=1789644537048 pcs=[]
StapelMess t=1789644537065 strip=0,1 inner=0,1 ml=start
StapelMess t=1789644537103 strip=0,1 inner=0,1 ml=busy
StapelMess t=1789644537129 strip=0,1 inner=0,1 ml=busy
StapelMess t=1789644537165 strip=0,2 inner=0,2 ml=busy
StapelMess ml t=1789644537065 fertig=1789644537193 pcs=[]
StapelMess t=1789644537199 strip=0,1 inner=0,1 ml=start
StapelMess t=1789644537229 strip=0,1 inner=0,1 ml=busy
StapelMess t=1789644537268 strip=0,1 inner=0,1 ml=busy
StapelMess t=1789644537295 strip=0,2 inner=0,2 ml=busy
StapelMess ml t=1789644537199 fertig=1789644537302 pcs=[]
StapelMess t=1789644537330 strip=0,1 inner=0,1 ml=start
StapelMess t=1789644537362 strip=0,2 inner=0,2 ml=busy
StapelMess t=1789644537396 strip=0,3 inner=0,4 ml=busy
StapelMess t=1789644537428 strip=0,1 inner=0,1 ml=busy
StapelMess t=1789644537469 strip=0,1 inner=0,1 ml=busy
StapelMess ml t=1789644537330 fertig=1789644537479 pcs=[]
StapelMess t=1789644537496 strip=0,1 inner=0,1 ml=start
StapelMess t=1789644537529 strip=0,1 inner=0,1 ml=busy
StapelMess t=1789644537561 strip=0,1 inner=0,1 ml=busy
StapelMess t=1789644537605 strip=0,1 inner=0,1 ml=busy
StapelMess ml t=1789644537496 fertig=1789644537613 pcs=[]
StapelMess t=1789644537628 strip=0,1 inner=0,1 ml=start
StapelMess t=1789644537659 strip=0,1 inner=0,1 ml=busy
StapelMess t=1789644537696 strip=0,3 inner=0,3 ml=busy
StapelMess t=1789644537729 strip=0,1 inner=0,1 ml=busy
StapelMess ml t=1789644537628 fertig=1789644537736 pcs=[]
StapelMess t=1789644537763 strip=0,1 inner=0,1 ml=start
StapelMess t=1789644537796 strip=0,1 inner=0,1 ml=busy
StapelMess t=1789644537829 strip=0,1 inner=0,1 ml=busy
StapelMess t=1789644537867 strip=0,1 inner=0,1 ml=busy
StapelMess t=1789644537894 strip=0,1 inner=0,1 ml=busy
StapelMess ml t=1789644537763 fertig=1789644537901 pcs=[]
StapelMess t=1789644537930 strip=0,3 inner=0,3 ml=start
StapelMess t=1789644537963 strip=0,1 inner=0,1 ml=busy
StapelMess t=1789644537995 strip=0,1 inner=0,1 ml=busy
StapelMess t=1789644538032 strip=0,3 inner=0,3 ml=busy
StapelMess ml t=1789644537930 fertig=1789644538043 pcs=[]
StapelMess t=1789644538062 strip=0,1 inner=0,1 ml=start
StapelMess t=1789644538095 strip=0,3 inner=0,3 ml=busy
StapelMess t=1789644538169 strip=0,1 inner=0,1 ml=busy
StapelMess t=1789644538190 strip=0,1 inner=0,1 ml=busy
StapelMess t=1789644538207 strip=0,1 inner=0,1 ml=busy
StapelMess ml t=1789644538062 fertig=1789644538224 pcs=[]
StapelMess t=1789644538230 strip=0,1 inner=0,1 ml=start
StapelMess t=1789644538261 strip=0,4 inner=0,5 ml=busy
StapelMess t=1789644538303 strip=0,1 inner=0,1 ml=busy
StapelMess t=1789644538328 strip=0,1 inner=0,1 ml=busy
StapelMess t=1789644538369 strip=0,3 inner=0,3 ml=busy
StapelMess ml t=1789644538230 fertig=1789644538389 pcs=[]
StapelMess t=1789644538397 strip=0,1 inner=0,1 ml=start
StapelMess t=1789644538428 strip=0,1 inner=0,1 ml=busy
StapelMess t=1789644538462 strip=0,1 inner=0,1 ml=busy
StapelMess t=1789644538494 strip=0,1 inner=0,1 ml=busy
StapelMess ml t=1789644538397 fertig=1789644538500 pcs=[]
StapelMess t=1789644538528 strip=0,1 inner=0,1 ml=start
StapelMess t=1789644538561 strip=0,1 inner=0,1 ml=busy
StapelMess t=1789644538595 strip=0,1 inner=0,1 ml=busy
StapelMess t=1789644538628 strip=0,1 inner=0,1 ml=busy
StapelMess ml t=1789644538528 fertig=1789644538636 pcs=[]
StapelMess t=1789644538661 strip=0,3 inner=0,3 ml=start
StapelMess t=1789644538695 strip=0,1 inner=0,1 ml=busy
StapelMess t=1789644538727 strip=0,1 inner=0,1 ml=busy
StapelMess t=1789644538761 strip=0,1 inner=0,1 ml=busy
StapelMess t=1789644538796 strip=0,1 inner=0,1 ml=busy
StapelMess ml t=1789644538661 fertig=1789644538804 pcs=[]
StapelMess t=1789644538828 strip=0,1 inner=0,2 ml=start
StapelMess t=1789644538862 strip=0,1 inner=0,1 ml=busy
StapelMess t=1789644538893 strip=0,1 inner=0,1 ml=busy
StapelMess t=1789644538927 strip=0,1 inner=0,1 ml=busy
StapelMess ml t=1789644538828 fertig=1789644538937 pcs=[]
StapelMess t=1789644538962 strip=0,1 inner=0,1 ml=start
StapelMess t=1789644538996 strip=0,1 inner=0,1 ml=busy
StapelMess t=1789644539033 strip=0,1 inner=0,1 ml=busy
StapelMess t=1789644539061 strip=0,1 inner=0,1 ml=busy
StapelMess ml t=1789644538962 fertig=1789644539078 pcs=[]
StapelMess t=1789644539101 strip=0,1 inner=0,1 ml=start
StapelMess t=1789644539128 strip=0,1 inner=0,2 ml=busy
StapelMess t=1789644539162 strip=0,1 inner=0,1 ml=busy
StapelMess t=1789644539189 strip=0,2 inner=0,2 ml=busy
StapelMess t=1789644539229 strip=0,1 inner=0,1 ml=busy
StapelMess ml t=1789644539101 fertig=1789644539247 pcs=[]
StapelMess t=1789644539262 strip=0,1 inner=0,1 ml=start
StapelMess t=1789644539298 strip=0,1 inner=0,1 ml=busy
StapelMess t=1789644539335 strip=0,1 inner=0,1 ml=busy
StapelMess t=1789644539362 strip=0,1 inner=0,1 ml=busy
StapelMess ml t=1789644539262 fertig=1789644539375 pcs=[]
StapelMess t=1789644539396 strip=0,1 inner=0,1 ml=start
StapelMess t=1789644539428 strip=0,1 inner=0,1 ml=busy
StapelMess t=1789644539470 strip=0,2 inner=0,1 ml=busy
StapelMess t=1789644539495 strip=0,2 inner=0,2 ml=busy
StapelMess ml t=1789644539396 fertig=1789644539528 pcs=[]
StapelMess t=1789644539530 strip=0,1 inner=0,1 ml=start
StapelMess t=1789644539563 strip=0,1 inner=0,1 ml=busy
StapelMess t=1789644539603 strip=0,2 inner=0,3 ml=busy
StapelMess t=1789644539627 strip=0,1 inner=0,1 ml=busy
StapelMess t=1789644539655 strip=0,1 inner=0,1 ml=busy
StapelMess ml t=1789644539530 fertig=1789644539687 pcs=[]
StapelMess t=1789644539695 strip=0,1 inner=0,1 ml=start
StapelMess t=1789644539729 strip=0,1 inner=0,1 ml=busy
StapelMess t=1789644539764 strip=0,1 inner=0,1 ml=busy
StapelMess t=1789644539797 strip=0,1 inner=0,1 ml=busy
StapelMess ml t=1789644539695 fertig=1789644539801 pcs=[]
StapelMess t=1789644539828 strip=0,1 inner=0,1 ml=start
StapelMess t=1789644539861 strip=0,1 inner=0,1 ml=busy
StapelMess t=1789644539903 strip=0,1 inner=0,1 ml=busy
StapelMess t=1789644539935 strip=0,1 inner=0,1 ml=busy
StapelMess ml t=1789644539828 fertig=1789644539939 pcs=[]
StapelMess t=1789644539960 strip=0,1 inner=0,1 ml=start
StapelMess t=1789644539994 strip=0,1 inner=0,1 ml=busy
StapelMess t=1789644540032 strip=0,2 inner=0,2 ml=busy
StapelMess t=1789644540054 strip=0,1 inner=0,1 ml=busy
StapelMess t=1789644540095 strip=0,1 inner=0,1 ml=busy
StapelMess ml t=1789644539960 fertig=1789644540123 pcs=[]
StapelMess t=1789644540132 strip=0,4 inner=0,4 ml=start
StapelMess t=1789644540161 strip=0,1 inner=0,1 ml=busy
StapelMess t=1789644540196 strip=0,1 inner=0,1 ml=busy
StapelMess t=1789644540232 strip=0,1 inner=0,1 ml=busy
StapelMess ml t=1789644540132 fertig=1789644540248 pcs=[]
StapelMess t=1789644540261 strip=0,1 inner=0,1 ml=start
StapelMess t=1789644540296 strip=0,3 inner=0,3 ml=busy
StapelMess t=1789644540343 strip=0,1 inner=0,1 ml=busy
StapelMess t=1789644540361 strip=0,1 inner=0,1 ml=busy
StapelMess ml t=1789644540261 fertig=1789644540374 pcs=[]
StapelMess t=1789644540395 strip=0,2 inner=0,3 ml=start
StapelMess t=1789644540431 strip=0,1 inner=0,1 ml=busy
StapelMess t=1789644540465 strip=0,1 inner=0,1 ml=busy
StapelMess t=1789644540495 strip=1,7 inner=1,5 ml=busy
StapelMess t=1789644540529 strip=0,5 inner=0,5 ml=busy
StapelMess ml t=1789644540395 fertig=1789644540557 pcs=[]
StapelMess t=1789644540560 strip=0,2 inner=0,2 ml=start
StapelMess t=1789644540595 strip=0,1 inner=0,1 ml=busy
StapelMess t=1789644540628 strip=0,1 inner=0,1 ml=busy
StapelMess t=1789644540661 strip=0,1 inner=0,1 ml=busy
StapelMess ml t=1789644540560 fertig=1789644540670 pcs=[]
StapelMess t=1789644540695 strip=0,1 inner=0,1 ml=start
StapelMess t=1789644540729 strip=0,1 inner=0,1 ml=busy
StapelMess t=1789644540767 strip=0,1 inner=0,1 ml=busy
StapelMess t=1789644540793 strip=0,1 inner=0,1 ml=busy
StapelMess ml t=1789644540695 fertig=1789644540805 pcs=[]
StapelMess t=1789644540828 strip=0,1 inner=0,1 ml=start
StapelMess t=1789644540862 strip=0,1 inner=0,1 ml=busy
StapelMess t=1789644540908 strip=0,1 inner=0,1 ml=busy
StapelMess t=1789644540928 strip=0,1 inner=0,1 ml=busy
StapelMess t=1789644540955 strip=0,1 inner=0,1 ml=busy
StapelMess ml t=1789644540828 fertig=1789644540974 pcs=[]
StapelMess t=1789644540994 strip=0,1 inner=0,1 ml=start
StapelMess t=1789644541028 strip=0,1 inner=0,1 ml=busy
StapelMess t=1789644541068 strip=0,2 inner=0,2 ml=busy
StapelMess t=1789644541094 strip=0,1 inner=0,1 ml=busy
StapelMess ml t=1789644540994 fertig=1789644541112 pcs=[]
StapelMess t=1789644541126 strip=0,1 inner=0,1 ml=start
StapelMess t=1789644541162 strip=0,3 inner=0,4 ml=busy
StapelMess t=1789644541199 strip=0,1 inner=0,1 ml=busy
StapelMess t=1789644541227 strip=0,1 inner=0,1 ml=busy
StapelMess ml t=1789644541126 fertig=1789644541237 pcs=[]
StapelMess t=1789644541260 strip=0,1 inner=0,1 ml=start
StapelMess t=1789644541294 strip=0,1 inner=0,1 ml=busy
StapelMess t=1789644541329 strip=0,1 inner=0,1 ml=busy
StapelMess t=1789644541360 strip=0,3 inner=0,3 ml=busy
StapelMess t=1789644541396 strip=0,1 inner=0,1 ml=busy
StapelMess t=1789644541426 strip=0,1 inner=0,1 ml=busy
StapelMess ml t=1789644541260 fertig=1789644541432 pcs=[]
StapelMess t=1789644541461 strip=0,1 inner=0,1 ml=start
StapelMess t=1789644541495 strip=0,1 inner=0,1 ml=busy
StapelMess t=1789644541531 strip=0,1 inner=0,1 ml=busy
StapelMess t=1789644541563 strip=0,1 inner=0,1 ml=busy
StapelMess ml t=1789644541461 fertig=1789644541587 pcs=[]
StapelMess t=1789644541590 strip=0,1 inner=0,1 ml=start
StapelMess t=1789644541635 strip=0,1 inner=0,1 ml=busy
StapelMess t=1789644541673 strip=0,1 inner=0,1 ml=busy
StapelMess t=1789644541692 strip=0,3 inner=0,3 ml=busy
StapelMess ml t=1789644541590 fertig=1789644541698 pcs=[]
StapelMess t=1789644541728 strip=0,1 inner=0,1 ml=start
StapelMess t=1789644541764 strip=0,1 inner=0,1 ml=busy
StapelMess t=1789644541798 strip=0,1 inner=0,1 ml=busy
StapelMess t=1789644541819 strip=0,1 inner=0,1 ml=busy
StapelMess t=1789644541859 strip=0,1 inner=0,1 ml=busy
StapelMess ml t=1789644541728 fertig=1789644541894 pcs=[]
StapelMess t=1789644541892 strip=0,1 inner=0,1 ml=busy
StapelMess t=1789644541928 strip=0,1 inner=0,1 ml=start
StapelMess t=1789644541962 strip=0,1 inner=0,1 ml=busy
StapelMess t=1789644542000 strip=0,1 inner=0,1 ml=busy
StapelMess t=1789644542025 strip=0,1 inner=0,1 ml=busy
StapelMess ml t=1789644541928 fertig=1789644542048 pcs=[]
StapelMess t=1789644542059 strip=0,1 inner=0,1 ml=start
StapelMess t=1789644542094 strip=0,1 inner=0,1 ml=busy
StapelMess t=1789644542131 strip=0,1 inner=0,1 ml=busy
StapelMess ml t=1789644542059 fertig=1789644542169 pcs=[]
StapelMess t=1789644542170 strip=0,1 inner=0,1 ml=start
StapelMess t=1789644542193 strip=0,1 inner=0,1 ml=busy
StapelMess t=1789644542235 strip=0,1 inner=0,1 ml=busy
StapelMess t=1789644542268 strip=0,1 inner=0,1 ml=busy
StapelMess t=1789644542285 strip=0,1 inner=0,1 ml=busy
StapelMess t=1789644542325 strip=0,1 inner=0,1 ml=busy
StapelMess ml t=1789644542170 fertig=1789644542334 pcs=[]
StapelMess t=1789644542360 strip=0,1 inner=0,1 ml=start
StapelMess t=1789644542394 strip=0,1 inner=0,1 ml=busy
StapelMess t=1789644542426 strip=0,1 inner=0,1 ml=busy
StapelMess t=1789644542466 strip=0,1 inner=0,1 ml=busy
StapelMess ml t=1789644542360 fertig=1789644542471 pcs=[]
StapelMess t=1789644542494 strip=0,1 inner=0,1 ml=start
StapelMess t=1789644542528 strip=0,4 inner=0,4 ml=busy
StapelMess t=1789644542560 strip=0,1 inner=0,1 ml=busy
StapelMess t=1789644542595 strip=0,3 inner=0,3 ml=busy
StapelMess ml t=1789644542494 fertig=1789644542617 pcs=[]
StapelMess t=1789644542631 strip=0,1 inner=0,1 ml=start
StapelMess t=1789644542659 strip=0,1 inner=0,1 ml=busy
StapelMess t=1789644542700 strip=0,3 inner=0,3 ml=busy
StapelMess t=1789644542727 strip=0,1 inner=0,1 ml=busy
StapelMess t=1789644542758 strip=0,1 inner=0,1 ml=busy
StapelMess ml t=1789644542631 fertig=1789644542772 pcs=[]
StapelMess t=1789644542792 strip=0,3 inner=0,3 ml=start
StapelMess t=1789644542827 strip=0,1 inner=0,1 ml=busy
StapelMess t=1789644542865 strip=0,1 inner=0,1 ml=busy
StapelMess t=1789644542893 strip=0,1 inner=0,1 ml=busy
StapelMess ml t=1789644542792 fertig=1789644542906 pcs=[]
StapelMess t=1789644542925 strip=0,1 inner=0,1 ml=start
StapelMess t=1789644542960 strip=0,3 inner=0,3 ml=busy
StapelMess t=1789644542991 strip=0,2 inner=0,2 ml=busy
StapelMess t=1789644543031 strip=0,1 inner=0,1 ml=busy
StapelMess ml t=1789644542925 fertig=1789644543035 pcs=[]
StapelMess t=1789644543059 strip=0,1 inner=0,1 ml=start
StapelMess t=1789644543095 strip=0,1 inner=0,1 ml=busy
StapelMess t=1789644543127 strip=0,1 inner=0,1 ml=busy
StapelMess t=1789644543158 strip=0,1 inner=0,1 ml=busy
StapelMess t=1789644543195 strip=0,1 inner=0,1 ml=busy
StapelMess ml t=1789644543059 fertig=1789644543205 pcs=[]
StapelMess t=1789644543228 strip=0,1 inner=0,1 ml=start
StapelMess t=1789644543261 strip=0,1 inner=0,1 ml=busy
StapelMess t=1789644543294 strip=0,1 inner=0,1 ml=busy
StapelMess t=1789644543328 strip=0,1 inner=0,1 ml=busy
StapelMess ml t=1789644543228 fertig=1789644543349 pcs=[]
StapelMess t=1789644543365 strip=0,2 inner=0,2 ml=start
StapelMess t=1789644543392 strip=0,2 inner=0,3 ml=busy
StapelMess t=1789644543435 strip=0,1 inner=0,1 ml=busy
StapelMess t=1789644543463 strip=0,1 inner=0,1 ml=busy
StapelMess ml t=1789644543365 fertig=1789644543475 pcs=[]
StapelMess t=1789644543492 strip=0,1 inner=0,1 ml=start
StapelMess t=1789644543526 strip=0,1 inner=0,1 ml=busy
StapelMess t=1789644543563 strip=0,1 inner=0,1 ml=busy
StapelMess t=1789644543592 strip=0,1 inner=0,1 ml=busy
StapelMess t=1789644543632 strip=0,1 inner=0,1 ml=busy
StapelMess ml t=1789644543492 fertig=1789644543637 pcs=[]
StapelMess t=1789644543659 strip=0,1 inner=0,1 ml=start
StapelMess t=1789644543695 strip=0,1 inner=0,1 ml=busy
StapelMess t=1789644543725 strip=0,1 inner=0,1 ml=busy
StapelMess t=1789644543758 strip=0,1 inner=0,1 ml=busy
StapelMess ml t=1789644543659 fertig=1789644543766 pcs=[]
StapelMess t=1789644543795 strip=0,1 inner=0,1 ml=start
StapelMess t=1789644543827 strip=0,1 inner=0,1 ml=busy
StapelMess t=1789644543858 strip=0,3 inner=0,1 ml=busy
StapelMess t=1789644543892 strip=0,8 inner=0,2 ml=busy
StapelMess ml t=1789644543795 fertig=1789644543908 pcs=[]
StapelMess t=1789644543919 strip=1,0 inner=0,4 ml=start
StapelMess t=1789644543960 strip=0,5 inner=0,2 ml=busy
StapelMess t=1789644543992 strip=0,2 inner=0,1 ml=busy
StapelMess t=1789644544026 strip=0,2 inner=0,2 ml=busy
StapelMess t=1789644544058 strip=2,0 inner=1,1 ml=busy
StapelMess ml t=1789644543919 fertig=1789644544071 pcs=[]
StapelMess t=1789644544097 strip=5,0 inner=1,9 ml=start
StapelMess t=1789644544124 strip=5,2 inner=2,0 ml=busy
StapelMess t=1789644544158 strip=3,1 inner=1,1 ml=busy
StapelMess t=1789644544198 strip=0,6 inner=0,4 ml=busy
StapelScan t=1789644544206 diff=9,3 pcs=[]
StapelMess ml t=1789644544097 fertig=1789644544206 pcs=[]
StapelMess t=1789644544231 strip=1,6 inner=0,6 ml=start
StapelMess t=1789644544258 strip=1,1 inner=0,6 ml=busy
StapelMess t=1789644544292 strip=0,5 inner=0,7 ml=busy
StapelMess t=1789644544327 strip=2,1 inner=1,1 ml=busy
StapelScan t=1789644544348 diff=10,1 pcs=[]
StapelMess ml t=1789644544231 fertig=1789644544348 pcs=[]
StapelMess t=1789644544361 strip=1,1 inner=0,5 ml=start
StapelMess t=1789644544391 strip=2,1 inner=0,8 ml=busy
StapelMess t=1789644544429 strip=3,6 inner=1,3 ml=busy
StapelMess t=1789644544459 strip=1,0 inner=0,5 ml=busy
StapelMess t=1789644544502 strip=3,4 inner=1,3 ml=busy
StapelScan t=1789644544520 diff=8,8 pcs=[]
StapelMess ml t=1789644544361 fertig=1789644544520 pcs=[]
StapelMess t=1789644544529 strip=1,7 inner=0,7 ml=start
StapelMess t=1789644544559 strip=3,9 inner=1,5 ml=busy
StapelMess t=1789644544598 strip=5,8 inner=2,1 ml=busy
StapelMess t=1789644544632 strip=3,5 inner=1,4 ml=busy
StapelScan t=1789644544649 diff=4,3 pcs=[]
StapelMess ml t=1789644544529 fertig=1789644544649 pcs=[]
StapelMess t=1789644544660 strip=2,8 inner=1,1 ml=start
StapelMess t=1789644544694 strip=3,2 inner=1,2 ml=busy
StapelMess t=1789644544733 strip=0,5 inner=0,2 ml=busy
StapelMess t=1789644544759 strip=2,1 inner=0,9 ml=busy
StapelScan t=1789644544770 diff=12,4 pcs=[]
StapelMess ml t=1789644544660 fertig=1789644544771 pcs=[]
StapelMess t=1789644544789 strip=0,4 inner=0,2 ml=start
StapelMess t=1789644544825 strip=1,4 inner=0,6 ml=busy
StapelMess t=1789644544859 strip=1,6 inner=0,6 ml=busy
StapelMess t=1789644544891 strip=5,0 inner=1,8 ml=busy
StapelMess t=1789644544929 strip=0,4 inner=0,3 ml=busy
StapelMess ml t=1789644544789 fertig=1789644544932 pcs=[]
StapelMess t=1789644544959 strip=2,2 inner=0,8 ml=start
StapelMess t=1789644544993 strip=3,3 inner=1,1 ml=busy
StapelMess t=1789644545043 strip=1,9 inner=0,7 ml=busy
StapelScan t=1789644545077 diff=5,1 pcs=[]
StapelMess ml t=1789644544959 fertig=1789644545077 pcs=[]
StapelMess t=1789644545078 strip=1,0 inner=0,4 ml=start
StapelMess t=1789644545096 strip=0,6 inner=0,3 ml=busy
StapelMess t=1789644545126 strip=0,7 inner=0,4 ml=busy
StapelMess t=1789644545161 strip=1,1 inner=0,8 ml=busy
StapelScan t=1789644545183 diff=4,3 pcs=[]
StapelMess ml t=1789644545078 fertig=1789644545183 pcs=[]
StapelMess t=1789644545196 strip=0,5 inner=0,3 ml=start
StapelMess t=1789644545227 strip=0,2 inner=0,1 ml=busy
StapelMess t=1789644545259 strip=0,1 inner=0,1 ml=busy
StapelMess t=1789644545293 strip=0,3 inner=0,2 ml=busy
StapelMess t=1789644545334 strip=0,3 inner=0,2 ml=busy
StapelMess ml t=1789644545196 fertig=1789644545356 pcs=[]
StapelMess t=1789644545362 strip=0,2 inner=0,1 ml=start
StapelMess t=1789644545391 strip=0,1 inner=0,1 ml=busy
StapelMess t=1789644545431 strip=0,1 inner=0,1 ml=busy
StapelMess t=1789644545460 strip=0,2 inner=0,2 ml=busy
StapelMess ml t=1789644545362 fertig=1789644545495 pcs=[]
StapelScan diff=1,4 dauer=978 entscheidung=Meldung
StapelMess t=1789644545495 strip=0,1 inner=0,1 ml=start
StapelMess t=1789644545527 strip=0,1 inner=0,1 ml=busy
StapelMess t=1789644545581 strip=0,6 inner=0,6 ml=busy
StapelMess t=1789644545596 strip=0,1 inner=0,1 ml=busy
StapelMess t=1789644545624 strip=0,1 inner=0,1 ml=busy
StapelMess ml t=1789644545495 fertig=1789644545635 pcs=[]
StapelMess t=1789644545653 strip=0,2 inner=0,2 ml=start
StapelMess t=1789644545691 strip=0,1 inner=0,1 ml=busy
StapelMess t=1789644545730 strip=0,1 inner=0,1 ml=busy
StapelMess t=1789644545757 strip=0,2 inner=0,2 ml=busy
StapelMess ml t=1789644545653 fertig=1789644545803 pcs=[]
StapelMess t=1789644545811 strip=0,4 inner=0,4 ml=start
StapelMess t=1789644545830 strip=0,1 inner=0,1 ml=busy
StapelMess t=1789644545860 strip=0,1 inner=0,1 ml=busy
StapelMess t=1789644545891 strip=0,1 inner=0,1 ml=busy
StapelMess ml t=1789644545811 fertig=1789644545918 pcs=[]
StapelMess t=1789644545923 strip=0,1 inner=0,1 ml=start
StapelMess t=1789644545956 strip=0,1 inner=0,2 ml=busy
StapelMess t=1789644546001 strip=0,1 inner=0,1 ml=busy
StapelMess ml t=1789644545923 fertig=1789644546037 pcs=[]
StapelMess t=1789644546036 strip=0,3 inner=0,4 ml=busy
StapelMess t=1789644546061 strip=0,1 inner=0,1 ml=start
StapelMess t=1789644546091 strip=0,3 inner=0,4 ml=busy
StapelMess t=1789644546123 strip=0,1 inner=0,1 ml=busy
StapelMess t=1789644546157 strip=0,2 inner=0,2 ml=busy
StapelMess t=1789644546199 strip=0,1 inner=0,1 ml=busy
StapelMess ml t=1789644546061 fertig=1789644546218 pcs=[]
StapelMess t=1789644546225 strip=0,1 inner=0,1 ml=start
StapelMess t=1789644546258 strip=0,1 inner=0,2 ml=busy
StapelMess t=1789644546297 strip=0,1 inner=0,1 ml=busy
StapelMess t=1789644546325 strip=0,1 inner=0,1 ml=busy
StapelMess ml t=1789644546225 fertig=1789644546331 pcs=[]
StapelMess t=1789644546357 strip=0,3 inner=0,3 ml=start
StapelMess t=1789644546390 strip=0,1 inner=0,1 ml=busy
StapelMess t=1789644546433 strip=0,1 inner=0,1 ml=busy
StapelMess t=1789644546458 strip=0,1 inner=0,1 ml=busy
StapelMess ml t=1789644546357 fertig=1789644546472 pcs=[]
StapelMess t=1789644546490 strip=0,1 inner=0,1 ml=start
StapelMess t=1789644546524 strip=0,2 inner=0,1 ml=busy
StapelMess t=1789644546566 strip=0,1 inner=0,1 ml=busy
StapelMess t=1789644546591 strip=0,1 inner=0,1 ml=busy
StapelMess t=1789644546626 strip=0,1 inner=0,1 ml=busy
StapelMess ml t=1789644546490 fertig=1789644546647 pcs=[]
StapelMess t=1789644546659 strip=0,1 inner=0,1 ml=start
StapelMess t=1789644546695 strip=0,1 inner=0,1 ml=busy
StapelMess t=1789644546724 strip=0,1 inner=0,1 ml=busy
StapelMess t=1789644546758 strip=0,1 inner=0,1 ml=busy
StapelMess ml t=1789644546659 fertig=1789644546765 pcs=[]
StapelMess t=1789644546791 strip=0,1 inner=0,1 ml=start
StapelMess t=1789644546830 strip=0,1 inner=0,1 ml=busy
StapelMess t=1789644546857 strip=0,1 inner=0,1 ml=busy
StapelMess t=1789644546890 strip=0,1 inner=0,1 ml=busy
StapelMess ml t=1789644546791 fertig=1789644546906 pcs=[]
StapelMess t=1789644546916 strip=0,1 inner=0,1 ml=start
StapelMess t=1789644546965 strip=0,1 inner=0,1 ml=busy
StapelMess t=1789644546989 strip=0,1 inner=0,1 ml=busy
StapelMess t=1789644547027 strip=0,1 inner=0,1 ml=busy
StapelMess ml t=1789644546916 fertig=1789644547069 pcs=[]
StapelMess t=1789644547073 strip=0,1 inner=0,1 ml=start
StapelMess t=1789644547096 strip=0,1 inner=0,1 ml=busy
StapelMess t=1789644547127 strip=0,1 inner=0,1 ml=busy
StapelMess t=1789644547160 strip=0,1 inner=0,1 ml=busy
StapelMess ml t=1789644547073 fertig=1789644547182 pcs=[]
StapelMess t=1789644547196 strip=0,3 inner=0,3 ml=start
StapelMess t=1789644547222 strip=0,1 inner=0,1 ml=busy
StapelMess t=1789644547267 strip=0,1 inner=0,1 ml=busy
StapelMess t=1789644547291 strip=0,3 inner=0,3 ml=busy
StapelMess ml t=1789644547196 fertig=1789644547305 pcs=[]
StapelMess t=1789644547316 strip=0,1 inner=0,1 ml=start
StapelMess t=1789644547359 strip=0,1 inner=0,1 ml=busy
StapelMess t=1789644547390 strip=0,1 inner=0,1 ml=busy
StapelMess t=1789644547423 strip=0,1 inner=0,1 ml=busy
StapelMess ml t=1789644547316 fertig=1789644547469 pcs=[]
StapelMess t=1789644547473 strip=0,1 inner=0,1 ml=start
StapelMess t=1789644547489 strip=0,2 inner=0,3 ml=busy
StapelMess t=1789644547526 strip=0,1 inner=0,1 ml=busy
StapelMess t=1789644547563 strip=0,1 inner=0,1 ml=busy
StapelMess ml t=1789644547473 fertig=1789644547582 pcs=[]
StapelMess t=1789644547589 strip=0,1 inner=0,1 ml=start
StapelMess t=1789644547623 strip=0,1 inner=0,1 ml=busy
StapelMess t=1789644547659 strip=0,1 inner=0,1 ml=busy
StapelMess t=1789644547693 strip=0,1 inner=0,1 ml=busy
StapelMess ml t=1789644547589 fertig=1789644547702 pcs=[]
StapelMess t=1789644547724 strip=0,1 inner=0,1 ml=start
StapelMess t=1789644547756 strip=0,1 inner=0,1 ml=busy
StapelMess t=1789644547792 strip=0,3 inner=0,3 ml=busy
StapelMess t=1789644547824 strip=0,1 inner=0,1 ml=busy
StapelMess t=1789644547858 strip=0,1 inner=0,1 ml=busy
StapelMess t=1789644547891 strip=0,2 inner=0,2 ml=busy
StapelMess ml t=1789644547724 fertig=1789644547897 pcs=[]
StapelMess t=1789644547924 strip=0,2 inner=0,1 ml=start
StapelMess t=1789644547959 strip=0,1 inner=0,1 ml=busy
StapelMess t=1789644547999 strip=0,1 inner=0,1 ml=busy
StapelMess t=1789644548030 strip=0,2 inner=0,1 ml=busy
StapelMess t=1789644548056 strip=0,1 inner=0,1 ml=busy
StapelMess ml t=1789644547924 fertig=1789644548067 pcs=[]
StapelMess t=1789644548089 strip=0,3 inner=0,2 ml=start
StapelMess t=1789644548123 strip=0,3 inner=0,1 ml=busy
StapelMess t=1789644548172 strip=0,1 inner=0,1 ml=busy
StapelMess t=1789644548200 strip=0,1 inner=0,1 ml=busy
StapelMess ml t=1789644548089 fertig=1789644548210 pcs=[]
StapelMess t=1789644548222 strip=0,1 inner=0,1 ml=start
StapelMess t=1789644548260 strip=0,1 inner=0,1 ml=busy
StapelMess t=1789644548299 strip=0,1 inner=0,1 ml=busy
StapelMess t=1789644548323 strip=0,2 inner=0,1 ml=busy
StapelMess t=1789644548357 strip=0,1 inner=0,1 ml=busy
StapelMess ml t=1789644548222 fertig=1789644548374 pcs=[]
StapelMess t=1789644548390 strip=0,1 inner=0,1 ml=start
StapelMess t=1789644548427 strip=0,1 inner=0,1 ml=busy
StapelMess t=1789644548466 strip=0,1 inner=0,1 ml=busy
StapelMess t=1789644548492 strip=0,1 inner=0,1 ml=busy
StapelMess ml t=1789644548390 fertig=1789644548507 pcs=[]
StapelMess t=1789644548523 strip=0,1 inner=0,1 ml=start
StapelMess t=1789644548555 strip=0,2 inner=0,1 ml=busy
StapelMess t=1789644548589 strip=0,1 inner=0,1 ml=busy
StapelMess ml t=1789644548523 fertig=1789644548633 pcs=[]
StapelMess t=1789644548633 strip=0,3 inner=0,4 ml=start
StapelMess t=1789644548656 strip=0,1 inner=0,1 ml=busy
StapelMess t=1789644548694 strip=0,1 inner=0,1 ml=busy
StapelMess t=1789644548723 strip=0,1 inner=0,1 ml=busy
StapelMess t=1789644548759 strip=0,2 inner=0,2 ml=busy
StapelMess ml t=1789644548633 fertig=1789644548797 pcs=[]
StapelMess t=1789644548799 strip=0,1 inner=0,1 ml=start
StapelMess t=1789644548823 strip=0,1 inner=0,1 ml=busy
StapelMess t=1789644548854 strip=0,1 inner=0,1 ml=busy
StapelMess t=1789644548890 strip=0,1 inner=0,1 ml=busy
StapelMess ml t=1789644548799 fertig=1789644548914 pcs=[]
StapelMess t=1789644548933 strip=0,3 inner=0,3 ml=start
StapelMess t=1789644548946 strip=0,1 inner=0,2 ml=busy
StapelMess t=1789644548997 strip=0,1 inner=0,1 ml=busy
StapelMess t=1789644549026 strip=0,2 inner=0,2 ml=busy
StapelMess ml t=1789644548933 fertig=1789644549041 pcs=[]
StapelMess t=1789644549054 strip=0,1 inner=0,1 ml=start
StapelMess t=1789644549089 strip=0,1 inner=0,1 ml=busy
StapelMess t=1789644549144 strip=0,1 inner=0,1 ml=busy
StapelMess t=1789644549174 strip=0,1 inner=0,1 ml=busy
StapelMess t=1789644549193 strip=0,1 inner=0,1 ml=busy
StapelMess t=1789644549223 strip=0,1 inner=0,1 ml=busy
StapelMess ml t=1789644549054 fertig=1789644549248 pcs=[]
StapelMess t=1789644549253 strip=0,1 inner=0,1 ml=start
StapelMess t=1789644549281 strip=0,1 inner=0,1 ml=busy
StapelMess t=1789644549340 strip=0,1 inner=0,1 ml=busy
StapelMess t=1789644549354 strip=0,1 inner=0,1 ml=busy
StapelMess ml t=1789644549253 fertig=1789644549367 pcs=[]
StapelMess t=1789644549380 strip=0,1 inner=0,1 ml=start
StapelMess t=1789644549422 strip=0,1 inner=0,1 ml=busy
StapelMess t=1789644549456 strip=0,1 inner=0,2 ml=busy
StapelMess ml t=1789644549380 fertig=1789644549486 pcs=[]
StapelMess t=1789644549487 strip=0,1 inner=0,1 ml=start
StapelMess t=1789644549522 strip=7,2 inner=3,2 ml=busy
StapelMess t=1789644549556 strip=11,2 inner=5,2 ml=busy
StapelMess t=1789644549590 strip=17,7 inner=6,4 ml=busy
StapelMess t=1789644549622 strip=13,3 inner=7,0 ml=busy
StapelMess ml t=1789644549487 fertig=1789644549635 pcs=[]
StapelMess t=1789644549655 strip=7,2 inner=4,5 ml=start
StapelMess t=1789644549690 strip=3,5 inner=2,0 ml=busy
StapelMess t=1789644549729 strip=4,0 inner=3,2 ml=busy
StapelMess t=1789644549756 strip=4,8 inner=3,1 ml=busy
StapelScan t=1789644549772 diff=15,8 pcs=[]
StapelMess ml t=1789644549655 fertig=1789644549772 pcs=[]
StapelMess t=1789644549795 strip=3,8 inner=1,7 ml=start
StapelMess t=1789644549827 strip=4,3 inner=1,4 ml=busy
StapelMess t=1789644549859 strip=0,6 inner=0,5 ml=busy
StapelMess t=1789644549889 strip=1,5 inner=0,7 ml=busy
StapelScan t=1789644549916 diff=10,8 pcs=[]
StapelMess ml t=1789644549795 fertig=1789644549917 pcs=[]
StapelMess t=1789644549921 strip=1,3 inner=0,7 ml=start
StapelMess t=1789644549955 strip=0,5 inner=0,5 ml=busy
StapelMess t=1789644549993 strip=0,5 inner=0,2 ml=busy
StapelMess t=1789644550023 strip=0,1 inner=0,2 ml=busy
StapelMess t=1789644550059 strip=0,2 inner=0,2 ml=busy
StapelScan t=1789644550068 diff=5,8 pcs=[]
StapelMess ml t=1789644549921 fertig=1789644550069 pcs=[]
StapelMess t=1789644550094 strip=0,5 inner=0,3 ml=start
StapelMess t=1789644550120 strip=0,4 inner=0,2 ml=busy
StapelMess t=1789644550160 strip=0,1 inner=0,1 ml=busy
StapelMess t=1789644550191 strip=0,5 inner=0,3 ml=busy
StapelMess ml t=1789644550094 fertig=1789644550218 pcs=[]
StapelMess t=1789644550222 strip=0,2 inner=0,2 ml=start
StapelMess t=1789644550256 strip=0,1 inner=0,1 ml=busy
StapelMess t=1789644550287 strip=0,1 inner=0,1 ml=busy
StapelMess t=1789644550315 strip=0,1 inner=0,1 ml=busy
StapelMess ml t=1789644550222 fertig=1789644550328 pcs=[]
StapelScan diff=1,5 dauer=297 entscheidung=Meldung
StapelMess t=1789644550355 strip=0,2 inner=0,3 ml=start
StapelMess t=1789644550389 strip=0,4 inner=0,2 ml=busy
StapelMess t=1789644550430 strip=1,3 inner=0,7 ml=busy
StapelMess t=1789644550456 strip=1,5 inner=0,9 ml=busy
StapelMess t=1789644550492 strip=3,7 inner=1,8 ml=busy
StapelMess ml t=1789644550355 fertig=1789644550512 pcs=[]
StapelMess t=1789644550520 strip=1,2 inner=1,0 ml=start
StapelMess t=1789644550555 strip=1,3 inner=1,1 ml=busy
StapelMess t=1789644550593 strip=1,6 inner=0,5 ml=busy
StapelScan t=1789644550626 diff=5,3 pcs=[]
StapelMess ml t=1789644550520 fertig=1789644550626 pcs=[]
StapelMess t=1789644550627 strip=0,5 inner=0,5 ml=start
StapelMess t=1789644550654 strip=1,7 inner=0,9 ml=busy
StapelMess t=1789644550692 strip=0,6 inner=0,4 ml=busy
StapelMess t=1789644550724 strip=0,3 inner=0,2 ml=busy
StapelMess ml t=1789644550627 fertig=1789644550730 pcs=[]
StapelMess t=1789644550756 strip=0,8 inner=0,3 ml=start
StapelMess t=1789644550787 strip=0,7 inner=0,4 ml=busy
StapelMess t=1789644550827 strip=0,4 inner=0,3 ml=busy
StapelMess t=1789644550855 strip=0,3 inner=0,2 ml=busy
StapelMess t=1789644550884 strip=0,5 inner=0,4 ml=busy
StapelScan t=1789644550914 diff=4,3 pcs=[]
StapelMess ml t=1789644550756 fertig=1789644550915 pcs=[]
StapelMess t=1789644550921 strip=0,4 inner=0,3 ml=start
StapelMess t=1789644550955 strip=0,2 inner=0,2 ml=busy
StapelMess t=1789644550987 strip=0,8 inner=0,4 ml=busy
StapelMess t=1789644551023 strip=0,3 inner=0,2 ml=busy
StapelMess ml t=1789644550921 fertig=1789644551031 pcs=[]
StapelMess t=1789644551055 strip=0,8 inner=0,5 ml=start
StapelMess t=1789644551094 strip=0,4 inner=0,2 ml=busy
StapelMess t=1789644551120 strip=1,4 inner=1,0 ml=busy
StapelMess t=1789644551154 strip=1,6 inner=0,8 ml=busy
StapelMess ml t=1789644551055 fertig=1789644551177 pcs=[]
StapelScan diff=2,3 dauer=289 entscheidung=Verworfen
StapelMess t=1789644551180 strip=1,6 inner=0,9 ml=start
StapelMess t=1789644551223 strip=0,6 inner=0,8 ml=busy
StapelMess t=1789644551253 strip=2,1 inner=1,2 ml=busy
StapelMess t=1789644551288 strip=1,0 inner=0,8 ml=busy
StapelMess t=1789644551322 strip=0,7 inner=0,6 ml=busy
StapelScan t=1789644551355 diff=6,7 pcs=[]
StapelMess ml t=1789644551180 fertig=1789644551355 pcs=[]
StapelMess t=1789644551361 strip=0,8 inner=0,5 ml=start
StapelMess t=1789644551387 strip=0,4 inner=0,4 ml=busy
StapelMess t=1789644551422 strip=0,3 inner=0,3 ml=busy
StapelMess t=1789644551454 strip=0,3 inner=0,3 ml=busy
StapelScan t=1789644551481 diff=9,3 pcs=[]
StapelMess ml t=1789644551361 fertig=1789644551481 pcs=[]
StapelMess t=1789644551488 strip=0,4 inner=0,3 ml=start
StapelMess t=1789644551520 strip=0,1 inner=0,1 ml=busy
StapelMess t=1789644551555 strip=0,1 inner=0,2 ml=busy
StapelMess t=1789644551588 strip=0,3 inner=0,4 ml=busy
StapelScan t=1789644551606 diff=4,8 pcs=[]
StapelMess ml t=1789644551488 fertig=1789644551607 pcs=[]
StapelMess t=1789644551620 strip=0,3 inner=0,3 ml=start
StapelMess t=1789644551658 strip=0,3 inner=0,3 ml=busy
StapelMess t=1789644551694 strip=0,3 inner=0,1 ml=busy
StapelMess t=1789644551720 strip=0,4 inner=0,5 ml=busy
StapelMess t=1789644551757 strip=0,3 inner=0,2 ml=busy
StapelMess ml t=1789644551620 fertig=1789644551788 pcs=[]
StapelMess t=1789644551794 strip=0,4 inner=0,3 ml=start
StapelMess t=1789644551818 strip=0,3 inner=0,2 ml=busy
StapelMess t=1789644551853 strip=0,2 inner=0,2 ml=busy
StapelMess t=1789644551889 strip=0,3 inner=0,2 ml=busy
StapelMess ml t=1789644551794 fertig=1789644551914 pcs=[]
StapelScan diff=1,9 dauer=252 entscheidung=Meldung
StapelMess t=1789644551920 strip=0,1 inner=0,1 ml=start
StapelMess t=1789644551958 strip=0,1 inner=0,1 ml=busy
StapelMess t=1789644551992 strip=0,2 inner=0,1 ml=busy
StapelMess t=1789644552021 strip=0,1 inner=0,1 ml=busy
StapelMess ml t=1789644551920 fertig=1789644552036 pcs=[]
StapelMess t=1789644552052 strip=0,2 inner=0,3 ml=start
StapelMess t=1789644552087 strip=0,2 inner=0,2 ml=busy
StapelMess t=1789644552122 strip=0,2 inner=0,1 ml=busy
StapelMess t=1789644552158 strip=0,2 inner=0,1 ml=busy
StapelMess t=1789644552189 strip=0,3 inner=0,2 ml=busy
StapelMess ml t=1789644552052 fertig=1789644552216 pcs=[]
StapelMess t=1789644552219 strip=0,4 inner=0,3 ml=start
StapelMess t=1789644552253 strip=0,3 inner=0,2 ml=busy
StapelMess t=1789644552286 strip=0,4 inner=0,3 ml=busy
StapelMess t=1789644552320 strip=0,2 inner=0,2 ml=busy
StapelMess ml t=1789644552219 fertig=1789644552330 pcs=[]
StapelMess t=1789644552353 strip=0,3 inner=0,3 ml=start
StapelMess t=1789644552388 strip=0,5 inner=0,3 ml=busy
StapelMess t=1789644552432 strip=0,2 inner=0,1 ml=busy
StapelMess t=1789644552456 strip=0,2 inner=0,2 ml=busy
StapelMess ml t=1789644552353 fertig=1789644552488 pcs=[]
StapelMess t=1789644552487 strip=0,2 inner=0,1 ml=start
StapelMess t=1789644552519 strip=0,1 inner=0,1 ml=busy
StapelMess t=1789644552552 strip=0,1 inner=0,1 ml=busy
StapelMess t=1789644552594 strip=0,1 inner=0,1 ml=busy
StapelMess t=1789644552621 strip=0,3 inner=0,3 ml=busy
StapelMess ml t=1789644552487 fertig=1789644552651 pcs=[]
StapelMess t=1789644552652 strip=0,1 inner=0,1 ml=start
StapelMess t=1789644552687 strip=0,1 inner=0,1 ml=busy
StapelMess t=1789644552719 strip=0,1 inner=0,1 ml=busy
StapelMess t=1789644552753 strip=0,3 inner=0,3 ml=busy
StapelMess ml t=1789644552652 fertig=1789644552771 pcs=[]
StapelMess t=1789644552787 strip=0,1 inner=0,1 ml=start
StapelMess t=1789644552820 strip=0,1 inner=0,1 ml=busy
StapelMess t=1789644552859 strip=0,1 inner=0,1 ml=busy
StapelMess t=1789644552890 strip=0,1 inner=0,1 ml=busy
StapelMess ml t=1789644552787 fertig=1789644552913 pcs=[]
StapelMess t=1789644552920 strip=0,1 inner=0,1 ml=start
StapelMess t=1789644552950 strip=0,1 inner=0,1 ml=busy
StapelMess t=1789644552986 strip=0,1 inner=0,1 ml=busy
StapelMess t=1789644553020 strip=0,1 inner=0,1 ml=busy
StapelMess t=1789644553056 strip=0,1 inner=0,1 ml=busy
StapelMess ml t=1789644552920 fertig=1789644553076 pcs=[]
StapelMess t=1789644553086 strip=0,1 inner=0,1 ml=start
StapelMess t=1789644553121 strip=0,1 inner=0,1 ml=busy
StapelMess t=1789644553154 strip=0,1 inner=0,1 ml=busy
StapelMess t=1789644553186 strip=0,3 inner=0,3 ml=busy
StapelMess ml t=1789644553086 fertig=1789644553200 pcs=[]
StapelMess t=1789644553220 strip=0,1 inner=0,1 ml=start
StapelMess t=1789644553254 strip=0,1 inner=0,1 ml=busy
StapelMess t=1789644553289 strip=0,1 inner=0,1 ml=busy
StapelMess t=1789644553325 strip=0,1 inner=0,1 ml=busy
StapelMess ml t=1789644553220 fertig=1789644553339 pcs=[]
StapelMess t=1789644553355 strip=0,1 inner=0,1 ml=start
StapelMess t=1789644553387 strip=0,4 inner=0,5 ml=busy
StapelMess t=1789644553419 strip=0,1 inner=0,1 ml=busy
StapelMess t=1789644553453 strip=0,2 inner=0,3 ml=busy
StapelMess t=1789644553488 strip=0,1 inner=0,1 ml=busy
StapelMess ml t=1789644553355 fertig=1789644553512 pcs=[]
StapelMess t=1789644553521 strip=0,1 inner=0,1 ml=start
StapelMess t=1789644553554 strip=0,3 inner=0,3 ml=busy
StapelMess t=1789644553593 strip=0,1 inner=0,1 ml=busy
StapelMess t=1789644553621 strip=0,1 inner=0,1 ml=busy
StapelMess ml t=1789644553521 fertig=1789644553643 pcs=[]
StapelMess t=1789644553653 strip=0,1 inner=0,1 ml=start
StapelMess t=1789644553687 strip=0,1 inner=0,1 ml=busy
StapelMess t=1789644553728 strip=0,3 inner=0,3 ml=busy
StapelMess t=1789644553757 strip=0,1 inner=0,1 ml=busy
StapelMess ml t=1789644553653 fertig=1789644553778 pcs=[]
StapelMess t=1789644553785 strip=0,2 inner=0,2 ml=start
StapelMess t=1789644553818 strip=0,1 inner=0,1 ml=busy
StapelMess t=1789644553853 strip=0,1 inner=0,1 ml=busy
StapelMess t=1789644553888 strip=0,1 inner=0,1 ml=busy
StapelMess t=1789644553929 strip=0,1 inner=0,1 ml=busy
StapelMess ml t=1789644553785 fertig=1789644553946 pcs=[]
StapelMess t=1789644553952 strip=0,1 inner=0,1 ml=start
StapelMess t=1789644553987 strip=0,1 inner=0,1 ml=busy
StapelMess t=1789644554020 strip=0,1 inner=0,1 ml=busy
StapelMess t=1789644554054 strip=0,1 inner=0,1 ml=busy
StapelMess ml t=1789644553952 fertig=1789644554076 pcs=[]
StapelMess t=1789644554078 strip=0,1 inner=0,1 ml=start
StapelMess t=1789644554124 strip=0,1 inner=0,1 ml=busy
StapelMess t=1789644554157 strip=0,1 inner=0,1 ml=busy
StapelMess t=1789644554186 strip=0,1 inner=0,1 ml=busy
StapelMess ml t=1789644554078 fertig=1789644554200 pcs=[]
StapelMess t=1789644554217 strip=0,1 inner=0,1 ml=start
StapelMess t=1789644554254 strip=0,1 inner=0,1 ml=busy
StapelMess t=1789644554284 strip=0,1 inner=0,1 ml=busy
StapelMess t=1789644554321 strip=0,2 inner=0,2 ml=busy
StapelMess t=1789644554354 strip=0,1 inner=0,1 ml=busy
StapelMess ml t=1789644554217 fertig=1789644554377 pcs=[]
StapelMess t=1789644554384 strip=0,1 inner=0,1 ml=start
StapelMess t=1789644554418 strip=0,3 inner=0,4 ml=busy
StapelMess t=1789644554474 strip=0,1 inner=0,1 ml=busy
StapelMess t=1789644554490 strip=0,1 inner=0,1 ml=busy
StapelMess ml t=1789644554384 fertig=1789644554499 pcs=[]
StapelMess t=1789644554518 strip=0,1 inner=0,1 ml=start
StapelMess t=1789644554552 strip=0,1 inner=0,1 ml=busy
StapelMess t=1789644554591 strip=0,1 inner=0,1 ml=busy
StapelMess t=1789644554617 strip=0,1 inner=0,1 ml=busy
StapelMess ml t=1789644554518 fertig=1789644554633 pcs=[]
StapelMess t=1789644554652 strip=0,1 inner=0,1 ml=start
StapelMess t=1789644554685 strip=0,1 inner=0,1 ml=busy
StapelMess t=1789644554719 strip=0,1 inner=0,1 ml=busy
StapelMess t=1789644554753 strip=0,1 inner=0,1 ml=busy
StapelMess t=1789644554793 strip=0,1 inner=0,1 ml=busy
StapelMess ml t=1789644554652 fertig=1789644554801 pcs=[]
StapelMess t=1789644554818 strip=0,1 inner=0,1 ml=start
StapelMess t=1789644554857 strip=0,1 inner=0,1 ml=busy
StapelMess t=1789644554888 strip=0,1 inner=0,1 ml=busy
StapelMess t=1789644554927 strip=0,1 inner=0,1 ml=busy
StapelMess ml t=1789644554818 fertig=1789644554954 pcs=[]
StapelMess t=1789644554952 strip=0,3 inner=0,3 ml=busy
StapelMess t=1789644554984 strip=0,1 inner=0,1 ml=start
StapelMess t=1789644555025 strip=0,1 inner=0,1 ml=busy
StapelMess t=1789644555057 strip=0,1 inner=0,1 ml=busy
StapelMess t=1789644555093 strip=0,1 inner=0,1 ml=busy
StapelMess ml t=1789644554984 fertig=1789644555117 pcs=[]
StapelMess t=1789644555119 strip=0,1 inner=0,1 ml=start
StapelMess t=1789644555142 strip=0,1 inner=0,1 ml=busy
StapelMess t=1789644555185 strip=0,1 inner=0,1 ml=busy
StapelMess t=1789644555218 strip=0,1 inner=0,1 ml=busy
StapelMess t=1789644555252 strip=0,1 inner=0,1 ml=busy
StapelMess ml t=1789644555119 fertig=1789644555284 pcs=[]
StapelMess t=1789644555289 strip=0,1 inner=0,1 ml=start
StapelMess t=1789644555318 strip=0,1 inner=0,1 ml=busy
StapelMess t=1789644555353 strip=0,1 inner=0,1 ml=busy
StapelMess t=1789644555387 strip=0,1 inner=0,1 ml=busy
StapelMess ml t=1789644555289 fertig=1789644555408 pcs=[]
StapelMess t=1789644555417 strip=0,3 inner=0,3 ml=start
StapelMess t=1789644555451 strip=0,1 inner=0,1 ml=busy
StapelMess t=1789644555486 strip=0,1 inner=0,1 ml=busy
StapelMess t=1789644555518 strip=0,1 inner=0,1 ml=busy
StapelMess ml t=1789644555417 fertig=1789644555535 pcs=[]
StapelMess t=1789644555551 strip=0,1 inner=0,1 ml=start
StapelMess t=1789644555586 strip=0,3 inner=0,3 ml=busy
StapelMess t=1789644555625 strip=0,1 inner=0,1 ml=busy
StapelMess t=1789644555655 strip=0,3 inner=0,3 ml=busy
StapelMess t=1789644555687 strip=0,1 inner=0,1 ml=busy
StapelMess ml t=1789644555551 fertig=1789644555711 pcs=[]
StapelMess t=1789644555719 strip=0,1 inner=0,1 ml=start
StapelMess t=1789644555751 strip=0,1 inner=0,1 ml=busy
StapelMess t=1789644555783 strip=0,1 inner=0,1 ml=busy
StapelMess t=1789644555819 strip=0,1 inner=0,1 ml=busy
StapelMess ml t=1789644555719 fertig=1789644555828 pcs=[]
StapelMess t=1789644555852 strip=0,4 inner=0,5 ml=start
StapelMess t=1789644555886 strip=0,1 inner=0,1 ml=busy
StapelMess t=1789644555920 strip=0,1 inner=0,1 ml=busy
StapelMess t=1789644555951 strip=0,1 inner=0,1 ml=busy
StapelMess ml t=1789644555852 fertig=1789644555978 pcs=[]
StapelMess t=1789644555984 strip=0,1 inner=0,1 ml=start
StapelMess t=1789644556018 strip=0,1 inner=0,1 ml=busy
StapelMess t=1789644556051 strip=0,1 inner=0,1 ml=busy
StapelMess t=1789644556085 strip=0,1 inner=0,1 ml=busy
StapelMess t=1789644556118 strip=0,1 inner=0,1 ml=busy
StapelMess ml t=1789644555984 fertig=1789644556144 pcs=[]
StapelMess t=1789644556151 strip=0,1 inner=0,1 ml=start
StapelMess t=1789644556186 strip=0,2 inner=0,2 ml=busy
StapelMess t=1789644556216 strip=0,1 inner=0,1 ml=busy
StapelMess t=1789644556251 strip=0,1 inner=0,1 ml=busy
StapelMess ml t=1789644556151 fertig=1789644556270 pcs=[]
StapelMess t=1789644556284 strip=0,1 inner=0,1 ml=start
StapelMess t=1789644556318 strip=0,1 inner=0,1 ml=busy
StapelMess t=1789644556356 strip=0,1 inner=0,1 ml=busy
StapelMess t=1789644556386 strip=0,3 inner=0,3 ml=busy
StapelMess ml t=1789644556284 fertig=1789644556407 pcs=[]
StapelMess t=1789644556420 strip=0,1 inner=0,1 ml=start
StapelMess t=1789644556452 strip=0,1 inner=0,1 ml=busy
StapelMess t=1789644556484 strip=0,1 inner=0,1 ml=busy
StapelMess t=1789644556518 strip=0,1 inner=0,1 ml=busy
StapelMess t=1789644556551 strip=0,1 inner=0,1 ml=busy
StapelMess ml t=1789644556420 fertig=1789644556577 pcs=[]
StapelMess t=1789644556584 strip=0,3 inner=0,3 ml=start
StapelMess t=1789644556617 strip=0,1 inner=0,1 ml=busy
StapelMess t=1789644556650 strip=0,1 inner=0,1 ml=busy
StapelMess t=1789644556691 strip=0,1 inner=0,1 ml=busy
StapelMess ml t=1789644556584 fertig=1789644556705 pcs=[]
StapelMess t=1789644556721 strip=0,1 inner=0,1 ml=start
StapelMess t=1789644556751 strip=0,1 inner=0,1 ml=busy
StapelMess t=1789644556784 strip=0,1 inner=0,1 ml=busy
StapelMess t=1789644556818 strip=0,1 inner=0,1 ml=busy
StapelMess ml t=1789644556721 fertig=1789644556843 pcs=[]
StapelMess t=1789644556850 strip=0,1 inner=0,1 ml=start
StapelMess t=1789644556883 strip=0,1 inner=0,1 ml=busy
StapelMess t=1789644556920 strip=0,1 inner=0,1 ml=busy
StapelMess t=1789644556950 strip=0,1 inner=0,1 ml=busy
StapelMess t=1789644556985 strip=0,3 inner=0,3 ml=busy
StapelMess ml t=1789644556850 fertig=1789644557007 pcs=[]
StapelMess t=1789644557016 strip=0,1 inner=0,1 ml=start
StapelMess t=1789644557051 strip=0,1 inner=0,1 ml=busy
StapelMess t=1789644557086 strip=0,1 inner=0,1 ml=busy
StapelMess t=1789644557115 strip=0,3 inner=0,3 ml=busy
StapelMess ml t=1789644557016 fertig=1789644557124 pcs=[]
StapelMess t=1789644557149 strip=0,1 inner=0,1 ml=start
StapelMess t=1789644557184 strip=0,1 inner=0,1 ml=busy
StapelMess t=1789644557219 strip=0,1 inner=0,1 ml=busy
StapelMess t=1789644557263 strip=0,1 inner=0,1 ml=busy
StapelMess t=1789644557287 strip=0,1 inner=0,1 ml=busy
StapelMess ml t=1789644557149 fertig=1789644557291 pcs=[]
StapelMess t=1789644557317 strip=0,1 inner=0,1 ml=start
StapelMess t=1789644557350 strip=0,1 inner=0,1 ml=busy
StapelMess t=1789644557384 strip=0,1 inner=0,1 ml=busy
StapelMess t=1789644557419 strip=0,1 inner=0,1 ml=busy
StapelMess t=1789644557451 strip=0,1 inner=0,1 ml=busy
StapelMess ml t=1789644557317 fertig=1789644557479 pcs=[]
StapelMess t=1789644557482 strip=0,1 inner=0,1 ml=start
StapelMess t=1789644557519 strip=0,3 inner=0,3 ml=busy
StapelMess t=1789644557553 strip=0,1 inner=0,1 ml=busy
StapelMess t=1789644557593 strip=0,1 inner=0,1 ml=busy
StapelMess ml t=1789644557482 fertig=1789644557604 pcs=[]
StapelMess t=1789644557622 strip=0,4 inner=0,5 ml=start
StapelMess t=1789644557648 strip=0,1 inner=0,1 ml=busy
StapelMess t=1789644557685 strip=0,1 inner=0,1 ml=busy
StapelMess t=1789644557718 strip=0,1 inner=0,1 ml=busy
StapelMess ml t=1789644557622 fertig=1789644557748 pcs=[]
StapelMess t=1789644557751 strip=0,3 inner=0,3 ml=start
StapelMess t=1789644557783 strip=0,1 inner=0,1 ml=busy
StapelMess t=1789644557819 strip=0,1 inner=0,1 ml=busy
StapelMess t=1789644557853 strip=0,3 inner=0,3 ml=busy
StapelMess t=1789644557879 strip=0,1 inner=0,1 ml=busy
StapelMess ml t=1789644557751 fertig=1789644557916 pcs=[]
StapelMess t=1789644557915 strip=0,1 inner=0,1 ml=start
StapelMess t=1789644557955 strip=0,1 inner=0,1 ml=busy
StapelMess t=1789644557984 strip=0,1 inner=0,1 ml=busy
StapelMess t=1789644558017 strip=0,1 inner=0,1 ml=busy
StapelMess ml t=1789644557915 fertig=1789644558036 pcs=[]
StapelMess t=1789644558050 strip=0,3 inner=0,3 ml=start
StapelMess t=1789644558083 strip=0,2 inner=0,2 ml=busy
StapelMess t=1789644558117 strip=0,1 inner=0,1 ml=busy
StapelMess t=1789644558151 strip=0,1 inner=0,1 ml=busy
StapelMess ml t=1789644558050 fertig=1789644558164 pcs=[]
StapelMess t=1789644558183 strip=0,1 inner=0,1 ml=start
StapelMess t=1789644558217 strip=0,1 inner=0,1 ml=busy
StapelMess t=1789644558250 strip=0,1 inner=0,1 ml=busy
StapelMess t=1789644558283 strip=0,1 inner=0,1 ml=busy
StapelMess t=1789644558323 strip=0,1 inner=0,1 ml=busy
StapelMess ml t=1789644558183 fertig=1789644558335 pcs=[]
StapelMess t=1789644558349 strip=0,1 inner=0,1 ml=start
StapelMess t=1789644558383 strip=0,3 inner=0,3 ml=busy
StapelMess t=1789644558420 strip=0,1 inner=0,1 ml=busy
StapelMess t=1789644558449 strip=0,1 inner=0,1 ml=busy
StapelMess ml t=1789644558349 fertig=1789644558463 pcs=[]
StapelMess t=1789644558480 strip=0,1 inner=0,1 ml=start
StapelMess t=1789644558523 strip=0,1 inner=0,1 ml=busy
StapelMess t=1789644558551 strip=0,1 inner=0,1 ml=busy
StapelMess t=1789644558584 strip=0,3 inner=0,3 ml=busy
StapelMess t=1789644558616 strip=0,1 inner=0,1 ml=busy
StapelMess ml t=1789644558480 fertig=1789644558621 pcs=[]
StapelMess t=1789644558651 strip=0,1 inner=0,1 ml=start
StapelMess t=1789644558684 strip=0,1 inner=0,1 ml=busy
StapelMess t=1789644558716 strip=0,1 inner=0,1 ml=busy
StapelMess t=1789644558750 strip=0,1 inner=0,1 ml=busy
StapelMess t=1789644558783 strip=0,1 inner=0,1 ml=busy
StapelMess t=1789644558836 strip=0,1 inner=0,1 ml=busy
StapelMess ml t=1789644558651 fertig=1789644558843 pcs=[]
StapelMess t=1789644558861 strip=0,1 inner=0,1 ml=start
StapelMess t=1789644558883 strip=0,2 inner=0,1 ml=busy
StapelMess t=1789644558916 strip=0,1 inner=0,1 ml=busy
StapelMess t=1789644558949 strip=0,1 inner=0,1 ml=busy
StapelMess t=1789644558982 strip=0,3 inner=0,4 ml=busy
StapelMess ml t=1789644558861 fertig=1789644558988 pcs=[]
StapelMess t=1789644559025 strip=0,1 inner=0,1 ml=start
StapelMess t=1789644559055 strip=0,1 inner=0,1 ml=busy
StapelMess t=1789644559082 strip=0,1 inner=0,1 ml=busy
StapelMess t=1789644559117 strip=0,1 inner=0,1 ml=busy
StapelMess t=1789644559151 strip=0,3 inner=0,3 ml=busy
StapelMess ml t=1789644559025 fertig=1789644559175 pcs=[]
StapelMess t=1789644559184 strip=0,1 inner=0,1 ml=start
StapelMess t=1789644559221 strip=0,1 inner=0,1 ml=busy
StapelMess t=1789644559258 strip=0,1 inner=0,1 ml=busy
StapelMess t=1789644559281 strip=0,1 inner=0,1 ml=busy
StapelMess t=1789644559306 strip=0,1 inner=0,1 ml=busy
StapelMess ml t=1789644559184 fertig=1789644559344 pcs=[]
StapelMess t=1789644559350 strip=0,1 inner=0,1 ml=start
StapelMess t=1789644559383 strip=0,1 inner=0,1 ml=busy
StapelMess t=1789644559414 strip=0,1 inner=0,1 ml=busy
StapelMess t=1789644559454 strip=0,1 inner=0,1 ml=busy
StapelMess ml t=1789644559350 fertig=1789644559469 pcs=[]
StapelMess t=1789644559484 strip=0,1 inner=0,1 ml=start
StapelMess t=1789644559515 strip=0,1 inner=0,1 ml=busy
StapelMess t=1789644559548 strip=0,3 inner=0,3 ml=busy
StapelMess t=1789644559585 strip=0,1 inner=0,1 ml=busy
StapelMess ml t=1789644559484 fertig=1789644559600 pcs=[]
StapelMess t=1789644559614 strip=0,1 inner=0,1 ml=start
StapelMess t=1789644559649 strip=0,1 inner=0,1 ml=busy
StapelMess t=1789644559683 strip=0,1 inner=0,1 ml=busy
StapelMess t=1789644559720 strip=0,1 inner=0,1 ml=busy
StapelMess t=1789644559753 strip=0,1 inner=0,1 ml=busy
StapelMess ml t=1789644559614 fertig=1789644559769 pcs=[]
StapelMess t=1789644559787 strip=0,1 inner=0,1 ml=start
StapelMess t=1789644559815 strip=0,1 inner=0,1 ml=busy
StapelMess t=1789644559852 strip=0,1 inner=0,1 ml=busy
StapelMess t=1789644559889 strip=0,1 inner=0,1 ml=busy
StapelMess ml t=1789644559787 fertig=1789644559904 pcs=[]
StapelMess t=1789644559915 strip=0,1 inner=0,1 ml=start
StapelMess t=1789644559948 strip=0,1 inner=0,1 ml=busy
StapelMess t=1789644559985 strip=0,1 inner=0,1 ml=busy
StapelMess t=1789644560017 strip=0,1 inner=0,1 ml=busy
StapelMess ml t=1789644559915 fertig=1789644560038 pcs=[]
StapelMess t=1789644560051 strip=0,2 inner=0,1 ml=start
StapelMess t=1789644560082 strip=0,2 inner=0,2 ml=busy
StapelMess t=1789644560116 strip=0,1 inner=0,1 ml=busy
StapelMess t=1789644560151 strip=0,2 inner=0,1 ml=busy
StapelMess t=1789644560185 strip=0,1 inner=0,1 ml=busy
StapelMess ml t=1789644560051 fertig=1789644560216 pcs=[]
StapelMess t=1789644560218 strip=0,1 inner=0,1 ml=start
StapelMess t=1789644560247 strip=0,1 inner=0,1 ml=busy
StapelMess t=1789644560282 strip=0,1 inner=0,1 ml=busy
StapelMess t=1789644560318 strip=0,1 inner=0,1 ml=busy
StapelMess ml t=1789644560218 fertig=1789644560339 pcs=[]
StapelMess t=1789644560348 strip=0,1 inner=0,1 ml=start
StapelMess t=1789644560381 strip=0,1 inner=0,1 ml=busy
StapelMess t=1789644560416 strip=0,4 inner=0,5 ml=busy
StapelMess t=1789644560459 strip=0,2 inner=0,1 ml=busy
StapelMess t=1789644560485 strip=0,2 inner=0,2 ml=busy
StapelMess ml t=1789644560348 fertig=1789644560489 pcs=[]
StapelMess t=1789644560512 strip=0,2 inner=0,1 ml=start
StapelMess t=1789644560549 strip=0,2 inner=0,1 ml=busy
StapelMess t=1789644560585 strip=0,1 inner=0,1 ml=busy
StapelMess t=1789644560616 strip=0,2 inner=0,1 ml=busy
StapelMess t=1789644560649 strip=0,1 inner=0,1 ml=busy
StapelMess t=1789644560682 strip=0,1 inner=0,1 ml=busy
StapelMess ml t=1789644560512 fertig=1789644560694 pcs=[]
StapelMess t=1789644560715 strip=56,0 inner=14,1 ml=start
StapelMess t=1789644560748 strip=14,3 inner=15,6 ml=busy
StapelMess t=1789644560789 strip=76,6 inner=29,0 ml=busy
StapelMess t=1789644560823 strip=41,0 inner=23,9 ml=busy
StapelScan t=1789644560832 diff=7,6 pcs=[]
StapelMess ml t=1789644560715 fertig=1789644560832 pcs=[]
StapelMess t=1789644560852 strip=17,4 inner=10,0 ml=start
StapelMess t=1789644560881 strip=16,4 inner=9,8 ml=busy
StapelMess t=1789644560920 strip=6,0 inner=6,8 ml=busy
StapelMess t=1789644560952 strip=1,1 inner=1,5 ml=busy
StapelScan t=1789644560976 diff=13,4 pcs=[]
StapelMess ml t=1789644560852 fertig=1789644560977 pcs=[]
StapelMess t=1789644560982 strip=0,3 inner=0,2 ml=start
StapelMess t=1789644561014 strip=0,1 inner=0,1 ml=busy
StapelMess t=1789644561048 strip=0,1 inner=0,1 ml=busy
StapelMess t=1789644561088 strip=0,2 inner=0,2 ml=busy
StapelMess t=1789644561123 strip=0,3 inner=0,3 ml=busy
StapelMess t=1789644561149 strip=0,1 inner=0,1 ml=busy
StapelMess t=1789644561187 strip=0,1 inner=0,1 ml=busy
StapelMess t=1789644561214 strip=0,1 inner=0,2 ml=busy
StapelMess t=1789644561246 strip=0,2 inner=0,2 ml=busy
StapelMess t=1789644561280 strip=0,1 inner=0,1 ml=busy
StapelScan t=1789644561311 diff=9,1 pcs=[47643326]
StapelMess ml t=1789644560982 fertig=1789644561311 pcs=[47643326:in]
StapelMess t=1789644561314 strip=0,1 inner=0,1 ml=start
StapelMess t=1789644561348 strip=0,5 inner=0,5 ml=busy
StapelMess t=1789644561381 strip=0,1 inner=0,1 ml=busy
StapelMess t=1789644561414 strip=0,1 inner=0,1 ml=busy
StapelMess t=1789644561446 strip=0,2 inner=0,2 ml=busy
StapelMess t=1789644561481 strip=0,3 inner=0,3 ml=busy
StapelMess t=1789644561513 strip=0,1 inner=0,2 ml=busy
StapelMess t=1789644561548 strip=0,1 inner=0,1 ml=busy
StapelMess t=1789644561586 strip=0,1 inner=0,1 ml=busy
StapelMess t=1789644561613 strip=0,1 inner=0,1 ml=busy
StapelMess ml t=1789644561314 fertig=1789644561624 pcs=[47643326:in]
StapelMess t=1789644561652 strip=0,2 inner=0,2 ml=start
StapelMess t=1789644561685 strip=0,2 inner=0,2 ml=busy
StapelMess t=1789644561715 strip=0,1 inner=0,1 ml=busy
StapelMess t=1789644561748 strip=0,1 inner=0,1 ml=busy
StapelMess t=1789644561785 strip=0,1 inner=0,2 ml=busy
StapelMess t=1789644561819 strip=0,1 inner=0,1 ml=busy
StapelMess t=1789644561847 strip=0,1 inner=0,1 ml=busy
StapelMess t=1789644561882 strip=0,2 inner=0,2 ml=busy
StapelMess t=1789644561914 strip=0,1 inner=0,1 ml=busy
StapelMess t=1789644561947 strip=0,1 inner=0,1 ml=busy
StapelMess ml t=1789644561652 fertig=1789644561978 pcs=[47643326:in]
StapelScan diff=1,3 dauer=480 entscheidung=Meldung
StapelMess t=1789644561986 strip=0,2 inner=0,1 ml=start
StapelMess t=1789644562016 strip=0,1 inner=0,1 ml=busy
StapelMess t=1789644562047 strip=0,1 inner=0,1 ml=busy
StapelMess t=1789644562082 strip=0,1 inner=0,1 ml=busy
StapelMess t=1789644562114 strip=0,1 inner=0,1 ml=busy
StapelMess t=1789644562147 strip=0,1 inner=0,1 ml=busy
StapelMess t=1789644562180 strip=0,1 inner=0,2 ml=busy
StapelMess t=1789644562215 strip=0,1 inner=0,2 ml=busy
StapelMess t=1789644562249 strip=0,1 inner=0,1 ml=busy
StapelMess t=1789644562279 strip=0,4 inner=0,4 ml=busy
StapelMess ml t=1789644561986 fertig=1789644562304 pcs=[47643326:in]
MlScan confirmed card 47643326 t=1789644562305
StapelMess t=1789644562383 strip=0,2 inner=0,3 ml=start
StapelMess t=1789644562420 strip=0,1 inner=0,1 ml=busy
StapelMess t=1789644562479 strip=0,1 inner=0,1 ml=busy
StapelMess t=1789644562503 strip=0,1 inner=0,1 ml=busy
StapelMess t=1789644562531 strip=0,1 inner=0,1 ml=busy
StapelMess t=1789644562554 strip=0,1 inner=0,1 ml=busy
StapelMess t=1789644562585 strip=0,1 inner=0,1 ml=busy
StapelMess t=1789644562618 strip=0,4 inner=0,4 ml=busy
StapelMess t=1789644562660 strip=0,1 inner=0,1 ml=busy
StapelMess t=1789644562679 strip=0,1 inner=0,1 ml=busy
StapelMess t=1789644562713 strip=0,1 inner=0,1 ml=busy
StapelMess t=1789644562745 strip=0,1 inner=0,1 ml=busy
StapelMess ml t=1789644562383 fertig=1789644562755 pcs=[47643326:in]
StapelMess t=1789644562780 strip=0,1 inner=0,1 ml=start
StapelMess t=1789644562812 strip=0,1 inner=0,2 ml=busy
StapelMess t=1789644562847 strip=0,1 inner=0,1 ml=busy
StapelMess t=1789644562884 strip=0,1 inner=0,1 ml=busy
StapelMess t=1789644562913 strip=0,1 inner=0,1 ml=busy
StapelMess t=1789644562945 strip=0,1 inner=0,1 ml=busy
StapelMess t=1789644562984 strip=0,1 inner=0,1 ml=busy
StapelMess t=1789644563012 strip=0,1 inner=0,1 ml=busy
StapelMess t=1789644563047 strip=0,1 inner=0,1 ml=busy
StapelMess t=1789644563079 strip=0,1 inner=0,2 ml=busy
StapelMess ml t=1789644562780 fertig=1789644563097 pcs=[47643326:in]
StapelMess t=1789644563114 strip=0,1 inner=0,1 ml=start
StapelMess t=1789644563146 strip=0,1 inner=0,1 ml=busy
StapelMess t=1789644563182 strip=0,4 inner=0,4 ml=busy
StapelMess t=1789644563212 strip=0,1 inner=0,2 ml=busy
StapelMess t=1789644563246 strip=0,1 inner=0,1 ml=busy
StapelMess t=1789644563283 strip=0,2 inner=0,2 ml=busy
StapelMess t=1789644563316 strip=0,1 inner=0,1 ml=busy
StapelMess t=1789644563346 strip=0,1 inner=0,1 ml=busy
StapelMess t=1789644563377 strip=0,1 inner=0,1 ml=busy
StapelMess t=1789644563414 strip=0,1 inner=0,1 ml=busy
StapelMess ml t=1789644563114 fertig=1789644563429 pcs=[47643326:in]
StapelMess t=1789644563445 strip=0,1 inner=0,1 ml=start
StapelMess t=1789644563480 strip=0,1 inner=0,1 ml=busy
StapelMess t=1789644563511 strip=0,1 inner=0,1 ml=busy
StapelMess t=1789644563547 strip=0,1 inner=0,1 ml=busy
StapelMess t=1789644563584 strip=0,1 inner=0,2 ml=busy
StapelMess t=1789644563612 strip=0,1 inner=0,1 ml=busy
StapelMess t=1789644563648 strip=0,1 inner=0,1 ml=busy
StapelMess t=1789644563684 strip=0,1 inner=0,1 ml=busy
StapelMess t=1789644563711 strip=0,1 inner=0,1 ml=busy
StapelMess t=1789644563748 strip=0,1 inner=0,1 ml=busy
StapelMess ml t=1789644563445 fertig=1789644563755 pcs=[47643326:in]
StapelMess t=1789644563782 strip=0,1 inner=0,1 ml=start
StapelMess t=1789644563819 strip=0,7 inner=0,2 ml=busy
StapelMess t=1789644563851 strip=2,3 inner=0,6 ml=busy
StapelMess t=1789644563880 strip=1,1 inner=0,3 ml=busy
StapelMess t=1789644563917 strip=1,0 inner=0,3 ml=busy
StapelMess t=1789644563952 strip=3,1 inner=0,8 ml=busy
StapelMess t=1789644563980 strip=0,1 inner=0,1 ml=busy
StapelMess t=1789644564012 strip=0,8 inner=0,4 ml=busy
StapelMess t=1789644564046 strip=0,3 inner=0,2 ml=busy
StapelMess t=1789644564080 strip=0,5 inner=0,2 ml=busy
StapelMess t=1789644564113 strip=0,1 inner=0,2 ml=busy
StapelMess ml t=1789644563782 fertig=1789644564143 pcs=[47643326:in]
StapelMess t=1789644564145 strip=0,3 inner=0,2 ml=start
StapelMess t=1789644564179 strip=0,1 inner=0,1 ml=busy
StapelMess t=1789644564212 strip=0,3 inner=0,2 ml=busy
StapelMess t=1789644564265 strip=0,1 inner=0,1 ml=busy
StapelMess t=1789644564289 strip=0,3 inner=0,1 ml=busy
StapelMess t=1789644564312 strip=0,2 inner=0,1 ml=busy
StapelMess t=1789644564349 strip=0,2 inner=0,1 ml=busy
StapelMess t=1789644564377 strip=0,3 inner=0,1 ml=busy
StapelMess t=1789644564412 strip=0,3 inner=0,1 ml=busy
StapelMess t=1789644564445 strip=0,2 inner=0,2 ml=busy
StapelMess ml t=1789644564145 fertig=1789644564470 pcs=[47643326:in]
StapelMess t=1789644564483 strip=0,2 inner=0,2 ml=start
StapelMess t=1789644564511 strip=0,1 inner=0,1 ml=busy
StapelMess t=1789644564546 strip=17,9 inner=3,9 ml=busy
StapelMess t=1789644564620 strip=47,1 inner=29,2 ml=busy
StapelMess t=1789644564647 strip=91,5 inner=41,5 ml=busy
StapelMess t=1789644564658 strip=17,0 inner=19,8 ml=busy
StapelMess t=1789644564677 strip=6,1 inner=15,5 ml=busy
StapelMess t=1789644564715 strip=13,5 inner=16,7 ml=busy
StapelMess t=1789644564746 strip=20,2 inner=12,2 ml=busy
StapelMess t=1789644564780 strip=20,3 inner=11,3 ml=busy
StapelMess t=1789644564813 strip=4,6 inner=3,1 ml=busy
StapelMess ml t=1789644564483 fertig=1789644564827 pcs=[47643326:in]
StapelMess t=1789644564845 strip=3,5 inner=2,8 ml=start
StapelMess t=1789644564879 strip=4,4 inner=4,1 ml=busy
StapelMess t=1789644564923 strip=1,5 inner=2,7 ml=busy
StapelMess t=1789644564944 strip=1,9 inner=3,0 ml=busy
StapelMess t=1789644564977 strip=0,9 inner=0,8 ml=busy
StapelMess t=1789644565012 strip=0,8 inner=0,3 ml=busy
StapelMess t=1789644565051 strip=0,4 inner=0,2 ml=busy
StapelMess t=1789644565081 strip=0,4 inner=0,3 ml=busy
StapelMess t=1789644565111 strip=0,1 inner=0,1 ml=busy
StapelMess t=1789644565145 strip=0,2 inner=0,2 ml=busy
StapelScan t=1789644565164 diff=10,3 pcs=[47643326]
StapelMess ml t=1789644564845 fertig=1789644565164 pcs=[47643326:in]
StapelMess t=1789644565183 strip=0,2 inner=0,1 ml=start
StapelMess t=1789644565219 strip=0,1 inner=0,1 ml=busy
StapelMess t=1789644565254 strip=0,1 inner=0,1 ml=busy
StapelMess t=1789644565278 strip=0,1 inner=0,1 ml=busy
StapelMess t=1789644565310 strip=0,1 inner=0,1 ml=busy
StapelMess t=1789644565343 strip=0,1 inner=0,1 ml=busy
StapelMess t=1789644565378 strip=0,1 inner=0,1 ml=busy
StapelMess t=1789644565411 strip=0,1 inner=0,1 ml=busy
StapelMess t=1789644565443 strip=0,1 inner=0,1 ml=busy
StapelMess t=1789644565477 strip=0,1 inner=0,1 ml=busy
StapelScan t=1789644565493 diff=11,5 pcs=[47643326]
StapelMess ml t=1789644565183 fertig=1789644565493 pcs=[47643326:in]
StapelMess t=1789644565513 strip=0,1 inner=0,1 ml=start
StapelMess t=1789644565547 strip=0,1 inner=0,1 ml=busy
StapelMess t=1789644565584 strip=0,1 inner=0,1 ml=busy
StapelMess t=1789644565617 strip=0,1 inner=0,1 ml=busy
StapelMess t=1789644565643 strip=0,1 inner=0,1 ml=busy
StapelMess t=1789644565678 strip=0,1 inner=0,1 ml=busy
StapelMess t=1789644565713 strip=0,1 inner=0,1 ml=busy
StapelMess t=1789644565744 strip=0,1 inner=0,1 ml=busy
StapelMess t=1789644565778 strip=0,1 inner=0,1 ml=busy
StapelMess t=1789644565810 strip=0,2 inner=0,1 ml=busy
StapelMess ml t=1789644565513 fertig=1789644565815 pcs=[47643326:in]
StapelMess t=1789644565846 strip=0,1 inner=0,1 ml=start
StapelMess t=1789644565882 strip=0,1 inner=0,1 ml=busy
StapelMess t=1789644565914 strip=0,1 inner=0,1 ml=busy
StapelMess t=1789644565945 strip=0,1 inner=0,1 ml=busy
StapelMess t=1789644565978 strip=0,1 inner=0,1 ml=busy
StapelMess t=1789644566010 strip=0,1 inner=0,1 ml=busy
StapelMess t=1789644566044 strip=0,1 inner=0,1 ml=busy
StapelMess t=1789644566081 strip=0,1 inner=0,1 ml=busy
StapelMess t=1789644566113 strip=0,1 inner=0,1 ml=busy
StapelMess ml t=1789644565846 fertig=1789644566138 pcs=[47643326:in]
StapelScan diff=1,3 dauer=328 entscheidung=Meldung
StapelMess t=1789644566144 strip=0,1 inner=0,1 ml=start
StapelMess t=1789644566179 strip=0,1 inner=0,1 ml=busy
StapelMess t=1789644566211 strip=0,1 inner=0,1 ml=busy
StapelMess t=1789644566245 strip=0,1 inner=0,1 ml=busy
StapelMess t=1789644566278 strip=0,1 inner=0,1 ml=busy
StapelMess t=1789644566311 strip=0,1 inner=0,1 ml=busy
StapelMess t=1789644566349 strip=0,1 inner=0,1 ml=busy
StapelMess t=1789644566379 strip=0,2 inner=0,2 ml=busy
StapelMess t=1789644566410 strip=0,2 inner=0,2 ml=busy
StapelMess ml t=1789644566144 fertig=1789644566443 pcs=[47643326:in]
StapelMess t=1789644566445 strip=0,1 inner=0,1 ml=start
StapelMess t=1789644566483 strip=0,2 inner=0,3 ml=busy
StapelMess t=1789644566514 strip=0,1 inner=0,1 ml=busy
StapelMess t=1789644566543 strip=0,1 inner=0,1 ml=busy
StapelMess t=1789644566579 strip=0,1 inner=0,2 ml=busy
StapelMess t=1789644566609 strip=0,5 inner=0,6 ml=busy
StapelMess t=1789644566644 strip=0,1 inner=0,1 ml=busy
StapelMess t=1789644566678 strip=0,1 inner=0,2 ml=busy
StapelMess t=1789644566710 strip=0,1 inner=0,1 ml=busy
StapelMess t=1789644566743 strip=0,1 inner=0,2 ml=busy
StapelMess ml t=1789644566445 fertig=1789644566760 pcs=[47643326:in]
StapelMess t=1789644566786 strip=0,1 inner=0,1 ml=start
StapelMess t=1789644566818 strip=0,1 inner=0,1 ml=busy
StapelMess t=1789644566851 strip=0,2 inner=0,2 ml=busy
StapelMess t=1789644566878 strip=0,1 inner=0,2 ml=busy
StapelMess t=1789644566908 strip=0,1 inner=0,1 ml=busy
StapelMess t=1789644566949 strip=0,4 inner=0,4 ml=busy
StapelMess t=1789644566979 strip=0,1 inner=0,1 ml=busy
StapelMess t=1789644567009 strip=0,1 inner=0,1 ml=busy
StapelMess t=1789644567043 strip=0,1 inner=0,1 ml=busy
StapelMess t=1789644567081 strip=0,1 inner=0,1 ml=busy
StapelMess ml t=1789644566786 fertig=1789644567104 pcs=[47643326:in]
MlScan confirmed card 47643326 t=1789644567104
StapelMess t=1789644567129 strip=0,1 inner=0,2 ml=start
StapelMess t=1789644567170 strip=0,1 inner=0,1 ml=busy
StapelMess t=1789644567204 strip=0,1 inner=0,1 ml=busy
StapelMess t=1789644567233 strip=0,1 inner=0,1 ml=busy
StapelMess t=1789644567284 strip=0,1 inner=0,1 ml=busy
StapelMess t=1789644567300 strip=0,1 inner=0,1 ml=busy
StapelMess t=1789644567325 strip=0,2 inner=0,2 ml=busy
StapelMess t=1789644567344 strip=0,1 inner=0,1 ml=busy
StapelMess t=1789644567385 strip=0,1 inner=0,1 ml=busy
StapelMess t=1789644567422 strip=0,1 inner=0,1 ml=busy
StapelMess t=1789644567444 strip=0,1 inner=0,1 ml=busy
StapelMess t=1789644567477 strip=0,1 inner=0,1 ml=busy
StapelMess ml t=1789644567129 fertig=1789644567491 pcs=[47643326:in]
StapelMess t=1789644567509 strip=0,1 inner=0,1 ml=start
StapelMess t=1789644567545 strip=0,1 inner=0,1 ml=busy
StapelMess t=1789644567582 strip=0,3 inner=0,4 ml=busy
StapelMess t=1789644567613 strip=0,1 inner=0,1 ml=busy
StapelMess t=1789644567643 strip=0,1 inner=0,1 ml=busy
StapelMess t=1789644567676 strip=0,1 inner=0,2 ml=busy
StapelMess t=1789644567710 strip=0,2 inner=0,2 ml=busy
StapelMess t=1789644567742 strip=0,1 inner=0,1 ml=busy
StapelMess t=1789644567780 strip=0,1 inner=0,1 ml=busy
StapelMess ml t=1789644567509 fertig=1789644567805 pcs=[47643326:in]
StapelMess t=1789644567810 strip=0,1 inner=0,1 ml=start
StapelMess t=1789644567848 strip=0,1 inner=0,1 ml=busy
StapelMess t=1789644567880 strip=0,1 inner=0,1 ml=busy
StapelMess t=1789644567912 strip=0,1 inner=0,1 ml=busy
StapelMess t=1789644567942 strip=0,2 inner=0,2 ml=busy
StapelMess t=1789644567977 strip=0,1 inner=0,1 ml=busy
StapelMess t=1789644568018 strip=0,1 inner=0,1 ml=busy
StapelMess t=1789644568044 strip=0,1 inner=0,1 ml=busy
StapelMess t=1789644568076 strip=0,1 inner=0,1 ml=busy
StapelMess ml t=1789644567810 fertig=1789644568104 pcs=[47643326:in]
StapelMess t=1789644568109 strip=0,2 inner=0,2 ml=start
StapelMess t=1789644568143 strip=0,1 inner=0,1 ml=busy
StapelMess t=1789644568178 strip=0,1 inner=0,1 ml=busy
StapelMess t=1789644568214 strip=0,1 inner=0,1 ml=busy
StapelMess t=1789644568248 strip=0,1 inner=0,1 ml=busy
StapelMess t=1789644568285 strip=0,1 inner=0,1 ml=busy
StapelMess t=1789644568312 strip=0,1 inner=0,1 ml=busy
StapelMess t=1789644568342 strip=0,1 inner=0,1 ml=busy
StapelMess t=1789644568375 strip=0,1 inner=0,1 ml=busy
StapelMess t=1789644568417 strip=0,1 inner=0,1 ml=busy
StapelMess t=1789644568447 strip=0,5 inner=0,6 ml=busy
StapelMess ml t=1789644568109 fertig=1789644568455 pcs=[47643326:in]
StapelMess t=1789644568475 strip=0,1 inner=0,1 ml=start
StapelMess t=1789644568508 strip=0,1 inner=0,2 ml=busy
StapelMess t=1789644568544 strip=0,1 inner=0,1 ml=busy
StapelMess t=1789644568576 strip=0,1 inner=0,1 ml=busy
StapelMess t=1789644568612 strip=0,1 inner=0,1 ml=busy
StapelMess t=1789644568644 strip=0,1 inner=0,1 ml=busy
StapelMess t=1789644568683 strip=0,1 inner=0,1 ml=busy
StapelMess t=1789644568715 strip=0,1 inner=0,1 ml=busy
StapelMess t=1789644568760 strip=0,7 inner=0,3 ml=busy
StapelMess t=1789644568787 strip=0,6 inner=0,3 ml=busy
StapelMess ml t=1789644568475 fertig=1789644568801 pcs=[47643326:in]
StapelMess t=1789644568808 strip=0,4 inner=0,2 ml=start
StapelMess t=1789644568843 strip=0,5 inner=0,4 ml=busy
StapelMess t=1789644568877 strip=0,4 inner=0,1 ml=busy
StapelMess t=1789644568912 strip=0,8 inner=0,3 ml=busy
StapelMess t=1789644568949 strip=64,5 inner=21,4 ml=busy
StapelMess t=1789644568975 strip=24,7 inner=19,2 ml=busy
StapelMess t=1789644569015 strip=60,9 inner=37,5 ml=busy
StapelMess t=1789644569053 strip=9,8 inner=11,6 ml=busy
StapelMess t=1789644569090 strip=3,9 inner=11,5 ml=busy
StapelMess t=1789644569108 strip=8,3 inner=14,4 ml=busy
StapelMess ml t=1789644568808 fertig=1789644569143 pcs=[47643326:in]
StapelMess t=1789644569147 strip=10,1 inner=14,9 ml=start
StapelMess t=1789644569175 strip=22,3 inner=15,6 ml=busy
StapelMess t=1789644569209 strip=5,3 inner=2,9 ml=busy
StapelMess t=1789644569245 strip=6,6 inner=3,8 ml=busy
StapelMess t=1789644569275 strip=8,6 inner=6,2 ml=busy
StapelMess t=1789644569314 strip=2,4 inner=2,3 ml=busy
StapelMess t=1789644569346 strip=0,7 inner=1,0 ml=busy
StapelMess t=1789644569375 strip=1,9 inner=2,3 ml=busy
StapelMess t=1789644569408 strip=0,5 inner=0,6 ml=busy
StapelMess t=1789644569448 strip=0,7 inner=0,9 ml=busy
StapelScan t=1789644569456 diff=11,6 pcs=[47643326]
StapelMess ml t=1789644569147 fertig=1789644569456 pcs=[47643326:in]
StapelMess t=1789644569476 strip=0,5 inner=0,7 ml=start
StapelMess t=1789644569511 strip=0,2 inner=0,2 ml=busy
StapelMess t=1789644569546 strip=0,1 inner=0,1 ml=busy
StapelMess t=1789644569577 strip=0,1 inner=0,1 ml=busy
StapelMess t=1789644569613 strip=0,1 inner=0,1 ml=busy
StapelMess t=1789644569641 strip=0,1 inner=0,1 ml=busy
StapelMess t=1789644569677 strip=0,1 inner=0,1 ml=busy
StapelMess t=1789644569724 strip=0,1 inner=0,1 ml=busy
StapelMess t=1789644569751 strip=0,1 inner=0,1 ml=busy
StapelMess t=1789644569776 strip=0,1 inner=0,1 ml=busy
StapelScan t=1789644569797 diff=12,2 pcs=[47643326]
StapelMess ml t=1789644569476 fertig=1789644569797 pcs=[47643326:in]
StapelMess t=1789644569810 strip=0,1 inner=0,1 ml=start
StapelMess t=1789644569844 strip=0,1 inner=0,1 ml=busy
StapelMess t=1789644569880 strip=0,1 inner=0,1 ml=busy
StapelMess t=1789644569909 strip=0,1 inner=0,1 ml=busy
StapelMess t=1789644569943 strip=0,1 inner=0,1 ml=busy
StapelMess t=1789644569975 strip=0,1 inner=0,1 ml=busy
StapelMess t=1789644570008 strip=0,1 inner=0,1 ml=busy
StapelMess t=1789644570041 strip=0,1 inner=0,1 ml=busy
StapelMess t=1789644570077 strip=0,1 inner=0,1 ml=busy
StapelMess ml t=1789644569810 fertig=1789644570107 pcs=[47643326:in]
StapelMess t=1789644570108 strip=0,1 inner=0,1 ml=start
StapelMess t=1789644570141 strip=0,1 inner=0,1 ml=busy
StapelMess t=1789644570175 strip=0,1 inner=0,1 ml=busy
StapelMess t=1789644570211 strip=0,1 inner=0,1 ml=busy
StapelMess t=1789644570241 strip=0,1 inner=0,1 ml=busy
StapelMess t=1789644570278 strip=0,1 inner=0,1 ml=busy
StapelMess t=1789644570308 strip=0,1 inner=0,1 ml=busy
StapelMess t=1789644570341 strip=0,1 inner=0,1 ml=busy
StapelMess t=1789644570379 strip=0,1 inner=0,1 ml=busy
StapelMess t=1789644570407 strip=0,1 inner=0,1 ml=busy
StapelMess ml t=1789644570108 fertig=1789644570418 pcs=[47643326:in]
StapelScan diff=1,2 dauer=342 entscheidung=Meldung
StapelMess t=1789644570446 strip=0,1 inner=0,1 ml=start
StapelMess t=1789644570476 strip=0,1 inner=0,1 ml=busy
StapelMess t=1789644570508 strip=0,1 inner=0,1 ml=busy
StapelMess t=1789644570543 strip=0,1 inner=0,1 ml=busy
StapelMess t=1789644570577 strip=0,1 inner=0,1 ml=busy
StapelMess t=1789644570608 strip=0,1 inner=0,2 ml=busy
StapelMess t=1789644570641 strip=0,3 inner=0,3 ml=busy
StapelMess t=1789644570686 strip=0,1 inner=0,1 ml=busy
StapelMess t=1789644570707 strip=0,1 inner=0,1 ml=busy
StapelMess t=1789644570741 strip=0,2 inner=0,2 ml=busy
StapelMess t=1789644570778 strip=0,1 inner=0,1 ml=busy
StapelMess ml t=1789644570446 fertig=1789644570785 pcs=[47643326:in]
StapelMess t=1789644570808 strip=0,2 inner=0,2 ml=start
StapelMess t=1789644570842 strip=0,4 inner=0,5 ml=busy
StapelMess t=1789644570875 strip=0,1 inner=0,1 ml=busy
StapelMess t=1789644570910 strip=0,2 inner=0,2 ml=busy
StapelMess t=1789644570941 strip=0,2 inner=0,2 ml=busy
StapelMess t=1789644570978 strip=0,4 inner=0,4 ml=busy
StapelMess t=1789644571008 strip=0,1 inner=0,1 ml=busy
StapelMess t=1789644571044 strip=0,2 inner=0,2 ml=busy
StapelMess t=1789644571076 strip=0,1 inner=0,1 ml=busy
StapelMess t=1789644571112 strip=0,1 inner=0,2 ml=busy
StapelMess ml t=1789644570808 fertig=1789644571116 pcs=[47643326:in]
StapelMess t=1789644571143 strip=0,1 inner=0,1 ml=start
StapelMess t=1789644571174 strip=0,2 inner=0,2 ml=busy
StapelMess t=1789644571209 strip=0,2 inner=0,2 ml=busy
StapelMess t=1789644571247 strip=0,1 inner=0,1 ml=busy
StapelMess t=1789644571277 strip=0,1 inner=0,1 ml=busy
StapelMess t=1789644571311 strip=0,2 inner=0,2 ml=busy
StapelMess t=1789644571341 strip=0,1 inner=0,1 ml=busy
StapelMess t=1789644571376 strip=0,2 inner=0,2 ml=busy
StapelMess t=1789644571408 strip=0,1 inner=0,1 ml=busy
StapelMess t=1789644571440 strip=0,1 inner=0,1 ml=busy
StapelMess ml t=1789644571143 fertig=1789644571448 pcs=[47643326:in]
MlScan confirmed card 47643326 t=1789644571449
StapelMess t=1789644571504 strip=0,3 inner=0,4 ml=start
StapelMess t=1789644571519 strip=0,1 inner=0,1 ml=busy
StapelMess t=1789644571548 strip=0,1 inner=0,1 ml=busy
StapelMess t=1789644571579 strip=0,1 inner=0,1 ml=busy
StapelMess t=1789644571616 strip=0,1 inner=0,1 ml=busy
StapelMess t=1789644571649 strip=0,1 inner=0,1 ml=busy
StapelMess t=1789644571678 strip=0,1 inner=0,1 ml=busy
StapelMess t=1789644571716 strip=0,1 inner=0,1 ml=busy
StapelMess t=1789644571744 strip=0,1 inner=0,1 ml=busy
StapelMess t=1789644571777 strip=0,1 inner=0,1 ml=busy
StapelMess t=1789644571805 strip=0,1 inner=0,1 ml=busy
StapelMess ml t=1789644571504 fertig=1789644571820 pcs=[47643326:in]
StapelMess t=1789644571841 strip=0,1 inner=0,1 ml=start
StapelMess t=1789644571875 strip=0,1 inner=0,1 ml=busy
StapelMess t=1789644571913 strip=0,1 inner=0,1 ml=busy
StapelMess t=1789644571942 strip=0,1 inner=0,1 ml=busy
StapelMess t=1789644571974 strip=0,1 inner=0,1 ml=busy
StapelMess t=1789644572014 strip=0,3 inner=0,4 ml=busy
StapelMess t=1789644572042 strip=0,2 inner=0,2 ml=busy
StapelMess t=1789644572073 strip=0,1 inner=0,1 ml=busy
StapelMess t=1789644572108 strip=0,2 inner=0,2 ml=busy
StapelMess t=1789644572144 strip=0,1 inner=0,1 ml=busy
StapelMess ml t=1789644571841 fertig=1789644572163 pcs=[47643326:in]
StapelMess t=1789644572173 strip=0,1 inner=0,1 ml=start
StapelMess t=1789644572207 strip=0,1 inner=0,1 ml=busy
StapelMess t=1789644572241 strip=0,1 inner=0,1 ml=busy
StapelMess t=1789644572278 strip=0,4 inner=0,4 ml=busy
StapelMess t=1789644572308 strip=0,1 inner=0,1 ml=busy
StapelMess t=1789644572341 strip=0,1 inner=0,1 ml=busy
StapelMess t=1789644572377 strip=0,1 inner=0,1 ml=busy
StapelMess t=1789644572407 strip=0,2 inner=0,2 ml=busy
StapelMess t=1789644572442 strip=0,1 inner=0,1 ml=busy
StapelMess t=1789644572473 strip=0,1 inner=0,1 ml=busy
StapelMess ml t=1789644572173 fertig=1789644572487 pcs=[47643326:in]
StapelMess t=1789644572508 strip=0,2 inner=0,2 ml=start
StapelMess t=1789644572545 strip=0,1 inner=0,1 ml=busy
StapelMess t=1789644572579 strip=0,1 inner=0,1 ml=busy
StapelMess t=1789644572609 strip=0,1 inner=0,1 ml=busy
StapelMess t=1789644572643 strip=0,1 inner=0,1 ml=busy
StapelMess t=1789644572673 strip=0,1 inner=0,1 ml=busy
StapelMess t=1789644572706 strip=0,2 inner=0,2 ml=busy
StapelMess t=1789644572742 strip=0,1 inner=0,1 ml=busy
StapelMess t=1789644572774 strip=0,1 inner=0,1 ml=busy
StapelMess t=1789644572811 strip=0,1 inner=0,1 ml=busy
StapelMess ml t=1789644572508 fertig=1789644572828 pcs=[47643326:in]
StapelMess t=1789644572842 strip=0,2 inner=0,2 ml=start
StapelMess t=1789644572875 strip=0,1 inner=0,1 ml=busy
StapelMess t=1789644572907 strip=0,1 inner=0,1 ml=busy
StapelMess t=1789644572944 strip=0,1 inner=0,1 ml=busy
StapelMess t=1789644572977 strip=0,1 inner=0,1 ml=busy
StapelMess t=1789644573010 strip=0,5 inner=0,6 ml=busy
StapelMess t=1789644573042 strip=0,1 inner=0,1 ml=busy
StapelMess t=1789644573074 strip=0,1 inner=0,2 ml=busy
StapelMess t=1789644573107 strip=0,1 inner=0,1 ml=busy
StapelMess t=1789644573139 strip=0,1 inner=0,1 ml=busy
StapelMess ml t=1789644572842 fertig=1789644573175 pcs=[47643326:in]
StapelMess t=1789644573174 strip=0,1 inner=0,1 ml=busy
StapelMess t=1789644573208 strip=0,1 inner=0,1 ml=start
StapelMess t=1789644573242 strip=0,1 inner=0,1 ml=busy
StapelMess t=1789644573280 strip=0,1 inner=0,1 ml=busy
StapelMess t=1789644573309 strip=0,2 inner=0,2 ml=busy
StapelMess t=1789644573340 strip=0,4 inner=0,2 ml=busy
StapelMess t=1789644573374 strip=0,5 inner=0,2 ml=busy
StapelMess t=1789644573412 strip=0,4 inner=0,3 ml=busy
StapelMess t=1789644573440 strip=0,5 inner=0,3 ml=busy
StapelMess t=1789644573472 strip=0,4 inner=0,2 ml=busy
StapelMess ml t=1789644573208 fertig=1789644573506 pcs=[47643326:in]
StapelMess t=1789644573507 strip=65,0 inner=20,0 ml=start
StapelMess t=1789644573541 strip=57,0 inner=21,1 ml=busy
StapelMess t=1789644573573 strip=51,4 inner=24,5 ml=busy
StapelMess t=1789644573608 strip=34,1 inner=22,3 ml=busy
StapelScan t=1789644573637 diff=10,3 pcs=[47643326]
StapelMess ml t=1789644573507 fertig=1789644573637 pcs=[47643326:in]
StapelMess t=1789644573645 strip=16,8 inner=9,6 ml=start
StapelMess t=1789644573678 strip=8,7 inner=5,8 ml=busy
StapelMess t=1789644573710 strip=4,3 inner=4,7 ml=busy
StapelMess t=1789644573741 strip=3,0 inner=2,7 ml=busy
StapelMess t=1789644573774 strip=4,4 inner=3,5 ml=busy
StapelMess t=1789644573812 strip=3,9 inner=2,9 ml=busy
StapelMess t=1789644573839 strip=2,9 inner=2,5 ml=busy
StapelMess t=1789644573872 strip=5,2 inner=4,1 ml=busy
StapelMess t=1789644573905 strip=1,3 inner=1,2 ml=busy
StapelMess t=1789644573940 strip=0,4 inner=0,5 ml=busy
StapelScan t=1789644573949 diff=13,5 pcs=[47643326]
StapelMess ml t=1789644573645 fertig=1789644573949 pcs=[47643326:in]
StapelMess t=1789644573973 strip=1,6 inner=1,6 ml=start
StapelMess t=1789644574005 strip=0,2 inner=0,1 ml=busy
StapelMess t=1789644574038 strip=0,2 inner=0,1 ml=busy
StapelMess t=1789644574074 strip=0,1 inner=0,1 ml=busy
StapelMess t=1789644574105 strip=0,1 inner=0,1 ml=busy
StapelMess t=1789644574139 strip=0,3 inner=0,4 ml=busy
StapelMess t=1789644574170 strip=0,2 inner=0,1 ml=busy
StapelMess t=1789644574204 strip=0,1 inner=0,1 ml=busy
StapelMess t=1789644574239 strip=0,1 inner=0,1 ml=busy
StapelMess t=1789644574271 strip=0,1 inner=0,1 ml=busy
StapelScan t=1789644574285 diff=8,0 pcs=[47643326]
StapelMess ml t=1789644573973 fertig=1789644574285 pcs=[47643326:in]
StapelMess t=1789644574307 strip=0,3 inner=0,4 ml=start
StapelMess t=1789644574350 strip=0,1 inner=0,1 ml=busy
StapelMess t=1789644574377 strip=0,1 inner=0,1 ml=busy
StapelMess t=1789644574409 strip=0,1 inner=0,1 ml=busy
StapelMess t=1789644574439 strip=0,3 inner=0,4 ml=busy
StapelMess t=1789644574473 strip=0,1 inner=0,1 ml=busy
StapelMess t=1789644574507 strip=0,1 inner=0,2 ml=busy
StapelMess t=1789644574539 strip=0,1 inner=0,1 ml=busy
StapelMess t=1789644574573 strip=0,1 inner=0,1 ml=busy
StapelMess t=1789644574606 strip=0,1 inner=0,1 ml=busy
StapelMess ml t=1789644574307 fertig=1789644574622 pcs=[47643326:in]
StapelMess t=1789644574641 strip=0,1 inner=0,1 ml=start
StapelMess t=1789644574675 strip=0,1 inner=0,2 ml=busy
StapelMess t=1789644574705 strip=0,1 inner=0,1 ml=busy
StapelMess t=1789644574737 strip=0,3 inner=0,3 ml=busy
StapelMess t=1789644574771 strip=0,3 inner=0,3 ml=busy
StapelMess t=1789644574807 strip=0,2 inner=0,2 ml=busy
StapelMess t=1789644574846 strip=0,1 inner=0,1 ml=busy
StapelMess t=1789644574876 strip=0,1 inner=0,1 ml=busy
StapelMess t=1789644574911 strip=0,1 inner=0,1 ml=busy
StapelMess t=1789644574940 strip=0,1 inner=0,1 ml=busy
StapelMess ml t=1789644574641 fertig=1789644574968 pcs=[47643326:in]
StapelScan diff=1,3 dauer=649 entscheidung=Meldung
StapelMess t=1789644574971 strip=0,1 inner=0,1 ml=start
StapelMess t=1789644575005 strip=0,1 inner=0,1 ml=busy
StapelMess t=1789644575038 strip=0,3 inner=0,4 ml=busy
StapelMess t=1789644575072 strip=0,1 inner=0,1 ml=busy
StapelMess t=1789644575105 strip=0,1 inner=0,1 ml=busy
StapelMess t=1789644575139 strip=0,1 inner=0,1 ml=busy
StapelMess t=1789644575175 strip=0,2 inner=0,2 ml=busy
StapelMess t=1789644575208 strip=0,1 inner=0,1 ml=busy
StapelMess t=1789644575240 strip=0,1 inner=0,1 ml=busy
StapelMess t=1789644575271 strip=0,1 inner=0,2 ml=busy
StapelMess ml t=1789644574971 fertig=1789644575287 pcs=[47643326:in]
StapelMess t=1789644575306 strip=0,1 inner=0,1 ml=start
StapelMess t=1789644575345 strip=0,1 inner=0,2 ml=busy
StapelMess t=1789644575376 strip=0,6 inner=0,6 ml=busy
StapelMess t=1789644575405 strip=0,1 inner=0,1 ml=busy
StapelMess t=1789644575440 strip=0,2 inner=0,2 ml=busy
StapelMess t=1789644575471 strip=0,1 inner=0,1 ml=busy
StapelMess t=1789644575504 strip=0,1 inner=0,1 ml=busy
StapelMess t=1789644575537 strip=0,2 inner=0,2 ml=busy
StapelMess t=1789644575571 strip=0,1 inner=0,1 ml=busy
StapelMess t=1789644575604 strip=0,2 inner=0,2 ml=busy
StapelMess ml t=1789644575306 fertig=1789644575612 pcs=[47643326:in]
StapelMess t=1789644575639 strip=0,2 inner=0,2 ml=start
StapelMess t=1789644575677 strip=0,1 inner=0,1 ml=busy
StapelMess t=1789644575705 strip=0,4 inner=0,4 ml=busy
StapelMess t=1789644575738 strip=0,1 inner=0,2 ml=busy
StapelMess t=1789644575773 strip=0,1 inner=0,1 ml=busy
StapelMess t=1789644575812 strip=0,1 inner=0,2 ml=busy
StapelMess t=1789644575846 strip=0,1 inner=0,1 ml=busy
StapelMess t=1789644575875 strip=0,3 inner=0,4 ml=busy
StapelMess t=1789644575903 strip=0,1 inner=0,1 ml=busy
StapelMess ml t=1789644575639 fertig=1789644575931 pcs=[47643326:in]
MlScan confirmed card 47643326 t=1789644575932
StapelMess t=1789644575964 strip=0,1 inner=0,1 ml=start
StapelMess t=1789644575977 strip=0,1 inner=0,1 ml=busy
StapelMess t=1789644576004 strip=0,1 inner=0,1 ml=busy
StapelMess t=1789644576049 strip=0,1 inner=0,1 ml=busy
StapelMess t=1789644576090 strip=0,1 inner=0,1 ml=busy
StapelMess t=1789644576117 strip=0,1 inner=0,1 ml=busy
StapelMess t=1789644576138 strip=0,1 inner=0,1 ml=busy
StapelMess t=1789644576172 strip=0,1 inner=0,1 ml=busy
StapelMess t=1789644576204 strip=0,1 inner=0,1 ml=busy
StapelMess t=1789644576243 strip=0,1 inner=0,1 ml=busy
StapelMess t=1789644576274 strip=0,1 inner=0,1 ml=busy
StapelMess ml t=1789644575964 fertig=1789644576296 pcs=[47643326:in]
StapelMess t=1789644576305 strip=0,1 inner=0,1 ml=start
StapelMess t=1789644576337 strip=0,1 inner=0,1 ml=busy
StapelMess t=1789644576370 strip=0,3 inner=0,4 ml=busy
StapelMess t=1789644576408 strip=0,2 inner=0,2 ml=busy
StapelMess t=1789644576445 strip=0,1 inner=0,1 ml=busy
StapelMess t=1789644576471 strip=0,2 inner=0,2 ml=busy
StapelMess t=1789644576515 strip=0,8 inner=0,5 ml=busy
StapelMess t=1789644576543 strip=0,7 inner=0,7 ml=busy
StapelMess t=1789644576570 strip=0,6 inner=0,9 ml=busy
StapelMess t=1789644576602 strip=1,1 inner=0,8 ml=busy
StapelMess t=1789644576636 strip=1,7 inner=0,8 ml=busy
StapelMess ml t=1789644576305 fertig=1789644576661 pcs=[47643326:in]
StapelMess t=1789644576669 strip=0,9 inner=0,5 ml=start
StapelMess t=1789644576706 strip=0,4 inner=0,3 ml=busy
StapelMess t=1789644576753 strip=1,2 inner=1,0 ml=busy
StapelMess t=1789644576783 strip=0,6 inner=0,4 ml=busy
StapelMess t=1789644576808 strip=0,7 inner=0,6 ml=busy
StapelMess t=1789644576839 strip=0,4 inner=0,3 ml=busy
StapelMess t=1789644576870 strip=0,5 inner=0,5 ml=busy
StapelMess t=1789644576906 strip=0,3 inner=0,2 ml=busy
StapelMess t=1789644576935 strip=0,6 inner=0,3 ml=busy
StapelMess t=1789644576972 strip=0,5 inner=0,2 ml=busy
StapelMess t=1789644577005 strip=0,4 inner=0,2 ml=busy
StapelMess t=1789644577039 strip=0,4 inner=0,3 ml=busy
StapelMess ml t=1789644576669 fertig=1789644577077 pcs=[47643326:in]
StapelMess t=1789644577076 strip=0,4 inner=0,3 ml=busy
StapelMess t=1789644577102 strip=0,4 inner=0,3 ml=start
StapelMess t=1789644577137 strip=0,2 inner=0,2 ml=busy
StapelMess t=1789644577175 strip=0,5 inner=0,4 ml=busy
StapelMess t=1789644577211 strip=1,6 inner=1,2 ml=busy
StapelMess t=1789644577243 strip=1,8 inner=1,9 ml=busy
StapelMess t=1789644577295 strip=2,2 inner=2,6 ml=busy
StapelMess t=1789644577318 strip=4,3 inner=3,7 ml=busy
StapelMess t=1789644577345 strip=2,2 inner=6,5 ml=busy
StapelMess t=1789644577371 strip=3,5 inner=8,9 ml=busy
StapelMess t=1789644577404 strip=2,3 inner=9,1 ml=busy
StapelMess t=1789644577442 strip=2,2 inner=7,4 ml=busy
StapelMess t=1789644577469 strip=3,0 inner=5,9 ml=busy
StapelMess ml t=1789644577102 fertig=1789644577499 pcs=[47643326:in]
StapelMess t=1789644577507 strip=9,1 inner=9,2 ml=start
StapelMess t=1789644577547 strip=2,0 inner=10,8 ml=busy
StapelMess t=1789644577623 strip=8,4 inner=12,0 ml=busy
StapelMess t=1789644577650 strip=3,1 inner=8,1 ml=busy
StapelMess t=1789644577684 strip=5,5 inner=6,9 ml=busy
StapelMess t=1789644577689 strip=2,7 inner=6,3 ml=busy
StapelMess t=1789644577710 strip=4,2 inner=11,9 ml=busy
StapelMess t=1789644577736 strip=4,1 inner=13,1 ml=busy
StapelScan t=1789644577756 diff=36,5 pcs=[]
StapelMess ml t=1789644577507 fertig=1789644577756 pcs=[]
StapelMess t=1789644577769 strip=3,6 inner=11,3 ml=start
StapelMess t=1789644577810 strip=1,5 inner=8,0 ml=busy
StapelMess t=1789644577842 strip=1,1 inner=7,0 ml=busy
StapelMess t=1789644577891 strip=1,1 inner=6,6 ml=busy
StapelMess t=1789644577920 strip=3,2 inner=9,9 ml=busy
StapelScan t=1789644577933 diff=23,6 pcs=[]
StapelMess ml t=1789644577769 fertig=1789644577933 pcs=[]
StapelMess t=1789644577936 strip=6,4 inner=12,1 ml=start
StapelMess t=1789644577970 strip=10,9 inner=11,2 ml=busy
StapelMess t=1789644578015 strip=6,9 inner=7,8 ml=busy
StapelMess t=1789644578042 strip=5,8 inner=6,1 ml=busy
StapelMess t=1789644578070 strip=5,3 inner=5,3 ml=busy
StapelMess t=1789644578114 strip=5,3 inner=4,0 ml=busy
StapelMess t=1789644578161 strip=4,0 inner=3,1 ml=busy
StapelMess t=1789644578194 strip=3,6 inner=3,0 ml=busy
StapelMess t=1789644578220 strip=4,8 inner=3,3 ml=busy
StapelMess t=1789644578240 strip=2,3 inner=1,7 ml=busy
StapelScan t=1789644578276 diff=16,8 pcs=[]
StapelMess ml t=1789644577936 fertig=1789644578276 pcs=[]
StapelMess t=1789644578280 strip=2,6 inner=1,4 ml=start
StapelMess t=1789644578309 strip=4,2 inner=2,6 ml=busy
StapelMess t=1789644578346 strip=4,7 inner=3,4 ml=busy
StapelMess t=1789644578375 strip=1,9 inner=2,0 ml=busy
StapelMess t=1789644578420 strip=2,1 inner=1,9 ml=busy
StapelMess t=1789644578451 strip=7,3 inner=4,2 ml=busy
StapelMess t=1789644578470 strip=3,5 inner=3,6 ml=busy
StapelScan t=1789644578488 diff=22,5 pcs=[]
StapelMess ml t=1789644578280 fertig=1789644578488 pcs=[]
StapelMess t=1789644578502 strip=2,9 inner=3,3 ml=start
StapelMess t=1789644578535 strip=7,4 inner=6,5 ml=busy
StapelMess t=1789644578569 strip=3,0 inner=3,7 ml=busy
StapelMess t=1789644578602 strip=5,2 inner=3,2 ml=busy
StapelMess t=1789644578648 strip=5,1 inner=3,9 ml=busy
StapelMess t=1789644578680 strip=12,3 inner=4,9 ml=busy
StapelMess t=1789644578709 strip=9,9 inner=5,9 ml=busy
StapelScan t=1789644578715 diff=12,9 pcs=[]
StapelMess ml t=1789644578502 fertig=1789644578715 pcs=[]
StapelMess t=1789644578735 strip=15,5 inner=6,1 ml=start
StapelMess t=1789644578768 strip=13,6 inner=5,8 ml=busy
StapelMess t=1789644578816 strip=4,9 inner=3,6 ml=busy
StapelMess t=1789644578843 strip=5,3 inner=3,6 ml=busy
StapelMess t=1789644578870 strip=7,1 inner=4,4 ml=busy
StapelScan t=1789644578891 diff=15,5 pcs=[]
StapelMess ml t=1789644578735 fertig=1789644578891 pcs=[]
StapelMess t=1789644578902 strip=9,8 inner=5,8 ml=start
StapelMess t=1789644578937 strip=16,6 inner=8,1 ml=busy
StapelMess t=1789644578966 strip=19,8 inner=9,8 ml=busy
StapelMess t=1789644579005 strip=9,9 inner=8,9 ml=busy
StapelScan t=1789644579023 diff=13,8 pcs=[]
StapelMess ml t=1789644578902 fertig=1789644579023 pcs=[]
StapelMess t=1789644579035 strip=6,6 inner=7,6 ml=start
StapelMess t=1789644579070 strip=5,6 inner=7,6 ml=busy
StapelMess t=1789644579103 strip=7,4 inner=5,4 ml=busy
StapelMess t=1789644579136 strip=7,1 inner=5,5 ml=busy
StapelScan t=1789644579157 diff=16,8 pcs=[]
StapelMess ml t=1789644579035 fertig=1789644579157 pcs=[]
StapelMess t=1789644579168 strip=6,3 inner=6,2 ml=start
StapelMess t=1789644579202 strip=9,1 inner=7,0 ml=busy
StapelMess t=1789644579269 strip=8,7 inner=7,6 ml=busy
StapelMess t=1789644579314 strip=12,4 inner=9,3 ml=busy
StapelMess t=1789644579321 strip=11,8 inner=9,6 ml=busy
StapelMess t=1789644579347 strip=12,1 inner=8,4 ml=busy
StapelMess t=1789644579378 strip=10,5 inner=8,0 ml=busy
StapelScan t=1789644579397 diff=12,3 pcs=[]
StapelMess ml t=1789644579168 fertig=1789644579398 pcs=[]
StapelMess t=1789644579401 strip=14,6 inner=12,7 ml=start
StapelMess t=1789644579435 strip=10,0 inner=10,7 ml=busy
StapelMess t=1789644579468 strip=8,2 inner=7,1 ml=busy
StapelMess t=1789644579507 strip=2,2 inner=7,4 ml=busy
StapelScan t=1789644579528 diff=23,1 pcs=[]
StapelMess ml t=1789644579401 fertig=1789644579528 pcs=[]
StapelMess t=1789644579536 strip=3,7 inner=6,7 ml=start
StapelMess t=1789644579574 strip=5,6 inner=6,4 ml=busy
StapelMess t=1789644579608 strip=6,0 inner=8,7 ml=busy
StapelMess t=1789644579638 strip=10,8 inner=16,9 ml=busy
StapelScan t=1789644579662 diff=16,6 pcs=[]
StapelMess ml t=1789644579536 fertig=1789644579662 pcs=[]
StapelMess t=1789644579668 strip=15,5 inner=29,2 ml=start
StapelMess t=1789644579703 strip=11,7 inner=22,1 ml=busy
StapelMess t=1789644579734 strip=7,6 inner=16,3 ml=busy
StapelMess t=1789644579774 strip=13,1 inner=17,6 ml=busy
StapelMess t=1789644579808 strip=16,3 inner=20,1 ml=busy
StapelMess t=1789644579837 strip=12,4 inner=9,8 ml=busy
StapelScan t=1789644579852 diff=25,7 pcs=[]
StapelMess ml t=1789644579668 fertig=1789644579852 pcs=[]
StapelMess t=1789644579875 strip=3,3 inner=4,5 ml=start
StapelMess t=1789644579902 strip=5,3 inner=5,8 ml=busy
StapelMess t=1789644579936 strip=7,4 inner=5,5 ml=busy
StapelMess t=1789644579975 strip=4,9 inner=2,8 ml=busy
StapelScan t=1789644580000 diff=42,7 pcs=[]
StapelMess ml t=1789644579875 fertig=1789644580000 pcs=[]
StapelMess t=1789644580001 strip=3,7 inner=3,0 ml=start
StapelMess t=1789644580035 strip=3,2 inner=1,6 ml=busy
StapelMess t=1789644580069 strip=1,6 inner=1,1 ml=busy
StapelMess t=1789644580109 strip=4,9 inner=2,2 ml=busy
StapelScan t=1789644580128 diff=12,2 pcs=[]
StapelMess ml t=1789644580001 fertig=1789644580128 pcs=[]
StapelMess t=1789644580140 strip=1,0 inner=0,8 ml=start
StapelMess t=1789644580171 strip=1,7 inner=1,3 ml=busy
StapelMess t=1789644580206 strip=4,0 inner=1,6 ml=busy
StapelMess t=1789644580237 strip=5,2 inner=2,5 ml=busy
StapelMess t=1789644580277 strip=2,6 inner=5,0 ml=busy
StapelScan t=1789644580297 diff=16,8 pcs=[]
StapelMess ml t=1789644580140 fertig=1789644580297 pcs=[]
StapelMess t=1789644580307 strip=6,2 inner=12,3 ml=start
StapelMess t=1789644580336 strip=6,3 inner=10,1 ml=busy
StapelMess t=1789644580369 strip=2,4 inner=8,9 ml=busy
StapelMess t=1789644580406 strip=1,1 inner=13,3 ml=busy
StapelScan t=1789644580429 diff=31,1 pcs=[]
StapelMess ml t=1789644580307 fertig=1789644580429 pcs=[]
StapelMess t=1789644580436 strip=0,9 inner=13,4 ml=start
StapelMess t=1789644580474 strip=0,6 inner=4,9 ml=busy
StapelMess t=1789644580507 strip=5,9 inner=12,7 ml=busy
StapelMess t=1789644580535 strip=5,1 inner=17,4 ml=busy
StapelScan t=1789644580560 diff=15,3 pcs=[]
StapelMess ml t=1789644580436 fertig=1789644580560 pcs=[]
StapelMess t=1789644580568 strip=11,3 inner=22,7 ml=start
StapelMess t=1789644580604 strip=5,8 inner=11,9 ml=busy
StapelMess t=1789644580639 strip=2,2 inner=5,0 ml=busy
StapelMess t=1789644580669 strip=1,5 inner=5,0 ml=busy
StapelMess t=1789644580702 strip=2,3 inner=5,3 ml=busy
StapelMess t=1789644580739 strip=2,4 inner=3,1 ml=busy
StapelScan t=1789644580760 diff=30,1 pcs=[]
StapelMess ml t=1789644580568 fertig=1789644580760 pcs=[]
StapelMess t=1789644580776 strip=3,6 inner=6,4 ml=start
StapelMess t=1789644580802 strip=1,1 inner=1,2 ml=busy
StapelMess t=1789644580834 strip=4,4 inner=8,7 ml=busy
StapelMess t=1789644580869 strip=4,1 inner=7,1 ml=busy
StapelScan t=1789644580904 diff=15,2 pcs=[]
StapelMess ml t=1789644580776 fertig=1789644580904 pcs=[]
StapelMess t=1789644580905 strip=2,3 inner=6,5 ml=start
StapelMess t=1789644580934 strip=5,6 inner=11,9 ml=busy
StapelMess t=1789644580971 strip=6,1 inner=10,3 ml=busy
StapelMess t=1789644581001 strip=3,5 inner=5,9 ml=busy
StapelScan t=1789644581031 diff=16,2 pcs=[]
StapelMess ml t=1789644580905 fertig=1789644581032 pcs=[]
StapelMess t=1789644581036 strip=3,1 inner=2,4 ml=start
StapelMess t=1789644581069 strip=2,1 inner=1,2 ml=busy
StapelMess t=1789644581108 strip=3,4 inner=2,2 ml=busy
StapelMess t=1789644581135 strip=2,6 inner=1,7 ml=busy
StapelMess t=1789644581171 strip=6,7 inner=5,4 ml=busy
StapelMess t=1789644581201 strip=0,3 inner=0,3 ml=busy
StapelScan t=1789644581203 diff=24,1 pcs=[]
StapelMess ml t=1789644581036 fertig=1789644581203 pcs=[]
StapelMess t=1789644581241 strip=0,3 inner=0,4 ml=start
StapelMess t=1789644581273 strip=1,5 inner=1,1 ml=busy
StapelMess t=1789644581303 strip=0,8 inner=0,7 ml=busy
StapelMess t=1789644581333 strip=0,5 inner=0,7 ml=busy
StapelMess t=1789644581369 strip=1,0 inner=0,7 ml=busy
StapelScan t=1789644581372 diff=18,4 pcs=[]
StapelMess ml t=1789644581241 fertig=1789644581372 pcs=[]
StapelMess t=1789644581408 strip=0,8 inner=1,0 ml=start
StapelMess t=1789644581439 strip=0,4 inner=0,4 ml=busy
StapelMess t=1789644581469 strip=0,7 inner=0,7 ml=busy
StapelMess t=1789644581504 strip=0,5 inner=0,4 ml=busy
StapelMess t=1789644581534 strip=0,6 inner=0,9 ml=busy
StapelMess ml t=1789644581408 fertig=1789644581541 pcs=[]
StapelMess t=1789644581568 strip=1,7 inner=1,8 ml=start
StapelMess t=1789644581603 strip=0,2 inner=0,3 ml=busy
StapelMess t=1789644581643 strip=0,2 inner=0,2 ml=busy
StapelMess t=1789644581668 strip=0,2 inner=0,2 ml=busy
StapelMess t=1789644581701 strip=0,4 inner=0,5 ml=busy
StapelMess t=1789644581741 strip=0,3 inner=0,3 ml=busy
StapelMess ml t=1789644581568 fertig=1789644581747 pcs=[]
StapelScan diff=1,8 dauer=3616 entscheidung=Verworfen
StapelMess t=1789644581768 strip=0,1 inner=0,1 ml=start
StapelMess t=1789644581803 strip=0,1 inner=0,1 ml=busy
StapelMess t=1789644581841 strip=0,1 inner=0,1 ml=busy
StapelMess t=1789644581867 strip=0,1 inner=0,1 ml=busy
StapelMess ml t=1789644581768 fertig=1789644581901 pcs=[]
StapelMess t=1789644581908 strip=0,1 inner=0,1 ml=start
StapelMess t=1789644581935 strip=0,1 inner=0,1 ml=busy
StapelMess t=1789644581969 strip=0,1 inner=0,1 ml=busy
StapelMess t=1789644582002 strip=0,1 inner=0,1 ml=busy
StapelMess t=1789644582037 strip=0,2 inner=0,1 ml=busy
StapelMess ml t=1789644581908 fertig=1789644582044 pcs=[]
StapelMess t=1789644582067 strip=0,1 inner=0,1 ml=start
StapelMess t=1789644582101 strip=0,1 inner=0,1 ml=busy
StapelMess t=1789644582134 strip=0,1 inner=0,1 ml=busy
StapelMess t=1789644582170 strip=0,1 inner=0,1 ml=busy
StapelMess t=1789644582203 strip=0,1 inner=0,1 ml=busy
StapelMess t=1789644582240 strip=0,1 inner=0,1 ml=busy
StapelMess ml t=1789644582067 fertig=1789644582266 pcs=[]
StapelMess t=1789644582269 strip=0,5 inner=0,5 ml=start
StapelMess t=1789644582301 strip=0,1 inner=0,1 ml=busy
StapelMess t=1789644582339 strip=0,1 inner=0,1 ml=busy
StapelMess t=1789644582371 strip=0,1 inner=0,1 ml=busy
StapelMess ml t=1789644582269 fertig=1789644582398 pcs=[]
StapelMess t=1789644582400 strip=0,1 inner=0,1 ml=start
StapelMess t=1789644582434 strip=0,1 inner=0,1 ml=busy
StapelMess t=1789644582467 strip=0,1 inner=0,1 ml=busy
StapelMess t=1789644582503 strip=0,1 inner=0,1 ml=busy
StapelMess ml t=1789644582400 fertig=1789644582536 pcs=[]
StapelMess t=1789644582540 strip=0,1 inner=0,1 ml=start
StapelMess t=1789644582560 strip=0,1 inner=0,1 ml=busy
StapelMess t=1789644582603 strip=0,1 inner=0,1 ml=busy
StapelMess t=1789644582639 strip=0,1 inner=0,1 ml=busy
StapelMess t=1789644582667 strip=0,1 inner=0,1 ml=busy
StapelMess t=1789644582703 strip=0,2 inner=0,2 ml=busy
StapelMess ml t=1789644582540 fertig=1789644582728 pcs=[]
StapelMess t=1789644582739 strip=0,1 inner=0,1 ml=start
StapelMess t=1789644582774 strip=0,3 inner=0,3 ml=busy
StapelMess t=1789644582800 strip=0,1 inner=0,1 ml=busy
StapelMess t=1789644582836 strip=0,2 inner=0,2 ml=busy
StapelMess t=1789644582867 strip=0,1 inner=0,1 ml=busy
StapelMess ml t=1789644582739 fertig=1789644582870 pcs=[]
StapelMess t=1789644582902 strip=0,1 inner=0,1 ml=start
StapelMess t=1789644582936 strip=0,1 inner=0,1 ml=busy
StapelMess t=1789644582985 strip=0,1 inner=0,1 ml=busy
StapelMess t=1789644583008 strip=0,1 inner=0,1 ml=busy
StapelMess ml t=1789644582902 fertig=1789644583036 pcs=[]
StapelMess t=1789644583038 strip=0,1 inner=0,1 ml=start
StapelMess t=1789644583068 strip=0,1 inner=0,1 ml=busy
StapelMess t=1789644583100 strip=0,1 inner=0,1 ml=busy
StapelMess t=1789644583129 strip=0,1 inner=0,1 ml=busy
StapelMess t=1789644583168 strip=0,2 inner=0,1 ml=busy
StapelMess t=1789644583199 strip=0,2 inner=0,2 ml=busy
StapelMess ml t=1789644583038 fertig=1789644583215 pcs=[]
StapelMess t=1789644583233 strip=0,2 inner=0,1 ml=start
StapelMess t=1789644583268 strip=0,5 inner=0,3 ml=busy
StapelMess t=1789644583298 strip=0,7 inner=0,3 ml=busy
StapelMess t=1789644583354 strip=0,1 inner=0,1 ml=busy
StapelMess t=1789644583379 strip=0,2 inner=0,1 ml=busy
StapelMess ml t=1789644583233 fertig=1789644583382 pcs=[]
StapelMess t=1789644583408 strip=53,7 inner=13,1 ml=start
StapelMess t=1789644583435 strip=15,2 inner=14,6 ml=busy
StapelMess t=1789644583474 strip=73,4 inner=28,1 ml=busy
StapelMess t=1789644583512 strip=36,3 inner=13,6 ml=busy
StapelMess t=1789644583544 strip=32,6 inner=14,2 ml=busy
StapelScan t=1789644583559 diff=6,7 pcs=[]
StapelMess ml t=1789644583408 fertig=1789644583559 pcs=[]
StapelMess t=1789644583566 strip=25,6 inner=12,6 ml=start
StapelMess t=1789644583601 strip=13,9 inner=10,9 ml=busy
StapelMess t=1789644583633 strip=2,7 inner=2,3 ml=busy
StapelMess t=1789644583674 strip=1,0 inner=0,8 ml=busy
StapelMess t=1789644583702 strip=1,3 inner=1,1 ml=busy
StapelMess t=1789644583739 strip=0,6 inner=0,5 ml=busy
StapelMess t=1789644583770 strip=0,4 inner=0,4 ml=busy
StapelMess t=1789644583809 strip=0,5 inner=0,3 ml=busy
StapelMess t=1789644583833 strip=0,5 inner=0,3 ml=busy
StapelMess t=1789644583867 strip=0,2 inner=0,3 ml=busy
StapelMess t=1789644583899 strip=0,3 inner=0,2 ml=busy
StapelScan t=1789644583916 diff=17,0 pcs=[47643326]
StapelMess ml t=1789644583566 fertig=1789644583917 pcs=[47643326:in]
StapelMess t=1789644583935 strip=0,2 inner=0,2 ml=start
StapelMess t=1789644583974 strip=0,1 inner=0,1 ml=busy
StapelMess t=1789644584001 strip=0,4 inner=0,4 ml=busy
StapelMess t=1789644584039 strip=0,1 inner=0,1 ml=busy
StapelMess t=1789644584068 strip=0,1 inner=0,1 ml=busy
StapelMess t=1789644584102 strip=0,1 inner=0,1 ml=busy
StapelMess t=1789644584133 strip=0,1 inner=0,1 ml=busy
StapelMess t=1789644584168 strip=0,1 inner=0,1 ml=busy
StapelMess t=1789644584200 strip=0,1 inner=0,2 ml=busy
StapelMess t=1789644584234 strip=0,2 inner=0,2 ml=busy
StapelMess t=1789644584269 strip=0,1 inner=0,2 ml=busy
StapelScan t=1789644584276 diff=13,2 pcs=[47643326]
StapelMess ml t=1789644583935 fertig=1789644584276 pcs=[47643326:in]
StapelMess t=1789644584301 strip=0,5 inner=0,6 ml=start
StapelMess t=1789644584341 strip=0,1 inner=0,1 ml=busy
StapelMess t=1789644584366 strip=0,2 inner=0,2 ml=busy
StapelMess t=1789644584401 strip=0,1 inner=0,1 ml=busy
StapelMess t=1789644584436 strip=0,1 inner=0,1 ml=busy
StapelMess t=1789644584466 strip=0,1 inner=0,1 ml=busy
StapelMess t=1789644584500 strip=0,1 inner=0,1 ml=busy
StapelMess t=1789644584535 strip=0,4 inner=0,4 ml=busy
StapelMess t=1789644584568 strip=0,1 inner=0,1 ml=busy
StapelMess t=1789644584605 strip=0,1 inner=0,1 ml=busy
StapelMess t=1789644584635 strip=0,1 inner=0,1 ml=busy
StapelMess ml t=1789644584301 fertig=1789644584654 pcs=[47643326:in]
StapelMess t=1789644584667 strip=0,3 inner=0,4 ml=start
StapelMess t=1789644584699 strip=0,1 inner=0,1 ml=busy
StapelMess t=1789644584737 strip=0,1 inner=0,1 ml=busy
StapelMess t=1789644584771 strip=0,1 inner=0,1 ml=busy
StapelMess t=1789644584800 strip=0,1 inner=0,1 ml=busy
StapelMess t=1789644584832 strip=0,1 inner=0,1 ml=busy
StapelMess t=1789644584870 strip=0,1 inner=0,1 ml=busy
StapelMess t=1789644584900 strip=0,1 inner=0,1 ml=busy
StapelMess t=1789644584933 strip=0,1 inner=0,1 ml=busy
StapelMess t=1789644584965 strip=0,1 inner=0,1 ml=busy
StapelMess t=1789644584998 strip=0,1 inner=0,1 ml=busy
StapelMess ml t=1789644584667 fertig=1789644585032 pcs=[47643326:in]
StapelScan diff=1,3 dauer=717 entscheidung=Meldung
MlScan confirmed card 47643326 t=1789644585033
StapelMess t=1789644585032 strip=0,1 inner=0,1 ml=busy
StapelMess t=1789644585086 strip=0,1 inner=0,1 ml=start
StapelMess t=1789644585109 strip=0,1 inner=0,1 ml=busy
StapelMess t=1789644585134 strip=0,1 inner=0,1 ml=busy
StapelMess t=1789644585179 strip=0,1 inner=0,1 ml=busy
StapelMess t=1789644585208 strip=0,1 inner=0,1 ml=busy
StapelMess t=1789644585237 strip=0,3 inner=0,3 ml=busy
StapelMess t=1789644585265 strip=0,2 inner=0,2 ml=busy
StapelMess t=1789644585306 strip=0,1 inner=0,1 ml=busy
StapelMess t=1789644585333 strip=0,1 inner=0,1 ml=busy
StapelMess t=1789644585364 strip=0,1 inner=0,2 ml=busy
StapelMess t=1789644585405 strip=0,1 inner=0,1 ml=busy
StapelMess t=1789644585432 strip=0,1 inner=0,1 ml=busy
StapelMess ml t=1789644585086 fertig=1789644585467 pcs=[47643326:in]
StapelMess t=1789644585472 strip=0,4 inner=0,4 ml=start
StapelMess t=1789644585499 strip=0,1 inner=0,1 ml=busy
StapelMess t=1789644585534 strip=0,1 inner=0,2 ml=busy
StapelMess t=1789644585565 strip=0,2 inner=0,2 ml=busy
StapelMess t=1789644585600 strip=0,1 inner=0,1 ml=busy
StapelMess ml t=1789644585472 fertig=1789644585607 pcs=[]
StapelMess t=1789644585631 strip=0,1 inner=0,1 ml=start
StapelMess t=1789644585666 strip=0,1 inner=0,1 ml=busy
StapelMess t=1789644585712 strip=0,1 inner=0,1 ml=busy
StapelMess t=1789644585741 strip=0,1 inner=0,1 ml=busy
StapelMess t=1789644585768 strip=0,2 inner=0,2 ml=busy
StapelMess t=1789644585805 strip=0,1 inner=0,1 ml=busy
StapelMess t=1789644585833 strip=0,1 inner=0,1 ml=busy
StapelMess t=1789644585871 strip=0,1 inner=0,1 ml=busy
StapelMess t=1789644585903 strip=0,1 inner=0,1 ml=busy
StapelMess t=1789644585932 strip=0,1 inner=0,1 ml=busy
StapelMess t=1789644585964 strip=0,1 inner=0,1 ml=busy
StapelMess ml t=1789644585631 fertig=1789644585984 pcs=[47643326:in]
StapelMess t=1789644586000 strip=0,1 inner=0,1 ml=start
StapelMess t=1789644586033 strip=0,1 inner=0,1 ml=busy
StapelMess t=1789644586068 strip=0,1 inner=0,1 ml=busy
StapelMess t=1789644586100 strip=0,1 inner=0,1 ml=busy
StapelMess t=1789644586132 strip=0,1 inner=0,1 ml=busy
StapelMess t=1789644586167 strip=0,1 inner=0,2 ml=busy
StapelMess t=1789644586199 strip=0,1 inner=0,1 ml=busy
StapelMess t=1789644586234 strip=0,1 inner=0,1 ml=busy
StapelMess t=1789644586273 strip=0,3 inner=0,1 ml=busy
StapelMess t=1789644586300 strip=0,3 inner=0,2 ml=busy
StapelMess t=1789644586337 strip=0,6 inner=0,5 ml=busy
StapelMess ml t=1789644586000 fertig=1789644586365 pcs=[47643326:in]
StapelMess t=1789644586376 strip=0,5 inner=0,3 ml=start
StapelMess t=1789644586397 strip=0,4 inner=0,3 ml=busy
StapelMess t=1789644586431 strip=0,3 inner=0,1 ml=busy
StapelMess t=1789644586465 strip=0,3 inner=0,3 ml=busy
StapelMess t=1789644586498 strip=19,9 inner=4,4 ml=busy
StapelMess t=1789644586531 strip=42,7 inner=19,9 ml=busy
StapelMess t=1789644586565 strip=95,1 inner=31,9 ml=busy
StapelMess t=1789644586601 strip=37,3 inner=21,8 ml=busy
StapelMess t=1789644586632 strip=23,8 inner=13,2 ml=busy
StapelMess t=1789644586666 strip=14,5 inner=8,9 ml=busy
StapelMess t=1789644586704 strip=4,6 inner=4,6 ml=busy
StapelMess ml t=1789644586376 fertig=1789644586732 pcs=[47643326:in]
StapelMess t=1789644586731 strip=1,5 inner=2,9 ml=busy
StapelMess t=1789644586768 strip=1,5 inner=1,2 ml=start
StapelMess t=1789644586804 strip=0,1 inner=0,1 ml=busy
StapelMess t=1789644586833 strip=0,1 inner=0,2 ml=busy
StapelMess t=1789644586866 strip=0,3 inner=0,2 ml=busy
StapelMess t=1789644586900 strip=0,1 inner=0,1 ml=busy
StapelMess t=1789644586936 strip=0,1 inner=0,1 ml=busy
StapelMess t=1789644586974 strip=0,3 inner=0,4 ml=busy
StapelMess t=1789644587003 strip=0,2 inner=0,2 ml=busy
StapelMess t=1789644587036 strip=0,3 inner=0,3 ml=busy
StapelMess t=1789644587063 strip=0,1 inner=0,2 ml=busy
StapelMess t=1789644587098 strip=0,1 inner=0,1 ml=busy
StapelScan t=1789644587127 diff=8,8 pcs=[47643326]
StapelMess ml t=1789644586768 fertig=1789644587128 pcs=[47643326:in]
StapelMess t=1789644587139 strip=0,1 inner=0,1 ml=start
StapelMess t=1789644587170 strip=0,1 inner=0,1 ml=busy
StapelMess t=1789644587199 strip=0,1 inner=0,1 ml=busy
StapelMess t=1789644587239 strip=0,1 inner=0,1 ml=busy
StapelMess t=1789644587270 strip=0,1 inner=0,1 ml=busy
StapelMess t=1789644587297 strip=0,1 inner=0,1 ml=busy
StapelMess t=1789644587333 strip=0,1 inner=0,1 ml=busy
StapelMess t=1789644587365 strip=0,1 inner=0,1 ml=busy
StapelMess t=1789644587397 strip=0,1 inner=0,1 ml=busy
StapelMess t=1789644587432 strip=0,1 inner=0,1 ml=busy
StapelMess t=1789644587465 strip=0,1 inner=0,1 ml=busy
StapelMess ml t=1789644587139 fertig=1789644587492 pcs=[47643326:in]
StapelMess t=1789644587498 strip=0,1 inner=0,1 ml=start
StapelMess t=1789644587530 strip=0,1 inner=0,1 ml=busy
StapelMess t=1789644587564 strip=0,1 inner=0,1 ml=busy
StapelMess t=1789644587601 strip=0,1 inner=0,1 ml=busy
StapelMess t=1789644587641 strip=0,1 inner=0,1 ml=busy
StapelMess t=1789644587669 strip=0,1 inner=0,1 ml=busy
StapelMess t=1789644587697 strip=0,1 inner=0,1 ml=busy
StapelMess t=1789644587732 strip=0,1 inner=0,1 ml=busy
StapelMess t=1789644587765 strip=0,1 inner=0,1 ml=busy
StapelMess t=1789644587799 strip=0,1 inner=0,1 ml=busy
StapelMess t=1789644587832 strip=0,1 inner=0,1 ml=busy
StapelMess ml t=1789644587498 fertig=1789644587854 pcs=[47643326:in]
StapelScan diff=1,2 dauer=0 entscheidung=Verworfen
StapelMess t=1789644587864 strip=0,1 inner=0,1 ml=start
StapelMess t=1789644587903 strip=0,1 inner=0,1 ml=busy
StapelMess t=1789644587937 strip=0,1 inner=0,1 ml=busy
StapelMess t=1789644587971 strip=0,1 inner=0,1 ml=busy
StapelMess t=1789644587998 strip=0,1 inner=0,1 ml=busy
StapelMess t=1789644588038 strip=0,1 inner=0,1 ml=busy
StapelMess t=1789644588071 strip=0,1 inner=0,2 ml=busy
StapelMess t=1789644588097 strip=0,3 inner=0,3 ml=busy
StapelMess t=1789644588131 strip=0,1 inner=0,2 ml=busy
StapelMess t=1789644588167 strip=0,1 inner=0,1 ml=busy
StapelMess t=1789644588199 strip=0,2 inner=0,2 ml=busy
StapelMess ml t=1789644587864 fertig=1789644588227 pcs=[47643326:in]
StapelMess t=1789644588232 strip=0,1 inner=0,1 ml=start
StapelMess t=1789644588280 strip=0,1 inner=0,1 ml=busy
StapelMess t=1789644588305 strip=0,1 inner=0,2 ml=busy
StapelMess t=1789644588330 strip=0,3 inner=0,4 ml=busy
StapelMess t=1789644588363 strip=0,1 inner=0,1 ml=busy
StapelMess t=1789644588398 strip=0,1 inner=0,1 ml=busy
StapelMess t=1789644588430 strip=0,1 inner=0,1 ml=busy
StapelMess t=1789644588463 strip=0,1 inner=0,1 ml=busy
StapelMess t=1789644588501 strip=0,1 inner=0,1 ml=busy
StapelMess t=1789644588535 strip=0,1 inner=0,1 ml=busy
StapelMess t=1789644588564 strip=0,1 inner=0,1 ml=busy
StapelMess ml t=1789644588232 fertig=1789644588593 pcs=[47643326:in]
StapelMess t=1789644588597 strip=0,2 inner=0,2 ml=start
StapelMess t=1789644588632 strip=0,1 inner=0,2 ml=busy
StapelMess t=1789644588662 strip=0,1 inner=0,1 ml=busy
StapelMess t=1789644588699 strip=0,4 inner=0,4 ml=busy
StapelMess t=1789644588736 strip=0,1 inner=0,1 ml=busy
StapelMess t=1789644588763 strip=0,1 inner=0,2 ml=busy
StapelMess t=1789644588797 strip=0,1 inner=0,2 ml=busy
StapelMess t=1789644588837 strip=0,1 inner=0,1 ml=busy
StapelMess t=1789644588864 strip=0,1 inner=0,1 ml=busy
StapelMess t=1789644588904 strip=0,2 inner=0,2 ml=busy
StapelMess t=1789644588933 strip=0,3 inner=0,2 ml=busy
StapelMess ml t=1789644588597 fertig=1789644588946 pcs=[47643326:in]
StapelMess t=1789644588965 strip=0,1 inner=0,1 ml=start
StapelMess t=1789644589001 strip=0,1 inner=0,1 ml=busy
StapelMess t=1789644589034 strip=0,1 inner=0,2 ml=busy
StapelMess t=1789644589064 strip=0,1 inner=0,2 ml=busy
StapelMess t=1789644589096 strip=0,3 inner=0,4 ml=busy
StapelMess t=1789644589130 strip=0,1 inner=0,1 ml=busy
StapelMess t=1789644589162 strip=0,1 inner=0,1 ml=busy
StapelMess t=1789644589195 strip=0,1 inner=0,1 ml=busy
StapelMess t=1789644589241 strip=0,1 inner=0,1 ml=busy
StapelMess t=1789644589261 strip=0,1 inner=0,1 ml=busy
StapelMess t=1789644589301 strip=0,1 inner=0,1 ml=busy
StapelMess ml t=1789644588965 fertig=1789644589328 pcs=[47643326:in]
StapelMess t=1789644589328 strip=0,1 inner=0,1 ml=start
StapelMess t=1789644589363 strip=0,1 inner=0,1 ml=busy
StapelMess t=1789644589401 strip=0,1 inner=0,1 ml=busy
StapelMess t=1789644589430 strip=0,1 inner=0,1 ml=busy
StapelMess t=1789644589462 strip=0,1 inner=0,1 ml=busy
StapelMess ml t=1789644589328 fertig=1789644589469 pcs=[]
StapelMess t=1789644589497 strip=0,1 inner=0,1 ml=start
StapelMess t=1789644589540 strip=0,1 inner=0,1 ml=busy
StapelMess t=1789644589567 strip=0,1 inner=0,1 ml=busy
StapelMess t=1789644589595 strip=0,1 inner=0,1 ml=busy
StapelMess t=1789644589630 strip=0,1 inner=0,1 ml=busy
StapelMess ml t=1789644589497 fertig=1789644589643 pcs=[]
StapelMess t=1789644589663 strip=0,1 inner=0,1 ml=start
StapelMess t=1789644589697 strip=0,3 inner=0,4 ml=busy
StapelMess t=1789644589735 strip=0,1 inner=0,1 ml=busy
StapelMess t=1789644589766 strip=0,4 inner=0,4 ml=busy
StapelMess t=1789644589802 strip=0,2 inner=0,2 ml=busy
StapelMess t=1789644589831 strip=0,2 inner=0,2 ml=busy
StapelMess t=1789644589870 strip=0,1 inner=0,1 ml=busy
StapelMess t=1789644589900 strip=0,1 inner=0,1 ml=busy
StapelMess t=1789644589927 strip=0,1 inner=0,2 ml=busy
StapelMess t=1789644589963 strip=0,1 inner=0,1 ml=busy
StapelMess t=1789644589998 strip=0,1 inner=0,1 ml=busy
StapelMess ml t=1789644589663 fertig=1789644590018 pcs=[47643326:in]
StapelMess t=1789644590031 strip=0,1 inner=0,1 ml=start
StapelMess t=1789644590065 strip=0,1 inner=0,1 ml=busy
StapelMess t=1789644590103 strip=0,1 inner=0,1 ml=busy
StapelMess t=1789644590134 strip=0,1 inner=0,1 ml=busy
StapelMess t=1789644590167 strip=0,1 inner=0,1 ml=busy
StapelMess t=1789644590203 strip=0,1 inner=0,1 ml=busy
StapelMess t=1789644590229 strip=0,1 inner=0,1 ml=busy
StapelMess t=1789644590264 strip=0,1 inner=0,1 ml=busy
StapelMess t=1789644590298 strip=0,1 inner=0,1 ml=busy
StapelMess t=1789644590331 strip=0,1 inner=0,1 ml=busy
StapelMess t=1789644590364 strip=0,1 inner=0,1 ml=busy
StapelMess t=1789644590394 strip=0,1 inner=0,1 ml=busy
StapelMess ml t=1789644590031 fertig=1789644590404 pcs=[47643326:in]
StapelMess t=1789644590429 strip=0,1 inner=0,1 ml=start
StapelMess t=1789644590464 strip=0,1 inner=0,1 ml=busy
StapelMess t=1789644590510 strip=0,1 inner=0,1 ml=busy
StapelMess t=1789644590535 strip=0,1 inner=0,2 ml=busy
StapelMess t=1789644590563 strip=0,1 inner=0,1 ml=busy
StapelMess t=1789644590596 strip=0,1 inner=0,1 ml=busy
StapelMess t=1789644590631 strip=0,1 inner=0,1 ml=busy
StapelMess t=1789644590662 strip=0,1 inner=0,1 ml=busy
StapelMess t=1789644590697 strip=0,1 inner=0,1 ml=busy
StapelMess t=1789644590733 strip=0,1 inner=0,1 ml=busy
StapelMess t=1789644590762 strip=0,1 inner=0,1 ml=busy
StapelMess ml t=1789644590429 fertig=1789644590789 pcs=[47643326:in]
StapelMess t=1789644590798 strip=0,1 inner=0,1 ml=start
StapelMess t=1789644590849 strip=0,1 inner=0,1 ml=busy
StapelMess t=1789644590868 strip=0,1 inner=0,1 ml=busy
StapelMess t=1789644590894 strip=0,1 inner=0,1 ml=busy
StapelMess t=1789644590929 strip=0,1 inner=0,1 ml=busy
StapelMess t=1789644590962 strip=0,1 inner=0,1 ml=busy
StapelMess t=1789644590995 strip=0,1 inner=0,1 ml=busy
StapelMess t=1789644591030 strip=0,1 inner=0,2 ml=busy
StapelMess t=1789644591063 strip=0,1 inner=0,1 ml=busy
StapelMess t=1789644591096 strip=0,1 inner=0,1 ml=busy
StapelMess t=1789644591145 strip=0,1 inner=0,1 ml=busy
StapelMess t=1789644591170 strip=0,2 inner=0,2 ml=busy
StapelMess ml t=1789644590798 fertig=1789644591177 pcs=[47643326:in]
StapelMess t=1789644591199 strip=0,1 inner=0,1 ml=start
StapelMess t=1789644591228 strip=0,5 inner=0,6 ml=busy
StapelMess t=1789644591262 strip=0,1 inner=0,2 ml=busy
StapelMess t=1789644591296 strip=0,1 inner=0,1 ml=busy
StapelMess t=1789644591328 strip=0,1 inner=0,1 ml=busy
StapelMess t=1789644591362 strip=0,1 inner=0,1 ml=busy
StapelMess t=1789644591396 strip=0,1 inner=0,1 ml=busy
StapelMess t=1789644591437 strip=0,4 inner=0,5 ml=busy
StapelMess t=1789644591478 strip=0,2 inner=0,2 ml=busy
StapelMess t=1789644591506 strip=0,2 inner=0,3 ml=busy
StapelMess t=1789644591531 strip=0,2 inner=0,2 ml=busy
StapelMess ml t=1789644591199 fertig=1789644591555 pcs=[47643326:in]
StapelMess t=1789644591562 strip=0,1 inner=0,1 ml=start
StapelMess t=1789644591594 strip=0,1 inner=0,1 ml=busy
StapelMess t=1789644591631 strip=0,1 inner=0,1 ml=busy
StapelMess t=1789644591662 strip=0,1 inner=0,1 ml=busy
StapelMess t=1789644591698 strip=0,1 inner=0,1 ml=busy
StapelMess t=1789644591727 strip=0,1 inner=0,1 ml=busy
StapelMess t=1789644591764 strip=0,1 inner=0,1 ml=busy
StapelMess t=1789644591795 strip=0,1 inner=0,1 ml=busy
StapelMess t=1789644591829 strip=0,1 inner=0,1 ml=busy
StapelMess t=1789644591860 strip=0,1 inner=0,1 ml=busy
StapelMess ml t=1789644591562 fertig=1789644591897 pcs=[47643326:in]
StapelMess t=1789644591897 strip=0,2 inner=0,2 ml=start
StapelMess t=1789644591930 strip=0,5 inner=0,5 ml=busy
StapelMess t=1789644591965 strip=0,1 inner=0,1 ml=busy
StapelMess t=1789644591998 strip=0,1 inner=0,1 ml=busy
StapelMess t=1789644592031 strip=0,3 inner=0,3 ml=busy
StapelMess t=1789644592062 strip=0,2 inner=0,2 ml=busy
StapelMess t=1789644592113 strip=0,1 inner=0,1 ml=busy
StapelMess t=1789644592147 strip=0,1 inner=0,1 ml=busy
StapelMess t=1789644592161 strip=0,1 inner=0,1 ml=busy
StapelMess t=1789644592195 strip=0,1 inner=0,1 ml=busy
StapelMess t=1789644592230 strip=0,1 inner=0,1 ml=busy
StapelMess ml t=1789644591897 fertig=1789644592260 pcs=[47643326:in]
StapelMess t=1789644592260 strip=0,1 inner=0,1 ml=start
StapelMess t=1789644592294 strip=0,1 inner=0,1 ml=busy
StapelMess t=1789644592334 strip=0,1 inner=0,1 ml=busy
StapelMess t=1789644592363 strip=0,1 inner=0,1 ml=busy
StapelMess t=1789644592394 strip=0,1 inner=0,1 ml=busy
StapelMess t=1789644592428 strip=0,1 inner=0,1 ml=busy
StapelMess t=1789644592467 strip=0,1 inner=0,1 ml=busy
StapelMess t=1789644592495 strip=0,2 inner=0,2 ml=busy
StapelMess t=1789644592527 strip=0,2 inner=0,3 ml=busy
StapelMess t=1789644592561 strip=0,1 inner=0,1 ml=busy
StapelMess t=1789644592594 strip=0,1 inner=0,1 ml=busy
StapelMess ml t=1789644592260 fertig=1789644592598 pcs=[47643326:in]
StapelMess t=1789644592630 strip=0,1 inner=0,1 ml=start
StapelMess t=1789644592663 strip=0,1 inner=0,1 ml=busy
StapelMess t=1789644592697 strip=0,3 inner=0,4 ml=busy
StapelMess t=1789644592753 strip=0,1 inner=0,1 ml=busy
StapelMess t=1789644592778 strip=0,3 inner=0,4 ml=busy
StapelMess t=1789644592803 strip=0,1 inner=0,1 ml=busy
StapelMess t=1789644592827 strip=0,2 inner=0,2 ml=busy
StapelMess t=1789644592861 strip=0,1 inner=0,1 ml=busy
StapelMess t=1789644592893 strip=0,1 inner=0,2 ml=busy
StapelMess t=1789644592926 strip=0,3 inner=0,3 ml=busy
StapelMess t=1789644592960 strip=0,1 inner=0,1 ml=busy
StapelMess ml t=1789644592630 fertig=1789644592994 pcs=[47643326:in]
StapelMess t=1789644592993 strip=0,1 inner=0,1 ml=start
StapelMess t=1789644593034 strip=0,1 inner=0,1 ml=busy
StapelMess t=1789644593073 strip=0,1 inner=0,1 ml=busy
StapelMess t=1789644593103 strip=0,2 inner=0,2 ml=busy
StapelMess t=1789644593133 strip=0,6 inner=0,6 ml=busy
StapelMess t=1789644593162 strip=0,2 inner=0,3 ml=busy
StapelMess t=1789644593194 strip=0,1 inner=0,1 ml=busy
StapelMess t=1789644593234 strip=0,1 inner=0,2 ml=busy
StapelMess t=1789644593261 strip=0,1 inner=0,1 ml=busy
StapelMess t=1789644593297 strip=0,3 inner=0,4 ml=busy
StapelMess t=1789644593329 strip=0,1 inner=0,1 ml=busy
StapelMess ml t=1789644592993 fertig=1789644593350 pcs=[47643326:in]
StapelMess t=1789644593359 strip=0,1 inner=0,1 ml=start
StapelMess t=1789644593403 strip=0,1 inner=0,2 ml=busy
StapelMess t=1789644593429 strip=0,2 inner=0,2 ml=busy
StapelMess t=1789644593466 strip=0,1 inner=0,1 ml=busy
StapelMess t=1789644593495 strip=0,3 inner=0,3 ml=busy
StapelMess t=1789644593527 strip=0,1 inner=0,1 ml=busy
StapelMess t=1789644593561 strip=0,1 inner=0,1 ml=busy
StapelMess t=1789644593594 strip=0,1 inner=0,1 ml=busy
StapelMess t=1789644593628 strip=0,1 inner=0,1 ml=busy
StapelMess t=1789644593668 strip=0,1 inner=0,1 ml=busy
StapelMess t=1789644593709 strip=0,1 inner=0,1 ml=busy
StapelMess t=1789644593737 strip=0,1 inner=0,1 ml=busy
StapelMess ml t=1789644593359 fertig=1789644593741 pcs=[47643326:in]
StapelMess t=1789644593762 strip=0,1 inner=0,1 ml=start
StapelMess t=1789644593794 strip=0,1 inner=0,1 ml=busy
StapelMess t=1789644593831 strip=0,1 inner=0,1 ml=busy
StapelMess t=1789644593861 strip=0,1 inner=0,1 ml=busy
StapelMess t=1789644593894 strip=0,1 inner=0,1 ml=busy
StapelMess t=1789644593930 strip=0,1 inner=0,1 ml=busy
StapelMess t=1789644593961 strip=0,3 inner=0,4 ml=busy
StapelMess t=1789644593995 strip=0,1 inner=0,1 ml=busy
StapelMess t=1789644594028 strip=0,1 inner=0,1 ml=busy
StapelMess t=1789644594060 strip=0,1 inner=0,1 ml=busy
StapelMess t=1789644594093 strip=0,1 inner=0,1 ml=busy
StapelMess ml t=1789644593762 fertig=1789644594095 pcs=[47643326:in]
StapelMess t=1789644594132 strip=0,1 inner=0,1 ml=start
StapelMess t=1789644594167 strip=0,4 inner=0,4 ml=busy
StapelMess t=1789644594193 strip=0,1 inner=0,1 ml=busy
StapelMess t=1789644594234 strip=0,1 inner=0,1 ml=busy
StapelMess t=1789644594262 strip=0,1 inner=0,1 ml=busy
StapelMess t=1789644594300 strip=0,1 inner=0,1 ml=busy
StapelMess t=1789644594328 strip=0,1 inner=0,2 ml=busy
StapelMess t=1789644594365 strip=0,1 inner=0,1 ml=busy
StapelMess t=1789644594396 strip=0,1 inner=0,1 ml=busy
StapelMess t=1789644594427 strip=0,1 inner=0,1 ml=busy
StapelMess t=1789644594459 strip=0,1 inner=0,1 ml=busy
StapelMess ml t=1789644594132 fertig=1789644594476 pcs=[47643326:in]
StapelMess t=1789644594493 strip=0,1 inner=0,2 ml=start
StapelMess t=1789644594533 strip=0,1 inner=0,1 ml=busy
StapelMess t=1789644594560 strip=0,1 inner=0,1 ml=busy
StapelMess t=1789644594597 strip=0,1 inner=0,1 ml=busy
StapelMess t=1789644594627 strip=0,1 inner=0,1 ml=busy
StapelMess t=1789644594659 strip=0,1 inner=0,1 ml=busy
StapelMess t=1789644594696 strip=0,1 inner=0,1 ml=busy
StapelMess t=1789644594730 strip=0,1 inner=0,1 ml=busy
StapelMess t=1789644594759 strip=0,1 inner=0,1 ml=busy
StapelMess t=1789644594798 strip=0,1 inner=0,1 ml=busy
StapelMess t=1789644594836 strip=0,1 inner=0,1 ml=busy
StapelMess t=1789644594861 strip=0,1 inner=0,1 ml=busy
StapelMess ml t=1789644594493 fertig=1789644594892 pcs=[47643326:in]
StapelMess t=1789644594892 strip=0,5 inner=0,6 ml=start
StapelMess t=1789644594925 strip=0,1 inner=0,2 ml=busy
StapelMess t=1789644594960 strip=0,1 inner=0,1 ml=busy
StapelMess t=1789644594993 strip=0,1 inner=0,1 ml=busy
StapelMess t=1789644595028 strip=0,1 inner=0,1 ml=busy
StapelMess t=1789644595059 strip=0,1 inner=0,1 ml=busy
StapelMess t=1789644595093 strip=0,1 inner=0,1 ml=busy
StapelMess t=1789644595126 strip=0,1 inner=0,2 ml=busy
StapelMess t=1789644595159 strip=0,1 inner=0,1 ml=busy
StapelMess t=1789644595193 strip=0,2 inner=0,2 ml=busy
StapelMess ml t=1789644594892 fertig=1789644595226 pcs=[47643326:in]
StapelMess t=1789644595227 strip=0,9 inner=0,3 ml=start
StapelMess t=1789644595259 strip=0,8 inner=0,3 ml=busy
StapelMess t=1789644595315 strip=0,4 inner=0,4 ml=busy
StapelMess t=1789644595342 strip=0,4 inner=0,2 ml=busy
StapelMess t=1789644595365 strip=0,1 inner=0,1 ml=busy
StapelMess t=1789644595394 strip=0,3 inner=0,1 ml=busy
StapelMess t=1789644595425 strip=0,1 inner=0,1 ml=busy
StapelMess t=1789644595459 strip=0,2 inner=0,1 ml=busy
StapelMess t=1789644595494 strip=0,5 inner=0,2 ml=busy
StapelMess t=1789644595531 strip=0,2 inner=0,2 ml=busy
StapelMess t=1789644595564 strip=0,4 inner=0,3 ml=busy
StapelMess ml t=1789644595227 fertig=1789644595590 pcs=[47643326:in]
StapelMess t=1789644595593 strip=0,1 inner=0,1 ml=start
StapelMess t=1789644595636 strip=0,2 inner=0,1 ml=busy
StapelMess t=1789644595662 strip=0,4 inner=0,2 ml=busy
StapelMess t=1789644595693 strip=0,6 inner=0,5 ml=busy
StapelMess t=1789644595733 strip=0,4 inner=0,4 ml=busy
StapelMess t=1789644595759 strip=0,5 inner=0,2 ml=busy
StapelMess t=1789644595792 strip=0,5 inner=0,5 ml=busy
StapelMess t=1789644595826 strip=61,8 inner=16,6 ml=busy
StapelMess t=1789644595858 strip=19,9 inner=15,5 ml=busy
StapelMess t=1789644595893 strip=72,3 inner=27,8 ml=busy
StapelMess t=1789644595932 strip=32,6 inner=19,2 ml=busy
StapelMess ml t=1789644595593 fertig=1789644595962 pcs=[47643326:in]
StapelMess t=1789644595969 strip=28,2 inner=13,8 ml=start
StapelMess t=1789644595994 strip=8,0 inner=6,0 ml=busy
StapelMess t=1789644596025 strip=3,7 inner=2,6 ml=busy
StapelMess t=1789644596059 strip=4,0 inner=3,2 ml=busy
StapelMess t=1789644596094 strip=1,0 inner=1,3 ml=busy
StapelMess t=1789644596131 strip=1,0 inner=0,9 ml=busy
StapelMess t=1789644596159 strip=0,4 inner=1,0 ml=busy
StapelMess t=1789644596195 strip=1,2 inner=0,9 ml=busy
StapelMess t=1789644596224 strip=0,2 inner=0,3 ml=busy
StapelMess t=1789644596271 strip=0,1 inner=0,1 ml=busy
StapelMess t=1789644596296 strip=0,1 inner=0,1 ml=busy
StapelScan t=1789644596324 diff=5,2 pcs=[47643326]
StapelMess ml t=1789644595969 fertig=1789644596324 pcs=[47643326:in]
StapelMess t=1789644596324 strip=0,1 inner=0,1 ml=start
StapelMess t=1789644596361 strip=0,1 inner=0,1 ml=busy
StapelMess t=1789644596401 strip=0,1 inner=0,1 ml=busy
StapelMess t=1789644596428 strip=0,1 inner=0,1 ml=busy
StapelMess t=1789644596459 strip=0,1 inner=0,1 ml=busy
StapelMess t=1789644596493 strip=0,1 inner=0,1 ml=busy
StapelMess t=1789644596530 strip=0,1 inner=0,1 ml=busy
StapelMess t=1789644596558 strip=0,1 inner=0,1 ml=busy
StapelMess t=1789644596611 strip=0,1 inner=0,1 ml=busy
StapelMess t=1789644596629 strip=0,1 inner=0,1 ml=busy
StapelMess t=1789644596658 strip=0,1 inner=0,1 ml=busy
StapelScan t=1789644596680 diff=5,7 pcs=[47643326]
StapelMess ml t=1789644596324 fertig=1789644596681 pcs=[47643326:in]
StapelMess t=1789644596692 strip=0,1 inner=0,1 ml=start
StapelMess t=1789644596725 strip=0,1 inner=0,1 ml=busy
StapelMess t=1789644596757 strip=0,1 inner=0,1 ml=busy
StapelMess t=1789644596790 strip=0,1 inner=0,1 ml=busy
StapelMess t=1789644596831 strip=0,1 inner=0,1 ml=busy
StapelMess t=1789644596863 strip=0,1 inner=0,1 ml=busy
StapelMess t=1789644596892 strip=0,1 inner=0,1 ml=busy
StapelMess t=1789644596923 strip=0,1 inner=0,1 ml=busy
StapelMess t=1789644596959 strip=0,1 inner=0,1 ml=busy
StapelMess t=1789644596991 strip=0,1 inner=0,1 ml=busy
StapelMess t=1789644597031 strip=0,1 inner=0,1 ml=busy
StapelMess ml t=1789644596692 fertig=1789644597041 pcs=[47643326:in]
StapelMess t=1789644597063 strip=0,1 inner=0,1 ml=start
StapelMess t=1789644597091 strip=0,1 inner=0,1 ml=busy
StapelMess t=1789644597123 strip=0,1 inner=0,1 ml=busy
StapelMess t=1789644597162 strip=0,1 inner=0,1 ml=busy
StapelMess t=1789644597191 strip=0,1 inner=0,2 ml=busy
StapelMess t=1789644597227 strip=0,3 inner=0,3 ml=busy
StapelMess t=1789644597262 strip=0,2 inner=0,2 ml=busy
StapelMess t=1789644597291 strip=0,1 inner=0,1 ml=busy
StapelMess t=1789644597331 strip=0,1 inner=0,1 ml=busy
StapelMess t=1789644597358 strip=0,1 inner=0,1 ml=busy
StapelMess ml t=1789644597063 fertig=1789644597386 pcs=[47643326:in]
StapelScan diff=1,3 dauer=357 entscheidung=Verworfen
StapelMess t=1789644597392 strip=0,3 inner=0,4 ml=start
StapelMess t=1789644597431 strip=0,2 inner=0,2 ml=busy
StapelMess t=1789644597457 strip=0,1 inner=0,1 ml=busy
StapelMess t=1789644597492 strip=0,1 inner=0,2 ml=busy
StapelMess t=1789644597526 strip=0,4 inner=0,4 ml=busy
StapelMess t=1789644597562 strip=0,1 inner=0,1 ml=busy
StapelMess t=1789644597589 strip=0,1 inner=0,2 ml=busy
StapelMess t=1789644597623 strip=0,2 inner=0,2 ml=busy
StapelMess t=1789644597658 strip=0,1 inner=0,1 ml=busy
StapelMess t=1789644597691 strip=0,2 inner=0,2 ml=busy
StapelMess t=1789644597725 strip=0,2 inner=0,2 ml=busy
StapelMess ml t=1789644597392 fertig=1789644597742 pcs=[47643326:in]
StapelMess t=1789644597758 strip=0,1 inner=0,1 ml=start
StapelMess t=1789644597797 strip=0,1 inner=0,2 ml=busy
StapelMess t=1789644597829 strip=0,1 inner=0,1 ml=busy
StapelMess t=1789644597857 strip=0,2 inner=0,2 ml=busy
StapelMess t=1789644597895 strip=0,3 inner=0,4 ml=busy
StapelMess t=1789644597927 strip=0,1 inner=0,1 ml=busy
StapelMess t=1789644597958 strip=0,1 inner=0,1 ml=busy
StapelMess t=1789644597991 strip=0,1 inner=0,1 ml=busy
StapelMess t=1789644598026 strip=0,1 inner=0,1 ml=busy
StapelMess t=1789644598057 strip=0,1 inner=0,1 ml=busy
StapelMess t=1789644598096 strip=0,1 inner=0,1 ml=busy
StapelMess t=1789644598126 strip=0,1 inner=0,1 ml=busy
StapelMess ml t=1789644597758 fertig=1789644598128 pcs=[47643326:in]
StapelMess t=1789644598159 strip=0,1 inner=0,1 ml=start
StapelMess t=1789644598198 strip=0,1 inner=0,1 ml=busy
StapelMess t=1789644598232 strip=0,3 inner=0,4 ml=busy
StapelMess t=1789644598259 strip=0,3 inner=0,4 ml=busy
StapelMess t=1789644598290 strip=0,1 inner=0,1 ml=busy
StapelMess t=1789644598324 strip=0,1 inner=0,1 ml=busy
StapelMess t=1789644598358 strip=0,1 inner=0,1 ml=busy
StapelMess t=1789644598392 strip=0,1 inner=0,1 ml=busy
StapelMess t=1789644598427 strip=0,1 inner=0,1 ml=busy
StapelMess t=1789644598457 strip=0,1 inner=0,1 ml=busy
StapelMess t=1789644598492 strip=0,1 inner=0,1 ml=busy
StapelMess ml t=1789644598159 fertig=1789644598529 pcs=[47643326:in]
StapelMess t=1789644598533 strip=0,3 inner=0,4 ml=start
StapelMess t=1789644598556 strip=0,2 inner=0,2 ml=busy
StapelMess t=1789644598593 strip=0,1 inner=0,1 ml=busy
StapelMess t=1789644598625 strip=0,1 inner=0,1 ml=busy
StapelMess t=1789644598658 strip=0,1 inner=0,2 ml=busy
StapelMess t=1789644598691 strip=0,1 inner=0,1 ml=busy
StapelMess t=1789644598724 strip=0,1 inner=0,1 ml=busy
StapelMess t=1789644598763 strip=0,1 inner=0,1 ml=busy
StapelMess t=1789644598791 strip=0,3 inner=0,2 ml=busy
StapelMess t=1789644598828 strip=0,1 inner=0,2 ml=busy
StapelMess t=1789644598856 strip=0,1 inner=0,1 ml=busy
StapelMess ml t=1789644598533 fertig=1789644598888 pcs=[47643326:in]
StapelMess t=1789644598890 strip=0,1 inner=0,1 ml=start
StapelMess t=1789644598924 strip=0,1 inner=0,2 ml=busy
StapelMess t=1789644598958 strip=0,1 inner=0,1 ml=busy
StapelMess t=1789644598991 strip=0,1 inner=0,1 ml=busy
StapelMess t=1789644599025 strip=0,1 inner=0,1 ml=busy
StapelMess t=1789644599058 strip=0,1 inner=0,1 ml=busy
StapelMess t=1789644599091 strip=0,1 inner=0,1 ml=busy
StapelMess t=1789644599128 strip=0,1 inner=0,2 ml=busy
StapelMess t=1789644599162 strip=0,1 inner=0,1 ml=busy
StapelMess t=1789644599188 strip=0,1 inner=0,1 ml=busy
StapelMess t=1789644599227 strip=0,1 inner=0,1 ml=busy
StapelMess t=1789644599257 strip=0,1 inner=0,1 ml=busy
StapelMess ml t=1789644598890 fertig=1789644599277 pcs=[47643326:in]
StapelMess t=1789644599289 strip=0,1 inner=0,1 ml=start
StapelMess t=1789644599323 strip=0,1 inner=0,1 ml=busy
StapelMess t=1789644599362 strip=0,5 inner=0,6 ml=busy
StapelMess t=1789644599393 strip=0,1 inner=0,1 ml=busy
StapelMess t=1789644599435 strip=0,2 inner=0,2 ml=busy
StapelMess t=1789644599455 strip=0,1 inner=0,1 ml=busy
StapelMess t=1789644599489 strip=0,1 inner=0,1 ml=busy
StapelMess t=1789644599522 strip=0,1 inner=0,1 ml=busy
StapelMess t=1789644599555 strip=0,1 inner=0,1 ml=busy
StapelMess t=1789644599587 strip=0,1 inner=0,1 ml=busy
StapelMess t=1789644599624 strip=0,1 inner=0,1 ml=busy
StapelMess ml t=1789644599289 fertig=1789644599640 pcs=[47643326:in]
StapelMess t=1789644599666 strip=0,1 inner=0,1 ml=start
StapelMess t=1789644599692 strip=0,1 inner=0,1 ml=busy
StapelMess t=1789644599725 strip=0,1 inner=0,1 ml=busy
StapelMess t=1789644599758 strip=0,1 inner=0,1 ml=busy
StapelMess t=1789644599790 strip=0,1 inner=0,2 ml=busy
StapelMess t=1789644599828 strip=0,1 inner=0,1 ml=busy
StapelMess t=1789644599857 strip=0,1 inner=0,1 ml=busy
StapelMess t=1789644599889 strip=0,1 inner=0,1 ml=busy
StapelMess t=1789644599927 strip=0,1 inner=0,1 ml=busy
StapelMess t=1789644599967 strip=0,1 inner=0,1 ml=busy
StapelMess t=1789644599989 strip=0,1 inner=0,1 ml=busy
StapelMess ml t=1789644599666 fertig=1789644600017 pcs=[47643326:in]
StapelMess t=1789644600036 strip=0,1 inner=0,1 ml=start
StapelMess t=1789644600058 strip=0,1 inner=0,1 ml=busy
StapelMess t=1789644600089 strip=0,2 inner=0,2 ml=busy
StapelMess t=1789644600124 strip=0,1 inner=0,1 ml=busy
StapelMess t=1789644600156 strip=0,3 inner=0,4 ml=busy
StapelMess t=1789644600189 strip=0,1 inner=0,1 ml=busy
StapelMess t=1789644600224 strip=0,1 inner=0,2 ml=busy
StapelMess t=1789644600256 strip=0,2 inner=0,2 ml=busy
StapelMess t=1789644600292 strip=0,1 inner=0,1 ml=busy
StapelMess t=1789644600324 strip=0,1 inner=0,1 ml=busy
StapelMess t=1789644600356 strip=0,4 inner=0,4 ml=busy
StapelMess ml t=1789644600036 fertig=1789644600382 pcs=[47643326:in]
StapelMess t=1789644600390 strip=0,1 inner=0,1 ml=start
StapelMess t=1789644600430 strip=0,1 inner=0,1 ml=busy
StapelMess t=1789644600462 strip=0,1 inner=0,1 ml=busy
StapelMess t=1789644600492 strip=0,1 inner=0,1 ml=busy
StapelMess t=1789644600523 strip=0,1 inner=0,1 ml=busy
StapelMess t=1789644600556 strip=0,1 inner=0,1 ml=busy
StapelMess t=1789644600588 strip=0,1 inner=0,1 ml=busy
StapelMess t=1789644600626 strip=0,1 inner=0,1 ml=busy
StapelMess t=1789644600658 strip=0,1 inner=0,1 ml=busy
StapelMess t=1789644600690 strip=0,1 inner=0,1 ml=busy
StapelMess t=1789644600722 strip=0,1 inner=0,1 ml=busy
StapelMess ml t=1789644600390 fertig=1789644600752 pcs=[47643326:in]
StapelMess t=1789644600764 strip=0,1 inner=0,1 ml=start
StapelMess t=1789644600788 strip=0,1 inner=0,1 ml=busy
StapelMess t=1789644600827 strip=0,1 inner=0,1 ml=busy
StapelMess t=1789644600859 strip=0,2 inner=0,1 ml=busy
StapelMess t=1789644600891 strip=0,1 inner=0,1 ml=busy
StapelMess t=1789644600922 strip=0,1 inner=0,1 ml=busy
StapelMess t=1789644600955 strip=0,2 inner=0,1 ml=busy
StapelMess t=1789644600995 strip=0,1 inner=0,1 ml=busy
StapelMess t=1789644601022 strip=0,1 inner=0,1 ml=busy
StapelMess t=1789644601058 strip=0,3 inner=0,1 ml=busy
StapelMess t=1789644601089 strip=0,1 inner=0,1 ml=busy
StapelMess ml t=1789644600764 fertig=1789644601122 pcs=[47643326:in]
StapelMess t=1789644601122 strip=0,2 inner=0,1 ml=start
StapelMess t=1789644601154 strip=0,2 inner=0,1 ml=busy
StapelMess t=1789644601187 strip=0,4 inner=0,1 ml=busy
StapelMess t=1789644601227 strip=0,1 inner=0,1 ml=busy
StapelMess t=1789644601262 strip=0,2 inner=0,1 ml=busy
StapelMess t=1789644601290 strip=0,4 inner=0,2 ml=busy
StapelMess t=1789644601323 strip=0,3 inner=0,1 ml=busy
StapelMess t=1789644601351 strip=0,1 inner=0,1 ml=busy
StapelMess t=1789644601388 strip=0,3 inner=0,2 ml=busy
StapelMess t=1789644601427 strip=0,1 inner=0,1 ml=busy
StapelMess t=1789644601457 strip=0,2 inner=0,1 ml=busy
StapelMess ml t=1789644601122 fertig=1789644601469 pcs=[47643326:in]
StapelMess t=1789644601488 strip=0,1 inner=0,1 ml=start
StapelMess t=1789644601523 strip=0,4 inner=0,4 ml=busy
StapelMess t=1789644601555 strip=0,2 inner=0,2 ml=busy
StapelMess t=1789644601596 strip=0,1 inner=0,1 ml=busy
StapelMess t=1789644601622 strip=0,1 inner=0,1 ml=busy
StapelMess t=1789644601658 strip=0,1 inner=0,1 ml=busy
StapelMess t=1789644601693 strip=0,1 inner=0,1 ml=busy
StapelMess t=1789644601721 strip=0,1 inner=0,1 ml=busy
StapelMess t=1789644601754 strip=0,4 inner=0,2 ml=busy
StapelMess t=1789644601793 strip=0,3 inner=0,2 ml=busy
StapelMess ml t=1789644601488 fertig=1789644601816 pcs=[47643326:in]
StapelMess t=1789644601822 strip=0,4 inner=0,4 ml=start
StapelMess t=1789644601856 strip=0,4 inner=0,2 ml=busy
StapelMess t=1789644601888 strip=1,1 inner=0,4 ml=busy
StapelMess t=1789644601924 strip=0,7 inner=0,2 ml=busy
StapelMess t=1789644601955 strip=0,5 inner=0,5 ml=busy
StapelMess t=1789644601990 strip=0,3 inner=0,2 ml=busy
StapelMess t=1789644602025 strip=27,6 inner=6,0 ml=busy
StapelMess t=1789644602055 strip=39,6 inner=20,5 ml=busy
StapelMess t=1789644602089 strip=90,3 inner=34,2 ml=busy
StapelMess t=1789644602121 strip=33,6 inner=20,2 ml=busy
StapelMess ml t=1789644601822 fertig=1789644602151 pcs=[47643326:in]
StapelMess t=1789644602156 strip=24,3 inner=9,9 ml=start
StapelMess t=1789644602189 strip=7,8 inner=5,7 ml=busy
StapelMess t=1789644602227 strip=2,8 inner=3,3 ml=busy
StapelMess t=1789644602256 strip=7,8 inner=7,0 ml=busy
StapelMess t=1789644602292 strip=6,4 inner=6,4 ml=busy
StapelScan t=1789644602309 diff=13,5 pcs=[]
StapelMess ml t=1789644602156 fertig=1789644602309 pcs=[]
StapelMess t=1789644602322 strip=7,8 inner=7,7 ml=start
StapelMess t=1789644602357 strip=4,2 inner=5,6 ml=busy
StapelMess t=1789644602395 strip=3,7 inner=4,6 ml=busy
StapelMess t=1789644602422 strip=1,5 inner=2,0 ml=busy
StapelMess t=1789644602455 strip=1,2 inner=1,3 ml=busy
StapelMess t=1789644602488 strip=1,3 inner=1,4 ml=busy
StapelMess t=1789644602521 strip=2,4 inner=2,6 ml=busy
StapelMess t=1789644602558 strip=0,3 inner=0,8 ml=busy
StapelMess t=1789644602587 strip=0,2 inner=0,9 ml=busy
StapelMess t=1789644602621 strip=0,3 inner=0,5 ml=busy
StapelMess t=1789644602654 strip=0,3 inner=0,4 ml=busy
StapelScan t=1789644602685 diff=13,9 pcs=[47643326]
StapelMess ml t=1789644602322 fertig=1789644602685 pcs=[47643326:in]
StapelMess t=1789644602689 strip=0,1 inner=0,1 ml=start
StapelMess t=1789644602724 strip=0,1 inner=0,1 ml=busy
StapelMess t=1789644602755 strip=0,1 inner=0,1 ml=busy
StapelMess t=1789644602791 strip=0,1 inner=0,1 ml=busy
StapelMess t=1789644602823 strip=0,3 inner=0,4 ml=busy
StapelMess t=1789644602856 strip=0,1 inner=0,1 ml=busy
StapelMess t=1789644602893 strip=0,1 inner=0,1 ml=busy
StapelMess t=1789644602921 strip=0,1 inner=0,1 ml=busy
StapelMess t=1789644602953 strip=0,1 inner=0,1 ml=busy
StapelMess t=1789644602986 strip=0,1 inner=0,1 ml=busy
StapelMess t=1789644603020 strip=0,1 inner=0,1 ml=busy
StapelScan t=1789644603026 diff=8,0 pcs=[47643326]
StapelMess ml t=1789644602689 fertig=1789644603026 pcs=[47643326:in]
StapelMess t=1789644603059 strip=0,4 inner=0,4 ml=start
StapelMess t=1789644603092 strip=0,1 inner=0,1 ml=busy
StapelMess t=1789644603121 strip=0,1 inner=0,1 ml=busy
StapelMess t=1789644603159 strip=0,1 inner=0,1 ml=busy
StapelMess t=1789644603199 strip=0,1 inner=0,1 ml=busy
StapelMess t=1789644603222 strip=0,1 inner=0,1 ml=busy
StapelMess t=1789644603255 strip=0,1 inner=0,1 ml=busy
StapelMess t=1789644603290 strip=0,1 inner=0,1 ml=busy
StapelMess t=1789644603321 strip=0,1 inner=0,1 ml=busy
StapelMess t=1789644603353 strip=0,1 inner=0,1 ml=busy
StapelMess t=1789644603391 strip=0,1 inner=0,1 ml=busy
StapelMess ml t=1789644603059 fertig=1789644603394 pcs=[47643326:in]
StapelMess t=1789644603423 strip=0,1 inner=0,1 ml=start
StapelMess t=1789644603458 strip=0,1 inner=0,2 ml=busy
StapelMess t=1789644603490 strip=0,1 inner=0,1 ml=busy
StapelMess t=1789644603526 strip=0,1 inner=0,1 ml=busy
StapelMess t=1789644603556 strip=0,1 inner=0,1 ml=busy
StapelMess t=1789644603588 strip=0,1 inner=0,1 ml=busy
StapelMess t=1789644603632 strip=0,1 inner=0,1 ml=busy
StapelMess t=1789644603661 strip=0,1 inner=0,1 ml=busy
StapelMess t=1789644603689 strip=0,1 inner=0,1 ml=busy
StapelMess t=1789644603731 strip=0,1 inner=0,1 ml=busy
StapelMess t=1789644603754 strip=0,1 inner=0,1 ml=busy
StapelMess ml t=1789644603423 fertig=1789644603772 pcs=[47643326:in]
StapelScan diff=1,2 dauer=717 entscheidung=Meldung
StapelMess t=1789644603793 strip=0,1 inner=0,1 ml=start
StapelMess t=1789644603822 strip=0,1 inner=0,2 ml=busy
StapelMess t=1789644603855 strip=0,1 inner=0,1 ml=busy
StapelMess t=1789644603891 strip=0,1 inner=0,1 ml=busy
StapelMess t=1789644603926 strip=0,1 inner=0,1 ml=busy
StapelMess t=1789644603954 strip=0,1 inner=0,1 ml=busy
StapelMess t=1789644603987 strip=0,1 inner=0,1 ml=busy
StapelMess t=1789644604022 strip=0,1 inner=0,1 ml=busy
StapelMess t=1789644604052 strip=0,1 inner=0,1 ml=busy
StapelMess t=1789644604090 strip=0,1 inner=0,1 ml=busy
StapelMess t=1789644604119 strip=0,1 inner=0,1 ml=busy
StapelMess ml t=1789644603793 fertig=1789644604129 pcs=[47643326:in]
StapelMess t=1789644604154 strip=0,1 inner=0,1 ml=start
StapelMess t=1789644604192 strip=0,1 inner=0,1 ml=busy
StapelMess t=1789644604221 strip=0,1 inner=0,1 ml=busy
StapelMess t=1789644604254 strip=0,5 inner=0,6 ml=busy
StapelMess t=1789644604286 strip=0,1 inner=0,2 ml=busy
StapelMess t=1789644604327 strip=0,1 inner=0,1 ml=busy
StapelMess t=1789644604358 strip=0,1 inner=0,1 ml=busy
StapelMess t=1789644604388 strip=0,1 inner=0,1 ml=busy
StapelMess t=1789644604424 strip=0,1 inner=0,2 ml=busy
StapelMess t=1789644604452 strip=0,1 inner=0,1 ml=busy
StapelMess ml t=1789644604154 fertig=1789644604489 pcs=[47643326:in]
StapelMess t=1789644604490 strip=0,2 inner=0,2 ml=start
StapelMess t=1789644604520 strip=0,1 inner=0,1 ml=busy
StapelMess t=1789644604554 strip=0,1 inner=0,1 ml=busy
StapelMess t=1789644604589 strip=0,1 inner=0,1 ml=busy
StapelMess t=1789644604620 strip=0,1 inner=0,1 ml=busy
StapelMess t=1789644604651 strip=0,1 inner=0,1 ml=busy
StapelMess t=1789644604689 strip=0,1 inner=0,1 ml=busy
StapelMess t=1789644604721 strip=0,1 inner=0,1 ml=busy
StapelMess t=1789644604752 strip=0,1 inner=0,1 ml=busy
StapelMess t=1789644604794 strip=0,3 inner=0,4 ml=busy
StapelMess ml t=1789644604490 fertig=1789644604822 pcs=[47643326:in]
MlScan confirmed card 47643326 t=1789644604822
StapelMess t=1789644604821 strip=0,4 inner=0,4 ml=busy
StapelMess t=1789644604879 strip=0,1 inner=0,1 ml=start
StapelMess t=1789644604894 strip=0,1 inner=0,1 ml=busy
StapelMess t=1789644604928 strip=0,1 inner=0,1 ml=busy
StapelMess t=1789644604959 strip=0,1 inner=0,1 ml=busy
StapelMess t=1789644604995 strip=0,1 inner=0,1 ml=busy
StapelMess t=1789644605024 strip=0,1 inner=0,1 ml=busy
StapelMess t=1789644605056 strip=0,1 inner=0,1 ml=busy
StapelMess t=1789644605093 strip=0,1 inner=0,1 ml=busy
StapelMess t=1789644605123 strip=0,1 inner=0,1 ml=busy
StapelMess t=1789644605158 strip=0,1 inner=0,1 ml=busy
StapelMess t=1789644605186 strip=0,1 inner=0,1 ml=busy
StapelMess t=1789644605225 strip=0,1 inner=0,1 ml=busy
StapelMess ml t=1789644604879 fertig=1789644605230 pcs=[47643326:in]
StapelMess t=1789644605255 strip=0,1 inner=0,1 ml=start
StapelMess t=1789644605288 strip=0,1 inner=0,1 ml=busy
StapelMess t=1789644605319 strip=0,1 inner=0,1 ml=busy
StapelMess t=1789644605359 strip=0,1 inner=0,1 ml=busy
StapelMess t=1789644605389 strip=0,1 inner=0,1 ml=busy
StapelMess t=1789644605419 strip=0,1 inner=0,1 ml=busy
StapelMess t=1789644605454 strip=0,1 inner=0,1 ml=busy
StapelMess t=1789644605486 strip=0,1 inner=0,1 ml=busy
StapelMess t=1789644605520 strip=0,1 inner=0,1 ml=busy
StapelMess t=1789644605552 strip=0,1 inner=0,1 ml=busy
StapelMess t=1789644605592 strip=0,1 inner=0,1 ml=busy
StapelMess ml t=1789644605255 fertig=1789644605608 pcs=[47643326:in]
StapelMess t=1789644605618 strip=0,1 inner=0,1 ml=start
StapelMess t=1789644605656 strip=0,1 inner=0,1 ml=busy
StapelMess t=1789644605689 strip=0,1 inner=0,1 ml=busy
StapelMess t=1789644605725 strip=0,1 inner=0,1 ml=busy
StapelMess t=1789644605751 strip=0,1 inner=0,1 ml=busy
StapelMess t=1789644605784 strip=0,1 inner=0,1 ml=busy
StapelMess t=1789644605821 strip=0,1 inner=0,1 ml=busy
StapelMess t=1789644605854 strip=0,1 inner=0,1 ml=busy
StapelMess t=1789644605886 strip=0,2 inner=0,2 ml=busy
StapelMess t=1789644605923 strip=0,3 inner=0,3 ml=busy
StapelMess t=1789644605957 strip=0,2 inner=0,2 ml=busy
StapelMess ml t=1789644605618 fertig=1789644605976 pcs=[47643326:in]
StapelMess t=1789644605988 strip=0,1 inner=0,1 ml=start
StapelMess t=1789644606023 strip=0,1 inner=0,1 ml=busy
StapelMess t=1789644606058 strip=0,1 inner=0,1 ml=busy
StapelMess t=1789644606088 strip=0,1 inner=0,1 ml=busy
StapelMess t=1789644606121 strip=0,1 inner=0,2 ml=busy
StapelMess t=1789644606152 strip=0,1 inner=0,1 ml=busy
StapelMess t=1789644606189 strip=0,2 inner=0,2 ml=busy
StapelMess t=1789644606223 strip=0,1 inner=0,2 ml=busy
StapelMess t=1789644606257 strip=0,2 inner=0,2 ml=busy
StapelMess t=1789644606285 strip=0,1 inner=0,1 ml=busy
StapelMess t=1789644606323 strip=0,1 inner=0,1 ml=busy
StapelMess ml t=1789644605988 fertig=1789644606327 pcs=[47643326:in]
StapelMess t=1789644606352 strip=0,2 inner=0,2 ml=start
StapelMess t=1789644606387 strip=0,1 inner=0,1 ml=busy
StapelMess t=1789644606419 strip=0,6 inner=0,6 ml=busy
StapelMess t=1789644606452 strip=0,1 inner=0,2 ml=busy
StapelMess t=1789644606497 strip=0,2 inner=0,2 ml=busy
StapelMess t=1789644606522 strip=0,1 inner=0,1 ml=busy
StapelMess t=1789644606552 strip=0,1 inner=0,1 ml=busy
StapelMess t=1789644606584 strip=0,1 inner=0,1 ml=busy
StapelMess t=1789644606620 strip=0,4 inner=0,4 ml=busy
StapelMess t=1789644606657 strip=0,1 inner=0,1 ml=busy
StapelMess ml t=1789644606352 fertig=1789644606686 pcs=[47643326:in]
StapelMess t=1789644606686 strip=0,1 inner=0,1 ml=start
StapelMess t=1789644606720 strip=0,1 inner=0,2 ml=busy
StapelMess t=1789644606752 strip=0,1 inner=0,1 ml=busy
StapelMess t=1789644606786 strip=0,2 inner=0,2 ml=busy
StapelMess t=1789644606823 strip=0,1 inner=0,1 ml=busy
StapelMess t=1789644606857 strip=0,1 inner=0,1 ml=busy
StapelMess t=1789644606885 strip=0,2 inner=0,2 ml=busy
StapelMess t=1789644606918 strip=0,1 inner=0,1 ml=busy
StapelMess t=1789644606951 strip=0,6 inner=0,3 ml=busy
StapelMess t=1789644606987 strip=0,6 inner=0,3 ml=busy
StapelMess t=1789644607019 strip=0,3 inner=0,2 ml=busy
StapelMess ml t=1789644606686 fertig=1789644607025 pcs=[47643326:in]
StapelMess t=1789644607058 strip=0,4 inner=0,2 ml=start
StapelMess t=1789644607087 strip=0,2 inner=0,2 ml=busy
StapelMess t=1789644607118 strip=0,3 inner=0,2 ml=busy
StapelMess t=1789644607160 strip=0,1 inner=0,1 ml=busy
StapelMess t=1789644607185 strip=0,1 inner=0,1 ml=busy
StapelMess t=1789644607217 strip=0,3 inner=0,2 ml=busy
StapelMess t=1789644607252 strip=0,1 inner=0,1 ml=busy
StapelMess t=1789644607285 strip=0,1 inner=0,1 ml=busy
StapelMess t=1789644607319 strip=0,2 inner=0,1 ml=busy
StapelMess t=1789644607350 strip=0,2 inner=0,2 ml=busy
StapelMess t=1789644607384 strip=0,3 inner=0,4 ml=busy
StapelMess ml t=1789644607058 fertig=1789644607395 pcs=[47643326:in]
StapelMess t=1789644607419 strip=0,2 inner=0,2 ml=start
StapelMess t=1789644607452 strip=0,2 inner=0,2 ml=busy
StapelMess t=1789644607490 strip=0,1 inner=0,1 ml=busy
StapelMess t=1789644607523 strip=0,1 inner=0,1 ml=busy
StapelMess t=1789644607551 strip=0,1 inner=0,1 ml=busy
StapelMess t=1789644607585 strip=0,2 inner=0,2 ml=busy
StapelMess t=1789644607619 strip=0,2 inner=0,2 ml=busy
StapelMess t=1789644607654 strip=0,1 inner=0,1 ml=busy
StapelMess t=1789644607684 strip=0,1 inner=0,1 ml=busy
StapelMess t=1789644607725 strip=0,1 inner=0,1 ml=busy
StapelMess t=1789644607754 strip=0,2 inner=0,1 ml=busy
StapelMess ml t=1789644607419 fertig=1789644607756 pcs=[47643326:in]
StapelMess t=1789644607786 strip=0,1 inner=0,1 ml=start
StapelMess t=1789644607819 strip=0,1 inner=0,1 ml=busy
StapelMess t=1789644607852 strip=0,1 inner=0,1 ml=busy
StapelMess t=1789644607887 strip=0,1 inner=0,1 ml=busy
StapelMess t=1789644607918 strip=0,1 inner=0,2 ml=busy
StapelMess t=1789644607952 strip=0,1 inner=0,1 ml=busy
StapelMess t=1789644607985 strip=0,1 inner=0,1 ml=busy
StapelMess t=1789644608022 strip=0,1 inner=0,1 ml=busy
StapelMess t=1789644608049 strip=0,1 inner=0,1 ml=busy
StapelMess t=1789644608083 strip=0,1 inner=0,1 ml=busy
StapelMess t=1789644608130 strip=0,1 inner=0,1 ml=busy
StapelMess t=1789644608149 strip=0,1 inner=0,1 ml=busy
StapelMess ml t=1789644607786 fertig=1789644608172 pcs=[47643326:in]
StapelMess t=1789644608184 strip=0,1 inner=0,1 ml=start
StapelMess t=1789644608218 strip=0,1 inner=0,1 ml=busy
StapelMess t=1789644608252 strip=0,1 inner=0,1 ml=busy
StapelMess t=1789644608285 strip=0,2 inner=0,2 ml=busy
StapelMess t=1789644608317 strip=0,1 inner=0,1 ml=busy
StapelMess t=1789644608350 strip=0,1 inner=0,1 ml=busy
StapelMess t=1789644608386 strip=0,1 inner=0,1 ml=busy
StapelMess t=1789644608418 strip=0,1 inner=0,1 ml=busy
StapelMess t=1789644608449 strip=0,1 inner=0,1 ml=busy
StapelMess t=1789644608486 strip=0,1 inner=0,1 ml=busy
StapelMess ml t=1789644608184 fertig=1789644608520 pcs=[47643326:in]
StapelMess t=1789644608523 strip=0,1 inner=0,1 ml=start
StapelMess t=1789644608552 strip=0,1 inner=0,1 ml=busy
StapelMess t=1789644608588 strip=0,1 inner=0,1 ml=busy
StapelMess t=1789644608617 strip=0,1 inner=0,1 ml=busy
StapelMess t=1789644608652 strip=0,1 inner=0,1 ml=busy
StapelMess t=1789644608688 strip=0,2 inner=0,2 ml=busy
StapelMess t=1789644608719 strip=0,1 inner=0,1 ml=busy
StapelMess t=1789644608753 strip=0,1 inner=0,1 ml=busy
StapelMess t=1789644608785 strip=0,1 inner=0,1 ml=busy
StapelMess t=1789644608817 strip=0,2 inner=0,3 ml=busy
StapelMess ml t=1789644608523 fertig=1789644608849 pcs=[47643326:in]
StapelMess t=1789644608849 strip=0,4 inner=0,4 ml=start
StapelMess t=1789644608885 strip=0,1 inner=0,1 ml=busy
StapelMess t=1789644608917 strip=0,1 inner=0,1 ml=busy
StapelMess t=1789644608954 strip=0,1 inner=0,1 ml=busy
StapelMess t=1789644608983 strip=0,1 inner=0,1 ml=busy
StapelMess t=1789644609016 strip=0,1 inner=0,2 ml=busy
StapelMess t=1789644609055 strip=0,1 inner=0,1 ml=busy
StapelMess t=1789644609084 strip=0,1 inner=0,1 ml=busy
StapelMess t=1789644609117 strip=0,1 inner=0,1 ml=busy
StapelMess t=1789644609149 strip=0,2 inner=0,2 ml=busy
StapelMess t=1789644609186 strip=0,3 inner=0,4 ml=busy
StapelMess ml t=1789644608849 fertig=1789644609193 pcs=[47643326:in]
StapelMess t=1789644609218 strip=0,1 inner=0,1 ml=start
StapelMess t=1789644609252 strip=0,1 inner=0,1 ml=busy
StapelMess t=1789644609284 strip=0,3 inner=0,4 ml=busy
StapelMess t=1789644609318 strip=0,1 inner=0,2 ml=busy
StapelMess t=1789644609351 strip=0,1 inner=0,1 ml=busy
StapelMess t=1789644609385 strip=0,1 inner=0,1 ml=busy
StapelMess t=1789644609425 strip=0,1 inner=0,1 ml=busy
StapelMess t=1789644609453 strip=0,1 inner=0,1 ml=busy
StapelMess t=1789644609484 strip=0,1 inner=0,1 ml=busy
StapelMess t=1789644609518 strip=0,1 inner=0,2 ml=busy
StapelMess t=1789644609552 strip=0,1 inner=0,1 ml=busy
StapelMess ml t=1789644609218 fertig=1789644609557 pcs=[47643326:in]
StapelMess t=1789644609589 strip=0,1 inner=0,1 ml=start
StapelMess t=1789644609624 strip=0,1 inner=0,1 ml=busy
StapelMess t=1789644609651 strip=0,1 inner=0,1 ml=busy
StapelMess t=1789644609687 strip=0,1 inner=0,1 ml=busy
StapelMess t=1789644609722 strip=0,1 inner=0,1 ml=busy
StapelMess t=1789644609758 strip=0,1 inner=0,1 ml=busy
StapelMess t=1789644609783 strip=0,3 inner=0,3 ml=busy
StapelMess t=1789644609816 strip=0,2 inner=0,2 ml=busy
StapelMess t=1789644609851 strip=0,2 inner=0,2 ml=busy
StapelMess t=1789644609882 strip=0,4 inner=0,2 ml=busy
StapelMess t=1789644609919 strip=0,4 inner=0,3 ml=busy
StapelMess ml t=1789644609589 fertig=1789644609931 pcs=[47643326:in]
StapelMess t=1789644609950 strip=0,7 inner=0,6 ml=start
StapelMess t=1789644609986 strip=0,6 inner=0,5 ml=busy
StapelMess t=1789644610040 strip=1,3 inner=1,0 ml=busy
StapelMess t=1789644610059 strip=0,2 inner=0,2 ml=busy
StapelMess t=1789644610083 strip=0,5 inner=0,4 ml=busy
StapelMess t=1789644610118 strip=0,2 inner=0,2 ml=busy
StapelMess t=1789644610149 strip=1,6 inner=1,5 ml=busy
StapelMess t=1789644610189 strip=0,2 inner=0,2 ml=busy
StapelMess t=1789644610216 strip=0,3 inner=0,3 ml=busy
StapelMess t=1789644610252 strip=0,6 inner=0,6 ml=busy
StapelMess t=1789644610284 strip=0,1 inner=0,2 ml=busy
StapelMess ml t=1789644609950 fertig=1789644610301 pcs=[47643326:in]
StapelMess t=1789644610318 strip=0,3 inner=0,7 ml=start
StapelMess t=1789644610352 strip=0,6 inner=1,3 ml=busy
StapelMess t=1789644610382 strip=0,5 inner=1,8 ml=busy
StapelMess t=1789644610424 strip=0,5 inner=2,6 ml=busy
StapelMess t=1789644610456 strip=0,5 inner=3,5 ml=busy
StapelMess t=1789644610483 strip=0,6 inner=3,5 ml=busy
StapelMess t=1789644610517 strip=2,6 inner=4,0 ml=busy
StapelMess t=1789644610553 strip=0,9 inner=4,2 ml=busy
StapelMess t=1789644610586 strip=1,7 inner=4,8 ml=busy
StapelMess t=1789644610615 strip=1,1 inner=4,9 ml=busy
StapelScan t=1789644610649 diff=10,5 pcs=[47643326]
StapelMess ml t=1789644610318 fertig=1789644610649 pcs=[47643326:in]
StapelMess t=1789644610650 strip=1,0 inner=6,0 ml=start
StapelMess t=1789644610687 strip=1,5 inner=7,1 ml=busy
StapelMess t=1789644610718 strip=5,4 inner=7,9 ml=busy
StapelMess t=1789644610754 strip=1,3 inner=5,9 ml=busy
StapelMess t=1789644610783 strip=6,2 inner=6,0 ml=busy
StapelScan t=1789644610785 diff=27,7 pcs=[]
StapelMess ml t=1789644610650 fertig=1789644610785 pcs=[]
StapelMess t=1789644610823 strip=0,9 inner=4,2 ml=start
StapelMess t=1789644610853 strip=5,4 inner=5,8 ml=busy
StapelMess t=1789644610883 strip=1,1 inner=4,9 ml=busy
StapelMess t=1789644610924 strip=3,0 inner=7,4 ml=busy
StapelScan t=1789644610954 diff=23,0 pcs=[]
StapelMess t=1789644610952 strip=5,1 inner=10,2 ml=busy
StapelMess ml t=1789644610823 fertig=1789644610955 pcs=[]
StapelMess t=1789644610983 strip=5,9 inner=7,6 ml=start
StapelMess t=1789644611017 strip=3,8 inner=8,6 ml=busy
StapelMess t=1789644611050 strip=1,2 inner=6,8 ml=busy
StapelMess t=1789644611083 strip=3,5 inner=5,7 ml=busy
StapelMess t=1789644611124 strip=6,2 inner=7,2 ml=busy
StapelMess t=1789644611153 strip=5,4 inner=6,7 ml=busy
StapelMess t=1789644611185 strip=3,3 inner=5,7 ml=busy
StapelScan t=1789644611198 diff=20,5 pcs=[]
StapelMess ml t=1789644610983 fertig=1789644611198 pcs=[]
StapelMess t=1789644611217 strip=1,7 inner=4,4 ml=start
StapelMess t=1789644611250 strip=2,5 inner=4,0 ml=busy
StapelMess t=1789644611288 strip=3,2 inner=3,5 ml=busy
StapelMess t=1789644611322 strip=2,2 inner=3,2 ml=busy
StapelMess t=1789644611355 strip=4,0 inner=4,3 ml=busy
StapelScan t=1789644611358 diff=18,1 pcs=[]
StapelMess ml t=1789644611217 fertig=1789644611358 pcs=[]
StapelMess t=1789644611381 strip=2,2 inner=2,9 ml=start
StapelMess t=1789644611416 strip=2,5 inner=1,9 ml=busy
StapelMess t=1789644611449 strip=1,9 inner=4,1 ml=busy
StapelMess t=1789644611484 strip=5,7 inner=4,9 ml=busy
StapelScan t=1789644611515 diff=9,9 pcs=[]
StapelMess ml t=1789644611381 fertig=1789644611515 pcs=[]
StapelMess t=1789644611515 strip=4,4 inner=2,1 ml=start
StapelMess t=1789644611549 strip=1,8 inner=2,6 ml=busy
StapelMess t=1789644611584 strip=2,5 inner=4,5 ml=busy
StapelMess t=1789644611616 strip=3,0 inner=4,2 ml=busy
StapelMess t=1789644611649 strip=1,4 inner=1,8 ml=busy
StapelMess t=1789644611683 strip=3,7 inner=1,7 ml=busy
StapelScan t=1789644611698 diff=9,3 pcs=[]
StapelMess ml t=1789644611515 fertig=1789644611698 pcs=[]
StapelMess t=1789644611720 strip=1,8 inner=2,2 ml=start
StapelMess t=1789644611747 strip=2,9 inner=3,0 ml=busy
StapelMess t=1789644611782 strip=7,7 inner=4,6 ml=busy
StapelMess t=1789644611815 strip=5,7 inner=3,9 ml=busy
StapelScan t=1789644611847 diff=8,7 pcs=[]
StapelMess ml t=1789644611720 fertig=1789644611848 pcs=[]
StapelMess t=1789644611854 strip=6,1 inner=4,1 ml=start
StapelMess t=1789644611882 strip=7,0 inner=4,6 ml=busy
StapelMess t=1789644611917 strip=3,9 inner=3,1 ml=busy
StapelMess t=1789644611949 strip=7,0 inner=3,4 ml=busy
StapelMess t=1789644611983 strip=10,0 inner=6,3 ml=busy
StapelScan t=1789644611987 diff=10,8 pcs=[]
StapelMess ml t=1789644611854 fertig=1789644611988 pcs=[]
StapelMess t=1789644612018 strip=7,3 inner=5,9 ml=start
StapelMess t=1789644612049 strip=5,6 inner=6,8 ml=busy
StapelMess t=1789644612084 strip=7,1 inner=6,7 ml=busy
StapelMess t=1789644612118 strip=7,0 inner=5,4 ml=busy
StapelMess t=1789644612150 strip=6,8 inner=3,3 ml=busy
StapelMess t=1789644612183 strip=1,6 inner=2,4 ml=busy
StapelScan t=1789644612189 diff=10,1 pcs=[]
StapelMess ml t=1789644612018 fertig=1789644612189 pcs=[]
StapelMess t=1789644612215 strip=4,9 inner=4,6 ml=start
StapelMess t=1789644612250 strip=6,0 inner=6,1 ml=busy
StapelMess t=1789644612285 strip=5,7 inner=6,6 ml=busy
StapelMess t=1789644612317 strip=9,2 inner=6,4 ml=busy
StapelMess t=1789644612348 strip=7,6 inner=4,2 ml=busy
StapelScan t=1789644612351 diff=10,9 pcs=[]
StapelMess ml t=1789644612215 fertig=1789644612351 pcs=[]
StapelMess t=1789644612383 strip=9,2 inner=4,4 ml=start
StapelMess t=1789644612415 strip=7,2 inner=4,4 ml=busy
StapelMess t=1789644612455 strip=7,3 inner=4,5 ml=busy
StapelMess t=1789644612485 strip=3,2 inner=3,2 ml=busy
StapelMess t=1789644612516 strip=5,9 inner=4,4 ml=busy
StapelScan t=1789644612521 diff=15,7 pcs=[]
StapelMess ml t=1789644612383 fertig=1789644612521 pcs=[]
StapelMess t=1789644612549 strip=8,3 inner=4,9 ml=start
StapelMess t=1789644612582 strip=13,4 inner=6,6 ml=busy
StapelMess t=1789644612615 strip=21,1 inner=7,2 ml=busy
StapelMess t=1789644612649 strip=8,8 inner=5,1 ml=busy
StapelMess t=1789644612690 strip=7,4 inner=6,4 ml=busy
StapelMess t=1789644612723 strip=10,2 inner=6,8 ml=busy
StapelScan t=1789644612727 diff=14,2 pcs=[]
StapelMess ml t=1789644612549 fertig=1789644612727 pcs=[]
StapelMess t=1789644612749 strip=15,4 inner=9,5 ml=start
StapelMess t=1789644612788 strip=9,3 inner=7,7 ml=busy
StapelMess t=1789644612821 strip=12,7 inner=8,6 ml=busy
StapelMess t=1789644612850 strip=8,4 inner=11,7 ml=busy
StapelMess t=1789644612880 strip=5,9 inner=10,6 ml=busy
StapelScan t=1789644612883 diff=15,1 pcs=[]
StapelMess ml t=1789644612749 fertig=1789644612884 pcs=[]
StapelMess t=1789644612915 strip=8,9 inner=8,0 ml=start
StapelMess t=1789644612950 strip=11,0 inner=9,3 ml=busy
StapelMess t=1789644612981 strip=8,1 inner=7,6 ml=busy
StapelMess t=1789644613015 strip=9,9 inner=8,4 ml=busy
StapelScan t=1789644613048 diff=16,9 pcs=[]
StapelMess ml t=1789644612915 fertig=1789644613048 pcs=[]
StapelMess t=1789644613048 strip=12,0 inner=10,5 ml=start
StapelMess t=1789644613081 strip=13,3 inner=8,9 ml=busy
StapelMess t=1789644613115 strip=4,6 inner=9,5 ml=busy
StapelMess t=1789644613148 strip=6,6 inner=10,4 ml=busy
StapelMess t=1789644613182 strip=5,8 inner=9,1 ml=busy
StapelMess t=1789644613214 strip=7,3 inner=10,4 ml=busy
StapelScan t=1789644613247 diff=18,0 pcs=[]
StapelMess ml t=1789644613048 fertig=1789644613247 pcs=[]
StapelMess t=1789644613249 strip=9,3 inner=12,6 ml=start
StapelMess t=1789644613279 strip=8,5 inner=21,0 ml=busy
StapelMess t=1789644613321 strip=22,3 inner=27,1 ml=busy
StapelMess t=1789644613349 strip=31,5 inner=34,3 ml=busy
StapelMess t=1789644613385 strip=18,7 inner=28,5 ml=busy
StapelScan t=1789644613402 diff=21,5 pcs=[]
StapelMess ml t=1789644613249 fertig=1789644613403 pcs=[]
StapelMess t=1789644613416 strip=10,0 inner=13,2 ml=start
StapelMess t=1789644613448 strip=9,1 inner=16,8 ml=busy
StapelMess t=1789644613481 strip=6,9 inner=11,8 ml=busy
StapelMess t=1789644613519 strip=5,9 inner=8,0 ml=busy
StapelScan t=1789644613548 diff=50,6 pcs=[]
StapelMess ml t=1789644613416 fertig=1789644613548 pcs=[]
StapelMess t=1789644613548 strip=2,0 inner=3,6 ml=start
StapelMess t=1789644613582 strip=3,0 inner=6,2 ml=busy
StapelMess t=1789644613616 strip=2,0 inner=6,9 ml=busy
StapelMess t=1789644613652 strip=1,2 inner=7,0 ml=busy
StapelMess t=1789644613685 strip=1,5 inner=6,9 ml=busy
StapelMess t=1789644613713 strip=1,2 inner=5,2 ml=busy
StapelMess t=1789644613749 strip=1,3 inner=5,2 ml=busy
StapelMess t=1789644613781 strip=1,6 inner=3,5 ml=busy
StapelScan t=1789644613800 diff=27,9 pcs=[20204019]
StapelMess ml t=1789644613548 fertig=1789644613801 pcs=[20204019:in]
StapelMess t=1789644613820 strip=3,8 inner=4,3 ml=start
StapelMess t=1789644613856 strip=2,1 inner=2,4 ml=busy
StapelMess t=1789644613882 strip=1,8 inner=1,0 ml=busy
StapelMess t=1789644613915 strip=1,3 inner=0,8 ml=busy
StapelMess t=1789644613949 strip=1,8 inner=1,1 ml=busy
StapelScan t=1789644613963 diff=24,3 pcs=[]
StapelMess ml t=1789644613820 fertig=1789644613963 pcs=[]
StapelMess t=1789644613986 strip=2,0 inner=1,7 ml=start
StapelMess t=1789644614015 strip=0,6 inner=0,8 ml=busy
StapelMess t=1789644614052 strip=1,4 inner=1,6 ml=busy
StapelMess t=1789644614081 strip=0,3 inner=0,3 ml=busy
StapelMess t=1789644614114 strip=0,7 inner=0,5 ml=busy
StapelScan t=1789644614118 diff=17,5 pcs=[]
StapelMess ml t=1789644613986 fertig=1789644614118 pcs=[]
StapelMess t=1789644614150 strip=1,2 inner=1,1 ml=start
StapelMess t=1789644614188 strip=0,3 inner=0,3 ml=busy
StapelMess t=1789644614216 strip=0,4 inner=0,4 ml=busy
StapelMess t=1789644614247 strip=0,1 inner=0,1 ml=busy
StapelMess t=1789644614280 strip=0,2 inner=0,2 ml=busy
StapelMess t=1789644614315 strip=0,3 inner=0,3 ml=busy
StapelMess ml t=1789644614150 fertig=1789644614325 pcs=[]
StapelMess t=1789644614348 strip=0,2 inner=0,2 ml=start
StapelMess t=1789644614383 strip=0,1 inner=0,1 ml=busy
StapelMess t=1789644614415 strip=0,1 inner=0,1 ml=busy
StapelMess t=1789644614448 strip=0,4 inner=0,5 ml=busy
StapelMess ml t=1789644614348 fertig=1789644614482 pcs=[]
StapelScan diff=1,7 dauer=3469 entscheidung=Verworfen
StapelMess t=1789644614480 strip=0,1 inner=0,1 ml=start
StapelMess t=1789644614514 strip=0,1 inner=0,1 ml=busy
StapelMess t=1789644614548 strip=0,2 inner=0,2 ml=busy
StapelMess t=1789644614582 strip=0,4 inner=0,4 ml=busy
StapelMess t=1789644614613 strip=0,1 inner=0,1 ml=busy
StapelMess ml t=1789644614480 fertig=1789644614615 pcs=[]
StapelMess t=1789644614649 strip=0,1 inner=0,1 ml=start
StapelMess t=1789644614686 strip=0,1 inner=0,1 ml=busy
StapelMess t=1789644614714 strip=0,1 inner=0,1 ml=busy
StapelMess t=1789644614748 strip=0,1 inner=0,1 ml=busy
StapelMess t=1789644614781 strip=0,1 inner=0,1 ml=busy
StapelMess t=1789644614828 strip=0,1 inner=0,1 ml=busy
StapelMess ml t=1789644614649 fertig=1789644614856 pcs=[]
StapelMess t=1789644614857 strip=0,1 inner=0,1 ml=start
StapelMess t=1789644614883 strip=0,1 inner=0,1 ml=busy
StapelMess t=1789644614924 strip=0,1 inner=0,1 ml=busy
StapelMess t=1789644614949 strip=0,1 inner=0,1 ml=busy
StapelMess t=1789644614981 strip=0,1 inner=0,1 ml=busy
StapelMess ml t=1789644614857 fertig=1789644615000 pcs=[]
StapelMess t=1789644615013 strip=0,1 inner=0,1 ml=start
StapelMess t=1789644615052 strip=0,1 inner=0,1 ml=busy
StapelMess t=1789644615092 strip=0,1 inner=0,1 ml=busy
StapelMess t=1789644615122 strip=0,1 inner=0,1 ml=busy
StapelMess ml t=1789644615013 fertig=1789644615167 pcs=[]
StapelMess t=1789644615171 strip=0,4 inner=0,5 ml=start
StapelMess t=1789644615193 strip=0,1 inner=0,1 ml=busy
StapelMess t=1789644615207 strip=0,3 inner=0,3 ml=busy
StapelMess t=1789644615250 strip=0,1 inner=0,1 ml=busy
StapelMess t=1789644615279 strip=0,1 inner=0,1 ml=busy
StapelMess t=1789644615315 strip=0,1 inner=0,1 ml=busy
StapelMess t=1789644615347 strip=0,3 inner=0,3 ml=busy
StapelMess ml t=1789644615171 fertig=1789644615363 pcs=[]
StapelMess t=1789644615376 strip=0,1 inner=0,1 ml=start
StapelMess t=1789644615417 strip=0,1 inner=0,1 ml=busy
StapelMess t=1789644615448 strip=0,4 inner=0,5 ml=busy
StapelMess t=1789644615480 strip=0,1 inner=0,1 ml=busy
StapelMess ml t=1789644615376 fertig=1789644615511 pcs=[]
StapelMess t=1789644615512 strip=0,1 inner=0,1 ml=start
StapelMess t=1789644615545 strip=0,3 inner=0,3 ml=busy
StapelMess t=1789644615583 strip=0,1 inner=0,1 ml=busy
StapelMess t=1789644615615 strip=0,1 inner=0,1 ml=busy
StapelMess ml t=1789644615512 fertig=1789644615642 pcs=[]
StapelMess t=1789644615647 strip=0,3 inner=0,3 ml=start
StapelMess t=1789644615680 strip=0,1 inner=0,1 ml=busy
StapelMess t=1789644615713 strip=0,1 inner=0,1 ml=busy
StapelMess t=1789644615747 strip=0,1 inner=0,1 ml=busy
StapelMess t=1789644615782 strip=0,3 inner=0,4 ml=busy
StapelMess t=1789644615816 strip=0,1 inner=0,2 ml=busy
StapelMess ml t=1789644615647 fertig=1789644615831 pcs=[]
StapelMess t=1789644615862 strip=0,1 inner=0,1 ml=start
StapelMess t=1789644615880 strip=0,3 inner=0,1 ml=busy
StapelMess t=1789644615913 strip=0,8 inner=0,2 ml=busy
StapelMess t=1789644615950 strip=0,1 inner=0,1 ml=busy
StapelMess t=1789644615982 strip=0,6 inner=0,2 ml=busy
StapelMess ml t=1789644615862 fertig=1789644615997 pcs=[]
StapelMess t=1789644616012 strip=0,1 inner=0,2 ml=start
StapelMess t=1789644616049 strip=0,6 inner=0,2 ml=busy
StapelMess t=1789644616080 strip=58,0 inner=20,3 ml=busy
StapelMess t=1789644616114 strip=95,5 inner=31,2 ml=busy
StapelMess ml t=1789644616012 fertig=1789644616149 pcs=[]
StapelMess t=1789644616148 strip=33,9 inner=20,9 ml=busy
StapelMess t=1789644616180 strip=32,7 inner=14,8 ml=start
StapelMess t=1789644616212 strip=15,4 inner=8,5 ml=busy
StapelMess t=1789644616250 strip=14,5 inner=7,6 ml=busy
StapelMess t=1789644616282 strip=1,4 inner=0,7 ml=busy
StapelMess t=1789644616314 strip=0,7 inner=0,5 ml=busy
StapelMess t=1789644616351 strip=0,3 inner=0,3 ml=busy
StapelMess t=1789644616385 strip=0,8 inner=0,4 ml=busy
StapelMess t=1789644616412 strip=0,9 inner=0,5 ml=busy
StapelScan t=1789644616416 diff=10,7 pcs=[]
StapelMess ml t=1789644616180 fertig=1789644616417 pcs=[]
StapelMess t=1789644616447 strip=0,5 inner=0,4 ml=start
StapelMess t=1789644616485 strip=0,4 inner=0,5 ml=busy
StapelMess t=1789644616525 strip=0,5 inner=0,3 ml=busy
StapelMess t=1789644616546 strip=0,2 inner=0,1 ml=busy
StapelMess t=1789644616578 strip=0,4 inner=0,4 ml=busy
StapelScan t=1789644616604 diff=12,7 pcs=[]
StapelMess ml t=1789644616447 fertig=1789644616604 pcs=[]
StapelMess t=1789644616615 strip=0,2 inner=0,1 ml=start
StapelMess t=1789644616646 strip=0,1 inner=0,1 ml=busy
StapelMess t=1789644616679 strip=0,1 inner=0,2 ml=busy
StapelMess t=1789644616713 strip=0,1 inner=0,1 ml=busy
StapelMess t=1789644616751 strip=0,1 inner=0,2 ml=busy
StapelMess t=1789644616777 strip=0,1 inner=0,1 ml=busy
StapelMess ml t=1789644616615 fertig=1789644616780 pcs=[]
StapelMess t=1789644616813 strip=0,1 inner=0,1 ml=start
StapelMess t=1789644616847 strip=0,5 inner=0,6 ml=busy
StapelMess t=1789644616884 strip=0,2 inner=0,2 ml=busy
StapelMess t=1789644616914 strip=0,2 inner=0,1 ml=busy
StapelMess t=1789644616945 strip=0,2 inner=0,1 ml=busy
StapelMess ml t=1789644616813 fertig=1789644616961 pcs=[]
StapelMess t=1789644616979 strip=0,1 inner=0,1 ml=start
StapelMess t=1789644617013 strip=0,1 inner=0,1 ml=busy
StapelMess t=1789644617045 strip=0,1 inner=0,1 ml=busy
StapelMess t=1789644617083 strip=0,1 inner=0,1 ml=busy
StapelMess t=1789644617119 strip=0,2 inner=0,2 ml=busy
StapelMess ml t=1789644616979 fertig=1789644617130 pcs=[]
StapelScan diff=1,2 dauer=187 entscheidung=Meldung
StapelMess t=1789644617151 strip=0,2 inner=0,2 ml=start
StapelMess t=1789644617179 strip=0,1 inner=0,1 ml=busy
StapelMess t=1789644617218 strip=0,1 inner=0,1 ml=busy
StapelMess t=1789644617252 strip=0,3 inner=0,4 ml=busy
StapelMess t=1789644617280 strip=0,1 inner=0,2 ml=busy
StapelMess ml t=1789644617151 fertig=1789644617293 pcs=[]
StapelMess t=1789644617312 strip=0,2 inner=0,2 ml=start
StapelMess t=1789644617345 strip=0,1 inner=0,1 ml=busy
StapelMess t=1789644617379 strip=0,1 inner=0,1 ml=busy
StapelMess t=1789644617417 strip=0,1 inner=0,1 ml=busy
StapelMess t=1789644617446 strip=0,2 inner=0,2 ml=busy
StapelMess ml t=1789644617312 fertig=1789644617466 pcs=[]
StapelMess t=1789644617480 strip=0,1 inner=0,1 ml=start
StapelMess t=1789644617511 strip=0,1 inner=0,2 ml=busy
StapelMess t=1789644617551 strip=0,3 inner=0,4 ml=busy
StapelMess t=1789644617579 strip=0,1 inner=0,1 ml=busy
StapelMess t=1789644617614 strip=0,1 inner=0,1 ml=busy
StapelMess ml t=1789644617480 fertig=1789644617633 pcs=[]
StapelMess t=1789644617645 strip=0,1 inner=0,1 ml=start
StapelMess t=1789644617678 strip=0,1 inner=0,1 ml=busy
StapelMess t=1789644617712 strip=0,1 inner=0,1 ml=busy
StapelMess t=1789644617747 strip=0,3 inner=0,3 ml=busy
StapelMess t=1789644617778 strip=0,4 inner=0,4 ml=busy
StapelMess ml t=1789644617645 fertig=1789644617796 pcs=[]
StapelMess t=1789644617818 strip=0,1 inner=0,1 ml=start
StapelMess t=1789644617844 strip=0,1 inner=0,1 ml=busy
StapelMess t=1789644617881 strip=0,1 inner=0,1 ml=busy
StapelMess t=1789644617918 strip=0,1 inner=0,1 ml=busy
StapelMess t=1789644617947 strip=0,1 inner=0,1 ml=busy
StapelMess ml t=1789644617818 fertig=1789644617969 pcs=[47643326:in]
StapelMess t=1789644617979 strip=0,1 inner=0,1 ml=start
StapelMess t=1789644618013 strip=0,1 inner=0,1 ml=busy
StapelMess t=1789644618050 strip=0,1 inner=0,1 ml=busy
StapelMess t=1789644618083 strip=0,1 inner=0,1 ml=busy
StapelMess t=1789644618113 strip=0,1 inner=0,1 ml=busy
StapelMess t=1789644618143 strip=0,1 inner=0,1 ml=busy
StapelMess ml t=1789644617979 fertig=1789644618153 pcs=[]
StapelMess t=1789644618179 strip=0,1 inner=0,1 ml=start
StapelMess t=1789644618212 strip=0,1 inner=0,1 ml=busy
StapelMess t=1789644618243 strip=0,1 inner=0,1 ml=busy
StapelMess t=1789644618280 strip=0,1 inner=0,1 ml=busy
StapelMess t=1789644618309 strip=0,1 inner=0,1 ml=busy
StapelMess ml t=1789644618179 fertig=1789644618328 pcs=[]
StapelMess t=1789644618346 strip=0,1 inner=0,1 ml=start
StapelMess t=1789644618383 strip=0,1 inner=0,1 ml=busy
StapelMess t=1789644618413 strip=0,1 inner=0,1 ml=busy
StapelMess t=1789644618448 strip=0,1 inner=0,1 ml=busy
StapelMess t=1789644618478 strip=0,1 inner=0,1 ml=busy
StapelMess ml t=1789644618346 fertig=1789644618489 pcs=[]
StapelMess t=1789644618512 strip=0,1 inner=0,1 ml=start
StapelMess t=1789644618546 strip=0,1 inner=0,1 ml=busy
StapelMess t=1789644618596 strip=0,1 inner=0,1 ml=busy
StapelMess t=1789644618624 strip=0,1 inner=0,1 ml=busy
StapelMess t=1789644618650 strip=0,1 inner=0,1 ml=busy
StapelMess ml t=1789644618512 fertig=1789644618673 pcs=[]
StapelMess t=1789644618680 strip=0,1 inner=0,1 ml=start
StapelMess t=1789644618711 strip=0,1 inner=0,1 ml=busy
StapelMess t=1789644618745 strip=0,1 inner=0,1 ml=busy
StapelMess t=1789644618778 strip=0,1 inner=0,1 ml=busy
StapelMess t=1789644618811 strip=0,1 inner=0,1 ml=busy
StapelMess ml t=1789644618680 fertig=1789644618831 pcs=[]
StapelMess t=1789644618849 strip=0,1 inner=0,1 ml=start
StapelMess t=1789644618877 strip=0,1 inner=0,1 ml=busy
StapelMess t=1789644618911 strip=0,1 inner=0,1 ml=busy
StapelMess t=1789644618950 strip=0,1 inner=0,1 ml=busy
StapelMess t=1789644618981 strip=0,1 inner=0,1 ml=busy
StapelMess ml t=1789644618849 fertig=1789644619001 pcs=[]
StapelMess t=1789644619011 strip=0,1 inner=0,1 ml=start
StapelMess t=1789644619046 strip=0,1 inner=0,1 ml=busy
StapelMess t=1789644619079 strip=0,1 inner=0,1 ml=busy
StapelMess t=1789644619113 strip=0,1 inner=0,1 ml=busy
StapelMess t=1789644619144 strip=0,1 inner=0,1 ml=busy
StapelMess ml t=1789644619011 fertig=1789644619163 pcs=[]
StapelMess t=1789644619177 strip=0,1 inner=0,1 ml=start
StapelMess t=1789644619211 strip=0,1 inner=0,1 ml=busy
StapelMess t=1789644619250 strip=0,1 inner=0,1 ml=busy
StapelMess t=1789644619280 strip=0,1 inner=0,1 ml=busy
StapelMess t=1789644619311 strip=0,1 inner=0,1 ml=busy
StapelMess ml t=1789644619177 fertig=1789644619327 pcs=[]
StapelMess t=1789644619350 strip=0,1 inner=0,1 ml=start
StapelMess t=1789644619385 strip=0,1 inner=0,1 ml=busy
StapelMess t=1789644619411 strip=0,1 inner=0,2 ml=busy
StapelMess t=1789644619444 strip=0,1 inner=0,1 ml=busy
StapelMess t=1789644619475 strip=0,1 inner=0,2 ml=busy
StapelMess ml t=1789644619350 fertig=1789644619510 pcs=[]
StapelMess t=1789644619510 strip=0,1 inner=0,1 ml=start
StapelMess t=1789644619544 strip=0,1 inner=0,1 ml=busy
StapelMess t=1789644619577 strip=0,1 inner=0,1 ml=busy
StapelMess t=1789644619613 strip=0,4 inner=0,4 ml=busy
StapelMess t=1789644619645 strip=0,3 inner=0,4 ml=busy
StapelMess ml t=1789644619510 fertig=1789644619656 pcs=[]
StapelMess t=1789644619683 strip=0,1 inner=0,2 ml=start
StapelMess t=1789644619711 strip=0,2 inner=0,2 ml=busy
StapelMess t=1789644619743 strip=0,5 inner=0,4 ml=busy
StapelMess t=1789644619779 strip=0,2 inner=0,2 ml=busy
StapelMess t=1789644619811 strip=1,3 inner=1,0 ml=busy
StapelMess ml t=1789644619683 fertig=1789644619828 pcs=[]
StapelMess t=1789644619851 strip=0,2 inner=0,2 ml=start
StapelMess t=1789644619879 strip=0,1 inner=0,2 ml=busy
StapelMess t=1789644619912 strip=0,1 inner=0,1 ml=busy
StapelMess t=1789644619944 strip=0,1 inner=0,1 ml=busy
StapelMess t=1789644619979 strip=0,1 inner=0,2 ml=busy
StapelMess ml t=1789644619851 fertig=1789644620002 pcs=[]
StapelMess t=1789644620011 strip=0,1 inner=0,2 ml=start
StapelMess t=1789644620046 strip=0,4 inner=0,4 ml=busy
StapelMess t=1789644620085 strip=0,1 inner=0,1 ml=busy
StapelMess t=1789644620117 strip=0,1 inner=0,1 ml=busy
StapelMess t=1789644620145 strip=0,1 inner=0,1 ml=busy
StapelMess ml t=1789644620011 fertig=1789644620164 pcs=[]
StapelMess t=1789644620180 strip=0,1 inner=0,2 ml=start
StapelMess t=1789644620215 strip=0,1 inner=0,1 ml=busy
StapelMess t=1789644620247 strip=0,1 inner=0,1 ml=busy
StapelMess t=1789644620278 strip=0,1 inner=0,2 ml=busy
StapelMess t=1789644620312 strip=0,1 inner=0,1 ml=busy
StapelMess ml t=1789644620180 fertig=1789644620336 pcs=[]
StapelMess t=1789644620343 strip=0,1 inner=0,1 ml=start
StapelMess t=1789644620380 strip=0,1 inner=0,1 ml=busy
StapelMess t=1789644620413 strip=0,1 inner=0,1 ml=busy
StapelMess t=1789644620447 strip=0,1 inner=0,1 ml=busy
StapelMess t=1789644620478 strip=0,1 inner=0,1 ml=busy
StapelMess ml t=1789644620343 fertig=1789644620494 pcs=[]
StapelMess t=1789644620510 strip=0,1 inner=0,1 ml=start
StapelMess t=1789644620545 strip=0,2 inner=0,2 ml=busy
StapelMess t=1789644620587 strip=2,1 inner=0,6 ml=busy
StapelMess t=1789644620614 strip=1,1 inner=0,5 ml=busy
StapelMess t=1789644620642 strip=1,0 inner=0,3 ml=busy
StapelMess ml t=1789644620510 fertig=1789644620668 pcs=[]
StapelMess t=1789644620674 strip=0,6 inner=0,3 ml=start
StapelMess t=1789644620715 strip=1,1 inner=0,3 ml=busy
StapelMess t=1789644620742 strip=3,3 inner=1,1 ml=busy
StapelMess t=1789644620778 strip=0,6 inner=0,2 ml=busy
StapelMess t=1789644620809 strip=0,5 inner=0,2 ml=busy
StapelMess ml t=1789644620674 fertig=1789644620823 pcs=[]
StapelMess t=1789644620845 strip=0,5 inner=0,3 ml=start
StapelMess t=1789644620880 strip=0,1 inner=0,1 ml=busy
StapelMess t=1789644620912 strip=0,5 inner=0,3 ml=busy
StapelMess t=1789644620951 strip=0,2 inner=0,2 ml=busy
StapelMess t=1789644620976 strip=0,3 inner=0,3 ml=busy
StapelMess ml t=1789644620845 fertig=1789644620994 pcs=[]
StapelMess t=1789644621009 strip=0,2 inner=0,1 ml=start
StapelMess t=1789644621050 strip=0,2 inner=0,2 ml=busy
StapelMess t=1789644621076 strip=0,1 inner=0,1 ml=busy
StapelMess t=1789644621112 strip=0,1 inner=0,1 ml=busy
StapelMess t=1789644621143 strip=0,1 inner=0,1 ml=busy
StapelMess ml t=1789644621009 fertig=1789644621151 pcs=[]
StapelMess t=1789644621179 strip=0,1 inner=0,1 ml=start
StapelMess t=1789644621210 strip=0,1 inner=0,1 ml=busy
StapelMess t=1789644621243 strip=0,1 inner=0,1 ml=busy
StapelMess t=1789644621286 strip=0,1 inner=0,1 ml=busy
StapelMess t=1789644621318 strip=0,1 inner=0,1 ml=busy
StapelMess ml t=1789644621179 fertig=1789644621336 pcs=[]
StapelMess t=1789644621347 strip=0,6 inner=0,6 ml=start
StapelMess t=1789644621381 strip=0,1 inner=0,1 ml=busy
StapelMess t=1789644621408 strip=0,1 inner=0,2 ml=busy
StapelMess t=1789644621445 strip=0,1 inner=0,1 ml=busy
StapelMess t=1789644621479 strip=0,1 inner=0,1 ml=busy
StapelMess ml t=1789644621347 fertig=1789644621497 pcs=[]
StapelMess t=1789644621511 strip=0,1 inner=0,1 ml=start
StapelMess t=1789644621544 strip=0,1 inner=0,2 ml=busy
StapelMess t=1789644621578 strip=0,1 inner=0,1 ml=busy
StapelMess t=1789644621611 strip=0,1 inner=0,1 ml=busy
StapelMess t=1789644621648 strip=0,1 inner=0,1 ml=busy
StapelMess ml t=1789644621511 fertig=1789644621669 pcs=[]
StapelMess t=1789644621682 strip=0,1 inner=0,1 ml=start
StapelMess t=1789644621710 strip=0,1 inner=0,1 ml=busy
StapelMess t=1789644621744 strip=0,1 inner=0,1 ml=busy
StapelMess t=1789644621778 strip=0,1 inner=0,1 ml=busy
StapelMess t=1789644621815 strip=0,1 inner=0,1 ml=busy
StapelMess ml t=1789644621682 fertig=1789644621836 pcs=[]
StapelMess t=1789644621848 strip=0,2 inner=0,2 ml=start
StapelMess t=1789644621877 strip=0,1 inner=0,1 ml=busy
StapelMess t=1789644621910 strip=0,1 inner=0,1 ml=busy
StapelMess t=1789644621944 strip=0,1 inner=0,1 ml=busy
StapelMess t=1789644621974 strip=0,1 inner=0,1 ml=busy
StapelMess ml t=1789644621848 fertig=1789644622009 pcs=[]
StapelMess t=1789644622009 strip=0,1 inner=0,1 ml=start
StapelMess t=1789644622046 strip=0,1 inner=0,1 ml=busy
StapelMess t=1789644622081 strip=0,1 inner=0,1 ml=busy
StapelMess t=1789644622113 strip=0,1 inner=0,1 ml=busy
StapelMess t=1789644622143 strip=0,1 inner=0,2 ml=busy
StapelMess ml t=1789644622009 fertig=1789644622155 pcs=[]
StapelMess t=1789644622175 strip=0,1 inner=0,2 ml=start
StapelMess t=1789644622210 strip=0,1 inner=0,1 ml=busy
StapelMess t=1789644622242 strip=0,3 inner=0,4 ml=busy
StapelMess t=1789644622279 strip=0,1 inner=0,1 ml=busy
StapelMess t=1789644622309 strip=0,1 inner=0,1 ml=busy
StapelMess ml t=1789644622175 fertig=1789644622323 pcs=[]
StapelMess t=1789644622343 strip=0,2 inner=0,1 ml=start
StapelMess t=1789644622383 strip=0,3 inner=0,3 ml=busy
StapelMess t=1789644622410 strip=0,1 inner=0,1 ml=busy
StapelMess t=1789644622442 strip=0,1 inner=0,1 ml=busy
StapelMess t=1789644622475 strip=0,6 inner=0,2 ml=busy
StapelMess ml t=1789644622343 fertig=1789644622484 pcs=[]
StapelMess t=1789644622513 strip=0,6 inner=0,3 ml=start
StapelMess t=1789644622548 strip=0,4 inner=0,4 ml=busy
StapelMess t=1789644622576 strip=27,9 inner=5,9 ml=busy
StapelMess t=1789644622610 strip=36,5 inner=20,0 ml=busy
StapelMess t=1789644622648 strip=84,6 inner=37,4 ml=busy
StapelMess t=1789644622676 strip=4,6 inner=11,8 ml=busy
StapelMess t=1789644622713 strip=2,9 inner=7,1 ml=busy
StapelMess t=1789644622743 strip=7,0 inner=12,0 ml=busy
StapelMess t=1789644622774 strip=19,5 inner=12,9 ml=busy
StapelMess t=1789644622813 strip=4,8 inner=4,0 ml=busy
StapelMess t=1789644622843 strip=2,4 inner=2,8 ml=busy
StapelMess ml t=1789644622513 fertig=1789644622858 pcs=[47643326:in]
StapelMess t=1789644622877 strip=1,3 inner=1,0 ml=start
StapelMess t=1789644622909 strip=1,1 inner=0,9 ml=busy
StapelMess t=1789644622942 strip=1,2 inner=1,0 ml=busy
StapelMess t=1789644622977 strip=0,5 inner=0,3 ml=busy
StapelMess t=1789644623008 strip=0,2 inner=0,2 ml=busy
StapelMess t=1789644623042 strip=0,3 inner=0,2 ml=busy
StapelMess t=1789644623076 strip=0,3 inner=0,2 ml=busy
StapelMess t=1789644623108 strip=0,1 inner=0,1 ml=busy
StapelMess t=1789644623141 strip=0,1 inner=0,1 ml=busy
StapelMess t=1789644623176 strip=0,2 inner=0,1 ml=busy
StapelMess t=1789644623207 strip=0,1 inner=0,1 ml=busy
StapelScan t=1789644623221 diff=11,5 pcs=[47643326]
StapelMess ml t=1789644622877 fertig=1789644623221 pcs=[47643326:in]
StapelMess t=1789644623249 strip=0,1 inner=0,1 ml=start
StapelMess t=1789644623281 strip=0,1 inner=0,1 ml=busy
StapelMess t=1789644623312 strip=0,1 inner=0,1 ml=busy
StapelMess t=1789644623345 strip=0,1 inner=0,1 ml=busy
StapelMess t=1789644623373 strip=0,1 inner=0,1 ml=busy
StapelMess t=1789644623407 strip=0,1 inner=0,1 ml=busy
StapelMess t=1789644623441 strip=0,1 inner=0,1 ml=busy
StapelMess t=1789644623480 strip=0,1 inner=0,1 ml=busy
StapelMess t=1789644623509 strip=0,1 inner=0,1 ml=busy
StapelMess t=1789644623540 strip=0,1 inner=0,1 ml=busy
StapelMess t=1789644623577 strip=0,1 inner=0,1 ml=busy
StapelScan t=1789644623586 diff=6,0 pcs=[47643326]
StapelMess ml t=1789644623249 fertig=1789644623586 pcs=[47643326:in]
StapelMess t=1789644623608 strip=0,1 inner=0,1 ml=start
StapelMess t=1789644623641 strip=0,1 inner=0,1 ml=busy
StapelMess t=1789644623680 strip=0,1 inner=0,1 ml=busy
StapelMess t=1789644623708 strip=0,1 inner=0,1 ml=busy
StapelMess t=1789644623742 strip=0,1 inner=0,1 ml=busy
StapelMess t=1789644623774 strip=0,1 inner=0,1 ml=busy
StapelMess t=1789644623807 strip=0,1 inner=0,1 ml=busy
StapelMess t=1789644623843 strip=0,1 inner=0,1 ml=busy
StapelMess t=1789644623875 strip=0,1 inner=0,1 ml=busy
StapelMess t=1789644623907 strip=0,1 inner=0,1 ml=busy
StapelMess t=1789644623940 strip=0,1 inner=0,2 ml=busy
StapelMess ml t=1789644623608 fertig=1789644623954 pcs=[47643326:in]
MlScan confirmed card 47643326 t=1789644623954
StapelMess t=1789644623995 strip=0,5 inner=0,6 ml=start
StapelMess t=1789644624014 strip=0,1 inner=0,1 ml=busy
StapelMess t=1789644624044 strip=0,1 inner=0,1 ml=busy
StapelMess t=1789644624089 strip=0,3 inner=0,4 ml=busy
StapelMess t=1789644624152 strip=0,1 inner=0,1 ml=busy
StapelMess t=1789644624160 strip=0,4 inner=0,4 ml=busy
StapelMess t=1789644624179 strip=0,1 inner=0,1 ml=busy
StapelMess t=1789644624214 strip=0,2 inner=0,2 ml=busy
StapelMess t=1789644624242 strip=0,1 inner=0,1 ml=busy
StapelMess t=1789644624274 strip=0,2 inner=0,2 ml=busy
StapelMess t=1789644624306 strip=0,1 inner=0,1 ml=busy
StapelMess t=1789644624341 strip=0,1 inner=0,1 ml=busy
StapelMess t=1789644624377 strip=0,2 inner=0,2 ml=busy
StapelMess ml t=1789644623995 fertig=1789644624395 pcs=[47643326:in]
StapelScan diff=1,3 dauer=365 entscheidung=Meldung
StapelMess t=1789644624409 strip=0,1 inner=0,2 ml=start
StapelMess t=1789644624446 strip=0,1 inner=0,1 ml=busy
StapelMess t=1789644624477 strip=0,4 inner=0,4 ml=busy
StapelMess t=1789644624507 strip=0,1 inner=0,1 ml=busy
StapelMess t=1789644624540 strip=0,1 inner=0,1 ml=busy
StapelMess t=1789644624573 strip=0,1 inner=0,1 ml=busy
StapelMess t=1789644624608 strip=0,1 inner=0,1 ml=busy
StapelMess t=1789644624640 strip=0,1 inner=0,1 ml=busy
StapelMess t=1789644624678 strip=0,1 inner=0,1 ml=busy
StapelMess t=1789644624711 strip=0,1 inner=0,1 ml=busy
StapelMess t=1789644624750 strip=0,1 inner=0,1 ml=busy
StapelMess ml t=1789644624409 fertig=1789644624752 pcs=[47643326:in]
StapelMess t=1789644624779 strip=0,1 inner=0,1 ml=start
StapelMess t=1789644624812 strip=0,1 inner=0,1 ml=busy
StapelMess t=1789644624845 strip=0,1 inner=0,1 ml=busy
StapelMess t=1789644624878 strip=0,1 inner=0,1 ml=busy
StapelMess t=1789644624907 strip=0,1 inner=0,1 ml=busy
StapelMess t=1789644624939 strip=0,1 inner=0,1 ml=busy
StapelMess t=1789644624976 strip=0,1 inner=0,1 ml=busy
StapelMess t=1789644625008 strip=0,3 inner=0,4 ml=busy
StapelMess t=1789644625041 strip=0,2 inner=0,2 ml=busy
StapelMess t=1789644625082 strip=0,1 inner=0,1 ml=busy
StapelMess t=1789644625106 strip=0,1 inner=0,1 ml=busy
StapelMess ml t=1789644624779 fertig=1789644625123 pcs=[47643326:in]
StapelMess t=1789644625142 strip=0,1 inner=0,1 ml=start
StapelMess t=1789644625178 strip=0,1 inner=0,1 ml=busy
StapelMess t=1789644625208 strip=0,1 inner=0,1 ml=busy
StapelMess t=1789644625241 strip=0,2 inner=0,2 ml=busy
StapelMess t=1789644625274 strip=0,1 inner=0,1 ml=busy
StapelMess t=1789644625307 strip=0,1 inner=0,1 ml=busy
StapelMess t=1789644625340 strip=0,1 inner=0,1 ml=busy
StapelMess t=1789644625377 strip=0,4 inner=0,4 ml=busy
StapelMess t=1789644625416 strip=0,1 inner=0,1 ml=busy
StapelMess t=1789644625438 strip=0,1 inner=0,1 ml=busy
StapelMess t=1789644625477 strip=0,1 inner=0,1 ml=busy
StapelMess ml t=1789644625142 fertig=1789644625488 pcs=[47643326:in]
StapelMess t=1789644625505 strip=0,2 inner=0,2 ml=start
StapelMess t=1789644625541 strip=0,1 inner=0,1 ml=busy
StapelMess t=1789644625574 strip=0,4 inner=0,5 ml=busy
StapelMess t=1789644625606 strip=0,2 inner=0,1 ml=busy
StapelMess t=1789644625645 strip=0,2 inner=0,1 ml=busy
StapelMess t=1789644625674 strip=0,3 inner=0,2 ml=busy
StapelMess t=1789644625706 strip=0,4 inner=0,3 ml=busy
StapelMess t=1789644625748 strip=0,4 inner=0,3 ml=busy
StapelMess t=1789644625779 strip=0,3 inner=0,3 ml=busy
StapelMess t=1789644625805 strip=0,4 inner=0,4 ml=busy
StapelMess t=1789644625842 strip=0,4 inner=0,3 ml=busy
StapelMess ml t=1789644625505 fertig=1789644625843 pcs=[47643326:in]
StapelMess t=1789644625874 strip=0,3 inner=0,4 ml=start
StapelMess t=1789644625907 strip=0,6 inner=0,6 ml=busy
StapelMess t=1789644625940 strip=0,2 inner=0,8 ml=busy
StapelMess t=1789644625978 strip=1,0 inner=2,0 ml=busy
StapelMess t=1789644626006 strip=0,4 inner=2,2 ml=busy
StapelMess t=1789644626044 strip=0,5 inner=3,0 ml=busy
StapelMess t=1789644626074 strip=3,9 inner=4,8 ml=busy
StapelMess t=1789644626107 strip=0,8 inner=4,6 ml=busy
StapelMess t=1789644626142 strip=0,9 inner=7,7 ml=busy
StapelMess t=1789644626177 strip=1,3 inner=9,6 ml=busy
StapelMess t=1789644626213 strip=2,7 inner=10,7 ml=busy
StapelScan t=1789644626225 diff=7,1 pcs=[47643326]
StapelMess ml t=1789644625874 fertig=1789644626225 pcs=[47643326:in]
StapelMess t=1789644626247 strip=1,5 inner=7,5 ml=start
StapelMess t=1789644626273 strip=8,7 inner=11,7 ml=busy
StapelMess t=1789644626307 strip=0,9 inner=7,0 ml=busy
StapelMess t=1789644626339 strip=5,0 inner=6,1 ml=busy
StapelMess t=1789644626371 strip=1,0 inner=6,4 ml=busy
StapelScan t=1789644626396 diff=33,8 pcs=[]
StapelMess ml t=1789644626247 fertig=1789644626397 pcs=[]
StapelMess t=1789644626406 strip=3,4 inner=8,1 ml=start
StapelMess t=1789644626440 strip=4,1 inner=8,3 ml=busy
StapelMess t=1789644626474 strip=4,6 inner=11,6 ml=busy
StapelMess t=1789644626507 strip=6,5 inner=12,5 ml=busy
StapelMess t=1789644626547 strip=11,7 inner=14,0 ml=busy
StapelMess t=1789644626571 strip=9,9 inner=11,2 ml=busy
StapelMess t=1789644626605 strip=8,4 inner=9,2 ml=busy
StapelScan t=1789644626615 diff=25,0 pcs=[]
StapelMess ml t=1789644626406 fertig=1789644626616 pcs=[]
StapelMess t=1789644626642 strip=9,2 inner=7,9 ml=start
StapelMess t=1789644626675 strip=5,3 inner=5,3 ml=busy
StapelMess t=1789644626713 strip=2,6 inner=3,8 ml=busy
StapelMess t=1789644626739 strip=2,5 inner=2,6 ml=busy
StapelMess t=1789644626775 strip=4,3 inner=2,9 ml=busy
StapelScan t=1789644626784 diff=32,6 pcs=[]
StapelMess ml t=1789644626642 fertig=1789644626784 pcs=[]
StapelMess t=1789644626806 strip=1,6 inner=1,2 ml=start
StapelMess t=1789644626839 strip=1,2 inner=1,5 ml=busy
StapelMess t=1789644626874 strip=1,1 inner=1,0 ml=busy
StapelMess t=1789644626907 strip=3,1 inner=2,0 ml=busy
StapelScan t=1789644626939 diff=10,5 pcs=[]
StapelMess ml t=1789644626806 fertig=1789644626939 pcs=[]
StapelMess t=1789644626949 strip=2,0 inner=1,8 ml=start
StapelMess t=1789644626974 strip=2,6 inner=3,0 ml=busy
StapelMess t=1789644627005 strip=4,6 inner=5,3 ml=busy
StapelMess t=1789644627042 strip=9,6 inner=7,9 ml=busy
StapelMess t=1789644627076 strip=7,6 inner=6,4 ml=busy
StapelMess t=1789644627105 strip=4,3 inner=4,5 ml=busy
StapelScan t=1789644627117 diff=6,0 pcs=[]
StapelMess ml t=1789644626949 fertig=1789644627118 pcs=[]
StapelMess t=1789644627145 strip=3,2 inner=2,1 ml=start
StapelMess t=1789644627182 strip=5,2 inner=2,9 ml=busy
StapelMess t=1789644627208 strip=5,0 inner=3,7 ml=busy
StapelMess t=1789644627244 strip=5,0 inner=3,8 ml=busy
StapelMess t=1789644627281 strip=5,0 inner=2,8 ml=busy
StapelScan t=1789644627288 diff=15,6 pcs=[]
StapelMess ml t=1789644627145 fertig=1789644627288 pcs=[]
StapelMess t=1789644627311 strip=8,1 inner=4,3 ml=start
StapelMess t=1789644627339 strip=4,3 inner=2,9 ml=busy
StapelMess t=1789644627374 strip=4,4 inner=3,7 ml=busy
StapelMess t=1789644627413 strip=9,5 inner=5,6 ml=busy
StapelMess t=1789644627442 strip=5,5 inner=3,1 ml=busy
StapelMess t=1789644627479 strip=7,8 inner=3,5 ml=busy
StapelMess t=1789644627507 strip=7,8 inner=3,3 ml=busy
StapelScan t=1789644627515 diff=13,7 pcs=[]
StapelMess ml t=1789644627311 fertig=1789644627515 pcs=[]
StapelMess t=1789644627537 strip=6,3 inner=3,0 ml=start
StapelMess t=1789644627575 strip=4,7 inner=4,1 ml=busy
StapelMess t=1789644627617 strip=6,1 inner=3,4 ml=busy
StapelMess t=1789644627679 strip=6,5 inner=3,4 ml=busy
StapelMess t=1789644627687 strip=12,3 inner=5,4 ml=busy
StapelMess t=1789644627704 strip=10,8 inner=6,3 ml=busy
StapelScan t=1789644627747 diff=12,7 pcs=[]
StapelMess t=1789644627745 strip=9,0 inner=7,2 ml=busy
StapelMess ml t=1789644627537 fertig=1789644627747 pcs=[]
StapelMess t=1789644627778 strip=8,1 inner=8,0 ml=start
StapelMess t=1789644627805 strip=7,0 inner=9,1 ml=busy
StapelMess t=1789644627865 strip=6,8 inner=9,8 ml=busy
StapelMess t=1789644627893 strip=7,1 inner=9,8 ml=busy
StapelMess t=1789644627912 strip=9,8 inner=8,7 ml=busy
StapelScan t=1789644627931 diff=14,2 pcs=[]
StapelMess ml t=1789644627778 fertig=1789644627932 pcs=[]
StapelMess t=1789644627937 strip=10,4 inner=9,5 ml=start
StapelMess t=1789644627964 strip=12,2 inner=9,0 ml=busy
StapelMess t=1789644628003 strip=11,3 inner=9,5 ml=busy
StapelMess t=1789644628045 strip=20,3 inner=15,8 ml=busy
StapelScan t=1789644628072 diff=17,7 pcs=[]
StapelMess ml t=1789644627937 fertig=1789644628072 pcs=[]
StapelMess t=1789644628076 strip=21,9 inner=14,1 ml=start
StapelMess t=1789644628103 strip=7,7 inner=8,5 ml=busy
StapelMess t=1789644628133 strip=12,7 inner=12,1 ml=busy
StapelMess t=1789644628170 strip=30,5 inner=26,9 ml=busy
StapelMess t=1789644628209 strip=27,8 inner=29,7 ml=busy
StapelMess t=1789644628239 strip=18,1 inner=28,1 ml=busy
StapelScan t=1789644628249 diff=20,3 pcs=[]
StapelMess ml t=1789644628076 fertig=1789644628249 pcs=[]
StapelMess t=1789644628271 strip=11,1 inner=17,8 ml=start
StapelMess t=1789644628306 strip=4,7 inner=11,8 ml=busy
StapelMess t=1789644628344 strip=2,2 inner=11,1 ml=busy
StapelMess t=1789644628374 strip=2,8 inner=9,4 ml=busy
StapelScan t=1789644628404 diff=50,9 pcs=[]
StapelMess ml t=1789644628271 fertig=1789644628404 pcs=[]
StapelMess t=1789644628405 strip=4,0 inner=7,9 ml=start
StapelMess t=1789644628438 strip=2,4 inner=10,1 ml=busy
StapelMess t=1789644628478 strip=2,7 inner=8,9 ml=busy
StapelMess t=1789644628512 strip=2,9 inner=4,3 ml=busy
StapelMess t=1789644628539 strip=2,5 inner=2,3 ml=busy
StapelScan t=1789644628547 diff=24,8 pcs=[]
StapelMess ml t=1789644628405 fertig=1789644628547 pcs=[]
StapelMess t=1789644628571 strip=2,2 inner=1,3 ml=start
StapelMess t=1789644628606 strip=5,0 inner=4,1 ml=busy
StapelMess t=1789644628639 strip=2,7 inner=2,3 ml=busy
StapelMess t=1789644628678 strip=0,5 inner=0,3 ml=busy
StapelMess t=1789644628710 strip=1,1 inner=0,9 ml=busy
StapelMess t=1789644628738 strip=0,2 inner=0,2 ml=busy
StapelScan t=1789644628767 diff=31,4 pcs=[]
StapelMess ml t=1789644628571 fertig=1789644628768 pcs=[]
StapelMess t=1789644628775 strip=1,0 inner=0,9 ml=start
StapelMess t=1789644628806 strip=0,3 inner=0,2 ml=busy
StapelMess t=1789644628837 strip=0,7 inner=0,6 ml=busy
StapelMess t=1789644628871 strip=0,1 inner=0,1 ml=busy
StapelScan t=1789644628904 diff=9,1 pcs=[]
StapelMess ml t=1789644628775 fertig=1789644628904 pcs=[]
StapelMess t=1789644628911 strip=0,1 inner=0,1 ml=start
StapelMess t=1789644628937 strip=0,1 inner=0,1 ml=busy
StapelMess t=1789644628972 strip=0,1 inner=0,1 ml=busy
StapelMess t=1789644629007 strip=0,1 inner=0,1 ml=busy
StapelMess ml t=1789644628911 fertig=1789644629039 pcs=[]
StapelMess t=1789644629040 strip=0,1 inner=0,1 ml=start
StapelMess t=1789644629073 strip=0,1 inner=0,1 ml=busy
StapelMess t=1789644629107 strip=0,2 inner=0,2 ml=busy
StapelMess t=1789644629138 strip=0,1 inner=0,1 ml=busy
StapelMess t=1789644629171 strip=0,1 inner=0,1 ml=busy
StapelMess t=1789644629204 strip=0,2 inner=0,3 ml=busy
StapelMess ml t=1789644629040 fertig=1789644629231 pcs=[]
StapelScan diff=1,2 dauer=2678 entscheidung=Verworfen
StapelMess t=1789644629272 strip=0,1 inner=0,1 ml=start
StapelMess t=1789644629284 strip=0,1 inner=0,1 ml=busy
StapelMess t=1789644629309 strip=0,1 inner=0,1 ml=busy
StapelMess t=1789644629337 strip=0,1 inner=0,1 ml=busy
StapelMess t=1789644629371 strip=0,1 inner=0,1 ml=busy
StapelMess ml t=1789644629272 fertig=1789644629401 pcs=[]
StapelMess t=1789644629408 strip=0,2 inner=0,2 ml=start
StapelMess t=1789644629449 strip=0,3 inner=0,4 ml=busy
StapelMess t=1789644629497 strip=0,1 inner=0,1 ml=busy
StapelMess t=1789644629511 strip=0,1 inner=0,1 ml=busy
StapelMess t=1789644629551 strip=0,1 inner=0,1 ml=busy
StapelMess ml t=1789644629408 fertig=1789644629571 pcs=[]
StapelMess t=1789644629578 strip=0,1 inner=0,1 ml=start
StapelMess t=1789644629605 strip=0,3 inner=0,3 ml=busy
StapelMess t=1789644629639 strip=0,1 inner=0,1 ml=busy
StapelMess t=1789644629673 strip=0,1 inner=0,1 ml=busy
StapelMess t=1789644629704 strip=0,1 inner=0,1 ml=busy
StapelMess t=1789644629745 strip=0,1 inner=0,1 ml=busy
StapelMess ml t=1789644629578 fertig=1789644629768 pcs=[]
StapelMess t=1789644629770 strip=0,1 inner=0,1 ml=start
StapelMess t=1789644629804 strip=0,8 inner=0,8 ml=busy
StapelMess t=1789644629837 strip=0,4 inner=0,4 ml=busy
StapelMess t=1789644629882 strip=0,2 inner=0,3 ml=busy
StapelMess ml t=1789644629770 fertig=1789644629904 pcs=[]
StapelMess t=1789644629903 strip=1,3 inner=0,8 ml=busy
StapelMess t=1789644629939 strip=0,4 inner=0,5 ml=start
StapelMess t=1789644629973 strip=0,2 inner=0,2 ml=busy
StapelMess t=1789644630005 strip=0,5 inner=0,4 ml=busy
StapelMess t=1789644630038 strip=0,4 inner=0,4 ml=busy
StapelMess t=1789644630068 strip=0,3 inner=0,3 ml=busy
StapelMess ml t=1789644629939 fertig=1789644630084 pcs=[]
StapelMess t=1789644630096 strip=0,1 inner=0,1 ml=start
StapelMess t=1789644630137 strip=0,3 inner=0,2 ml=busy
StapelMess t=1789644630175 strip=0,3 inner=0,2 ml=busy
StapelMess t=1789644630205 strip=0,1 inner=0,1 ml=busy
StapelMess t=1789644630243 strip=0,1 inner=0,1 ml=busy
StapelMess t=1789644630269 strip=0,3 inner=0,4 ml=busy
StapelMess ml t=1789644630096 fertig=1789644630307 pcs=[]
StapelMess t=1789644630306 strip=0,1 inner=0,1 ml=start
StapelMess t=1789644630337 strip=0,1 inner=0,1 ml=busy
StapelMess t=1789644630371 strip=0,1 inner=0,1 ml=busy
StapelMess t=1789644630405 strip=0,1 inner=0,1 ml=busy
StapelMess ml t=1789644630306 fertig=1789644630435 pcs=[]
StapelMess t=1789644630438 strip=0,1 inner=0,1 ml=start
StapelMess t=1789644630475 strip=0,1 inner=0,1 ml=busy
StapelMess t=1789644630505 strip=0,1 inner=0,1 ml=busy
StapelMess t=1789644630540 strip=0,4 inner=0,5 ml=busy
StapelMess ml t=1789644630438 fertig=1789644630573 pcs=[]
StapelMess t=1789644630579 strip=0,1 inner=0,1 ml=start
StapelMess t=1789644630603 strip=0,1 inner=0,1 ml=busy
StapelMess t=1789644630650 strip=0,1 inner=0,1 ml=busy
StapelMess t=1789644630674 strip=0,1 inner=0,1 ml=busy
StapelMess t=1789644630703 strip=0,1 inner=0,1 ml=busy
StapelMess t=1789644630739 strip=0,1 inner=0,1 ml=busy
StapelMess ml t=1789644630579 fertig=1789644630771 pcs=[]
StapelMess t=1789644630775 strip=0,1 inner=0,1 ml=start
StapelMess t=1789644630805 strip=0,4 inner=0,5 ml=busy
StapelMess t=1789644630843 strip=0,2 inner=0,2 ml=busy
StapelMess t=1789644630871 strip=0,1 inner=0,1 ml=busy
StapelMess t=1789644630905 strip=0,1 inner=0,1 ml=busy
StapelMess ml t=1789644630775 fertig=1789644630913 pcs=[]
StapelMess t=1789644630937 strip=0,1 inner=0,1 ml=start
StapelMess t=1789644630969 strip=0,1 inner=0,1 ml=busy
StapelMess t=1789644631006 strip=0,1 inner=0,1 ml=busy
StapelMess t=1789644631039 strip=0,3 inner=0,3 ml=busy
StapelMess t=1789644631071 strip=0,1 inner=0,1 ml=busy
StapelMess ml t=1789644630937 fertig=1789644631075 pcs=[]
StapelMess t=1789644631104 strip=0,2 inner=0,2 ml=start
StapelMess t=1789644631146 strip=0,1 inner=0,1 ml=busy
StapelMess t=1789644631175 strip=0,1 inner=0,1 ml=busy
StapelMess t=1789644631204 strip=0,4 inner=0,4 ml=busy
StapelMess t=1789644631238 strip=0,1 inner=0,1 ml=busy
StapelMess t=1789644631274 strip=0,1 inner=0,1 ml=busy
StapelMess ml t=1789644631104 fertig=1789644631295 pcs=[]
StapelMess t=1789644631305 strip=0,1 inner=0,1 ml=start
StapelMess t=1789644631338 strip=0,1 inner=0,1 ml=busy
StapelMess t=1789644631375 strip=0,1 inner=0,1 ml=busy
StapelMess t=1789644631411 strip=0,1 inner=0,1 ml=busy
StapelMess t=1789644631434 strip=0,1 inner=0,1 ml=busy
StapelMess ml t=1789644631305 fertig=1789644631442 pcs=[]
StapelMess t=1789644631480 strip=0,1 inner=0,2 ml=start
StapelMess t=1789644631504 strip=0,1 inner=0,1 ml=busy
StapelMess t=1789644631536 strip=0,1 inner=0,1 ml=busy
StapelMess t=1789644631581 strip=0,1 inner=0,1 ml=busy
StapelMess t=1789644631612 strip=0,1 inner=0,1 ml=busy
StapelMess ml t=1789644631480 fertig=1789644631620 pcs=[]
StapelMess t=1789644631635 strip=0,1 inner=0,1 ml=start
StapelMess t=1789644631676 strip=0,1 inner=0,1 ml=busy
StapelMess t=1789644631710 strip=0,1 inner=0,1 ml=busy
StapelMess t=1789644631742 strip=0,1 inner=0,1 ml=busy
StapelMess t=1789644631781 strip=0,1 inner=0,1 ml=busy
StapelMess t=1789644631814 strip=0,1 inner=0,1 ml=busy
StapelMess ml t=1789644631635 fertig=1789644631833 pcs=[]
StapelMess t=1789644631835 strip=0,1 inner=0,1 ml=start
StapelMess t=1789644631869 strip=0,1 inner=0,1 ml=busy
StapelMess t=1789644631902 strip=0,1 inner=0,1 ml=busy
StapelMess t=1789644631939 strip=0,1 inner=0,1 ml=busy
StapelMess ml t=1789644631835 fertig=1789644631965 pcs=[]
StapelMess t=1789644631968 strip=0,1 inner=0,1 ml=start
StapelMess t=1789644632003 strip=0,1 inner=0,1 ml=busy
StapelMess t=1789644632041 strip=0,1 inner=0,1 ml=busy
StapelMess t=1789644632070 strip=0,1 inner=0,1 ml=busy
StapelMess ml t=1789644631968 fertig=1789644632105 pcs=[]
StapelMess t=1789644632107 strip=0,1 inner=0,1 ml=start
StapelMess t=1789644632135 strip=0,2 inner=0,1 ml=busy
StapelMess t=1789644632171 strip=0,2 inner=0,2 ml=busy
StapelMess t=1789644632201 strip=0,1 inner=0,2 ml=busy
StapelMess t=1789644632234 strip=1,0 inner=0,8 ml=busy
StapelMess t=1789644632269 strip=0,1 inner=0,3 ml=busy
StapelMess ml t=1789644632107 fertig=1789644632295 pcs=[]
StapelMess t=1789644632301 strip=1,5 inner=1,8 ml=start
StapelMess t=1789644632337 strip=0,8 inner=4,3 ml=busy
StapelMess t=1789644632368 strip=1,4 inner=5,1 ml=busy
StapelMess t=1789644632405 strip=2,0 inner=5,2 ml=busy
StapelScan t=1789644632434 diff=11,6 pcs=[]
StapelMess ml t=1789644632301 fertig=1789644632434 pcs=[]
StapelMess t=1789644632441 strip=1,7 inner=5,1 ml=start
StapelMess t=1789644632473 strip=3,4 inner=5,8 ml=busy
StapelMess t=1789644632504 strip=3,1 inner=5,3 ml=busy
StapelMess t=1789644632534 strip=2,1 inner=6,7 ml=busy
StapelMess t=1789644632568 strip=8,0 inner=7,6 ml=busy
StapelScan t=1789644632574 diff=16,8 pcs=[]
StapelMess ml t=1789644632441 fertig=1789644632575 pcs=[]
StapelMess t=1789644632614 strip=3,8 inner=7,5 ml=start
StapelMess t=1789644632644 strip=7,3 inner=8,6 ml=busy
StapelMess t=1789644632669 strip=8,5 inner=8,1 ml=busy
StapelMess t=1789644632707 strip=6,8 inner=5,2 ml=busy
StapelMess t=1789644632735 strip=4,0 inner=4,1 ml=busy
StapelMess t=1789644632777 strip=3,7 inner=4,3 ml=busy
StapelScan t=1789644632785 diff=25,0 pcs=[]
StapelMess ml t=1789644632614 fertig=1789644632785 pcs=[]
StapelMess t=1789644632806 strip=3,4 inner=4,2 ml=start
StapelMess t=1789644632837 strip=4,7 inner=3,9 ml=busy
StapelMess t=1789644632876 strip=3,4 inner=1,8 ml=busy
StapelMess t=1789644632907 strip=5,9 inner=3,1 ml=busy
StapelMess t=1789644632935 strip=11,6 inner=8,2 ml=busy
StapelScan t=1789644632956 diff=16,9 pcs=[]
StapelMess ml t=1789644632806 fertig=1789644632956 pcs=[]
StapelMess t=1789644632968 strip=15,1 inner=7,2 ml=start
StapelMess t=1789644633003 strip=12,4 inner=8,0 ml=busy
StapelMess t=1789644633036 strip=18,2 inner=10,0 ml=busy
StapelMess t=1789644633074 strip=8,2 inner=4,9 ml=busy
StapelScan t=1789644633100 diff=16,0 pcs=[]
StapelMess ml t=1789644632968 fertig=1789644633101 pcs=[]
StapelMess t=1789644633103 strip=6,8 inner=4,1 ml=start
StapelMess t=1789644633135 strip=15,5 inner=7,1 ml=busy
StapelMess t=1789644633170 strip=4,0 inner=5,2 ml=busy
StapelMess t=1789644633203 strip=13,4 inner=5,9 ml=busy
StapelMess t=1789644633236 strip=22,4 inner=11,6 ml=busy
StapelMess t=1789644633268 strip=12,9 inner=8,7 ml=busy
StapelScan t=1789644633278 diff=20,0 pcs=[]
StapelMess ml t=1789644633103 fertig=1789644633278 pcs=[]
StapelMess t=1789644633302 strip=6,0 inner=7,1 ml=start
StapelMess t=1789644633344 strip=13,1 inner=9,1 ml=busy
StapelMess t=1789644633376 strip=6,5 inner=7,7 ml=busy
StapelMess t=1789644633401 strip=3,8 inner=5,1 ml=busy
StapelMess t=1789644633440 strip=10,1 inner=7,6 ml=busy
StapelScan t=1789644633442 diff=23,3 pcs=[]
StapelMess ml t=1789644633302 fertig=1789644633443 pcs=[]
StapelMess t=1789644633475 strip=6,9 inner=6,3 ml=start
StapelMess t=1789644633506 strip=5,3 inner=6,9 ml=busy
StapelMess t=1789644633534 strip=4,7 inner=6,9 ml=busy
StapelMess t=1789644633573 strip=10,4 inner=8,9 ml=busy
StapelMess t=1789644633601 strip=5,4 inner=9,0 ml=busy
StapelScan t=1789644633610 diff=18,4 pcs=[]
StapelMess ml t=1789644633475 fertig=1789644633611 pcs=[]
StapelMess t=1789644633635 strip=4,3 inner=7,2 ml=start
StapelMess t=1789644633675 strip=4,2 inner=5,1 ml=busy
StapelMess t=1789644633704 strip=4,9 inner=4,1 ml=busy
StapelMess t=1789644633746 strip=2,9 inner=4,3 ml=busy
StapelMess t=1789644633768 strip=2,7 inner=3,5 ml=busy
StapelMess t=1789644633803 strip=6,0 inner=6,5 ml=busy
StapelScan t=1789644633826 diff=20,5 pcs=[]
StapelMess ml t=1789644633635 fertig=1789644633826 pcs=[]
StapelMess t=1789644633834 strip=13,2 inner=14,3 ml=start
StapelMess t=1789644633873 strip=3,4 inner=9,0 ml=busy
StapelMess t=1789644633902 strip=3,1 inner=12,3 ml=busy
StapelMess t=1789644633939 strip=2,4 inner=10,4 ml=busy
StapelScan t=1789644633967 diff=17,1 pcs=[]
StapelMess ml t=1789644633834 fertig=1789644633967 pcs=[]
StapelMess t=1789644633968 strip=2,4 inner=9,4 ml=start
StapelMess t=1789644634005 strip=5,3 inner=8,0 ml=busy
StapelMess t=1789644634033 strip=7,1 inner=7,2 ml=busy
StapelMess t=1789644634069 strip=3,8 inner=7,2 ml=busy
StapelMess t=1789644634102 strip=3,0 inner=9,5 ml=busy
StapelScan t=1789644634105 diff=18,8 pcs=[]
StapelMess ml t=1789644633968 fertig=1789644634105 pcs=[]
StapelMess t=1789644634135 strip=4,2 inner=8,6 ml=start
StapelMess t=1789644634170 strip=5,4 inner=7,4 ml=busy
StapelMess t=1789644634203 strip=1,8 inner=8,6 ml=busy
StapelMess t=1789644634234 strip=9,9 inner=13,4 ml=busy
StapelMess t=1789644634268 strip=8,7 inner=11,0 ml=busy
StapelMess t=1789644634303 strip=5,1 inner=8,3 ml=busy
StapelScan t=1789644634321 diff=16,6 pcs=[]
StapelMess ml t=1789644634135 fertig=1789644634321 pcs=[]
StapelMess t=1789644634335 strip=4,2 inner=6,4 ml=start
StapelMess t=1789644634374 strip=5,5 inner=6,8 ml=busy
StapelMess t=1789644634401 strip=11,3 inner=9,6 ml=busy
StapelMess t=1789644634433 strip=7,9 inner=10,9 ml=busy
StapelMess t=1789644634459 strip=11,1 inner=12,4 ml=busy
StapelScan t=1789644634481 diff=23,0 pcs=[]
StapelMess ml t=1789644634335 fertig=1789644634482 pcs=[]
StapelMess t=1789644634500 strip=5,6 inner=15,4 ml=start
StapelMess t=1789644634536 strip=4,2 inner=15,1 ml=busy
StapelMess t=1789644634568 strip=2,2 inner=10,5 ml=busy
StapelMess t=1789644634603 strip=2,5 inner=7,0 ml=busy
StapelScan t=1789644634635 diff=32,2 pcs=[]
StapelMess ml t=1789644634500 fertig=1789644634635 pcs=[]
StapelMess t=1789644634634 strip=3,0 inner=3,5 ml=start
StapelMess t=1789644634667 strip=6,5 inner=3,4 ml=busy
StapelMess t=1789644634701 strip=6,3 inner=3,8 ml=busy
StapelMess t=1789644634737 strip=6,0 inner=2,9 ml=busy
StapelMess t=1789644634774 strip=2,2 inner=1,3 ml=busy
StapelMess t=1789644634806 strip=3,0 inner=1,4 ml=busy
StapelScan t=1789644634825 diff=32,7 pcs=[]
StapelMess ml t=1789644634634 fertig=1789644634826 pcs=[]
StapelMess t=1789644634834 strip=1,7 inner=1,2 ml=start
StapelMess t=1789644634867 strip=1,7 inner=1,5 ml=busy
StapelMess t=1789644634905 strip=1,2 inner=1,1 ml=busy
StapelMess t=1789644634935 strip=1,9 inner=1,8 ml=busy
StapelScan t=1789644634968 diff=22,1 pcs=[]
StapelMess t=1789644634967 strip=1,0 inner=1,0 ml=busy
StapelMess ml t=1789644634834 fertig=1789644634968 pcs=[]
StapelMess t=1789644635006 strip=0,4 inner=0,2 ml=start
StapelMess t=1789644635038 strip=0,5 inner=0,3 ml=busy
StapelMess t=1789644635068 strip=0,4 inner=0,4 ml=busy
StapelMess t=1789644635103 strip=0,3 inner=0,2 ml=busy
StapelMess t=1789644635133 strip=0,6 inner=0,5 ml=busy
StapelScan t=1789644635139 diff=5,7 pcs=[]
StapelMess ml t=1789644635006 fertig=1789644635139 pcs=[]
StapelMess t=1789644635168 strip=0,4 inner=0,2 ml=start
StapelMess t=1789644635202 strip=0,3 inner=0,2 ml=busy
StapelMess t=1789644635240 strip=0,4 inner=0,5 ml=busy
StapelMess t=1789644635274 strip=0,2 inner=0,1 ml=busy
StapelMess t=1789644635302 strip=0,3 inner=0,3 ml=busy
StapelMess t=1789644635333 strip=0,1 inner=0,1 ml=busy
StapelMess t=1789644635368 strip=0,1 inner=0,1 ml=busy
StapelMess ml t=1789644635168 fertig=1789644635381 pcs=[]
StapelMess t=1789644635405 strip=0,1 inner=0,1 ml=start
StapelMess t=1789644635435 strip=0,1 inner=0,1 ml=busy
StapelMess t=1789644635470 strip=0,1 inner=0,1 ml=busy
StapelMess t=1789644635501 strip=0,1 inner=0,1 ml=busy
StapelMess t=1789644635532 strip=0,1 inner=0,1 ml=busy
StapelMess ml t=1789644635405 fertig=1789644635541 pcs=[]
StapelScan diff=2,8 dauer=2704 entscheidung=Verworfen
StapelMess t=1789644635574 strip=0,1 inner=0,1 ml=start
StapelMess t=1789644635606 strip=0,2 inner=0,3 ml=busy
StapelMess t=1789644635637 strip=0,2 inner=0,2 ml=busy
StapelMess t=1789644635668 strip=0,1 inner=0,1 ml=busy
StapelMess t=1789644635701 strip=0,1 inner=0,1 ml=busy
StapelMess ml t=1789644635574 fertig=1789644635722 pcs=[]
StapelMess t=1789644635734 strip=0,4 inner=0,4 ml=start
StapelMess t=1789644635767 strip=0,1 inner=0,1 ml=busy
StapelMess t=1789644635800 strip=0,1 inner=0,1 ml=busy
StapelMess t=1789644635835 strip=0,1 inner=0,1 ml=busy
StapelMess t=1789644635862 strip=0,1 inner=0,1 ml=busy
StapelMess t=1789644635909 strip=0,1 inner=0,1 ml=busy
StapelMess ml t=1789644635734 fertig=1789644635929 pcs=[]
StapelMess t=1789644635937 strip=0,1 inner=0,1 ml=start
StapelMess t=1789644635968 strip=0,1 inner=0,1 ml=busy
StapelMess t=1789644636000 strip=0,1 inner=0,1 ml=busy
StapelMess t=1789644636032 strip=0,1 inner=0,1 ml=busy
StapelMess ml t=1789644635937 fertig=1789644636067 pcs=[]
StapelMess t=1789644636066 strip=0,1 inner=0,1 ml=start
StapelMess t=1789644636099 strip=0,1 inner=0,1 ml=busy
StapelMess t=1789644636133 strip=0,1 inner=0,1 ml=busy
StapelMess t=1789644636173 strip=0,2 inner=0,2 ml=busy
StapelMess ml t=1789644636066 fertig=1789644636197 pcs=[]
StapelMess t=1789644636200 strip=1,4 inner=1,1 ml=start
StapelMess t=1789644636233 strip=0,1 inner=0,1 ml=busy
StapelMess t=1789644636281 strip=0,1 inner=0,1 ml=busy
StapelMess t=1789644636304 strip=0,1 inner=0,1 ml=busy
StapelMess t=1789644636334 strip=0,1 inner=0,1 ml=busy
StapelMess t=1789644636377 strip=0,1 inner=0,1 ml=busy
StapelMess t=1789644636400 strip=0,1 inner=0,1 ml=busy
StapelMess ml t=1789644636200 fertig=1789644636408 pcs=[]
StapelMess t=1789644636435 strip=0,1 inner=0,1 ml=start
StapelMess t=1789644636469 strip=0,1 inner=0,1 ml=busy
StapelMess t=1789644636500 strip=0,1 inner=0,1 ml=busy
StapelMess t=1789644636533 strip=0,1 inner=0,1 ml=busy
StapelMess t=1789644636566 strip=0,1 inner=0,1 ml=busy
StapelMess ml t=1789644636435 fertig=1789644636570 pcs=[]
StapelMess t=1789644636605 strip=0,1 inner=0,1 ml=start
StapelMess t=1789644636632 strip=0,1 inner=0,1 ml=busy
StapelMess t=1789644636667 strip=0,1 inner=0,1 ml=busy
StapelMess t=1789644636704 strip=0,1 inner=0,1 ml=busy
StapelMess t=1789644636738 strip=0,1 inner=0,1 ml=busy
StapelMess ml t=1789644636605 fertig=1789644636749 pcs=[]
StapelMess t=1789644636765 strip=0,1 inner=0,1 ml=start
StapelMess t=1789644636800 strip=0,1 inner=0,1 ml=busy
StapelMess t=1789644636833 strip=0,1 inner=0,1 ml=busy
StapelMess t=1789644636870 strip=0,1 inner=0,1 ml=busy
StapelMess t=1789644636900 strip=0,5 inner=0,5 ml=busy
StapelMess t=1789644636935 strip=0,2 inner=0,1 ml=busy
StapelMess ml t=1789644636765 fertig=1789644636957 pcs=[]
StapelMess t=1789644636966 strip=0,1 inner=0,1 ml=start
StapelMess t=1789644637005 strip=0,2 inner=0,1 ml=busy
StapelMess t=1789644637035 strip=0,1 inner=0,1 ml=busy
StapelMess t=1789644637067 strip=0,2 inner=0,2 ml=busy
StapelMess t=1789644637102 strip=0,1 inner=0,1 ml=busy
StapelMess ml t=1789644636966 fertig=1789644637110 pcs=[]
StapelMess t=1789644637132 strip=0,2 inner=0,1 ml=start
StapelMess t=1789644637167 strip=0,6 inner=0,4 ml=busy
StapelMess t=1789644637203 strip=0,6 inner=0,2 ml=busy
StapelMess t=1789644637235 strip=0,2 inner=0,1 ml=busy
StapelMess t=1789644637265 strip=23,4 inner=5,1 ml=busy
StapelMess ml t=1789644637132 fertig=1789644637271 pcs=[]
StapelMess t=1789644637300 strip=39,4 inner=18,6 ml=start
StapelMess t=1789644637333 strip=94,1 inner=32,9 ml=busy
StapelMess t=1789644637368 strip=26,0 inner=20,6 ml=busy
StapelMess t=1789644637402 strip=20,9 inner=11,1 ml=busy
StapelMess t=1789644637434 strip=11,9 inner=11,6 ml=busy
StapelMess t=1789644637477 strip=14,2 inner=10,2 ml=busy
StapelScan t=1789644637485 diff=12,5 pcs=[]
StapelMess ml t=1789644637300 fertig=1789644637486 pcs=[]
StapelMess t=1789644637499 strip=7,5 inner=4,6 ml=start
StapelMess t=1789644637534 strip=0,4 inner=0,4 ml=busy
StapelMess t=1789644637567 strip=0,5 inner=0,3 ml=busy
StapelMess t=1789644637603 strip=0,1 inner=0,2 ml=busy
StapelMess t=1789644637634 strip=0,3 inner=0,2 ml=busy
StapelScan t=1789644637649 diff=19,0 pcs=[]
StapelMess ml t=1789644637499 fertig=1789644637650 pcs=[]
StapelMess t=1789644637666 strip=0,4 inner=0,2 ml=start
StapelMess t=1789644637706 strip=0,2 inner=0,2 ml=busy
StapelMess t=1789644637735 strip=0,3 inner=0,2 ml=busy
StapelMess t=1789644637766 strip=0,3 inner=0,1 ml=busy
StapelMess t=1789644637799 strip=0,3 inner=0,4 ml=busy
StapelMess t=1789644637838 strip=0,2 inner=0,1 ml=busy
StapelMess t=1789644637873 strip=0,2 inner=0,1 ml=busy
StapelMess t=1789644637899 strip=0,1 inner=0,1 ml=busy
StapelMess t=1789644637932 strip=0,1 inner=0,1 ml=busy
StapelMess t=1789644637966 strip=0,2 inner=0,2 ml=busy
StapelMess t=1789644638003 strip=0,1 inner=0,1 ml=busy
StapelMess ml t=1789644637666 fertig=1789644638009 pcs=[47643326:in]
StapelMess t=1789644638035 strip=0,1 inner=0,1 ml=start
StapelMess t=1789644638067 strip=0,1 inner=0,1 ml=busy
StapelMess t=1789644638102 strip=0,1 inner=0,1 ml=busy
StapelMess t=1789644638134 strip=0,1 inner=0,2 ml=busy
StapelMess t=1789644638169 strip=0,1 inner=0,1 ml=busy
StapelMess t=1789644638202 strip=0,1 inner=0,1 ml=busy
StapelMess t=1789644638232 strip=0,1 inner=0,1 ml=busy
StapelMess t=1789644638271 strip=0,1 inner=0,1 ml=busy
StapelMess t=1789644638302 strip=0,1 inner=0,1 ml=busy
StapelMess t=1789644638332 strip=0,4 inner=0,4 ml=busy
StapelMess t=1789644638365 strip=0,1 inner=0,1 ml=busy
StapelMess ml t=1789644638035 fertig=1789644638376 pcs=[47643326:in]
StapelMess t=1789644638400 strip=0,1 inner=0,1 ml=start
StapelMess t=1789644638433 strip=0,1 inner=0,1 ml=busy
StapelMess t=1789644638474 strip=0,1 inner=0,1 ml=busy
StapelMess t=1789644638499 strip=0,1 inner=0,1 ml=busy
StapelMess t=1789644638531 strip=0,1 inner=0,1 ml=busy
StapelMess t=1789644638565 strip=0,1 inner=0,2 ml=busy
StapelMess t=1789644638598 strip=0,1 inner=0,1 ml=busy
StapelMess t=1789644638633 strip=0,1 inner=0,2 ml=busy
StapelMess t=1789644638664 strip=0,1 inner=0,1 ml=busy
StapelMess t=1789644638699 strip=0,1 inner=0,1 ml=busy
StapelMess t=1789644638734 strip=0,5 inner=0,6 ml=busy
StapelMess ml t=1789644638400 fertig=1789644638759 pcs=[47643326:in]
StapelMess t=1789644638766 strip=0,1 inner=0,2 ml=start
StapelMess t=1789644638798 strip=0,1 inner=0,1 ml=busy
StapelMess t=1789644638832 strip=0,1 inner=0,1 ml=busy
StapelMess t=1789644638865 strip=0,1 inner=0,1 ml=busy
StapelMess t=1789644638897 strip=0,1 inner=0,2 ml=busy
StapelMess t=1789644638931 strip=0,2 inner=0,2 ml=busy
StapelMess t=1789644638965 strip=0,1 inner=0,1 ml=busy
StapelMess t=1789644639006 strip=0,3 inner=0,4 ml=busy
StapelMess t=1789644639033 strip=0,1 inner=0,1 ml=busy
StapelMess t=1789644639069 strip=0,1 inner=0,1 ml=busy
StapelMess t=1789644639101 strip=0,1 inner=0,1 ml=busy
StapelMess ml t=1789644638766 fertig=1789644639114 pcs=[47643326:in]
StapelScan diff=1,2 dauer=164 entscheidung=Meldung
MlScan confirmed card 47643326 t=1789644639115
StapelMess t=1789644639158 strip=0,1 inner=0,1 ml=start
StapelMess t=1789644639181 strip=0,3 inner=0,4 ml=busy
StapelMess t=1789644639208 strip=0,1 inner=0,1 ml=busy
StapelMess t=1789644639248 strip=0,3 inner=0,4 ml=busy
StapelMess t=1789644639288 strip=0,1 inner=0,1 ml=busy
StapelMess t=1789644639313 strip=0,1 inner=0,1 ml=busy
StapelMess t=1789644639339 strip=0,1 inner=0,1 ml=busy
StapelMess t=1789644639373 strip=0,1 inner=0,1 ml=busy
StapelMess t=1789644639403 strip=0,1 inner=0,1 ml=busy
StapelMess t=1789644639437 strip=0,2 inner=0,2 ml=busy
StapelMess t=1789644639470 strip=0,3 inner=0,3 ml=busy
StapelMess t=1789644639495 strip=0,1 inner=0,1 ml=busy
StapelMess t=1789644639529 strip=0,1 inner=0,1 ml=busy
StapelMess ml t=1789644639158 fertig=1789644639531 pcs=[47643326:in]
StapelMess t=1789644639572 strip=0,3 inner=0,4 ml=start
StapelMess t=1789644639598 strip=0,3 inner=0,4 ml=busy
StapelMess t=1789644639630 strip=0,1 inner=0,2 ml=busy
StapelMess t=1789644639666 strip=0,1 inner=0,2 ml=busy
StapelMess t=1789644639696 strip=0,1 inner=0,1 ml=busy
StapelMess t=1789644639732 strip=0,5 inner=0,4 ml=busy
StapelMess t=1789644639764 strip=0,1 inner=0,1 ml=busy
StapelMess t=1789644639799 strip=0,1 inner=0,1 ml=busy
StapelMess t=1789644639831 strip=0,1 inner=0,1 ml=busy
StapelMess t=1789644639865 strip=0,3 inner=0,1 ml=busy
StapelMess t=1789644639899 strip=0,2 inner=0,1 ml=busy
StapelMess ml t=1789644639572 fertig=1789644639915 pcs=[47643326:in]
StapelMess t=1789644639931 strip=0,4 inner=0,1 ml=start
StapelMess t=1789644639967 strip=0,1 inner=0,1 ml=busy
StapelMess t=1789644639998 strip=0,2 inner=0,1 ml=busy
StapelMess t=1789644640034 strip=1,1 inner=0,3 ml=busy
StapelMess t=1789644640064 strip=1,1 inner=0,6 ml=busy
StapelMess t=1789644640102 strip=0,4 inner=0,3 ml=busy
StapelMess t=1789644640130 strip=0,4 inner=0,4 ml=busy
StapelMess t=1789644640164 strip=1,1 inner=0,6 ml=busy
StapelMess t=1789644640201 strip=60,9 inner=20,5 ml=busy
StapelMess t=1789644640230 strip=97,1 inner=28,8 ml=busy
StapelMess t=1789644640266 strip=26,5 inner=17,4 ml=busy
StapelMess ml t=1789644639931 fertig=1789644640272 pcs=[47643326:in]
StapelMess t=1789644640299 strip=25,3 inner=13,3 ml=start
StapelMess t=1789644640336 strip=25,2 inner=16,2 ml=busy
StapelMess t=1789644640364 strip=4,9 inner=4,9 ml=busy
StapelMess t=1789644640402 strip=4,4 inner=4,7 ml=busy
StapelMess t=1789644640432 strip=1,2 inner=1,3 ml=busy
StapelScan t=1789644640463 diff=10,3 pcs=[]
StapelMess ml t=1789644640299 fertig=1789644640463 pcs=[]
StapelMess t=1789644640464 strip=2,0 inner=1,6 ml=start
StapelMess t=1789644640500 strip=3,1 inner=2,6 ml=busy
StapelMess t=1789644640533 strip=0,2 inner=0,2 ml=busy
StapelMess t=1789644640572 strip=0,1 inner=0,1 ml=busy
StapelMess t=1789644640597 strip=0,9 inner=0,8 ml=busy
StapelMess t=1789644640630 strip=0,1 inner=0,1 ml=busy
StapelMess t=1789644640666 strip=0,1 inner=0,1 ml=busy
StapelMess t=1789644640698 strip=0,1 inner=0,1 ml=busy
StapelMess t=1789644640735 strip=0,1 inner=0,1 ml=busy
StapelMess t=1789644640765 strip=0,1 inner=0,1 ml=busy
StapelMess t=1789644640797 strip=0,1 inner=0,1 ml=busy
StapelScan t=1789644640823 diff=12,4 pcs=[47643326]
StapelMess ml t=1789644640464 fertig=1789644640823 pcs=[47643326:in]
StapelMess t=1789644640831 strip=0,1 inner=0,1 ml=start
StapelMess t=1789644640864 strip=0,1 inner=0,1 ml=busy
StapelMess t=1789644640899 strip=0,1 inner=0,1 ml=busy
StapelMess t=1789644640932 strip=0,2 inner=0,2 ml=busy
StapelMess t=1789644640964 strip=0,2 inner=0,2 ml=busy
StapelMess t=1789644640996 strip=0,3 inner=0,2 ml=busy
StapelMess t=1789644641035 strip=0,1 inner=0,2 ml=busy
StapelMess t=1789644641074 strip=0,2 inner=0,1 ml=busy
StapelMess t=1789644641102 strip=0,1 inner=0,1 ml=busy
StapelMess t=1789644641128 strip=0,1 inner=0,1 ml=busy
StapelMess t=1789644641162 strip=0,6 inner=0,4 ml=busy
StapelScan t=1789644641190 diff=4,1 pcs=[47643326]
StapelMess ml t=1789644640831 fertig=1789644641190 pcs=[47643326:in]
StapelMess t=1789644641201 strip=0,7 inner=0,5 ml=start
StapelMess t=1789644641230 strip=0,1 inner=0,1 ml=busy
StapelMess t=1789644641263 strip=0,1 inner=0,1 ml=busy
StapelMess t=1789644641299 strip=0,2 inner=0,2 ml=busy
StapelMess t=1789644641333 strip=0,1 inner=0,1 ml=busy
StapelMess t=1789644641363 strip=0,1 inner=0,1 ml=busy
StapelMess t=1789644641410 strip=0,1 inner=0,1 ml=busy
StapelMess t=1789644641430 strip=0,1 inner=0,1 ml=busy
StapelMess t=1789644641463 strip=0,1 inner=0,1 ml=busy
StapelMess t=1789644641496 strip=0,1 inner=0,1 ml=busy
StapelMess t=1789644641530 strip=0,1 inner=0,1 ml=busy
StapelMess t=1789644641564 strip=0,1 inner=0,1 ml=busy
StapelMess ml t=1789644641201 fertig=1789644641583 pcs=[47643326:in]
StapelMess t=1789644641596 strip=0,1 inner=0,1 ml=start
StapelMess t=1789644641634 strip=0,1 inner=0,1 ml=busy
StapelMess t=1789644641663 strip=0,1 inner=0,1 ml=busy
StapelMess t=1789644641697 strip=0,1 inner=0,1 ml=busy
StapelMess t=1789644641735 strip=0,1 inner=0,1 ml=busy
StapelMess t=1789644641763 strip=0,2 inner=0,2 ml=busy
StapelMess t=1789644641801 strip=0,3 inner=0,3 ml=busy
StapelMess t=1789644641830 strip=0,3 inner=0,3 ml=busy
StapelMess t=1789644641861 strip=0,2 inner=0,2 ml=busy
StapelMess t=1789644641901 strip=0,1 inner=0,2 ml=busy
StapelMess t=1789644641935 strip=0,1 inner=0,1 ml=busy
StapelMess ml t=1789644641596 fertig=1789644641944 pcs=[47643326:in]
StapelScan diff=1,4 dauer=728 entscheidung=Meldung
StapelMess t=1789644641970 strip=0,2 inner=0,2 ml=start
StapelMess t=1789644642003 strip=0,2 inner=0,2 ml=busy
StapelMess t=1789644642039 strip=0,1 inner=0,1 ml=busy
StapelMess t=1789644642067 strip=0,4 inner=0,4 ml=busy
StapelMess t=1789644642097 strip=0,1 inner=0,1 ml=busy
StapelMess t=1789644642129 strip=0,1 inner=0,1 ml=busy
StapelMess t=1789644642163 strip=0,1 inner=0,1 ml=busy
StapelMess t=1789644642198 strip=0,2 inner=0,3 ml=busy
StapelMess t=1789644642236 strip=0,1 inner=0,1 ml=busy
StapelMess t=1789644642262 strip=0,1 inner=0,1 ml=busy
StapelMess t=1789644642297 strip=0,1 inner=0,1 ml=busy
StapelMess t=1789644642330 strip=0,1 inner=0,1 ml=busy
StapelMess ml t=1789644641970 fertig=1789644642346 pcs=[47643326:in]
StapelMess t=1789644642369 strip=0,1 inner=0,1 ml=start
StapelMess t=1789644642404 strip=0,2 inner=0,2 ml=busy
StapelMess t=1789644642430 strip=0,1 inner=0,1 ml=busy
StapelMess t=1789644642487 strip=0,1 inner=0,1 ml=busy
StapelMess t=1789644642502 strip=0,1 inner=0,1 ml=busy
StapelMess t=1789644642530 strip=0,2 inner=0,2 ml=busy
StapelMess t=1789644642563 strip=0,1 inner=0,1 ml=busy
StapelMess t=1789644642597 strip=0,1 inner=0,1 ml=busy
StapelMess t=1789644642633 strip=0,1 inner=0,1 ml=busy
StapelMess ml t=1789644642369 fertig=1789644642663 pcs=[47643326:in]
StapelMess t=1789644642665 strip=0,1 inner=0,1 ml=start
StapelMess t=1789644642700 strip=0,1 inner=0,1 ml=busy
StapelMess t=1789644642729 strip=0,1 inner=0,1 ml=busy
StapelMess t=1789644642763 strip=0,1 inner=0,1 ml=busy
StapelMess t=1789644642801 strip=0,1 inner=0,1 ml=busy
StapelMess ml t=1789644642665 fertig=1789644642805 pcs=[]
StapelMess t=1789644642829 strip=0,1 inner=0,1 ml=start
StapelMess t=1789644642866 strip=0,1 inner=0,1 ml=busy
StapelMess t=1789644642895 strip=0,2 inner=0,2 ml=busy
StapelMess t=1789644642935 strip=0,1 inner=0,1 ml=busy
StapelMess t=1789644642962 strip=0,1 inner=0,1 ml=busy
StapelMess ml t=1789644642829 fertig=1789644642965 pcs=[]
StapelMess t=1789644642999 strip=0,4 inner=0,4 ml=start
StapelMess t=1789644643029 strip=0,1 inner=0,1 ml=busy
StapelMess t=1789644643063 strip=0,1 inner=0,1 ml=busy
StapelMess t=1789644643104 strip=0,1 inner=0,1 ml=busy
StapelMess t=1789644643140 strip=0,1 inner=0,1 ml=busy
StapelMess t=1789644643160 strip=0,1 inner=0,1 ml=busy
StapelMess t=1789644643194 strip=0,1 inner=0,1 ml=busy
StapelMess t=1789644643228 strip=0,1 inner=0,1 ml=busy
StapelMess t=1789644643266 strip=0,2 inner=0,2 ml=busy
StapelMess t=1789644643296 strip=0,1 inner=0,1 ml=busy
StapelMess t=1789644643331 strip=0,1 inner=0,1 ml=busy
StapelMess t=1789644643362 strip=0,2 inner=0,2 ml=busy
StapelMess ml t=1789644642999 fertig=1789644643395 pcs=[47643326:in]
MlScan confirmed card 47643326 t=1789644643395
StapelMess t=1789644643462 strip=0,1 inner=0,1 ml=start
StapelMess t=1789644643482 strip=0,2 inner=0,2 ml=busy
StapelMess t=1789644643500 strip=0,1 inner=0,2 ml=busy
StapelMess t=1789644643535 strip=0,1 inner=0,1 ml=busy
StapelMess t=1789644643566 strip=0,1 inner=0,1 ml=busy
StapelMess ml t=1789644643462 fertig=1789644643598 pcs=[]
StapelMess t=1789644643603 strip=0,1 inner=0,1 ml=start
StapelMess t=1789644643631 strip=0,1 inner=0,1 ml=busy
StapelMess t=1789644643665 strip=0,2 inner=0,2 ml=busy
StapelMess t=1789644643699 strip=0,1 inner=0,1 ml=busy
StapelMess t=1789644643730 strip=0,2 inner=0,1 ml=busy
StapelMess t=1789644643762 strip=0,1 inner=0,1 ml=busy
StapelMess t=1789644643793 strip=0,1 inner=0,1 ml=busy
StapelMess t=1789644643828 strip=0,1 inner=0,1 ml=busy
StapelMess t=1789644643859 strip=0,1 inner=0,1 ml=busy
StapelMess t=1789644643894 strip=0,1 inner=0,2 ml=busy
StapelMess t=1789644643933 strip=0,3 inner=0,3 ml=busy
StapelMess ml t=1789644643603 fertig=1789644643946 pcs=[47643326:in]
StapelMess t=1789644643970 strip=0,1 inner=0,1 ml=start
StapelMess t=1789644643994 strip=0,1 inner=0,1 ml=busy
StapelMess t=1789644644027 strip=0,1 inner=0,1 ml=busy
StapelMess t=1789644644061 strip=0,1 inner=0,1 ml=busy
StapelMess t=1789644644100 strip=0,1 inner=0,1 ml=busy
StapelMess t=1789644644129 strip=0,5 inner=0,5 ml=busy
StapelMess t=1789644644162 strip=0,1 inner=0,1 ml=busy
StapelMess t=1789644644195 strip=0,1 inner=0,1 ml=busy
StapelMess t=1789644644228 strip=0,1 inner=0,2 ml=busy
StapelMess t=1789644644260 strip=0,1 inner=0,2 ml=busy
StapelMess t=1789644644295 strip=0,1 inner=0,1 ml=busy
StapelMess ml t=1789644643970 fertig=1789644644325 pcs=[47643326:in]
StapelMess t=1789644644329 strip=0,1 inner=0,1 ml=start
StapelMess t=1789644644370 strip=0,1 inner=0,1 ml=busy
StapelMess t=1789644644396 strip=0,2 inner=0,1 ml=busy
StapelMess t=1789644644429 strip=0,3 inner=0,2 ml=busy
StapelMess t=1789644644465 strip=0,2 inner=0,2 ml=busy
StapelMess ml t=1789644644329 fertig=1789644644474 pcs=[]
StapelMess t=1789644644500 strip=0,3 inner=0,2 ml=start
StapelMess t=1789644644527 strip=0,5 inner=0,4 ml=busy
StapelMess t=1789644644560 strip=0,3 inner=0,2 ml=busy
StapelMess t=1789644644602 strip=59,0 inner=16,1 ml=busy
StapelMess t=1789644644626 strip=24,7 inner=14,5 ml=busy
StapelMess t=1789644644677 strip=69,9 inner=29,0 ml=busy
StapelMess t=1789644644695 strip=34,0 inner=23,1 ml=busy
StapelMess t=1789644644728 strip=22,1 inner=12,6 ml=busy
StapelMess t=1789644644760 strip=7,7 inner=5,0 ml=busy
StapelMess t=1789644644796 strip=4,1 inner=3,4 ml=busy
StapelMess t=1789644644832 strip=4,0 inner=2,6 ml=busy
StapelMess ml t=1789644644500 fertig=1789644644852 pcs=[47643326:in]
StapelMess t=1789644644860 strip=1,1 inner=1,6 ml=start
StapelMess t=1789644644896 strip=3,0 inner=2,5 ml=busy
StapelMess t=1789644644929 strip=1,0 inner=1,5 ml=busy
StapelMess t=1789644644963 strip=0,3 inner=0,5 ml=busy
StapelMess t=1789644644994 strip=0,2 inner=0,1 ml=busy
StapelScan t=1789644645022 diff=6,9 pcs=[]
StapelMess ml t=1789644644860 fertig=1789644645022 pcs=[]
StapelMess t=1789644645028 strip=0,2 inner=0,1 ml=start
StapelMess t=1789644645063 strip=0,1 inner=0,1 ml=busy
StapelMess t=1789644645094 strip=0,1 inner=0,1 ml=busy
StapelMess t=1789644645134 strip=0,1 inner=0,1 ml=busy
StapelMess t=1789644645159 strip=0,1 inner=0,1 ml=busy
StapelMess t=1789644645193 strip=0,1 inner=0,1 ml=busy
StapelMess t=1789644645227 strip=0,1 inner=0,1 ml=busy
StapelMess t=1789644645267 strip=0,1 inner=0,1 ml=busy
StapelMess t=1789644645293 strip=0,1 inner=0,1 ml=busy
StapelMess t=1789644645327 strip=0,1 inner=0,1 ml=busy
StapelMess t=1789644645361 strip=0,1 inner=0,1 ml=busy
StapelScan t=1789644645376 diff=5,7 pcs=[47643326]
StapelMess ml t=1789644645028 fertig=1789644645376 pcs=[47643326:in]
StapelMess t=1789644645393 strip=0,1 inner=0,1 ml=start
StapelMess t=1789644645430 strip=0,1 inner=0,1 ml=busy
StapelMess t=1789644645475 strip=0,1 inner=0,1 ml=busy
StapelMess t=1789644645506 strip=0,1 inner=0,1 ml=busy
StapelMess t=1789644645527 strip=0,1 inner=0,1 ml=busy
StapelMess t=1789644645562 strip=0,1 inner=0,1 ml=busy
StapelMess t=1789644645593 strip=0,1 inner=0,1 ml=busy
StapelMess t=1789644645630 strip=0,1 inner=0,1 ml=busy
StapelMess t=1789644645661 strip=0,1 inner=0,1 ml=busy
StapelMess t=1789644645693 strip=0,1 inner=0,1 ml=busy
StapelMess t=1789644645727 strip=0,1 inner=0,1 ml=busy
StapelMess ml t=1789644645393 fertig=1789644645739 pcs=[47643326:in]
StapelMess t=1789644645760 strip=0,1 inner=0,1 ml=start
StapelMess t=1789644645795 strip=0,1 inner=0,1 ml=busy
StapelMess t=1789644645826 strip=0,1 inner=0,1 ml=busy
StapelMess t=1789644645864 strip=0,1 inner=0,1 ml=busy
StapelMess t=1789644645899 strip=0,1 inner=0,1 ml=busy
StapelMess t=1789644645931 strip=0,1 inner=0,1 ml=busy
StapelMess t=1789644645967 strip=0,1 inner=0,1 ml=busy
StapelMess t=1789644645993 strip=0,1 inner=0,1 ml=busy
StapelMess t=1789644646027 strip=0,1 inner=0,1 ml=busy
StapelMess t=1789644646059 strip=0,2 inner=0,2 ml=busy
StapelMess t=1789644646094 strip=0,1 inner=0,1 ml=busy
StapelMess ml t=1789644645760 fertig=1789644646102 pcs=[47643326:in]
StapelScan diff=1,2 dauer=355 entscheidung=Verworfen
StapelMess t=1789644646128 strip=0,2 inner=0,1 ml=start
StapelMess t=1789644646162 strip=0,1 inner=0,1 ml=busy
StapelMess t=1789644646199 strip=0,4 inner=0,4 ml=busy
StapelMess t=1789644646229 strip=0,2 inner=0,3 ml=busy
StapelMess t=1789644646268 strip=0,1 inner=0,1 ml=busy
StapelMess t=1789644646286 strip=0,2 inner=0,2 ml=busy
StapelMess t=1789644646336 strip=0,1 inner=0,1 ml=busy
StapelMess t=1789644646367 strip=0,2 inner=0,2 ml=busy
StapelMess t=1789644646393 strip=0,1 inner=0,2 ml=busy
StapelMess t=1789644646428 strip=0,4 inner=0,4 ml=busy
StapelMess t=1789644646459 strip=0,1 inner=0,1 ml=busy
StapelMess t=1789644646493 strip=0,1 inner=0,1 ml=busy
StapelMess ml t=1789644646128 fertig=1789644646496 pcs=[47643326:in]
StapelMess t=1789644646538 strip=0,1 inner=0,1 ml=start
StapelMess t=1789644646560 strip=0,1 inner=0,1 ml=busy
StapelMess t=1789644646594 strip=0,1 inner=0,2 ml=busy
StapelMess t=1789644646626 strip=0,1 inner=0,1 ml=busy
StapelMess t=1789644646666 strip=0,1 inner=0,1 ml=busy
StapelMess t=1789644646697 strip=0,1 inner=0,1 ml=busy
StapelMess t=1789644646725 strip=0,1 inner=0,1 ml=busy
StapelMess t=1789644646762 strip=0,1 inner=0,1 ml=busy
StapelMess t=1789644646792 strip=0,1 inner=0,1 ml=busy
StapelMess t=1789644646826 strip=0,1 inner=0,1 ml=busy
StapelMess t=1789644646860 strip=0,1 inner=0,1 ml=busy
StapelMess t=1789644646893 strip=0,1 inner=0,1 ml=busy
StapelMess t=1789644646926 strip=0,1 inner=0,1 ml=busy
StapelMess ml t=1789644646538 fertig=1789644646930 pcs=[47643326:in]
StapelMess t=1789644646958 strip=0,1 inner=0,1 ml=start
StapelMess t=1789644646993 strip=0,1 inner=0,2 ml=busy
StapelMess t=1789644647029 strip=0,1 inner=0,1 ml=busy
StapelMess t=1789644647059 strip=0,1 inner=0,1 ml=busy
StapelMess t=1789644647095 strip=0,1 inner=0,1 ml=busy
StapelMess t=1789644647129 strip=0,3 inner=0,4 ml=busy
StapelMess t=1789644647165 strip=0,2 inner=0,2 ml=busy
StapelMess t=1789644647191 strip=0,2 inner=0,2 ml=busy
StapelMess t=1789644647225 strip=0,1 inner=0,1 ml=busy
StapelMess t=1789644647263 strip=0,1 inner=0,1 ml=busy
StapelMess t=1789644647294 strip=0,1 inner=0,1 ml=busy
StapelMess ml t=1789644646958 fertig=1789644647320 pcs=[47643326:in]
StapelMess t=1789644647326 strip=0,1 inner=0,1 ml=start
StapelMess t=1789644647363 strip=0,1 inner=0,1 ml=busy
StapelMess t=1789644647396 strip=0,1 inner=0,1 ml=busy
StapelMess t=1789644647429 strip=0,1 inner=0,1 ml=busy
StapelMess t=1789644647470 strip=0,2 inner=0,2 ml=busy
StapelMess t=1789644647504 strip=0,1 inner=0,1 ml=busy
StapelMess t=1789644647558 strip=0,1 inner=0,1 ml=busy
StapelMess t=1789644647576 strip=0,4 inner=0,4 ml=busy
StapelMess t=1789644647592 strip=0,1 inner=0,1 ml=busy
StapelMess t=1789644647624 strip=0,1 inner=0,1 ml=busy
StapelMess t=1789644647662 strip=0,1 inner=0,1 ml=busy
StapelMess t=1789644647692 strip=0,1 inner=0,1 ml=busy
StapelMess t=1789644647730 strip=0,1 inner=0,1 ml=busy
StapelMess t=1789644647758 strip=0,1 inner=0,2 ml=busy
StapelMess ml t=1789644647326 fertig=1789644647786 pcs=[47643326:in]
StapelMess t=1789644647797 strip=0,1 inner=0,1 ml=start
StapelMess t=1789644647835 strip=0,1 inner=0,2 ml=busy
StapelMess t=1789644647859 strip=0,1 inner=0,1 ml=busy
StapelMess t=1789644647898 strip=0,1 inner=0,1 ml=busy
StapelMess t=1789644647933 strip=0,1 inner=0,2 ml=busy
StapelMess t=1789644647964 strip=0,1 inner=0,1 ml=busy
StapelMess t=1789644647993 strip=0,2 inner=0,2 ml=busy
StapelMess t=1789644648030 strip=0,1 inner=0,1 ml=busy
StapelMess t=1789644648060 strip=0,3 inner=0,4 ml=busy
StapelMess t=1789644648093 strip=0,1 inner=0,1 ml=busy
StapelMess t=1789644648125 strip=0,1 inner=0,1 ml=busy
StapelMess t=1789644648164 strip=0,1 inner=0,1 ml=busy
StapelMess ml t=1789644647797 fertig=1789644648170 pcs=[47643326:in]
StapelMess t=1789644648194 strip=0,1 inner=0,1 ml=start
StapelMess t=1789644648228 strip=0,1 inner=0,1 ml=busy
StapelMess t=1789644648259 strip=0,1 inner=0,2 ml=busy
StapelMess t=1789644648294 strip=0,1 inner=0,1 ml=busy
StapelMess t=1789644648326 strip=0,1 inner=0,2 ml=busy
StapelMess t=1789644648363 strip=0,1 inner=0,1 ml=busy
StapelMess t=1789644648391 strip=0,3 inner=0,4 ml=busy
StapelMess t=1789644648426 strip=0,1 inner=0,1 ml=busy
StapelMess t=1789644648458 strip=0,1 inner=0,1 ml=busy
StapelMess t=1789644648493 strip=0,1 inner=0,1 ml=busy
StapelMess t=1789644648525 strip=0,1 inner=0,2 ml=busy
StapelMess ml t=1789644648194 fertig=1789644648536 pcs=[47643326:in]
StapelMess t=1789644648565 strip=0,1 inner=0,1 ml=start
StapelMess t=1789644648598 strip=0,1 inner=0,1 ml=busy
StapelMess t=1789644648628 strip=0,2 inner=0,2 ml=busy
StapelMess t=1789644648659 strip=0,6 inner=0,6 ml=busy
StapelMess t=1789644648696 strip=0,7 inner=0,5 ml=busy
StapelMess t=1789644648728 strip=0,8 inner=0,8 ml=busy
StapelMess t=1789644648762 strip=0,6 inner=0,8 ml=busy
StapelMess t=1789644648791 strip=0,9 inner=0,6 ml=busy
StapelMess t=1789644648827 strip=0,6 inner=0,3 ml=busy
StapelMess t=1789644648865 strip=0,1 inner=0,1 ml=busy
StapelMess t=1789644648892 strip=0,1 inner=0,1 ml=busy
StapelMess ml t=1789644648565 fertig=1789644648918 pcs=[47643326:in]
StapelMess t=1789644648926 strip=0,3 inner=0,2 ml=start
StapelMess t=1789644648959 strip=0,2 inner=0,2 ml=busy
StapelMess t=1789644648994 strip=0,1 inner=0,1 ml=busy
StapelMess t=1789644649026 strip=0,1 inner=0,1 ml=busy
StapelMess t=1789644649061 strip=0,1 inner=0,1 ml=busy
StapelMess t=1789644649092 strip=0,1 inner=0,1 ml=busy
StapelMess t=1789644649128 strip=0,1 inner=0,1 ml=busy
StapelMess t=1789644649160 strip=0,1 inner=0,1 ml=busy
StapelMess t=1789644649192 strip=0,1 inner=0,1 ml=busy
StapelMess t=1789644649230 strip=0,1 inner=0,1 ml=busy
StapelMess t=1789644649258 strip=0,1 inner=0,1 ml=busy
StapelMess ml t=1789644648926 fertig=1789644649271 pcs=[47643326:in]
StapelMess t=1789644649292 strip=0,1 inner=0,1 ml=start
StapelMess t=1789644649324 strip=0,1 inner=0,1 ml=busy
StapelMess t=1789644649359 strip=0,1 inner=0,1 ml=busy
StapelMess t=1789644649394 strip=0,1 inner=0,1 ml=busy
StapelMess t=1789644649424 strip=0,1 inner=0,1 ml=busy
StapelMess t=1789644649459 strip=0,1 inner=0,1 ml=busy
StapelMess t=1789644649492 strip=0,1 inner=0,1 ml=busy
StapelMess t=1789644649531 strip=0,1 inner=0,1 ml=busy
StapelMess t=1789644649557 strip=0,1 inner=0,1 ml=busy
StapelMess t=1789644649590 strip=0,1 inner=0,1 ml=busy
StapelMess t=1789644649626 strip=0,1 inner=0,1 ml=busy
StapelMess ml t=1789644649292 fertig=1789644649654 pcs=[47643326:in]
StapelMess t=1789644649659 strip=0,1 inner=0,1 ml=start
StapelMess t=1789644649695 strip=0,1 inner=0,1 ml=busy
StapelMess t=1789644649726 strip=0,1 inner=0,1 ml=busy
StapelMess t=1789644649764 strip=0,1 inner=0,1 ml=busy
StapelMess t=1789644649790 strip=0,1 inner=0,1 ml=busy
StapelMess t=1789644649824 strip=0,1 inner=0,1 ml=busy
StapelMess t=1789644649864 strip=0,1 inner=0,1 ml=busy
StapelMess t=1789644649897 strip=0,1 inner=0,2 ml=busy
StapelMess t=1789644649926 strip=0,1 inner=0,1 ml=busy
StapelMess t=1789644649956 strip=0,3 inner=0,3 ml=busy
StapelMess t=1789644649990 strip=0,1 inner=0,1 ml=busy
StapelMess ml t=1789644649659 fertig=1789644650017 pcs=[47643326:in]
StapelMess t=1789644650029 strip=0,3 inner=0,3 ml=start
StapelMess t=1789644650061 strip=0,1 inner=0,1 ml=busy
StapelMess t=1789644650094 strip=0,2 inner=0,2 ml=busy
StapelMess t=1789644650127 strip=0,1 inner=0,1 ml=busy
StapelMess t=1789644650157 strip=0,4 inner=0,5 ml=busy
StapelMess t=1789644650192 strip=0,2 inner=0,2 ml=busy
StapelMess t=1789644650229 strip=0,1 inner=0,1 ml=busy
StapelMess t=1789644650264 strip=0,1 inner=0,2 ml=busy
StapelMess t=1789644650291 strip=0,1 inner=0,1 ml=busy
StapelMess t=1789644650326 strip=0,4 inner=0,4 ml=busy
StapelMess t=1789644650362 strip=1,8 inner=0,6 ml=busy
StapelMess ml t=1789644650029 fertig=1789644650368 pcs=[47643326:in]
StapelMess t=1789644650390 strip=2,1 inner=0,6 ml=start
StapelMess t=1789644650426 strip=1,5 inner=0,7 ml=busy
StapelMess t=1789644650458 strip=2,7 inner=0,8 ml=busy
StapelMess t=1789644650491 strip=2,0 inner=0,5 ml=busy
StapelMess t=1789644650526 strip=0,6 inner=0,3 ml=busy
StapelMess t=1789644650560 strip=0,6 inner=0,4 ml=busy
StapelMess t=1789644650591 strip=0,3 inner=0,2 ml=busy
StapelMess t=1789644650622 strip=0,3 inner=0,3 ml=busy
StapelMess t=1789644650665 strip=0,5 inner=0,3 ml=busy
StapelMess t=1789644650695 strip=0,1 inner=0,1 ml=busy
StapelMess t=1789644650724 strip=0,3 inner=0,3 ml=busy
StapelMess ml t=1789644650390 fertig=1789644650744 pcs=[47643326:in]
StapelMess t=1789644650762 strip=0,2 inner=0,2 ml=start
StapelMess t=1789644650792 strip=0,1 inner=0,1 ml=busy
StapelMess t=1789644650827 strip=0,2 inner=0,2 ml=busy
StapelMess t=1789644650864 strip=0,3 inner=0,2 ml=busy
StapelMess t=1789644650892 strip=0,1 inner=0,1 ml=busy
StapelMess t=1789644650927 strip=0,1 inner=0,1 ml=busy
StapelMess t=1789644650965 strip=0,2 inner=0,2 ml=busy
StapelMess t=1789644650990 strip=0,1 inner=0,1 ml=busy
StapelMess t=1789644651024 strip=0,2 inner=0,2 ml=busy
StapelMess t=1789644651057 strip=0,1 inner=0,1 ml=busy
StapelMess t=1789644651095 strip=0,3 inner=0,4 ml=busy
StapelMess ml t=1789644650762 fertig=1789644651114 pcs=[47643326:in]
StapelMess t=1789644651125 strip=0,1 inner=0,1 ml=start
StapelMess t=1789644651157 strip=0,1 inner=0,1 ml=busy
StapelMess t=1789644651193 strip=0,1 inner=0,1 ml=busy
StapelMess t=1789644651226 strip=0,2 inner=0,1 ml=busy
StapelMess t=1789644651263 strip=0,2 inner=0,1 ml=busy
StapelMess t=1789644651291 strip=0,1 inner=0,1 ml=busy
StapelMess t=1789644651324 strip=0,1 inner=0,1 ml=busy
StapelMess t=1789644651356 strip=0,1 inner=0,1 ml=busy
StapelMess t=1789644651391 strip=0,1 inner=0,1 ml=busy
StapelMess t=1789644651424 strip=0,1 inner=0,1 ml=busy
StapelMess t=1789644651457 strip=0,1 inner=0,1 ml=busy
StapelMess ml t=1789644651125 fertig=1789644651470 pcs=[47643326:in]
StapelMess t=1789644651497 strip=0,3 inner=0,4 ml=start
StapelMess t=1789644651527 strip=0,2 inner=0,2 ml=busy
StapelMess t=1789644651558 strip=0,3 inner=0,2 ml=busy
StapelMess t=1789644651594 strip=0,1 inner=0,1 ml=busy
StapelMess t=1789644651628 strip=0,3 inner=0,3 ml=busy
StapelMess t=1789644651659 strip=0,2 inner=0,2 ml=busy
StapelMess t=1789644651691 strip=0,2 inner=0,1 ml=busy
StapelMess t=1789644651728 strip=0,1 inner=0,1 ml=busy
StapelMess t=1789644651755 strip=0,2 inner=0,2 ml=busy
StapelMess t=1789644651788 strip=0,2 inner=0,1 ml=busy
StapelMess t=1789644651823 strip=0,1 inner=0,1 ml=busy
StapelMess ml t=1789644651497 fertig=1789644651843 pcs=[47643326:in]
StapelMess t=1789644651861 strip=0,1 inner=0,1 ml=start
StapelMess t=1789644651891 strip=0,2 inner=0,2 ml=busy
StapelMess t=1789644651924 strip=0,1 inner=0,1 ml=busy
StapelMess t=1789644651959 strip=0,2 inner=0,1 ml=busy
StapelMess t=1789644651989 strip=0,3 inner=0,2 ml=busy
StapelMess t=1789644652027 strip=0,4 inner=0,1 ml=busy
StapelMess t=1789644652057 strip=65,2 inner=19,4 ml=busy
StapelMess t=1789644652091 strip=29,9 inner=22,2 ml=busy
StapelMess t=1789644652124 strip=62,1 inner=34,8 ml=busy
StapelMess t=1789644652160 strip=17,5 inner=19,7 ml=busy
StapelMess t=1789644652192 strip=16,2 inner=11,4 ml=busy
StapelMess ml t=1789644651861 fertig=1789644652206 pcs=[47643326:in]
StapelMess t=1789644652224 strip=20,3 inner=10,5 ml=start
StapelMess t=1789644652256 strip=5,1 inner=3,8 ml=busy
StapelMess t=1789644652288 strip=5,4 inner=4,1 ml=busy
StapelMess t=1789644652330 strip=1,8 inner=2,8 ml=busy
StapelMess t=1789644652357 strip=3,5 inner=4,0 ml=busy
StapelScan t=1789644652374 diff=8,6 pcs=[]
StapelMess ml t=1789644652224 fertig=1789644652374 pcs=[]
StapelMess t=1789644652389 strip=4,1 inner=4,2 ml=start
StapelMess t=1789644652424 strip=1,7 inner=1,7 ml=busy
StapelMess t=1789644652459 strip=1,1 inner=1,7 ml=busy
StapelMess t=1789644652491 strip=0,3 inner=0,8 ml=busy
StapelMess t=1789644652523 strip=1,1 inner=1,3 ml=busy
StapelMess t=1789644652565 strip=1,3 inner=1,4 ml=busy
StapelMess t=1789644652589 strip=0,2 inner=0,3 ml=busy
StapelMess t=1789644652625 strip=0,1 inner=0,2 ml=busy
StapelMess t=1789644652660 strip=0,1 inner=0,1 ml=busy
StapelMess t=1789644652691 strip=0,1 inner=0,1 ml=busy
StapelScan t=1789644652715 diff=9,8 pcs=[47643326]
StapelMess ml t=1789644652389 fertig=1789644652715 pcs=[47643326:in]
StapelMess t=1789644652721 strip=0,1 inner=0,1 ml=start
StapelMess t=1789644652764 strip=0,1 inner=0,1 ml=busy
StapelMess t=1789644652788 strip=0,1 inner=0,1 ml=busy
StapelMess t=1789644652822 strip=0,1 inner=0,2 ml=busy
StapelMess t=1789644652856 strip=0,5 inner=0,6 ml=busy
StapelMess t=1789644652893 strip=0,1 inner=0,1 ml=busy
StapelMess t=1789644652921 strip=0,1 inner=0,1 ml=busy
StapelMess t=1789644652957 strip=0,1 inner=0,1 ml=busy
StapelMess t=1789644652988 strip=0,1 inner=0,1 ml=busy
StapelMess t=1789644653021 strip=0,1 inner=0,1 ml=busy
StapelScan t=1789644653052 diff=7,4 pcs=[47643326]
StapelMess ml t=1789644652721 fertig=1789644653053 pcs=[47643326:in]
StapelMess t=1789644653054 strip=0,4 inner=0,4 ml=start
StapelMess t=1789644653088 strip=0,1 inner=0,1 ml=busy
StapelMess t=1789644653123 strip=0,1 inner=0,2 ml=busy
StapelMess t=1789644653156 strip=0,2 inner=0,2 ml=busy
StapelMess t=1789644653191 strip=0,3 inner=0,4 ml=busy
StapelMess t=1789644653222 strip=0,1 inner=0,1 ml=busy
StapelMess t=1789644653259 strip=0,1 inner=0,1 ml=busy
StapelMess t=1789644653289 strip=0,3 inner=0,3 ml=busy
StapelMess t=1789644653324 strip=0,1 inner=0,1 ml=busy
StapelMess t=1789644653362 strip=0,1 inner=0,1 ml=busy
StapelMess ml t=1789644653054 fertig=1789644653376 pcs=[47643326:in]
StapelMess t=1789644653390 strip=0,1 inner=0,1 ml=start
StapelMess t=1789644653421 strip=0,1 inner=0,1 ml=busy
StapelMess t=1789644653455 strip=0,1 inner=0,1 ml=busy
StapelMess t=1789644653490 strip=0,1 inner=0,1 ml=busy
StapelMess t=1789644653521 strip=0,1 inner=0,1 ml=busy
StapelMess t=1789644653572 strip=0,1 inner=0,1 ml=busy
StapelMess t=1789644653588 strip=0,1 inner=0,1 ml=busy
StapelMess t=1789644653623 strip=0,1 inner=0,1 ml=busy
StapelMess t=1789644653659 strip=0,1 inner=0,1 ml=busy
StapelMess t=1789644653690 strip=0,1 inner=0,1 ml=busy
StapelMess ml t=1789644653390 fertig=1789644653721 pcs=[47643326:in]
StapelScan diff=1,3 dauer=679 entscheidung=Meldung
StapelMess t=1789644653723 strip=0,1 inner=0,1 ml=start
StapelMess t=1789644653755 strip=0,1 inner=0,1 ml=busy
StapelMess t=1789644653790 strip=0,1 inner=0,1 ml=busy
StapelMess t=1789644653824 strip=0,1 inner=0,1 ml=busy
StapelMess t=1789644653866 strip=0,1 inner=0,1 ml=busy
StapelMess t=1789644653896 strip=0,1 inner=0,1 ml=busy
StapelMess t=1789644653922 strip=0,1 inner=0,1 ml=busy
StapelMess t=1789644653960 strip=0,1 inner=0,1 ml=busy
StapelMess t=1789644653987 strip=0,1 inner=0,1 ml=busy
StapelMess t=1789644654021 strip=0,1 inner=0,1 ml=busy
StapelMess t=1789644654053 strip=0,1 inner=0,1 ml=busy
StapelMess ml t=1789644653723 fertig=1789644654060 pcs=[47643326:in]
StapelMess t=1789644654097 strip=0,1 inner=0,1 ml=start
StapelMess t=1789644654121 strip=0,1 inner=0,1 ml=busy
StapelMess t=1789644654154 strip=0,1 inner=0,1 ml=busy
StapelMess t=1789644654188 strip=0,1 inner=0,1 ml=busy
StapelMess t=1789644654221 strip=0,1 inner=0,1 ml=busy
StapelMess t=1789644654255 strip=0,1 inner=0,1 ml=busy
StapelMess t=1789644654289 strip=0,1 inner=0,1 ml=busy
StapelMess t=1789644654320 strip=0,1 inner=0,1 ml=busy
StapelMess t=1789644654357 strip=0,1 inner=0,1 ml=busy
StapelMess t=1789644654390 strip=0,1 inner=0,1 ml=busy
StapelMess ml t=1789644654097 fertig=1789644654417 pcs=[47643326:in]
StapelMess t=1789644654422 strip=0,1 inner=0,1 ml=start
StapelMess t=1789644654455 strip=0,1 inner=0,1 ml=busy
StapelMess t=1789644654488 strip=0,1 inner=0,1 ml=busy
StapelMess t=1789644654528 strip=0,1 inner=0,1 ml=busy
StapelMess t=1789644654557 strip=0,5 inner=0,5 ml=busy
StapelMess t=1789644654589 strip=0,1 inner=0,1 ml=busy
StapelMess t=1789644654623 strip=0,1 inner=0,1 ml=busy
StapelMess t=1789644654664 strip=0,1 inner=0,1 ml=busy
StapelMess t=1789644654690 strip=0,2 inner=0,2 ml=busy
StapelMess t=1789644654721 strip=0,1 inner=0,1 ml=busy
StapelMess ml t=1789644654422 fertig=1789644654747 pcs=[47643326:in]
MlScan confirmed card 47643326 t=1789644654747
StapelMess t=1789644654767 strip=0,4 inner=0,5 ml=start
StapelMess t=1789644654799 strip=0,1 inner=0,2 ml=busy
StapelMess t=1789644654821 strip=0,1 inner=0,1 ml=busy
StapelMess t=1789644654866 strip=0,1 inner=0,2 ml=busy
StapelMess t=1789644654888 strip=0,1 inner=0,1 ml=busy
StapelMess t=1789644654931 strip=0,1 inner=0,1 ml=busy
StapelMess t=1789644654954 strip=0,1 inner=0,2 ml=busy
StapelMess t=1789644654989 strip=0,5 inner=0,6 ml=busy
StapelMess t=1789644655028 strip=0,1 inner=0,1 ml=busy
StapelMess t=1789644655055 strip=0,2 inner=0,2 ml=busy
StapelMess t=1789644655086 strip=0,1 inner=0,1 ml=busy
StapelMess t=1789644655120 strip=0,1 inner=0,1 ml=busy
StapelMess ml t=1789644654767 fertig=1789644655131 pcs=[47643326:in]
StapelMess t=1789644655154 strip=0,1 inner=0,2 ml=start
StapelMess t=1789644655188 strip=0,1 inner=0,1 ml=busy
StapelMess t=1789644655220 strip=0,1 inner=0,1 ml=busy
StapelMess t=1789644655256 strip=0,2 inner=0,2 ml=busy
StapelMess t=1789644655290 strip=0,2 inner=0,2 ml=busy
StapelMess t=1789644655322 strip=0,4 inner=0,4 ml=busy
StapelMess t=1789644655354 strip=0,1 inner=0,1 ml=busy
StapelMess t=1789644655394 strip=0,1 inner=0,1 ml=busy
StapelMess t=1789644655421 strip=0,1 inner=0,1 ml=busy
StapelMess t=1789644655460 strip=0,1 inner=0,2 ml=busy
StapelMess ml t=1789644655154 fertig=1789644655475 pcs=[47643326:in]
StapelMess t=1789644655489 strip=0,1 inner=0,1 ml=start
StapelMess t=1789644655521 strip=0,1 inner=0,2 ml=busy
StapelMess t=1789644655560 strip=0,1 inner=0,1 ml=busy
StapelMess t=1789644655591 strip=0,1 inner=0,1 ml=busy
StapelMess t=1789644655620 strip=0,1 inner=0,1 ml=busy
StapelMess t=1789644655653 strip=0,2 inner=0,2 ml=busy
StapelMess t=1789644655687 strip=0,5 inner=0,4 ml=busy
StapelMess t=1789644655722 strip=0,4 inner=0,4 ml=busy
StapelMess t=1789644655755 strip=0,3 inner=0,2 ml=busy
StapelMess t=1789644655792 strip=0,6 inner=0,5 ml=busy
StapelMess ml t=1789644655489 fertig=1789644655817 pcs=[47643326:in]
StapelMess t=1789644655826 strip=0,2 inner=0,2 ml=start
StapelMess t=1789644655854 strip=1,7 inner=1,5 ml=busy
StapelMess t=1789644655889 strip=0,6 inner=1,5 ml=busy
StapelMess t=1789644655927 strip=0,6 inner=3,5 ml=busy
StapelMess t=1789644655958 strip=1,1 inner=5,0 ml=busy
StapelMess t=1789644655991 strip=1,2 inner=8,3 ml=busy
StapelMess t=1789644656020 strip=1,5 inner=9,5 ml=busy
StapelMess t=1789644656062 strip=3,9 inner=7,6 ml=busy
StapelMess t=1789644656092 strip=7,3 inner=18,7 ml=busy
StapelMess t=1789644656132 strip=13,5 inner=13,8 ml=busy
StapelScan t=1789644656150 diff=6,3 pcs=[47643326]
StapelMess ml t=1789644655826 fertig=1789644656151 pcs=[47643326:in]
StapelMess t=1789644656159 strip=5,2 inner=8,3 ml=start
StapelMess t=1789644656187 strip=3,1 inner=5,6 ml=busy
StapelMess t=1789644656228 strip=3,9 inner=7,2 ml=busy
StapelMess t=1789644656256 strip=3,4 inner=7,3 ml=busy
StapelMess t=1789644656289 strip=1,7 inner=6,6 ml=busy
StapelScan t=1789644656294 diff=31,4 pcs=[]
StapelMess ml t=1789644656159 fertig=1789644656295 pcs=[]
StapelMess t=1789644656326 strip=2,7 inner=9,2 ml=start
StapelMess t=1789644656354 strip=5,7 inner=14,3 ml=busy
StapelMess t=1789644656387 strip=11,6 inner=14,0 ml=busy
StapelMess t=1789644656424 strip=8,7 inner=12,1 ml=busy
StapelMess t=1789644656454 strip=12,9 inner=17,5 ml=busy
StapelMess t=1789644656485 strip=8,1 inner=11,4 ml=busy
StapelMess t=1789644656528 strip=7,1 inner=6,5 ml=busy
StapelScan t=1789644656544 diff=25,3 pcs=[]
StapelMess ml t=1789644656326 fertig=1789644656545 pcs=[]
StapelMess t=1789644656552 strip=6,2 inner=5,8 ml=start
StapelMess t=1789644656586 strip=7,4 inner=7,3 ml=busy
StapelMess t=1789644656622 strip=3,6 inner=6,4 ml=busy
StapelMess t=1789644656655 strip=2,5 inner=6,5 ml=busy
StapelScan t=1789644656691 diff=24,8 pcs=[]
StapelMess ml t=1789644656552 fertig=1789644656691 pcs=[]
StapelMess t=1789644656692 strip=7,7 inner=7,8 ml=start
StapelMess t=1789644656719 strip=6,4 inner=7,1 ml=busy
StapelMess t=1789644656758 strip=4,5 inner=5,8 ml=busy
StapelMess t=1789644656795 strip=5,4 inner=4,9 ml=busy
StapelMess t=1789644656826 strip=3,2 inner=4,2 ml=busy
StapelScan t=1789644656828 diff=16,0 pcs=[]
StapelMess ml t=1789644656692 fertig=1789644656828 pcs=[]
StapelMess t=1789644656853 strip=2,0 inner=2,9 ml=start
StapelMess t=1789644656887 strip=1,7 inner=1,9 ml=busy
StapelMess t=1789644656923 strip=3,7 inner=2,6 ml=busy
StapelMess t=1789644656955 strip=6,5 inner=4,3 ml=busy
StapelMess t=1789644656991 strip=7,1 inner=3,3 ml=busy
StapelMess t=1789644657028 strip=3,8 inner=3,0 ml=busy
StapelScan t=1789644657046 diff=12,6 pcs=[]
StapelMess ml t=1789644656853 fertig=1789644657046 pcs=[]
StapelMess t=1789644657052 strip=3,8 inner=3,8 ml=start
StapelMess t=1789644657087 strip=4,3 inner=3,6 ml=busy
StapelMess t=1789644657122 strip=3,6 inner=2,7 ml=busy
StapelMess t=1789644657159 strip=2,6 inner=2,4 ml=busy
StapelScan t=1789644657190 diff=10,3 pcs=[]
StapelMess ml t=1789644657052 fertig=1789644657190 pcs=[]
StapelMess t=1789644657194 strip=1,2 inner=1,5 ml=start
StapelMess t=1789644657219 strip=2,6 inner=3,9 ml=busy
StapelMess t=1789644657246 strip=4,7 inner=6,8 ml=busy
StapelMess t=1789644657286 strip=7,4 inner=6,1 ml=busy
StapelMess t=1789644657312 strip=2,2 inner=2,1 ml=busy
StapelScan t=1789644657332 diff=9,5 pcs=[]
StapelMess ml t=1789644657194 fertig=1789644657332 pcs=[]
StapelMess t=1789644657353 strip=2,6 inner=3,0 ml=start
StapelMess t=1789644657393 strip=1,1 inner=1,4 ml=busy
StapelMess t=1789644657430 strip=1,6 inner=1,5 ml=busy
StapelMess t=1789644657454 strip=1,9 inner=2,2 ml=busy
StapelMess t=1789644657487 strip=1,1 inner=2,1 ml=busy
StapelMess t=1789644657520 strip=1,8 inner=1,5 ml=busy
StapelScan t=1789644657543 diff=11,0 pcs=[]
StapelMess ml t=1789644657353 fertig=1789644657543 pcs=[]
StapelMess t=1789644657552 strip=2,1 inner=1,8 ml=start
StapelMess t=1789644657588 strip=3,0 inner=2,5 ml=busy
StapelMess t=1789644657620 strip=2,6 inner=2,4 ml=busy
StapelMess t=1789644657656 strip=2,7 inner=1,9 ml=busy
StapelScan t=1789644657683 diff=8,6 pcs=[]
StapelMess ml t=1789644657552 fertig=1789644657684 pcs=[]
StapelMess t=1789644657686 strip=3,4 inner=2,2 ml=start
StapelMess t=1789644657716 strip=3,6 inner=1,9 ml=busy
StapelMess t=1789644657753 strip=2,6 inner=1,3 ml=busy
StapelMess t=1789644657792 strip=1,9 inner=1,2 ml=busy
StapelScan t=1789644657818 diff=7,9 pcs=[]
StapelMess ml t=1789644657686 fertig=1789644657819 pcs=[]
StapelMess t=1789644657820 strip=2,9 inner=1,7 ml=start
StapelMess t=1789644657852 strip=3,4 inner=1,8 ml=busy
StapelMess t=1789644657886 strip=2,8 inner=1,3 ml=busy
StapelMess t=1789644657919 strip=3,6 inner=1,5 ml=busy
StapelMess t=1789644657955 strip=1,5 inner=1,1 ml=busy
StapelMess t=1789644657994 strip=0,9 inner=1,2 ml=busy
StapelScan t=1789644658002 diff=6,9 pcs=[]
StapelMess ml t=1789644657820 fertig=1789644658002 pcs=[]
StapelMess t=1789644658018 strip=0,9 inner=0,8 ml=start
StapelMess t=1789644658058 strip=1,6 inner=1,1 ml=busy
StapelMess t=1789644658100 strip=4,3 inner=2,9 ml=busy
StapelMess t=1789644658127 strip=3,5 inner=2,5 ml=busy
StapelScan t=1789644658159 diff=7,9 pcs=[]
StapelMess ml t=1789644658018 fertig=1789644658159 pcs=[]
StapelMess t=1789644658159 strip=2,2 inner=1,1 ml=start
StapelMess t=1789644658302 strip=2,1 inner=1,6 ml=busy
StapelScan t=1789644658369 diff=5,5 pcs=[]
StapelMess ml t=1789644658159 fertig=1789644658370 pcs=[]
StapelMess t=1789644668392 strip=-1,0 inner=-1,0 ml=start
StapelMess t=1789644668410 strip=5,3 inner=9,2 ml=busy
StapelMess t=1789644668460 strip=0,3 inner=0,2 ml=busy
StapelMess t=1789644668500 strip=5,5 inner=6,5 ml=busy
StapelMess ml t=1789644668392 fertig=1789644668515 pcs=[]
StapelMess t=1789644668521 strip=4,7 inner=4,7 ml=start
StapelMess t=1789644668556 strip=0,7 inner=0,4 ml=busy
StapelMess t=1789644668588 strip=1,3 inner=0,8 ml=busy
StapelMess t=1789644668619 strip=0,6 inner=0,7 ml=busy
StapelScan t=1789644668627 diff=19,0 pcs=[]
StapelMess ml t=1789644668521 fertig=1789644668627 pcs=[]
StapelMess t=1789644668645 strip=0,4 inner=0,4 ml=start
StapelMess t=1789644668676 strip=0,3 inner=0,2 ml=busy
StapelMess t=1789644668719 strip=0,6 inner=0,3 ml=busy
StapelMess ml t=1789644668645 fertig=1789644668745 pcs=[]
StapelMess t=1789644668750 strip=0,5 inner=0,5 ml=start
StapelMess t=1789644668777 strip=0,5 inner=0,5 ml=busy
StapelMess t=1789644668820 strip=0,5 inner=0,4 ml=busy
StapelMess ml t=1789644668750 fertig=1789644668854 pcs=[]
StapelScan diff=2,7 dauer=0 entscheidung=Meldung
StapelMess t=1789644668854 strip=0,6 inner=0,5 ml=start
StapelMess t=1789644668876 strip=0,2 inner=0,1 ml=busy
StapelMess t=1789644668911 strip=0,2 inner=0,1 ml=busy
StapelMess t=1789644668944 strip=0,2 inner=0,1 ml=busy
StapelScan t=1789644668954 diff=4,5 pcs=[]
StapelMess ml t=1789644668854 fertig=1789644668955 pcs=[]
StapelMess t=1789644668977 strip=0,2 inner=0,1 ml=start
StapelMess t=1789644669012 strip=0,2 inner=0,1 ml=busy
StapelMess t=1789644669054 strip=0,2 inner=0,1 ml=busy
StapelMess t=1789644669085 strip=0,2 inner=0,1 ml=busy
StapelMess t=1789644669121 strip=0,5 inner=0,4 ml=busy
StapelMess ml t=1789644668977 fertig=1789644669131 pcs=[]
StapelMess t=1789644669154 strip=0,3 inner=0,3 ml=start
StapelMess t=1789644669186 strip=0,3 inner=0,1 ml=busy
StapelMess t=1789644669220 strip=0,4 inner=0,3 ml=busy
StapelMess ml t=1789644669154 fertig=1789644669251 pcs=[]
StapelScan diff=2,2 dauer=0 entscheidung=Verworfen
StapelMess t=1789644669252 strip=0,3 inner=0,5 ml=start
StapelMess t=1789644669277 strip=0,3 inner=0,2 ml=busy
StapelMess t=1789644669321 strip=0,3 inner=0,5 ml=busy
StapelMess t=1789644669352 strip=0,1 inner=0,1 ml=busy
StapelMess ml t=1789644669252 fertig=1789644669354 pcs=[]
StapelMess t=1789644669387 strip=0,2 inner=0,1 ml=start
StapelMess t=1789644669419 strip=0,2 inner=0,1 ml=busy
StapelMess t=1789644669456 strip=0,2 inner=0,2 ml=busy
StapelMess t=1789644669490 strip=0,1 inner=0,1 ml=busy
StapelMess t=1789644669518 strip=0,2 inner=0,1 ml=busy
StapelMess ml t=1789644669387 fertig=1789644669534 pcs=[]
StapelMess t=1789644669544 strip=0,1 inner=0,1 ml=start
StapelMess t=1789644669589 strip=0,2 inner=0,1 ml=busy
StapelMess t=1789644669619 strip=0,3 inner=0,4 ml=busy
StapelMess ml t=1789644669544 fertig=1789644669653 pcs=[]
StapelMess t=1789644669653 strip=0,1 inner=0,1 ml=start
StapelMess t=1789644669684 strip=0,1 inner=0,1 ml=busy
StapelMess t=1789644669722 strip=0,1 inner=0,1 ml=busy
StapelMess ml t=1789644669653 fertig=1789644669744 pcs=[]
StapelMess t=1789644669750 strip=0,1 inner=0,1 ml=start
StapelMess t=1789644669778 strip=0,1 inner=0,1 ml=busy
StapelMess t=1789644669819 strip=0,1 inner=0,1 ml=busy
StapelMess t=1789644669843 strip=0,2 inner=0,1 ml=busy
StapelMess t=1789644669879 strip=0,2 inner=0,2 ml=busy
StapelMess ml t=1789644669750 fertig=1789644669882 pcs=[]
StapelMess t=1789644669919 strip=0,2 inner=0,1 ml=start
StapelMess t=1789644669951 strip=0,1 inner=0,1 ml=busy
StapelMess t=1789644669985 strip=0,1 inner=0,1 ml=busy
StapelMess ml t=1789644669919 fertig=1789644670012 pcs=[]
StapelMess t=1789644670015 strip=0,2 inner=0,2 ml=start
StapelMess t=1789644670050 strip=0,1 inner=0,1 ml=busy
StapelMess t=1789644670076 strip=0,1 inner=0,1 ml=busy
StapelMess ml t=1789644670015 fertig=1789644670106 pcs=[]
StapelMess t=1789644670118 strip=0,2 inner=0,1 ml=start
StapelMess t=1789644670151 strip=0,2 inner=0,1 ml=busy
StapelMess t=1789644670187 strip=0,2 inner=0,1 ml=busy
StapelMess t=1789644670219 strip=0,1 inner=0,2 ml=busy
StapelMess ml t=1789644670118 fertig=1789644670248 pcs=[]
StapelMess t=1789644670251 strip=0,1 inner=0,1 ml=start
StapelMess t=1789644670283 strip=0,1 inner=0,1 ml=busy
StapelMess t=1789644670318 strip=0,1 inner=0,1 ml=busy
StapelMess ml t=1789644670251 fertig=1789644670344 pcs=[]
StapelMess t=1789644670344 strip=0,1 inner=0,1 ml=start
StapelMess t=1789644670395 strip=0,1 inner=0,1 ml=busy
StapelMess t=1789644670420 strip=0,1 inner=0,1 ml=busy
StapelMess ml t=1789644670344 fertig=1789644670443 pcs=[]
StapelMess t=1789644670444 strip=0,1 inner=0,1 ml=start
StapelMess t=1789644670483 strip=0,1 inner=0,1 ml=busy
StapelMess t=1789644670517 strip=0,1 inner=0,1 ml=busy
StapelMess t=1789644670548 strip=0,1 inner=0,1 ml=busy
StapelMess ml t=1789644670444 fertig=1789644670584 pcs=[]
StapelMess t=1789644670584 strip=0,1 inner=0,1 ml=start
StapelMess t=1789644670617 strip=0,1 inner=0,1 ml=busy
StapelMess t=1789644670650 strip=0,1 inner=0,1 ml=busy
StapelMess ml t=1789644670584 fertig=1789644670678 pcs=[]
StapelMess t=1789644670681 strip=1,3 inner=1,1 ml=start
StapelMess t=1789644670717 strip=2,5 inner=0,6 ml=busy
StapelMess t=1789644670750 strip=5,9 inner=2,5 ml=busy
StapelScan t=1789644670776 diff=7,0 pcs=[]
StapelMess ml t=1789644670681 fertig=1789644670777 pcs=[]
StapelMess t=1789644670790 strip=6,8 inner=2,2 ml=start
StapelMess t=1789644670818 strip=6,6 inner=1,5 ml=busy
StapelMess t=1789644670855 strip=8,1 inner=2,3 ml=busy
StapelMess t=1789644670884 strip=7,9 inner=2,1 ml=busy
StapelMess t=1789644670920 strip=9,7 inner=2,8 ml=busy
StapelScan t=1789644670931 diff=8,8 pcs=[]
StapelMess ml t=1789644670790 fertig=1789644670931 pcs=[]
StapelMess t=1789644670952 strip=15,2 inner=4,1 ml=start
StapelMess t=1789644670983 strip=16,8 inner=4,8 ml=busy
StapelMess t=1789644671010 strip=15,0 inner=4,7 ml=busy
StapelMess t=1789644671045 strip=9,2 inner=4,5 ml=busy
StapelScan t=1789644671059 diff=12,6 pcs=[]
StapelMess ml t=1789644670952 fertig=1789644671059 pcs=[]
StapelMess t=1789644671085 strip=12,5 inner=7,7 ml=start
StapelMess t=1789644671119 strip=14,3 inner=9,6 ml=busy
StapelMess t=1789644671153 strip=7,9 inner=7,1 ml=busy
StapelMess t=1789644671185 strip=2,9 inner=4,9 ml=busy
StapelScan t=1789644671204 diff=13,8 pcs=[]
StapelMess ml t=1789644671085 fertig=1789644671204 pcs=[]
StapelMess t=1789644671223 strip=2,2 inner=4,9 ml=start
StapelMess t=1789644671252 strip=1,7 inner=4,4 ml=busy
StapelMess t=1789644671289 strip=2,9 inner=4,7 ml=busy
StapelMess t=1789644671316 strip=3,7 inner=4,6 ml=busy
StapelMess t=1789644671357 strip=3,7 inner=4,4 ml=busy
StapelMess t=1789644671387 strip=4,0 inner=4,4 ml=busy
StapelScan t=1789644671409 diff=15,4 pcs=[]
StapelMess ml t=1789644671223 fertig=1789644671409 pcs=[]
StapelMess t=1789644671419 strip=4,7 inner=9,7 ml=start
StapelMess t=1789644671457 strip=6,6 inner=10,0 ml=busy
StapelMess t=1789644671489 strip=6,9 inner=13,6 ml=busy
StapelMess t=1789644671518 strip=10,6 inner=11,8 ml=busy
StapelScan t=1789644671554 diff=17,8 pcs=[]
StapelMess ml t=1789644671419 fertig=1789644671554 pcs=[]
StapelMess t=1789644671556 strip=8,5 inner=8,8 ml=start
StapelMess t=1789644671586 strip=5,3 inner=4,0 ml=busy
StapelMess t=1789644671619 strip=2,9 inner=4,5 ml=busy
StapelMess t=1789644671652 strip=3,9 inner=6,0 ml=busy
StapelMess t=1789644671685 strip=3,0 inner=4,5 ml=busy
StapelScan t=1789644671702 diff=24,7 pcs=[]
StapelMess ml t=1789644671556 fertig=1789644671702 pcs=[]
StapelMess t=1789644671720 strip=2,4 inner=2,9 ml=start
StapelMess t=1789644671753 strip=3,6 inner=4,2 ml=busy
StapelMess t=1789644671785 strip=3,6 inner=4,0 ml=busy
StapelMess t=1789644671823 strip=2,5 inner=3,7 ml=busy
StapelMess t=1789644671856 strip=3,1 inner=4,6 ml=busy
StapelMess t=1789644671885 strip=3,3 inner=4,3 ml=busy
StapelMess t=1789644671917 strip=3,5 inner=3,4 ml=busy
StapelScan t=1789644671920 diff=10,8 pcs=[]
StapelMess ml t=1789644671720 fertig=1789644671920 pcs=[]
StapelMess t=1789644671957 strip=3,8 inner=3,1 ml=start
StapelMess t=1789644671985 strip=3,4 inner=2,1 ml=busy
StapelMess t=1789644672018 strip=2,8 inner=2,0 ml=busy
StapelMess t=1789644672054 strip=2,6 inner=2,4 ml=busy
StapelMess t=1789644672085 strip=2,4 inner=2,3 ml=busy
StapelScan t=1789644672114 diff=11,1 pcs=[]
StapelMess ml t=1789644671957 fertig=1789644672114 pcs=[]
StapelMess t=1789644672119 strip=2,2 inner=2,5 ml=start
StapelMess t=1789644672153 strip=2,0 inner=3,0 ml=busy
StapelMess t=1789644672185 strip=1,3 inner=1,9 ml=busy
StapelMess t=1789644672223 strip=0,7 inner=0,7 ml=busy
StapelMess t=1789644672250 strip=1,2 inner=1,2 ml=busy
StapelScan t=1789644672253 diff=7,8 pcs=[]
StapelMess ml t=1789644672119 fertig=1789644672253 pcs=[]
StapelMess t=1789644672286 strip=0,8 inner=1,0 ml=start
StapelMess t=1789644672318 strip=0,6 inner=0,9 ml=busy
StapelMess t=1789644672351 strip=0,3 inner=0,4 ml=busy
StapelMess t=1789644672388 strip=0,6 inner=1,1 ml=busy
StapelMess t=1789644672419 strip=2,1 inner=2,3 ml=busy
StapelScan t=1789644672456 diff=4,8 pcs=[]
StapelMess t=1789644672455 strip=1,3 inner=2,0 ml=busy
StapelMess ml t=1789644672286 fertig=1789644672457 pcs=[]
StapelMess t=1789644672490 strip=1,0 inner=1,5 ml=start
StapelMess t=1789644672518 strip=0,6 inner=0,7 ml=busy
StapelMess t=1789644672550 strip=0,3 inner=0,4 ml=busy
StapelMess t=1789644672583 strip=0,5 inner=0,7 ml=busy
StapelMess t=1789644672616 strip=0,8 inner=1,1 ml=busy
StapelScan t=1789644672626 diff=5,8 pcs=[]
StapelMess ml t=1789644672490 fertig=1789644672626 pcs=[]
StapelMess t=1789644672651 strip=1,4 inner=2,3 ml=start
StapelMess t=1789644672685 strip=1,5 inner=2,5 ml=busy
StapelMess t=1789644672716 strip=0,8 inner=1,4 ml=busy
StapelMess t=1789644672749 strip=0,6 inner=1,2 ml=busy
StapelMess t=1789644672784 strip=0,6 inner=1,3 ml=busy
StapelMess ml t=1789644672651 fertig=1789644672791 pcs=[]
StapelMess t=1789644672826 strip=0,7 inner=0,8 ml=start
StapelMess t=1789644672850 strip=0,8 inner=1,3 ml=busy
StapelMess t=1789644672884 strip=1,2 inner=1,9 ml=busy
StapelMess t=1789644672918 strip=0,6 inner=0,6 ml=busy
StapelMess t=1789644672950 strip=0,7 inner=1,5 ml=busy
StapelMess t=1789644672989 strip=1,0 inner=1,8 ml=busy
StapelScan t=1789644673000 diff=5,1 pcs=[]
StapelMess ml t=1789644672826 fertig=1789644673000 pcs=[]
StapelMess t=1789644673018 strip=1,5 inner=1,6 ml=start
StapelMess t=1789644673052 strip=2,1 inner=1,6 ml=busy
StapelMess t=1789644673083 strip=2,7 inner=2,6 ml=busy
StapelMess t=1789644673118 strip=3,3 inner=3,4 ml=busy
StapelMess t=1789644673151 strip=4,1 inner=3,9 ml=busy
StapelMess ml t=1789644673018 fertig=1789644673155 pcs=[]
StapelMess t=1789644673184 strip=4,4 inner=4,5 ml=start
StapelMess t=1789644673217 strip=4,5 inner=4,1 ml=busy
StapelMess t=1789644673257 strip=4,0 inner=4,5 ml=busy
StapelMess t=1789644673296 strip=3,2 inner=4,5 ml=busy
StapelScan t=1789644673322 diff=9,7 pcs=[]
StapelMess ml t=1789644673184 fertig=1789644673322 pcs=[]
StapelMess t=1789644673323 strip=2,6 inner=4,6 ml=start
StapelMess t=1789644673356 strip=2,5 inner=4,9 ml=busy
StapelMess t=1789644673390 strip=2,9 inner=5,3 ml=busy
StapelMess t=1789644673417 strip=3,7 inner=6,1 ml=busy
StapelMess t=1789644673449 strip=5,1 inner=6,5 ml=busy
StapelMess t=1789644673482 strip=7,4 inner=6,9 ml=busy
StapelScan t=1789644673500 diff=11,1 pcs=[]
StapelMess ml t=1789644673323 fertig=1789644673500 pcs=[]
StapelMess t=1789644673515 strip=9,8 inner=7,7 ml=start
StapelMess t=1789644673550 strip=12,0 inner=9,9 ml=busy
StapelMess t=1789644673581 strip=14,5 inner=9,0 ml=busy
StapelMess t=1789644673616 strip=8,0 inner=6,9 ml=busy
StapelMess t=1789644673649 strip=10,0 inner=6,8 ml=busy
StapelScan t=1789644673656 diff=13,9 pcs=[]
StapelMess ml t=1789644673515 fertig=1789644673656 pcs=[]
StapelMess t=1789644673683 strip=17,3 inner=7,4 ml=start
StapelMess t=1789644673717 strip=30,0 inner=10,0 ml=busy
StapelMess t=1789644673751 strip=25,1 inner=6,4 ml=busy
StapelMess t=1789644673783 strip=18,1 inner=5,4 ml=busy
StapelMess t=1789644673811 strip=0,8 inner=0,3 ml=busy
StapelScan t=1789644673824 diff=16,5 pcs=[]
StapelMess ml t=1789644673683 fertig=1789644673824 pcs=[]
StapelMess t=1789644673850 strip=3,5 inner=4,8 ml=start
StapelMess t=1789644673883 strip=3,7 inner=4,2 ml=busy
StapelMess t=1789644673916 strip=6,1 inner=6,8 ml=busy
StapelMess t=1789644673948 strip=2,3 inner=2,4 ml=busy
StapelMess t=1789644673985 strip=1,9 inner=1,7 ml=busy
StapelMess t=1789644674019 strip=1,5 inner=1,4 ml=busy
StapelScan t=1789644674025 diff=23,9 pcs=[]
StapelMess ml t=1789644673850 fertig=1789644674025 pcs=[]
StapelMess t=1789644674049 strip=1,0 inner=0,6 ml=start
StapelMess t=1789644674083 strip=0,6 inner=0,6 ml=busy
StapelMess t=1789644674116 strip=0,4 inner=0,3 ml=busy
StapelMess t=1789644674155 strip=0,7 inner=0,7 ml=busy
StapelMess t=1789644674183 strip=0,4 inner=0,2 ml=busy
StapelScan t=1789644674196 diff=18,3 pcs=[]
StapelMess ml t=1789644674049 fertig=1789644674196 pcs=[]
StapelMess t=1789644674216 strip=0,1 inner=0,1 ml=start
StapelMess t=1789644674249 strip=0,1 inner=0,1 ml=busy
StapelMess t=1789644674287 strip=0,1 inner=0,1 ml=busy
StapelMess t=1789644674315 strip=0,1 inner=0,1 ml=busy
StapelMess t=1789644674349 strip=0,2 inner=0,1 ml=busy
StapelMess ml t=1789644674216 fertig=1789644674378 pcs=[]
StapelMess t=1789644674383 strip=0,2 inner=0,1 ml=start
StapelMess t=1789644674416 strip=0,2 inner=0,1 ml=busy
StapelMess t=1789644674449 strip=0,2 inner=0,1 ml=busy
StapelMess t=1789644674482 strip=0,2 inner=0,1 ml=busy
StapelMess t=1789644674515 strip=0,1 inner=0,1 ml=busy
StapelMess t=1789644674549 strip=0,1 inner=0,1 ml=busy
StapelMess ml t=1789644674383 fertig=1789644674562 pcs=[]
StapelScan diff=2,0 dauer=3419 entscheidung=Verworfen
StapelMess t=1789644674591 strip=0,2 inner=0,1 ml=start
StapelMess t=1789644674617 strip=0,2 inner=0,1 ml=busy
StapelMess t=1789644674654 strip=0,1 inner=0,1 ml=busy
StapelMess t=1789644674685 strip=0,1 inner=0,1 ml=busy
StapelMess t=1789644674716 strip=0,1 inner=0,1 ml=busy
StapelMess ml t=1789644674591 fertig=1789644674730 pcs=[]
StapelMess t=1789644674750 strip=0,2 inner=0,1 ml=start
StapelMess t=1789644674783 strip=0,3 inner=0,4 ml=busy
StapelMess t=1789644674815 strip=0,1 inner=0,1 ml=busy
StapelMess t=1789644674851 strip=0,1 inner=0,1 ml=busy
StapelMess t=1789644674883 strip=0,2 inner=0,2 ml=busy
StapelMess ml t=1789644674750 fertig=1789644674902 pcs=[]
StapelMess t=1789644674920 strip=0,1 inner=0,2 ml=start
StapelMess t=1789644674954 strip=0,1 inner=0,1 ml=busy
StapelMess t=1789644674984 strip=0,1 inner=0,1 ml=busy
StapelMess t=1789644675019 strip=0,2 inner=0,3 ml=busy
StapelMess t=1789644675049 strip=0,1 inner=0,1 ml=busy
StapelMess t=1789644675083 strip=0,1 inner=0,1 ml=busy
StapelMess t=1789644675120 strip=0,1 inner=0,1 ml=busy
StapelMess ml t=1789644674920 fertig=1789644675127 pcs=[]
StapelMess t=1789644675149 strip=0,1 inner=0,1 ml=start
StapelMess t=1789644675182 strip=0,2 inner=0,3 ml=busy
StapelMess t=1789644675220 strip=0,2 inner=0,1 ml=busy
StapelMess t=1789644675250 strip=0,1 inner=0,2 ml=busy
StapelMess t=1789644675276 strip=0,1 inner=0,1 ml=busy
StapelMess ml t=1789644675149 fertig=1789644675281 pcs=[]
StapelMess t=1789644675318 strip=0,1 inner=0,2 ml=start
StapelMess t=1789644675349 strip=0,1 inner=0,1 ml=busy
StapelMess t=1789644675381 strip=0,1 inner=0,1 ml=busy
StapelMess t=1789644675413 strip=0,1 inner=0,1 ml=busy
StapelMess t=1789644675448 strip=0,1 inner=0,1 ml=busy
StapelMess ml t=1789644675318 fertig=1789644675469 pcs=[]
StapelMess t=1789644675481 strip=0,2 inner=0,2 ml=start
StapelMess t=1789644675515 strip=0,2 inner=0,1 ml=busy
StapelMess t=1789644675554 strip=0,1 inner=0,1 ml=busy
StapelMess t=1789644675581 strip=0,1 inner=0,1 ml=busy
StapelMess t=1789644675616 strip=0,1 inner=0,1 ml=busy
StapelMess t=1789644675648 strip=0,1 inner=0,1 ml=busy
StapelMess ml t=1789644675481 fertig=1789644675674 pcs=[]
StapelMess t=1789644675682 strip=0,1 inner=0,1 ml=start
StapelMess t=1789644675715 strip=0,1 inner=0,1 ml=busy
StapelMess t=1789644675753 strip=0,2 inner=0,3 ml=busy
StapelMess t=1789644675778 strip=0,1 inner=0,1 ml=busy
StapelMess ml t=1789644675682 fertig=1789644675816 pcs=[]
StapelMess t=1789644675815 strip=0,2 inner=0,2 ml=start
StapelMess t=1789644675849 strip=0,1 inner=0,1 ml=busy
StapelMess t=1789644675882 strip=0,2 inner=0,1 ml=busy
StapelMess t=1789644675915 strip=0,1 inner=0,1 ml=busy
StapelMess ml t=1789644675815 fertig=1789644675949 pcs=[]
StapelMess t=1789644675948 strip=0,1 inner=0,1 ml=start
StapelMess t=1789644675982 strip=0,1 inner=0,1 ml=busy
StapelMess t=1789644676015 strip=0,1 inner=0,1 ml=busy
StapelMess t=1789644676048 strip=0,1 inner=0,1 ml=busy
StapelMess t=1789644676081 strip=0,1 inner=0,1 ml=busy
StapelMess ml t=1789644675948 fertig=1789644676099 pcs=[]
StapelMess t=1789644676115 strip=0,1 inner=0,1 ml=start
StapelMess t=1789644676152 strip=0,1 inner=0,1 ml=busy
StapelMess t=1789644676181 strip=0,1 inner=0,1 ml=busy
StapelMess t=1789644676215 strip=0,1 inner=0,1 ml=busy
StapelMess t=1789644676248 strip=0,2 inner=0,2 ml=busy
StapelMess ml t=1789644676115 fertig=1789644676273 pcs=[]
StapelMess t=1789644676281 strip=0,1 inner=0,1 ml=start
StapelMess t=1789644676315 strip=0,1 inner=0,1 ml=busy
StapelMess t=1789644676354 strip=0,2 inner=0,2 ml=busy
StapelMess t=1789644676386 strip=0,2 inner=0,1 ml=busy
StapelMess t=1789644676424 strip=0,1 inner=0,1 ml=busy
StapelMess ml t=1789644676281 fertig=1789644676453 pcs=[]
StapelMess t=1789644676453 strip=0,1 inner=0,1 ml=start
StapelMess t=1789644676486 strip=0,1 inner=0,1 ml=busy
StapelMess t=1789644676516 strip=0,1 inner=0,1 ml=busy
StapelMess t=1789644676551 strip=0,1 inner=0,1 ml=busy
StapelMess t=1789644676581 strip=0,1 inner=0,1 ml=busy
StapelMess t=1789644676616 strip=0,1 inner=0,1 ml=busy
StapelMess t=1789644676648 strip=0,1 inner=0,1 ml=busy
StapelMess ml t=1789644676453 fertig=1789644676653 pcs=[]
StapelMess t=1789644676683 strip=0,1 inner=0,1 ml=start
StapelMess t=1789644676714 strip=0,1 inner=0,1 ml=busy
StapelMess t=1789644676749 strip=0,1 inner=0,1 ml=busy
StapelMess t=1789644676780 strip=0,1 inner=0,1 ml=busy
StapelMess ml t=1789644676683 fertig=1789644676820 pcs=[]
StapelMess t=1789644676821 strip=0,1 inner=0,1 ml=start
StapelMess t=1789644676853 strip=0,1 inner=0,1 ml=busy
StapelMess t=1789644676881 strip=0,1 inner=0,1 ml=busy
StapelMess t=1789644676908 strip=0,1 inner=0,1 ml=busy
StapelMess t=1789644676948 strip=0,1 inner=0,1 ml=busy
StapelMess ml t=1789644676821 fertig=1789644676957 pcs=[]
StapelMess t=1789644676982 strip=0,1 inner=0,1 ml=start
StapelMess t=1789644677015 strip=0,1 inner=0,1 ml=busy
StapelMess t=1789644677047 strip=0,1 inner=0,1 ml=busy
StapelMess t=1789644677080 strip=0,1 inner=0,1 ml=busy
StapelMess t=1789644677114 strip=0,1 inner=0,1 ml=busy
StapelMess t=1789644677148 strip=0,1 inner=0,1 ml=busy
StapelMess ml t=1789644676982 fertig=1789644677159 pcs=[]
StapelMess t=1789644677187 strip=0,1 inner=0,1 ml=start
StapelMess t=1789644677214 strip=0,1 inner=0,1 ml=busy
StapelMess t=1789644677253 strip=0,1 inner=0,1 ml=busy
StapelMess t=1789644677288 strip=0,1 inner=0,1 ml=busy
StapelMess t=1789644677314 strip=0,1 inner=0,1 ml=busy
StapelMess ml t=1789644677187 fertig=1789644677339 pcs=[]
StapelMess t=1789644677346 strip=0,1 inner=0,1 ml=start
StapelMess t=1789644677381 strip=0,1 inner=0,1 ml=busy
StapelMess t=1789644677414 strip=0,1 inner=0,1 ml=busy
StapelMess t=1789644677452 strip=0,1 inner=0,1 ml=busy
StapelMess ml t=1789644677346 fertig=1789644677482 pcs=[]
StapelMess t=1789644677482 strip=0,1 inner=0,1 ml=start
StapelMess t=1789644677508 strip=0,1 inner=0,1 ml=busy
StapelMess t=1789644677547 strip=0,1 inner=0,1 ml=busy
StapelMess t=1789644677580 strip=0,1 inner=0,1 ml=busy
StapelMess t=1789644677614 strip=0,1 inner=0,1 ml=busy
StapelMess t=1789644677646 strip=0,1 inner=0,1 ml=busy
StapelMess ml t=1789644677482 fertig=1789644677656 pcs=[]
StapelMess t=1789644677682 strip=0,1 inner=0,1 ml=start
StapelMess t=1789644677715 strip=0,1 inner=0,1 ml=busy
StapelMess t=1789644677748 strip=0,1 inner=0,1 ml=busy
StapelMess t=1789644677791 strip=0,1 inner=0,1 ml=busy
StapelMess t=1789644677807 strip=0,2 inner=0,1 ml=busy
StapelMess ml t=1789644677682 fertig=1789644677832 pcs=[]
StapelMess t=1789644677853 strip=0,2 inner=0,1 ml=start
StapelMess t=1789644677880 strip=0,1 inner=0,1 ml=busy
StapelMess t=1789644677914 strip=0,1 inner=0,1 ml=busy
StapelMess t=1789644677951 strip=0,1 inner=0,1 ml=busy
StapelMess t=1789644677980 strip=0,1 inner=0,1 ml=busy
StapelMess ml t=1789644677853 fertig=1789644678010 pcs=[]
StapelMess t=1789644678014 strip=0,1 inner=0,1 ml=start
StapelMess t=1789644678047 strip=0,1 inner=0,1 ml=busy
StapelMess t=1789644678079 strip=0,1 inner=0,1 ml=busy
StapelMess t=1789644678114 strip=0,1 inner=0,1 ml=busy
StapelMess t=1789644678147 strip=0,1 inner=0,1 ml=busy
StapelMess ml t=1789644678014 fertig=1789644678162 pcs=[]
StapelMess t=1789644678181 strip=0,1 inner=0,1 ml=start
StapelMess t=1789644678213 strip=0,2 inner=0,1 ml=busy
StapelMess t=1789644678247 strip=0,1 inner=0,1 ml=busy
StapelMess t=1789644678282 strip=0,1 inner=0,1 ml=busy
StapelMess t=1789644678314 strip=0,1 inner=0,1 ml=busy
StapelMess ml t=1789644678181 fertig=1789644678332 pcs=[]
StapelMess t=1789644678354 strip=0,1 inner=0,1 ml=start
StapelMess t=1789644678380 strip=0,2 inner=0,2 ml=busy
StapelMess t=1789644678415 strip=0,3 inner=0,3 ml=busy
StapelMess t=1789644678452 strip=0,2 inner=0,1 ml=busy
StapelMess t=1789644678485 strip=0,1 inner=0,1 ml=busy
StapelMess ml t=1789644678354 fertig=1789644678496 pcs=[]
StapelMess t=1789644678514 strip=0,1 inner=0,1 ml=start
StapelMess t=1789644678548 strip=0,1 inner=0,1 ml=busy
StapelMess t=1789644678582 strip=0,1 inner=0,1 ml=busy
StapelMess t=1789644678619 strip=0,1 inner=0,1 ml=busy
StapelMess t=1789644678651 strip=0,1 inner=0,1 ml=busy
StapelMess ml t=1789644678514 fertig=1789644678668 pcs=[]
StapelMess t=1789644678681 strip=0,1 inner=0,1 ml=start
StapelMess t=1789644678715 strip=0,1 inner=0,1 ml=busy
StapelMess t=1789644678752 strip=0,2 inner=0,1 ml=busy
StapelMess t=1789644678781 strip=0,1 inner=0,1 ml=busy
StapelMess t=1789644678815 strip=0,1 inner=0,1 ml=busy
StapelMess ml t=1789644678681 fertig=1789644678830 pcs=[]
StapelMess t=1789644678848 strip=0,1 inner=0,1 ml=start
StapelMess t=1789644678882 strip=0,1 inner=0,1 ml=busy
StapelMess t=1789644678916 strip=0,1 inner=0,2 ml=busy
StapelMess t=1789644678948 strip=0,1 inner=0,1 ml=busy
StapelMess t=1789644678980 strip=0,1 inner=0,1 ml=busy
StapelMess ml t=1789644678848 fertig=1789644678999 pcs=[]
StapelMess t=1789644679013 strip=0,3 inner=0,4 ml=start
StapelMess t=1789644679049 strip=0,1 inner=0,1 ml=busy
StapelMess t=1789644679081 strip=0,2 inner=0,1 ml=busy
StapelMess t=1789644679116 strip=0,1 inner=0,1 ml=busy
StapelMess t=1789644679147 strip=0,2 inner=0,1 ml=busy
StapelMess ml t=1789644679013 fertig=1789644679169 pcs=[]
StapelMess t=1789644679175 strip=0,1 inner=0,1 ml=start
StapelMess t=1789644679220 strip=0,1 inner=0,1 ml=busy
StapelMess t=1789644679251 strip=0,1 inner=0,1 ml=busy
StapelMess t=1789644679280 strip=0,2 inner=0,1 ml=busy
StapelMess t=1789644679314 strip=0,2 inner=0,1 ml=busy
StapelMess ml t=1789644679175 fertig=1789644679334 pcs=[]
StapelMess t=1789644679351 strip=0,2 inner=0,1 ml=start
StapelMess t=1789644679381 strip=0,1 inner=0,1 ml=busy
StapelMess t=1789644679414 strip=0,1 inner=0,1 ml=busy
StapelMess t=1789644679447 strip=0,1 inner=0,1 ml=busy
StapelMess t=1789644679481 strip=0,1 inner=0,1 ml=busy
StapelMess ml t=1789644679351 fertig=1789644679492 pcs=[]
StapelMess t=1789644679514 strip=0,1 inner=0,1 ml=start
StapelMess t=1789644679548 strip=0,1 inner=0,1 ml=busy
StapelMess t=1789644679580 strip=0,2 inner=0,3 ml=busy
StapelMess t=1789644679614 strip=0,1 inner=0,1 ml=busy
StapelMess t=1789644679648 strip=0,1 inner=0,2 ml=busy
StapelMess t=1789644679689 strip=0,1 inner=0,1 ml=busy
StapelMess ml t=1789644679514 fertig=1789644679698 pcs=[]
StapelMess t=1789644679715 strip=0,1 inner=0,1 ml=start
StapelMess t=1789644679747 strip=0,1 inner=0,2 ml=busy
StapelMess t=1789644679784 strip=0,1 inner=0,1 ml=busy
StapelMess t=1789644679822 strip=0,1 inner=0,1 ml=busy
StapelMess t=1789644679848 strip=0,1 inner=0,1 ml=busy
StapelMess ml t=1789644679715 fertig=1789644679871 pcs=[]
StapelMess t=1789644679886 strip=0,1 inner=0,1 ml=start
StapelMess t=1789644679915 strip=0,1 inner=0,1 ml=busy
StapelMess t=1789644679949 strip=0,1 inner=0,1 ml=busy
StapelMess t=1789644679981 strip=0,1 inner=0,1 ml=busy
StapelMess t=1789644680012 strip=0,3 inner=0,3 ml=busy
StapelMess ml t=1789644679886 fertig=1789644680038 pcs=[]
StapelMess t=1789644680047 strip=0,1 inner=0,1 ml=start
StapelMess t=1789644680080 strip=0,2 inner=0,2 ml=busy
StapelMess t=1789644680118 strip=0,1 inner=0,1 ml=busy
StapelMess t=1789644680150 strip=0,1 inner=0,1 ml=busy
StapelMess t=1789644680180 strip=0,1 inner=0,1 ml=busy
StapelMess t=1789644680217 strip=0,1 inner=0,1 ml=busy
StapelMess ml t=1789644680047 fertig=1789644680247 pcs=[]
StapelMess t=1789644680250 strip=0,1 inner=0,1 ml=start
StapelMess t=1789644680279 strip=0,1 inner=0,1 ml=busy
StapelMess t=1789644680315 strip=0,1 inner=0,1 ml=busy
StapelMess t=1789644680347 strip=0,1 inner=0,1 ml=busy
StapelMess t=1789644680379 strip=0,1 inner=0,1 ml=busy
StapelMess ml t=1789644680250 fertig=1789644680398 pcs=[]
StapelMess t=1789644680419 strip=0,1 inner=0,1 ml=start
StapelMess t=1789644680452 strip=0,1 inner=0,1 ml=busy
StapelMess t=1789644680484 strip=0,1 inner=0,1 ml=busy
StapelMess t=1789644680513 strip=0,2 inner=0,1 ml=busy
StapelMess t=1789644680551 strip=0,1 inner=0,1 ml=busy
StapelMess ml t=1789644680419 fertig=1789644680569 pcs=[]
StapelMess t=1789644680584 strip=0,2 inner=0,1 ml=start
StapelMess t=1789644680615 strip=0,1 inner=0,1 ml=busy
StapelMess t=1789644680647 strip=0,1 inner=0,1 ml=busy
StapelMess t=1789644680682 strip=0,1 inner=0,1 ml=busy
StapelMess t=1789644680713 strip=0,1 inner=0,1 ml=busy
StapelMess t=1789644680747 strip=0,1 inner=0,1 ml=busy
StapelMess ml t=1789644680584 fertig=1789644680751 pcs=[]
StapelMess t=1789644680779 strip=0,1 inner=0,1 ml=start
StapelMess t=1789644680812 strip=0,1 inner=0,1 ml=busy
StapelMess t=1789644680846 strip=0,1 inner=0,1 ml=busy
StapelMess t=1789644680883 strip=0,1 inner=0,1 ml=busy
StapelMess t=1789644680915 strip=0,1 inner=0,1 ml=busy
StapelMess ml t=1789644680779 fertig=1789644680924 pcs=[]
StapelMess t=1789644680947 strip=0,1 inner=0,1 ml=start
StapelMess t=1789644680981 strip=0,1 inner=0,1 ml=busy
StapelMess t=1789644681013 strip=0,1 inner=0,1 ml=busy
StapelMess t=1789644681051 strip=0,1 inner=0,1 ml=busy
StapelMess t=1789644681080 strip=0,1 inner=0,1 ml=busy
StapelMess ml t=1789644680947 fertig=1789644681083 pcs=[]
StapelMess t=1789644681114 strip=0,1 inner=0,1 ml=start
StapelMess t=1789644681154 strip=0,1 inner=0,1 ml=busy
StapelMess t=1789644681179 strip=0,1 inner=0,1 ml=busy
StapelMess t=1789644681219 strip=0,1 inner=0,1 ml=busy
StapelMess t=1789644681247 strip=0,2 inner=0,1 ml=busy
StapelMess t=1789644681274 strip=0,2 inner=0,1 ml=busy
StapelMess ml t=1789644681114 fertig=1789644681284 pcs=[]
StapelMess t=1789644681312 strip=0,1 inner=0,1 ml=start
StapelMess t=1789644681346 strip=0,1 inner=0,1 ml=busy
StapelMess t=1789644681379 strip=0,1 inner=0,1 ml=busy
StapelMess t=1789644681414 strip=0,2 inner=0,3 ml=busy
StapelMess t=1789644681450 strip=0,3 inner=0,3 ml=busy
StapelMess ml t=1789644681312 fertig=1789644681471 pcs=[]
StapelMess t=1789644681480 strip=0,1 inner=0,1 ml=start
StapelMess t=1789644681513 strip=0,1 inner=0,1 ml=busy
StapelMess t=1789644681546 strip=0,1 inner=0,1 ml=busy
StapelMess t=1789644681579 strip=0,1 inner=0,2 ml=busy
StapelMess t=1789644681612 strip=0,1 inner=0,1 ml=busy
StapelMess ml t=1789644681480 fertig=1789644681633 pcs=[]
StapelMess t=1789644681647 strip=0,1 inner=0,1 ml=start
StapelMess t=1789644681680 strip=0,2 inner=0,2 ml=busy
StapelMess t=1789644681715 strip=0,1 inner=0,1 ml=busy
StapelMess t=1789644681745 strip=0,1 inner=0,1 ml=busy
StapelMess t=1789644681780 strip=0,1 inner=0,1 ml=busy
StapelMess ml t=1789644681647 fertig=1789644681802 pcs=[]
StapelMess t=1789644681813 strip=0,5 inner=0,6 ml=start
StapelMess t=1789644681846 strip=0,2 inner=0,1 ml=busy
StapelMess t=1789644681879 strip=0,1 inner=0,1 ml=busy
StapelMess t=1789644681910 strip=0,2 inner=0,1 ml=busy
StapelMess t=1789644681946 strip=0,2 inner=0,1 ml=busy
StapelMess ml t=1789644681813 fertig=1789644681967 pcs=[]
StapelMess t=1789644681979 strip=0,2 inner=0,1 ml=start
StapelMess t=1789644682014 strip=0,1 inner=0,1 ml=busy
StapelMess t=1789644682047 strip=0,1 inner=0,1 ml=busy
StapelMess t=1789644682094 strip=0,1 inner=0,1 ml=busy
StapelMess t=1789644682132 strip=0,2 inner=0,4 ml=busy
StapelMess ml t=1789644681979 fertig=1789644682151 pcs=[]
