--------- beginning of main
09-17 14:33:21.147 I/Choreographer( 6073): first vsync insert message into MessageQueue Head
09-17 14:33:21.387 I/Choreographer(31758): first vsync insert message into MessageQueue Head
09-17 14:33:25.255 I/Choreographer(31758): Skipped 59 frames!  The application may be doing too much work on its main thread.
09-17 14:33:25.873 I/Choreographer(31758): Skipped 73 frames!  The application may be doing too much work on its main thread.
09-17 14:33:28.380 I/StapelMess(31758): === Scanner geoeffnet t=1789648408380 ===
09-17 14:33:29.469 I/StapelMess(31758): stoss start=1789648409117 dauer=245 spitze=5,8 einwurf=false
09-17 14:33:31.295 I/StapelMess(31758): stoss start=1789648411193 dauer=0 spitze=4,2 einwurf=false
09-17 14:33:31.549 I/MlScan  (31758): frame: 1 cards in 197ms top=77044671@0,85
09-17 14:33:31.819 I/MlScan  (31758): frame: 1 cards in 233ms top=77044671@0,84
09-17 14:33:32.285 I/MlScan  (31758): frame: 1 cards in 285ms top=77044671@0,84
09-17 14:33:32.665 I/MlScan  (31758): confirmed card 77044671 t=1789648412665
09-17 14:33:32.666 I/StapelScan(31758): gebucht 77044671 x0
09-17 14:33:32.666 I/MlScan  (31758): frame: 1 cards in 333ms top=77044671@0,84
09-17 14:33:33.031 I/MlScan  (31758): frame: 1 cards in 290ms top=77044671@0,84
09-17 14:33:33.377 I/MlScan  (31758): frame: 1 cards in 277ms top=77044671@0,84
09-17 14:33:33.857 I/MlScan  (31758): frame: 1 cards in 287ms top=77044671@0,84
09-17 14:33:34.146 I/MlScan  (31758): frame: 1 cards in 245ms top=77044671@1,00
09-17 14:33:34.810 I/MlScan  (31758): frame: 1 cards in 312ms top=77044671@0,85
09-17 14:33:35.237 I/MlScan  (31758): frame: 1 cards in 364ms top=77044671@0,86
09-17 14:33:35.371 I/StapelMess(31758): stoss start=1789648414837 dauer=433 spitze=13,5 einwurf=false
09-17 14:33:35.628 I/MlScan  (31758): frame: 1 cards in 310ms top=77044671@0,87
09-17 14:33:35.941 I/MlScan  (31758): frame: 1 cards in 254ms top=77044671@1,00
09-17 14:33:37.100 I/MlScan  (31758): frame: 1 cards in 201ms top=77044671@1,00
09-17 14:33:37.651 I/MlScan  (31758): frame: 1 cards in 214ms top=77044671@1,00
09-17 14:33:38.282 I/MlScan  (31758): frame: 1 cards in 220ms top=77044671@1,00
09-17 14:33:38.869 I/MlScan  (31758): frame: 1 cards in 233ms top=77044671@1,00
09-17 14:33:39.487 I/MlScan  (31758): frame: 1 cards in 217ms top=77044671@1,00
09-17 14:33:40.061 I/MlScan  (31758): frame: 1 cards in 200ms top=77044671@1,00
09-17 14:33:40.610 I/MlScan  (31758): frame: 1 cards in 210ms top=77044671@1,00
09-17 14:33:40.735 I/StapelMess(31758): stoss start=1789648420528 dauer=102 spitze=4,7 einwurf=false
09-17 14:33:41.172 I/MlScan  (31758): frame: 1 cards in 210ms top=77044671@1,00
09-17 14:33:41.728 I/MlScan  (31758): frame: 1 cards in 202ms top=77044671@1,00
09-17 14:33:42.312 I/MlScan  (31758): frame: 1 cards in 216ms top=77044671@1,00
09-17 14:33:42.876 I/MlScan  (31758): frame: 1 cards in 201ms top=77044671@1,00
09-17 14:33:43.474 I/MlScan  (31758): frame: 1 cards in 207ms top=77044671@1,00
09-17 14:33:44.077 I/MlScan  (31758): frame: 1 cards in 218ms top=77044671@1,00
09-17 14:33:44.639 I/MlScan  (31758): frame: 1 cards in 206ms top=77044671@1,00
09-17 14:33:45.206 I/MlScan  (31758): frame: 1 cards in 206ms top=77044671@1,00
09-17 14:33:45.755 I/StapelMess(31758): stoss start=1789648425621 dauer=32 spitze=4,2 einwurf=false
09-17 14:33:45.768 I/MlScan  (31758): frame: 1 cards in 203ms top=77044671@1,00
09-17 14:33:46.873 I/MlScan  (31758): frame: 1 cards in 211ms top=77044671@1,00
09-17 14:33:47.396 I/MlScan  (31758): frame: 1 cards in 206ms top=77044671@1,00
09-17 14:33:47.461 I/StapelDiag(31758): luecke 169 ms bis t=1789648427461
09-17 14:33:50.549 I/MlScan  (31758): frame: 1 cards in 231ms top=77044671@0,85
09-17 14:33:50.778 I/MlScan  (31758): frame: 1 cards in 180ms top=77044671@0,86
09-17 14:33:51.263 I/MlScan  (31758): confirmed card 77044671 t=1789648431263
09-17 14:33:51.264 I/StapelScan(31758): gebucht 77044671 x0
09-17 14:33:51.264 I/MlScan  (31758): frame: 1 cards in 210ms top=77044671@0,84
09-17 14:33:51.518 I/MlScan  (31758): frame: 1 cards in 211ms top=77044671@0,84
09-17 14:33:51.768 I/MlScan  (31758): frame: 1 cards in 194ms top=77044671@0,84
09-17 14:33:52.012 I/MlScan  (31758): frame: 1 cards in 202ms top=77044671@0,84
09-17 14:33:52.260 I/MlScan  (31758): frame: 1 cards in 209ms top=77044671@0,84
09-17 14:33:52.522 I/MlScan  (31758): frame: 1 cards in 219ms top=77044671@0,85
09-17 14:33:52.796 I/MlScan  (31758): frame: 1 cards in 212ms top=77044671@0,85
09-17 14:33:52.954 I/StapelMess(31758): stoss start=1789648432556 dauer=301 spitze=7,2 einwurf=false
09-17 14:33:53.078 I/MlScan  (31758): frame: 1 cards in 237ms top=77044671@0,86
09-17 14:33:53.357 I/StapelMess(31758): stoss start=1789648433260 dauer=0 spitze=3,3 einwurf=false
09-17 14:33:53.426 I/MlScan  (31758): frame: 1 cards in 295ms top=77044671@0,86
09-17 14:33:53.526 I/StapelMess(31758): stoss start=1789648433388 dauer=34 spitze=4,5 einwurf=false
09-17 14:33:53.798 I/MlScan  (31758): frame: 1 cards in 299ms top=77044671@0,87
09-17 14:33:54.164 I/MlScan  (31758): frame: 1 cards in 294ms top=77044671@0,85
09-17 14:33:54.528 I/MlScan  (31758): frame: 1 cards in 298ms top=77044671@0,85
09-17 14:33:54.915 I/MlScan  (31758): frame: 1 cards in 317ms top=77044671@0,85
09-17 14:33:55.295 I/MlScan  (31758): frame: 1 cards in 297ms top=77044671@0,85
09-17 14:33:55.662 I/MlScan  (31758): frame: 1 cards in 301ms top=77044671@0,84
09-17 14:33:56.022 I/MlScan  (31758): frame: 1 cards in 300ms top=77044671@0,85
09-17 14:33:56.378 I/MlScan  (31758): frame: 1 cards in 294ms top=77044671@0,86
09-17 14:33:56.770 I/MlScan  (31758): frame: 1 cards in 302ms top=77044671@0,85
09-17 14:33:57.138 I/MlScan  (31758): frame: 1 cards in 303ms top=77044671@0,85
09-17 14:33:57.652 I/MlScan  (31758): frame: 1 cards in 297ms top=77044671@0,85
09-17 14:33:58.171 I/MlScan  (31758): frame: 1 cards in 288ms top=77044671@0,85
09-17 14:33:58.528 I/MlScan  (31758): frame: 1 cards in 301ms top=77044671@0,85
09-17 14:33:58.894 I/MlScan  (31758): frame: 1 cards in 301ms top=77044671@0,85
09-17 14:33:59.067 I/MlScan  (31758): frame: 1 cards in 109ms top=77044671@0,75
09-17 14:33:59.417 I/MlScan  (31758): frame: 1 cards in 293ms top=77044671@0,85
09-17 14:33:59.480 I/StapelMess(31758): stoss start=1789648438647 dauer=333 spitze=54,6 einwurf=true
09-17 14:33:59.788 I/StapelScan(31758): einwurf anzahl=1 rearmt=[77044671] t=1789648439788
09-17 14:34:00.098 I/StapelDiag(31758): ml t=1789648439809 dets=1 77044671@1,00[259,230,1180,1689]in
09-17 14:34:00.100 I/MlScan  (31758): frame: 1 cards in 249ms top=77044671@1,00
09-17 14:34:00.263 I/StapelDiag(31758): ml t=1789648440112 dets=0 
09-17 14:34:00.413 I/StapelDiag(31758): ml t=1789648440274 dets=0 
09-17 14:34:00.662 I/StapelDiag(31758): ml t=1789648440413 dets=1 77044671@1,00[259,230,1180,1689]in
09-17 14:34:00.662 I/MlScan  (31758): confirmed card 77044671 t=1789648440662
09-17 14:34:00.662 I/StapelScan(31758): gebucht 77044671 x1
09-17 14:34:00.678 I/MlScan  (31758): frame: 1 cards in 203ms top=77044671@1,00
09-17 14:34:01.077 I/StapelHang(31758): haenger 401 ms t=1789648441059
09-17 14:34:01.077 I/StapelHang(31758):   THREAD DefaultDispatcher-worker-2 TIMED_WAITING
09-17 14:34:01.077 I/StapelHang(31758):     at jdk.internal.misc.Unsafe.park(Native Method)
09-17 14:34:01.077 I/StapelHang(31758):     at java.util.concurrent.locks.LockSupport.parkNanos(LockSupport.java:417)
09-17 14:34:01.077 I/StapelHang(31758):     at kotlinx.coroutines.scheduling.CoroutineScheduler$Worker.park(CoroutineScheduler.kt:856)
09-17 14:34:01.077 I/StapelHang(31758):     at kotlinx.coroutines.scheduling.CoroutineScheduler$Worker.tryPark(CoroutineScheduler.kt:801)
09-17 14:34:01.077 I/StapelHang(31758):     at kotlinx.coroutines.scheduling.CoroutineScheduler$Worker.runWorker(CoroutineScheduler.kt:749)
09-17 14:34:01.077 I/StapelHang(31758):     at kotlinx.coroutines.scheduling.CoroutineScheduler$Worker.run(CoroutineScheduler.kt:702)
09-17 14:34:01.077 I/StapelHang(31758):   THREAD OkHttp db.ygoprodeck.com RUNNABLE
09-17 14:34:01.077 I/StapelHang(31758):     at java.net.SocketInputStream.socketRead0(Native Method)
09-17 14:34:01.077 I/StapelHang(31758):     at java.net.SocketInputStream.socketRead(SocketInputStream.java:118)
09-17 14:34:01.077 I/StapelHang(31758):     at java.net.SocketInputStream.read(SocketInputStream.java:173)
09-17 14:34:01.077 I/StapelHang(31758):     at java.net.SocketInputStream.read(SocketInputStream.java:143)
09-17 14:34:01.077 I/StapelHang(31758):     at com.android.org.conscrypt.ConscryptEngineSocket$SSLInputStream.readFromSocket(ConscryptEngineSocket.java:1015)
09-17 14:34:01.077 I/StapelHang(31758):     at com.android.org.conscrypt.ConscryptEngineSocket$SSLInputStream.processDataFromSocket(ConscryptEngineSocket.java:979)
09-17 14:34:01.077 I/StapelHang(31758):     at com.android.org.conscrypt.ConscryptEngineSocket$SSLInputStream.readUntilDataAvailable(ConscryptEngineSocket.java:894)
09-17 14:34:01.077 I/StapelHang(31758):     at com.android.org.conscrypt.ConscryptEngineSocket$SSLInputStream.read(ConscryptEngineSocket.java:867)
09-17 14:34:01.077 I/StapelHang(31758):     at okio.InputStreamSource.read(JvmOkio.kt:93)
09-17 14:34:01.077 I/StapelHang(31758):     at okio.AsyncTimeout$source$1.read(AsyncTimeout.kt:153)
09-17 14:34:01.077 I/StapelHang(31758):     at okio.RealBufferedSource.request(RealBufferedSource.kt:210)
09-17 14:34:01.077 I/StapelHang(31758):     at okio.RealBufferedSource.require(RealBufferedSource.kt:203)
09-17 14:34:01.077 I/StapelHang(31758):     at okhttp3.internal.http2.Http2Reader.nextFrame(Http2Reader.kt:89)
09-17 14:34:01.077 I/StapelHang(31758):     at okhttp3.internal.http2.Http2Connection$ReaderRunnable.invoke(Http2Connection.kt:618)
09-17 14:34:01.077 I/StapelHang(31758):     at okhttp3.internal.http2.Http2Connection$ReaderRunnable.invoke(Http2Connection.kt:609)
09-17 14:34:01.077 I/StapelHang(31758):     at okhttp3.internal.concurrent.TaskQueue$execute$1.runOnce(TaskQueue.kt:98)
09-17 14:34:01.077 I/StapelHang(31758):     at okhttp3.internal.concurrent.TaskRunner.runTask(TaskRunner.kt:116)
09-17 14:34:01.077 I/StapelHang(31758):     at okhttp3.internal.concurrent.TaskRunner.access$runTask(TaskRunner.kt:42)
09-17 14:34:01.077 I/StapelHang(31758):     at okhttp3.internal.concurrent.TaskRunner$runnable$1.run(TaskRunner.kt:65)
09-17 14:34:01.077 I/StapelHang(31758):     at java.util.concurrent.ThreadPoolExecutor.runWorker(ThreadPoolExecutor.java:1100)
09-17 14:34:01.077 I/StapelHang(31758):     at java.util.concurrent.ThreadPoolExecutor$Worker.run(ThreadPoolExecutor.java:624)
09-17 14:34:01.077 I/StapelHang(31758):     at java.lang.Thread.run(Thread.java:1572)
09-17 14:34:01.077 I/StapelHang(31758):   THREAD pool-9-thread-2 TIMED_WAITING
09-17 14:34:01.077 I/StapelHang(31758):     at jdk.internal.misc.Unsafe.park(Native Method)
09-17 14:34:01.077 I/StapelHang(31758):     at java.util.concurrent.locks.LockSupport.parkNanos(LockSupport.java:276)
09-17 14:34:01.077 I/StapelHang(31758):     at java.util.concurrent.locks.AbstractQueuedSynchronizer$ConditionObject.awaitNanos(AbstractQueuedSynchronizer.java:1803)
09-17 14:34:01.077 I/StapelHang(31758):     at java.util.concurrent.LinkedBlockingQueue.poll(LinkedBlockingQueue.java:460)
09-17 14:34:01.077 I/StapelHang(31758):     at java.util.concurrent.ThreadPoolExecutor.getTask(ThreadPoolExecutor.java:1025)
09-17 14:34:01.077 I/StapelHang(31758):     at java.util.concurrent.ThreadPoolExecutor.runWorker(ThreadPoolExecutor.java:1086)
09-17 14:34:01.077 I/StapelHang(31758):     at java.util.concurrent.ThreadPoolExecutor$Worker.run(ThreadPoolExecutor.java:624)
09-17 14:34:01.077 I/StapelHang(31758):     at com.google.mlkit.common.sdkinternal.MlKitThreadPool.zzd(com.google.mlkit:common@@18.8.0:2)
09-17 14:34:01.077 I/StapelHang(31758):     at com.google.mlkit.common.sdkinternal.zzi.run(com.google.mlkit:common@@18.8.0:2)
09-17 14:34:01.077 I/StapelHang(31758):     at java.lang.Thread.run(Thread.java:1572)
09-17 14:34:01.077 I/StapelHang(31758):   THREAD DefaultDispatcher-worker-9 TIMED_WAITING
09-17 14:34:01.077 I/StapelHang(31758):     at jdk.internal.misc.Unsafe.park(Native Method)
09-17 14:34:01.077 I/StapelHang(31758):     at java.util.concurrent.locks.LockSupport.parkNanos(LockSupport.java:417)
09-17 14:34:01.077 I/StapelHang(31758):     at kotlinx.coroutines.scheduling.CoroutineScheduler$Worker.park(CoroutineScheduler.kt:856)
09-17 14:34:01.077 I/StapelHang(31758):     at kotlinx.coroutines.scheduling.CoroutineScheduler$Worker.tryPark(CoroutineScheduler.kt:801)
09-17 14:34:01.077 I/StapelHang(31758):     at kotlinx.coroutines.scheduling.CoroutineScheduler$Worker.runWorker(CoroutineScheduler.kt:749)
09-17 14:34:01.077 I/StapelHang(31758):     at kotlinx.coroutines.scheduling.CoroutineScheduler$Worker.run(CoroutineScheduler.kt:702)
09-17 14:34:01.077 I/StapelHang(31758):   THREAD OkHttp http://192.168.178.24:4000/... RUNNABLE
09-17 14:34:01.077 I/StapelHang(31758):     at java.net.SocketInputStream.socketRead0(Native Method)
09-17 14:34:01.077 I/StapelHang(31758):     at java.net.SocketInputStream.socketRead(SocketInputStream.java:118)
09-17 14:34:01.077 I/StapelHang(31758):     at java.net.SocketInputStream.read(SocketInputStream.java:173)
09-17 14:34:01.077 I/StapelHang(31758):     at java.net.SocketInputStream.read(SocketInputStream.java:143)
09-17 14:34:01.077 I/StapelHang(31758):     at okio.InputStreamSource.read(JvmOkio.kt:93)
09-17 14:34:01.077 I/StapelHang(31758):     at okio.AsyncTimeout$source$1.read(AsyncTimeout.kt:153)
09-17 14:34:01.077 I/StapelHang(31758):     at okio.RealBufferedSource.request(RealBufferedSource.kt:210)
09-17 14:34:01.077 I/StapelHang(31758):     at okio.RealBufferedSource.require(RealBufferedSource.kt:203)
09-17 14:34:01.077 I/StapelHang(31758):     at okio.RealBufferedSource.readByte(RealBufferedSource.kt:213)
09-17 14:34:01.077 I/StapelHang(31758):     at okhttp3.internal.ws.WebSocketReader.readHeader(WebSocketReader.kt:119)
09-17 14:34:01.077 I/StapelHang(31758):     at okhttp3.internal.ws.WebSocketReader.processNextFrame(WebSocketReader.kt:102)
09-17 14:34:01.077 I/StapelHang(31758):     at okhttp3.internal.ws.RealWebSocket.loopReader(RealWebSocket.kt:293)
09-17 14:34:01.077 I/StapelHang(31758):     at okhttp3.internal.ws.RealWebSocket$connect$1.onResponse(RealWebSocket.kt:195)
09-17 14:34:01.077 I/StapelHang(31758):     at okhttp3.internal.connection.RealCall$AsyncCall.run(RealCall.kt:519)
09-17 14:34:01.077 I/StapelHang(31758):     at java.util.concurrent.ThreadPoolExecutor.runWorker(ThreadPoolExecutor.java:1100)
09-17 14:34:01.077 I/StapelHang(31758):     at java.util.concurrent.ThreadPoolExecutor$Worker.run(ThreadPoolExecutor.java:624)
09-17 14:34:01.077 I/StapelHang(31758):     at java.lang.Thread.run(Thread.java:1572)
09-17 14:34:01.077 I/StapelHang(31758):   THREAD MLHandler RUNNABLE
09-17 14:34:01.077 I/StapelHang(31758):     at android.os.MessageQueue.nativePollOnce(Native Method)
09-17 14:34:01.077 I/StapelHang(31758):     at android.os.MessageQueue.nextLegacy(MessageQueue.java:957)
09-17 14:34:01.077 I/StapelHang(31758):     at android.os.MessageQueue.next(MessageQueue.java:1099)
09-17 14:34:01.077 I/StapelHang(31758):     at android.os.Looper.loopOnce(Looper.java:217)
09-17 14:34:01.077 I/StapelHang(31758):     at android.os.Looper.loop(Looper.java:369)
09-17 14:34:01.077 I/StapelHang(31758):     at android.os.HandlerThread.run(HandlerThread.java:85)
09-17 14:34:01.077 I/StapelHang(31758):   THREAD kotlinx.coroutines.DefaultExecutor TIMED_WAITING
09-17 14:34:01.077 I/StapelHang(31758):     at jdk.internal.misc.Unsafe.park(Native Method)
09-17 14:34:01.077 I/StapelHang(31758):     at java.util.concurrent.locks.LockSupport.parkNanos(LockSupport.java:276)
09-17 14:34:01.077 I/StapelHang(31758):     at kotlinx.coroutines.DefaultExecutor.run(DefaultExecutor.kt:118)
09-17 14:34:01.077 I/StapelHang(31758):     at java.lang.Thread.run(Thread.java:1572)
09-17 14:34:01.077 I/StapelHang(31758):   THREAD punchpool-13-thread-1 WAITING
09-17 14:34:01.077 I/StapelHang(31758):     at jdk.internal.misc.Unsafe.park(Native Method)
09-17 14:34:01.077 I/StapelHang(31758):     at java.util.concurrent.locks.LockSupport.park(LockSupport.java:376)
09-17 14:34:01.077 I/StapelHang(31758):     at java.util.concurrent.locks.AbstractQueuedSynchronizer$ConditionNode.block(AbstractQueuedSynchronizer.java:520)
09-17 14:34:01.077 I/StapelHang(31758):     at java.util.concurrent.ForkJoinPool.unmanagedBlock(ForkJoinPool.java:3797)
09-17 14:34:01.077 I/StapelHang(31758):     at java.util.concurrent.ForkJoinPool.managedBlock(ForkJoinPool.java:3738)
09-17 14:34:01.077 I/StapelHang(31758):     at java.util.concurrent.locks.AbstractQueuedSynchronizer$ConditionObject.await(AbstractQueuedSynchronizer.java:1752)
09-17 14:34:01.077 I/StapelHang(31758):     at java.util.concurrent.ScheduledThreadPoolExecutor$DelayedWorkQueue.take(ScheduledThreadPoolExecutor.java:1170)
09-17 14:34:01.077 I/StapelHang(31758):     at java.util.concurrent.ScheduledThreadPoolExecutor$DelayedWorkQueue.take(ScheduledThreadPoolExecutor.java:899)
09-17 14:34:01.077 I/StapelHang(31758):     at java.util.concurrent.ThreadPoolExecutor.getTask(ThreadPoolExecutor.java:1026)
09-17 14:34:01.077 I/StapelHang(31758):     at java.util.concurrent.ThreadPoolExecutor.runWorker(ThreadPoolExecutor.java:1086)
09-17 14:34:01.077 I/StapelHang(31758):     at java.util.concurrent.ThreadPoolExecutor$Worker.run(ThreadPoolExecutor.java:624)
09-17 14:34:01.077 I/StapelHang(31758):     at java.lang.Thread.run(Thread.java:1572)
09-17 14:34:01.077 I/StapelHang(31758):   THREAD SurfaceSyncGroupTimer RUNNABLE
09-17 14:34:01.077 I/StapelHang(31758):     at android.os.MessageQueue.nativePollOnce(Native Method)
09-17 14:34:01.077 I/StapelHang(31758):     at android.os.MessageQueue.nextLegacy(MessageQueue.java:957)
09-17 14:34:01.077 I/StapelHang(31758):     at android.os.MessageQueue.next(MessageQueue.java:1099)
09-17 14:34:01.077 I/StapelHang(31758):     at android.os.Looper.loopOnce(Looper.java:217)
09-17 14:34:01.077 I/StapelHang(31758):     at android.os.Looper.loop(Looper.java:369)
09-17 14:34:01.077 I/StapelHang(31758):     at android.os.HandlerThread.run(HandlerThread.java:85)
09-17 14:34:01.077 I/StapelHang(31758):   THREAD CameraManagerGlobal RUNNABLE
09-17 14:34:01.077 I/StapelHang(31758):     at android.os.MessageQueue.nativePollOnce(Native Method)
09-17 14:34:01.077 I/StapelHang(31758):     at android.os.MessageQueue.nextLegacy(MessageQueue.java:957)
09-17 14:34:01.077 I/StapelHang(31758):     at android.os.MessageQueue.next(MessageQueue.java:1099)
09-17 14:34:01.077 I/StapelHang(31758):     at android.os.Looper.loopOnce(Looper.java:217)
09-17 14:34:01.077 I/StapelHang(31758):     at android.os.Looper.loop(Looper.java:369)
09-17 14:34:01.077 I/StapelHang(31758):     at android.os.HandlerThread.run(HandlerThread.java:85)
09-17 14:34:01.077 I/StapelHang(31758):   THREAD DefaultDispatcher-worker-13 TIMED_WAITING
09-17 14:34:01.077 I/StapelHang(31758):     at jdk.internal.misc.Unsafe.park(Native Method)
09-17 14:34:01.077 I/StapelHang(31758):     at java.util.concurrent.locks.LockSupport.parkNanos(LockSupport.java:417)
09-17 14:34:01.077 I/StapelHang(31758):     at kotlinx.coroutines.scheduling.CoroutineScheduler$Worker.park(CoroutineScheduler.kt:856)
09-17 14:34:01.077 I/StapelHang(31758):     at kotlinx.coroutines.scheduling.CoroutineScheduler$Worker.tryPark(CoroutineScheduler.kt:801)
09-17 14:34:01.077 I/StapelHang(31758):     at kotlinx.coroutines.scheduling.CoroutineScheduler$Worker.runWorker(CoroutineScheduler.kt:749)
09-17 14:34:01.077 I/StapelHang(31758):     at kotlinx.coroutines.scheduling.CoroutineScheduler$Worker.run(CoroutineScheduler.kt:702)
09-17 14:34:01.077 I/StapelHang(31758):   THREAD pool-18-thread-1 WAITING
09-17 14:34:01.077 I/StapelHang(31758):     at jdk.internal.misc.Unsafe.park(Native Method)
09-17 14:34:01.077 I/StapelHang(31758):     at java.util.concurrent.locks.LockSupport.park(LockSupport.java:376)
09-17 14:34:01.077 I/StapelHang(31758):     at java.util.concurrent.locks.AbstractQueuedSynchronizer$ConditionNode.block(AbstractQueuedSynchronizer.java:520)
09-17 14:34:01.077 I/StapelHang(31758):     at java.util.concurrent.ForkJoinPool.unmanagedBlock(ForkJoinPool.java:3797)
09-17 14:34:01.077 I/StapelHang(31758):     at java.util.concurrent.ForkJoinPool.managedBlock(ForkJoinPool.java:3738)
09-17 14:34:01.077 I/StapelHang(31758):     at java.util.concurrent.locks.AbstractQueuedSynchronizer$ConditionObject.await(AbstractQueuedSynchronizer.java:1752)
09-17 14:34:01.077 I/StapelHang(31758):     at java.util.concurrent.LinkedBlockingQueue.take(LinkedBlockingQueue.java:435)
09-17 14:34:01.077 I/StapelHang(31758):     at java.util.concurrent.ThreadPoolExecutor.getTask(ThreadPoolExecutor.java:1026)
09-17 14:34:01.077 I/StapelHang(31758):     at java.util.concurrent.ThreadPoolExecutor.runWorker(ThreadPoolExecutor.java:1086)
09-17 14:34:01.077 I/StapelHang(31758):     at java.util.concurrent.ThreadPoolExecutor$Worker.run(ThreadPoolExecutor.java:624)
09-17 14:34:01.077 I/StapelHang(31758):     at java.lang.Thread.run(Thread.java:1572)
09-17 14:34:01.077 I/StapelHang(31758):   THREAD CameraX-core_camera_0 WAITING
09-17 14:34:01.077 I/StapelHang(31758):     at jdk.internal.misc.Unsafe.park(Native Method)
09-17 14:34:01.077 I/StapelHang(31758):     at java.util.concurrent.locks.LockSupport.park(LockSupport.java:376)
09-17 14:34:01.077 I/StapelHang(31758):     at java.util.concurrent.locks.AbstractQueuedSynchronizer$ConditionNode.block(AbstractQueuedSynchronizer.java:520)
09-17 14:34:01.077 I/StapelHang(31758):     at java.util.concurrent.ForkJoinPool.unmanagedBlock(ForkJoinPool.java:3797)
09-17 14:34:01.077 I/StapelHang(31758):     at java.util.concurrent.ForkJoinPool.managedBlock(ForkJoinPool.java:3738)
09-17 14:34:01.077 I/StapelHang(31758):     at java.util.concurrent.locks.AbstractQueuedSynchronizer$ConditionObject.await(AbstractQueuedSynchronizer.java:1752)
09-17 14:34:01.077 I/StapelHang(31758):     at java.util.concurrent.LinkedBlockingQueue.take(LinkedBlockingQueue.java:435)
09-17 14:34:01.077 I/StapelHang(31758):     at java.util.concurrent.ThreadPoolExecutor.getTask(ThreadPoolExecutor.java:1026)
09-17 14:34:01.077 I/StapelHang(31758):     at java.util.concurrent.ThreadPoolExecutor.runWorker(ThreadPoolExecutor.java:1086)
09-17 14:34:01.077 I/StapelHang(31758):     at java.util.concurrent.ThreadPoolExecutor$Worker.run(ThreadPoolExecutor.java:624)
09-17 14:34:01.077 I/StapelHang(31758):     at java.lang.Thread.run(Thread.java:1572)
09-17 14:34:01.077 I/StapelHang(31758):   THREAD pool-9-thread-5 TIMED_WAITING
09-17 14:34:01.077 I/StapelHang(31758):     at jdk.internal.misc.Unsafe.park(Native Method)
09-17 14:34:01.077 I/StapelHang(31758):     at java.util.concurrent.locks.LockSupport.parkNanos(LockSupport.java:276)
09-17 14:34:01.077 I/StapelHang(31758):     at java.util.concurrent.locks.AbstractQueuedSynchronizer$ConditionObject.awaitNanos(AbstractQueuedSynchronizer.java:1803)
09-17 14:34:01.077 I/StapelHang(31758):     at java.util.concurrent.LinkedBlockingQueue.poll(LinkedBlockingQueue.java:460)
09-17 14:34:01.077 I/StapelHang(31758):     at java.util.concurrent.ThreadPoolExecutor.getTask(ThreadPoolExecutor.java:1025)
09-17 14:34:01.077 I/StapelHang(31758):     at java.util.concurrent.ThreadPoolExecutor.runWorker(ThreadPoolExecutor.java:1086)
09-17 14:34:01.077 I/StapelHang(31758):     at java.util.concurrent.ThreadPoolExecutor$Worker.run(ThreadPoolExecutor.java:624)
09-17 14:34:01.077 I/StapelHang(31758):     at com.google.mlkit.common.sdkinternal.MlKitThreadPool.zzd(com.google.mlkit:common@@18.8.0:2)
09-17 14:34:01.077 I/StapelHang(31758):     at com.google.mlkit.common.sdkinternal.zzi.run(com.google.mlkit:common@@18.8.0:2)
09-17 14:34:01.077 I/StapelHang(31758):     at java.lang.Thread.run(Thread.java:1572)
09-17 14:34:01.077 I/StapelHang(31758):   THREAD OkHttp TaskRunner TIMED_WAITING
09-17 14:34:01.077 I/StapelHang(31758):     at jdk.internal.misc.Unsafe.park(Native Method)
09-17 14:34:01.077 I/StapelHang(31758):     at java.util.concurrent.locks.LockSupport.parkNanos(LockSupport.java:417)
09-17 14:34:01.077 I/StapelHang(31758):     at java.util.concurrent.LinkedTransferQueue$DualNode.await(LinkedTransferQueue.java:452)
09-17 14:34:01.077 I/StapelHang(31758):     at java.util.concurrent.SynchronousQueue$Transferer.xferLifo(SynchronousQueue.java:194)
09-17 14:34:01.077 I/StapelHang(31758):     at java.util.concurrent.SynchronousQueue.xfer(SynchronousQueue.java:235)
09-17 14:34:01.077 I/StapelHang(31758):     at java.util.concurrent.SynchronousQueue.poll(SynchronousQueue.java:338)
09-17 14:34:01.077 I/StapelHang(31758):     at java.util.concurrent.ThreadPoolExecutor.getTask(ThreadPoolExecutor.java:1025)
09-17 14:34:01.077 I/StapelHang(31758):     at java.util.concurrent.ThreadPoolExecutor.runWorker(ThreadPoolExecutor.java:1086)
09-17 14:34:01.077 I/StapelHang(31758):     at java.util.concurrent.ThreadPoolExecutor$Worker.run(ThreadPoolExecutor.java:624)
09-17 14:34:01.077 I/StapelHang(31758):     at java.lang.Thread.run(Thread.java:1572)
09-17 14:34:01.077 I/StapelHang(31758):   THREAD CameraX-core_camera_1 WAITING
09-17 14:34:01.077 I/StapelHang(31758):     at jdk.internal.misc.Unsafe.park(Native Method)
09-17 14:34:01.077 I/StapelHang(31758):     at java.util.concurrent.locks.LockSupport.park(LockSupport.java:376)
09-17 14:34:01.077 I/StapelHang(31758):     at java.util.concurrent.locks.AbstractQueuedSynchronizer$ConditionNode.block(AbstractQueuedSynchronizer.java:520)
09-17 14:34:01.077 I/StapelHang(31758):     at java.util.concurrent.ForkJoinPool.unmanagedBlock(ForkJoinPool.java:3797)
09-17 14:34:01.077 I/StapelHang(31758):     at java.util.concurrent.ForkJoinPool.managedBlock(ForkJoinPool.java:3738)
09-17 14:34:01.077 I/StapelHang(31758):     at java.util.concurrent.locks.AbstractQueuedSynchronizer$ConditionObject.await(AbstractQueuedSynchronizer.java:1752)
09-17 14:34:01.077 I/StapelHang(31758):     at java.util.concurrent.LinkedBlockingQueue.take(LinkedBlockingQueue.java:435)
09-17 14:34:01.077 I/StapelHang(31758):     at java.util.concurrent.ThreadPoolExecutor.getTask(ThreadPoolExecutor.java:1026)
09-17 14:34:01.077 I/StapelHang(31758):     at java.util.concurrent.ThreadPoolExecutor.runWorker(ThreadPoolExecutor.java:1086)
09-17 14:34:01.077 I/StapelHang(31758):     at java.util.concurrent.ThreadPoolExecutor$Worker.run(ThreadPoolExecutor.java:624)
09-17 14:34:01.077 I/StapelHang(31758):     at java.lang.Thread.run(Thread.java:1572)
09-17 14:34:01.077 I/StapelHang(31758):   THREAD OkHttp TaskRunner TIMED_WAITING
09-17 14:34:01.077 I/StapelHang(31758):     at jdk.internal.misc.Unsafe.park(Native Method)
09-17 14:34:01.077 I/StapelHang(31758):     at java.util.concurrent.locks.LockSupport.parkNanos(LockSupport.java:417)
09-17 14:34:01.077 I/StapelHang(31758):     at java.util.concurrent.LinkedTransferQueue$DualNode.await(LinkedTransferQueue.java:452)
09-17 14:34:01.077 I/StapelHang(31758):     at java.util.concurrent.SynchronousQueue$Transferer.xferLifo(SynchronousQueue.java:194)
09-17 14:34:01.077 I/StapelHang(31758):     at java.util.concurrent.SynchronousQueue.xfer(SynchronousQueue.java:235)
09-17 14:34:01.077 I/StapelHang(31758):     at java.util.concurrent.SynchronousQueue.poll(SynchronousQueue.java:338)
09-17 14:34:01.077 I/StapelHang(31758):     at java.util.concurrent.ThreadPoolExecutor.getTask(ThreadPoolExecutor.java:1025)
09-17 14:34:01.077 I/StapelHang(31758):     at java.util.concurrent.ThreadPoolExecutor.runWorker(ThreadPoolExecutor.java:1086)
09-17 14:34:01.077 I/StapelHang(31758):     at java.util.concurrent.ThreadPoolExecutor$Worker.run(ThreadPoolExecutor.java:624)
09-17 14:34:01.077 I/StapelHang(31758):     at java.lang.Thread.run(Thread.java:1572)
09-17 14:34:01.077 I/StapelHang(31758):   THREAD HangWatchdog RUNNABLE
09-17 14:34:01.077 I/StapelHang(31758):     at dalvik.system.VMStack.getThreadStackTrace(Native Method)
09-17 14:34:01.077 I/StapelHang(31758):     at java.lang.Thread.getStackTrace(Thread.java:2852)
09-17 14:34:01.077 I/StapelHang(31758):     at java.lang.Thread.getAllStackTraces(Thread.java:2919)
09-17 14:34:01.077 I/StapelHang(31758):     at com.example.yugiohscanner.ml.HangWatchdog.start$lambda$1(MessLog.kt:63)
09-17 14:34:01.077 I/StapelHang(31758):     at com.example.yugiohscanner.ml.HangWatchdog.$r8$lambda$ilEpawo6uuVLX7eFM2gjrwsfNi8(MessLog.kt:0)
09-17 14:34:01.077 I/StapelHang(31758):     at com.example.yugiohscanner.ml.HangWatchdog$$ExternalSyntheticLambda1.run(D8$$SyntheticClass:2)
09-17 14:34:01.077 I/StapelHang(31758):     at java.lang.Thread.run(Thread.java:1572)
09-17 14:34:01.077 I/StapelHang(31758):   THREAD OkHttp uirfqwklvavgjklgqpnn.supabase.co RUNNABLE
09-17 14:34:01.077 I/StapelHang(31758):     at java.net.SocketInputStream.socketRead0(Native Method)
09-17 14:34:01.077 I/StapelHang(31758):     at java.net.SocketInputStream.socketRead(SocketInputStream.java:118)
09-17 14:34:01.077 I/StapelHang(31758):     at java.net.SocketInputStream.read(SocketInputStream.java:173)
09-17 14:34:01.077 I/StapelHang(31758):     at java.net.SocketInputStream.read(SocketInputStream.java:143)
09-17 14:34:01.077 I/StapelHang(31758):     at com.android.org.conscrypt.ConscryptEngineSocket$SSLInputStream.readFromSocket(ConscryptEngineSocket.java:1015)
09-17 14:34:01.077 I/StapelHang(31758):     at com.android.org.conscrypt.ConscryptEngineSocket$SSLInputStream.processDataFromSocket(ConscryptEngineSocket.java:979)
09-17 14:34:01.077 I/StapelHang(31758):     at com.android.org.conscrypt.ConscryptEngineSocket$SSLInputStream.readUntilDataAvailable(ConscryptEngineSocket.java:894)
09-17 14:34:01.077 I/StapelHang(31758):     at com.android.org.conscrypt.ConscryptEngineSocket$SSLInputStream.read(ConscryptEngineSocket.java:867)
09-17 14:34:01.077 I/StapelHang(31758):     at okio.InputStreamSource.read(JvmOkio.kt:93)
09-17 14:34:01.077 I/StapelHang(31758):     at okio.AsyncTimeout$source$1.read(AsyncTimeout.kt:153)
09-17 14:34:01.077 I/StapelHang(31758):     at okio.RealBufferedSource.request(RealBufferedSource.kt:210)
09-17 14:34:01.077 I/StapelHang(31758):     at okio.RealBufferedSource.require(RealBufferedSource.kt:203)
09-17 14:34:01.077 I/StapelHang(31758):     at okhttp3.internal.http2.Http2Reader.nextFrame(Http2Reader.kt:89)
09-17 14:34:01.077 I/StapelHang(31758):     at okhttp3.internal.http2.Http2Connection$ReaderRunnable.invoke(Http2Connection.kt:618)
09-17 14:34:01.077 I/StapelHang(31758):     at okhttp3.internal.http2.Http2Connection$ReaderRunnable.invoke(Http2Connection.kt:609)
09-17 14:34:01.077 I/StapelHang(31758):     at okhttp3.internal.concurrent.TaskQueue$execute$1.runOnce(TaskQueue.kt:98)
09-17 14:34:01.077 I/StapelHang(31758):     at okhttp3.internal.concurrent.TaskRunner.runTask(TaskRunner.kt:116)
09-17 14:34:01.077 I/StapelHang(31758):     at okhttp3.internal.concurrent.TaskRunner.access$runTask(TaskRunner.kt:42)
09-17 14:34:01.077 I/StapelHang(31758):     at okhttp3.internal.concurrent.TaskRunner$runnable$1.run(TaskRunner.kt:65)
09-17 14:34:01.077 I/StapelHang(31758):     at java.util.concurrent.ThreadPoolExecutor.runWorker(ThreadPoolExecutor.java:1100)
09-17 14:34:01.077 I/StapelHang(31758):     at java.util.concurrent.ThreadPoolExecutor$Worker.run(ThreadPoolExecutor.java:624)
09-17 14:34:01.077 I/StapelHang(31758):     at java.lang.Thread.run(Thread.java:1572)
09-17 14:34:01.077 I/StapelHang(31758):   THREAD dex_preload_t RUNNABLE
09-17 14:34:01.077 I/StapelHang(31758):     at android.os.MessageQueue.nativePollOnce(Native Method)
09-17 14:34:01.077 I/StapelHang(31758):     at android.os.MessageQueue.nextLegacy(MessageQueue.java:957)
09-17 14:34:01.077 I/StapelHang(31758):     at android.os.MessageQueue.next(MessageQueue.java:1099)
09-17 14:34:01.077 I/StapelHang(31758):     at android.os.Looper.loopOnce(Looper.java:217)
09-17 14:34:01.077 I/StapelHang(31758):     at android.os.Looper.loop(Looper.java:369)
09-17 14:34:01.077 I/StapelHang(31758):     at android.os.HandlerThread.run(HandlerThread.java:85)
09-17 14:34:01.077 I/StapelHang(31758):   THREAD Timer-0 WAITING
09-17 14:34:01.077 I/StapelHang(31758):     at java.lang.Object.wait(Native Method)
09-17 14:34:01.077 I/StapelHang(31758):     at java.lang.Object.wait(Object.java:405)
09-17 14:34:01.077 I/StapelHang(31758):     at java.lang.Object.wait(Object.java:543)
09-17 14:34:01.077 I/StapelHang(31758):     at java.util.TimerThread.mainLoop(Timer.java:562)
09-17 14:34:01.077 I/StapelHang(31758):     at java.util.TimerThread.run(Timer.java:540)
09-17 14:34:01.077 I/StapelHang(31758):   THREAD GmsDynamite WAITING
09-17 14:34:01.077 I/StapelHang(31758):     at java.lang.Object.wait(Native Method)
09-17 14:34:01.077 I/StapelHang(31758):     at java.lang.Object.wait(Object.java:405)
09-17 14:34:01.077 I/StapelHang(31758):     at java.lang.Object.wait(Object.java:543)
09-17 14:34:01.077 I/StapelHang(31758):     at com.google.android.gms.dynamite.zza.run(com.google.android.gms:play-services-basement@@18.1.0:2)
09-17 14:34:01.077 I/StapelHang(31758):   THREAD FinalizerDaemon WAITING
09-17 14:34:01.077 I/StapelHang(31758):     at java.lang.Object.wait(Native Method)
09-17 14:34:01.077 I/StapelHang(31758):     at java.lang.Object.wait(Object.java:405)
09-17 14:34:01.077 I/StapelHang(31758):     at java.lang.ref.ReferenceQueue.remove(ReferenceQueue.java:207)
09-17 14:34:01.077 I/StapelHang(31758):     at java.lang.ref.ReferenceQueue.remove(ReferenceQueue.java:228)
09-17 14:34:01.077 I/StapelHang(31758):     at java.lang.Daemons$FinalizerDaemon.runInternal(Daemons.java:350)
09-17 14:34:01.077 I/StapelHang(31758):     at java.lang.Daemons$Daemon.run(Daemons.java:135)
09-17 14:34:01.077 I/StapelHang(31758):     at java.lang.Thread.run(Thread.java:1572)
09-17 14:34:01.077 I/StapelHang(31758):   THREAD engine.io-client.heartbeat-0 TIMED_WAITING
09-17 14:34:01.077 I/StapelHang(31758):     at jdk.internal.misc.Unsafe.park(Native Method)
09-17 14:34:01.077 I/StapelHang(31758):     at java.util.concurrent.locks.LockSupport.parkNanos(LockSupport.java:276)
09-17 14:34:01.077 I/StapelHang(31758):     at java.util.concurrent.locks.AbstractQueuedSynchronizer$ConditionObject.awaitNanos(AbstractQueuedSynchronizer.java:1803)
09-17 14:34:01.077 I/StapelHang(31758):     at java.util.concurrent.ScheduledThreadPoolExecutor$DelayedWorkQueue.take(ScheduledThreadPoolExecutor.java:1182)
09-17 14:34:01.077 I/StapelHang(31758):     at java.util.concurrent.ScheduledThreadPoolExecutor$DelayedWorkQueue.take(ScheduledThreadPoolExecutor.java:899)
09-17 14:34:01.077 I/StapelHang(31758):     at java.util.concurrent.ThreadPoolExecutor.getTask(ThreadPoolExecutor.java:1026)
09-17 14:34:01.077 I/StapelHang(31758):     at java.util.concurrent.ThreadPoolExecutor.runWorker(ThreadPoolExecutor.java:1086)
09-17 14:34:01.077 I/StapelHang(31758):     at java.util.concurrent.ThreadPoolExecutor$Worker.run(ThreadPoolExecutor.java:624)
09-17 14:34:01.077 I/StapelHang(31758):     at java.lang.Thread.run(Thread.java:1572)
09-17 14:34:01.077 I/StapelHang(31758):   THREAD OkHttp Dispatcher TIMED_WAITING
09-17 14:34:01.077 I/StapelHang(31758):     at jdk.internal.misc.Unsafe.park(Native Method)
09-17 14:34:01.077 I/StapelHang(31758):     at java.util.concurrent.locks.LockSupport.parkNanos(LockSupport.java:417)
09-17 14:34:01.077 I/StapelHang(31758):     at java.util.concurrent.LinkedTransferQueue$DualNode.await(LinkedTransferQueue.java:452)
09-17 14:34:01.077 I/StapelHang(31758):     at java.util.concurrent.SynchronousQueue$Transferer.xferLifo(SynchronousQueue.java:194)
09-17 14:34:01.077 I/StapelHang(31758):     at java.util.concurrent.SynchronousQueue.xfer(SynchronousQueue.java:235)
09-17 14:34:01.077 I/StapelHang(31758):     at java.util.concurrent.SynchronousQueue.poll(SynchronousQueue.java:338)
09-17 14:34:01.077 I/StapelHang(31758):     at java.util.concurrent.ThreadPoolExecutor.getTask(ThreadPoolExecutor.java:1025)
09-17 14:34:01.077 I/StapelHang(31758):     at java.util.concurrent.ThreadPoolExecutor.runWorker(ThreadPoolExecutor.java:1086)
09-17 14:34:01.077 I/StapelHang(31758):     at java.util.concurrent.ThreadPoolExecutor$Worker.run(ThreadPoolExecutor.java:624)
09-17 14:34:01.077 I/StapelHang(31758):     at java.lang.Thread.run(Thread.java:1572)
09-17 14:34:01.077 I/StapelHang(31758):   THREAD pool-9-thread-3 TIMED_WAITING
09-17 14:34:01.077 I/StapelHang(31758):     at jdk.internal.misc.Unsafe.park(Native Method)
09-17 14:34:01.077 I/StapelHang(31758):     at java.util.concurrent.locks.LockSupport.parkNanos(LockSupport.java:276)
09-17 14:34:01.077 I/StapelHang(31758):     at java.util.concurrent.locks.AbstractQueuedSynchronizer$ConditionObject.awaitNanos(AbstractQueuedSynchronizer.java:1803)
09-17 14:34:01.077 I/StapelHang(31758):     at java.util.concurrent.LinkedBlockingQueue.poll(LinkedBlockingQueue.java:460)
09-17 14:34:01.077 I/StapelHang(31758):     at java.util.concurrent.ThreadPoolExecutor.getTask(ThreadPoolExecutor.java:1025)
09-17 14:34:01.077 I/StapelHang(31758):     at java.util.concurrent.ThreadPoolExecutor.runWorker(ThreadPoolExecutor.java:1086)
09-17 14:34:01.077 I/StapelHang(31758):     at java.util.concurrent.ThreadPoolExecutor$Worker.run(ThreadPoolExecutor.java:624)
09-17 14:34:01.077 I/StapelHang(31758):     at com.google.mlkit.common.sdkinternal.MlKitThreadPool.zzd(com.google.mlkit:common@@18.8.0:2)
09-17 14:34:01.077 I/StapelHang(31758):     at com.google.mlkit.common.sdkinternal.zzi.run(com.google.mlkit:common@@18.8.0:2)
09-17 14:34:01.077 I/StapelHang(31758):     at java.lang.Thread.run(Thread.java:1572)
09-17 14:34:01.077 I/StapelHang(31758):   THREAD CameraX-camerax_high_priority WAITING
09-17 14:34:01.077 I/StapelHang(31758):     at jdk.internal.misc.Unsafe.park(Native Method)
09-17 14:34:01.077 I/StapelHang(31758):     at java.util.concurrent.locks.LockSupport.park(LockSupport.java:376)
09-17 14:34:01.077 I/StapelHang(31758):     at java.util.concurrent.locks.AbstractQueuedSynchronizer$ConditionNode.block(AbstractQueuedSynchronizer.java:520)
09-17 14:34:01.077 I/StapelHang(31758):     at java.util.concurrent.ForkJoinPool.unmanagedBlock(ForkJoinPool.java:3797)
09-17 14:34:01.077 I/StapelHang(31758):     at java.util.concurrent.ForkJoinPool.managedBlock(ForkJoinPool.java:3738)
09-17 14:34:01.077 I/StapelHang(31758):     at java.util.concurrent.locks.AbstractQueuedSynchronizer$ConditionObject.await(AbstractQueuedSynchronizer.java:1752)
09-17 14:34:01.077 I/StapelHang(31758):     at java.util.concurrent.LinkedBlockingQueue.take(LinkedBlockingQueue.java:435)
09-17 14:34:01.077 I/StapelHang(31758):     at java.util.concurrent.ThreadPoolExecutor.getTask(ThreadPoolExecutor.java:1026)
09-17 14:34:01.077 I/StapelHang(31758):     at java.util.concurrent.ThreadPoolExecutor.runWorker(ThreadPoolExecutor.java:1086)
09-17 14:34:01.077 I/StapelHang(31758):     at java.util.concurrent.ThreadPoolExecutor$Worker.run(ThreadPoolExecutor.java:624)
09-17 14:34:01.077 I/StapelHang(31758):     at java.lang.Thread.run(Thread.java:1572)
09-17 14:34:01.077 I/StapelHang(31758):   THREAD OkHttp uirfqwklvavgjklgqpnn.supabase.co RUNNABLE
09-17 14:34:01.077 I/StapelHang(31758):     at java.net.SocketInputStream.socketRead0(Native Method)
09-17 14:34:01.077 I/StapelHang(31758):     at java.net.SocketInputStream.socketRead(SocketInputStream.java:118)
09-17 14:34:01.077 I/StapelHang(31758):     at java.net.SocketInputStream.read(SocketInputStream.java:173)
09-17 14:34:01.077 I/StapelHang(31758):     at java.net.SocketInputStream.read(SocketInputStream.java:143)
09-17 14:34:01.077 I/StapelHang(31758):     at com.android.org.conscrypt.ConscryptEngineSocket$SSLInputStream.readFromSocket(ConscryptEngineSocket.java:1015)
09-17 14:34:01.077 I/StapelHang(31758):     at com.android.org.conscrypt.ConscryptEngineSocket$SSLInputStream.processDataFromSocket(ConscryptEngineSocket.java:979)
09-17 14:34:01.077 I/StapelHang(31758):     at com.android.org.conscrypt.ConscryptEngineSocket$SSLInputStream.readUntilDataAvailable(ConscryptEngineSocket.java:894)
09-17 14:34:01.077 I/StapelHang(31758):     at com.android.org.conscrypt.ConscryptEngineSocket$SSLInputStream.read(ConscryptEngineSocket.java:867)
09-17 14:34:01.077 I/StapelHang(31758):     at okio.InputStreamSource.read(JvmOkio.kt:93)
09-17 14:34:01.077 I/StapelHang(31758):     at okio.AsyncTimeout$source$1.read(AsyncTimeout.kt:153)
09-17 14:34:01.077 I/StapelHang(31758):     at okio.RealBufferedSource.request(RealBufferedSource.kt:210)
09-17 14:34:01.077 I/StapelHang(31758):     at okio.RealBufferedSource.require(RealBufferedSource.kt:203)
09-17 14:34:01.077 I/StapelHang(31758):     at okhttp3.internal.http2.Http2Reader.nextFrame(Http2Reader.kt:89)
09-17 14:34:01.077 I/StapelHang(31758):     at okhttp3.internal.http2.Http2Connection$ReaderRunnable.invoke(Http2Connection.kt:618)
09-17 14:34:01.077 I/StapelHang(31758):     at okhttp3.internal.http2.Http2Connection$ReaderRunnable.invoke(Http2Connection.kt:609)
09-17 14:34:01.077 I/StapelHang(31758):     at okhttp3.internal.concurrent.TaskQueue$execute$1.runOnce(TaskQueue.kt:98)
09-17 14:34:01.077 I/StapelHang(31758):     at okhttp3.internal.concurrent.TaskRunner.runTask(TaskRunner.kt:116)
09-17 14:34:01.077 I/StapelHang(31758):     at okhttp3.internal.concurrent.TaskRunner.access$runTask(TaskRunner.kt:42)
09-17 14:34:01.077 I/StapelHang(31758):     at okhttp3.internal.concurrent.TaskRunner$runnable$1.run(TaskRunner.kt:65)
09-17 14:34:01.077 I/StapelHang(31758):     at java.util.concurrent.ThreadPoolExecutor.runWorker(ThreadPoolExecutor.java:1100)
09-17 14:34:01.077 I/StapelHang(31758):     at java.util.concurrent.ThreadPoolExecutor$Worker.run(ThreadPoolExecutor.java:624)
09-17 14:34:01.077 I/StapelHang(31758):     at java.lang.Thread.run(Thread.java:1572)
09-17 14:34:01.077 I/StapelHang(31758):   THREAD GoogleApiHandler RUNNABLE
09-17 14:34:01.077 I/StapelHang(31758):     at android.os.MessageQueue.nativePollOnce(Native Method)
09-17 14:34:01.077 I/StapelHang(31758):     at android.os.MessageQueue.nextLegacy(MessageQueue.java:957)
09-17 14:34:01.077 I/StapelHang(31758):     at android.os.MessageQueue.next(MessageQueue.java:1099)
09-17 14:34:01.077 I/StapelHang(31758):     at android.os.Looper.loopOnce(Looper.java:217)
09-17 14:34:01.077 I/StapelHang(31758):     at android.os.Looper.loop(Looper.java:369)
09-17 14:34:01.077 I/StapelHang(31758):     at android.os.HandlerThread.run(HandlerThread.java:85)
09-17 14:34:01.077 I/StapelHang(31758):   THREAD CameraDeviceExecutor WAITING
09-17 14:34:01.077 I/StapelHang(31758):     at jdk.internal.misc.Unsafe.park(Native Method)
09-17 14:34:01.077 I/StapelHang(31758):     at java.util.concurrent.locks.LockSupport.park(LockSupport.java:376)
09-17 14:34:01.077 I/StapelHang(31758):     at java.util.concurrent.locks.AbstractQueuedSynchronizer$ConditionNode.block(AbstractQueuedSynchronizer.java:520)
09-17 14:34:01.077 I/StapelHang(31758):     at java.util.concurrent.ForkJoinPool.unmanagedBlock(ForkJoinPool.java:3797)
09-17 14:34:01.077 I/StapelHang(31758):     at java.util.concurrent.ForkJoinPool.managedBlock(ForkJoinPool.java:3738)
09-17 14:34:01.077 I/StapelHang(31758):     at java.util.concurrent.locks.AbstractQueuedSynchronizer$ConditionObject.await(AbstractQueuedSynchronizer.java:1752)
09-17 14:34:01.077 I/StapelHang(31758):     at java.util.concurrent.LinkedBlockingQueue.take(LinkedBlockingQueue.java:435)
09-17 14:34:01.077 I/StapelHang(31758):     at java.util.concurrent.ThreadPoolExecutor.getTask(ThreadPoolExecutor.java:1026)
09-17 14:34:01.077 I/StapelHang(31758):     at java.util.concurrent.ThreadPoolExecutor.runWorker(ThreadPoolExecutor.java:1086)
09-17 14:34:01.077 I/StapelHang(31758):     at java.util.concurrent.ThreadPoolExecutor$Worker.run(ThreadPoolExecutor.java:624)
09-17 14:34:01.077 I/StapelHang(31758):     at java.lang.Thread.run(Thread.java:1572)
09-17 14:34:01.077 I/StapelHang(31758):   THREAD TFLiteCounters-0 TIMED_WAITING
09-17 14:34:01.077 I/StapelHang(31758):     at jdk.internal.misc.Unsafe.park(Native Method)
09-17 14:34:01.077 I/StapelHang(31758):     at java.util.concurrent.locks.LockSupport.parkNanos(LockSupport.java:276)
09-17 14:34:01.077 I/StapelHang(31758):     at java.util.concurrent.locks.AbstractQueuedSynchronizer$ConditionObject.awaitNanos(AbstractQueuedSynchronizer.java:1803)
09-17 14:34:01.077 I/StapelHang(31758):     at java.util.concurrent.ScheduledThreadPoolExecutor$DelayedWorkQueue.take(ScheduledThreadPoolExecutor.java:1182)
09-17 14:34:01.077 I/StapelHang(31758):     at java.util.concurrent.ScheduledThreadPoolExecutor$DelayedWorkQueue.take(ScheduledThreadPoolExecutor.java:899)
09-17 14:34:01.077 I/StapelHang(31758):     at java.util.concurrent.ThreadPoolExecutor.getTask(ThreadPoolExecutor.java:1026)
09-17 14:34:01.077 I/StapelHang(31758):     at java.util.concurrent.ThreadPoolExecutor.runWorker(ThreadPoolExecutor.java:1086)
09-17 14:34:01.077 I/StapelHang(31758):     at java.util.concurrent.ThreadPoolExecutor$Worker.run(ThreadPoolExecutor.java:624)
09-17 14:34:01.077 I/StapelHang(31758):     at java.lang.Thread.run(Thread.java:1572)
09-17 14:34:01.077 I/StapelHang(31758):   THREAD ProcessStablePhenotypeFlag WAITING
09-17 14:34:01.077 I/StapelHang(31758):     at jdk.internal.misc.Unsafe.park(Native Method)
09-17 14:34:01.077 I/StapelHang(31758):     at java.util.concurrent.locks.LockSupport.park(LockSupport.java:376)
09-17 14:34:01.077 I/StapelHang(31758):     at java.util.concurrent.locks.AbstractQueuedSynchronizer$ConditionNode.block(AbstractQueuedSynchronizer.java:520)
09-17 14:34:01.077 I/StapelHang(31758):     at java.util.concurrent.ForkJoinPool.unmanagedBlock(ForkJoinPool.java:3797)
09-17 14:34:01.077 I/StapelHang(31758):     at java.util.concurrent.ForkJoinPool.managedBlock(ForkJoinPool.java:3738)
09-17 14:34:01.077 I/StapelHang(31758):     at java.util.concurrent.locks.AbstractQueuedSynchronizer$ConditionObject.await(AbstractQueuedSynchronizer.java:1752)
09-17 14:34:01.077 I/StapelHang(31758):     at java.util.concurrent.ScheduledThreadPoolExecutor$DelayedWorkQueue.take(ScheduledThreadPoolExecutor.java:1170)
09-17 14:34:01.077 I/StapelHang(31758):     at java.util.concurrent.ScheduledThreadPoolExecutor$DelayedWorkQueue.take(ScheduledThreadPoolExecutor.java:899)
09-17 14:34:01.077 I/StapelHang(31758):     at java.util.concurrent.ThreadPoolExecutor.getTask(ThreadPoolExecutor.java:1026)
09-17 14:34:01.077 I/StapelHang(31758):     at java.util.concurrent.ThreadPoolExecutor.runWorker(ThreadPoolExecutor.java:1086)
09-17 14:34:01.077 I/StapelHang(31758):     at java.util.concurrent.ThreadPoolExecutor$Worker.run(ThreadPoolExecutor.java:624)
09-17 14:34:01.077 I/StapelHang(31758):     at java.lang.Thread.run(Thread.java:1572)
09-17 14:34:01.077 I/StapelHang(31758):   THREAD OkHttp Dispatcher TIMED_WAITING
09-17 14:34:01.077 I/StapelHang(31758):     at jdk.internal.misc.Unsafe.park(Native Method)
09-17 14:34:01.077 I/StapelHang(31758):     at java.util.concurrent.locks.LockSupport.parkNanos(LockSupport.java:417)
09-17 14:34:01.077 I/StapelHang(31758):     at java.util.concurrent.LinkedTransferQueue$DualNode.await(LinkedTransferQueue.java:452)
09-17 14:34:01.077 I/StapelHang(31758):     at java.util.concurrent.SynchronousQueue$Transferer.xferLifo(SynchronousQueue.java:194)
09-17 14:34:01.077 I/StapelHang(31758):     at java.util.concurrent.SynchronousQueue.xfer(SynchronousQueue.java:235)
09-17 14:34:01.077 I/StapelHang(31758):     at java.util.concurrent.SynchronousQueue.poll(SynchronousQueue.java:338)
09-17 14:34:01.077 I/StapelHang(31758):     at java.util.concurrent.ThreadPoolExecutor.getTask(ThreadPoolExecutor.java:1025)
09-17 14:34:01.077 I/StapelHang(31758):     at java.util.concurrent.ThreadPoolExecutor.runWorker(ThreadPoolExecutor.java:1086)
09-17 14:34:01.077 I/StapelHang(31758):     at java.util.concurrent.ThreadPoolExecutor$Worker.run(ThreadPoolExecutor.java:624)
09-17 14:34:01.077 I/StapelHang(31758):     at java.lang.Thread.run(Thread.java:1572)
09-17 14:34:01.077 I/StapelHang(31758):   THREAD pool-17-thread-1 WAITING
09-17 14:34:01.077 I/StapelHang(31758):     at jdk.internal.misc.Unsafe.park(Native Method)
09-17 14:34:01.077 I/StapelHang(31758):     at java.util.concurrent.locks.LockSupport.park(LockSupport.java:376)
09-17 14:34:01.077 I/StapelHang(31758):     at java.util.concurrent.locks.AbstractQueuedSynchronizer$ConditionNode.block(AbstractQueuedSynchronizer.java:520)
09-17 14:34:01.077 I/StapelHang(31758):     at java.util.concurrent.ForkJoinPool.unmanagedBlock(ForkJoinPool.java:3797)
09-17 14:34:01.077 I/StapelHang(31758):     at java.util.concurrent.ForkJoinPool.managedBlock(ForkJoinPool.java:3738)
09-17 14:34:01.077 I/StapelHang(31758):     at java.util.concurrent.locks.AbstractQueuedSynchronizer$ConditionObject.await(AbstractQueuedSynchronizer.java:1752)
09-17 14:34:01.077 I/StapelHang(31758):     at java.util.concurrent.LinkedBlockingQueue.take(LinkedBlockingQueue.java:435)
09-17 14:34:01.077 I/StapelHang(31758):     at java.util.concurrent.ThreadPoolExecutor.getTask(ThreadPoolExecutor.java:1026)
09-17 14:34:01.077 I/StapelHang(31758):     at java.util.concurrent.ThreadPoolExecutor.runWorker(ThreadPoolExecutor.java:1086)
09-17 14:34:01.077 I/StapelHang(31758):     at java.util.concurrent.ThreadPoolExecutor$Worker.run(ThreadPoolExecutor.java:624)
09-17 14:34:01.077 I/StapelHang(31758):     at java.lang.Thread.run(Thread.java:1572)
09-17 14:34:01.077 I/StapelHang(31758):   THREAD FinalizerWatchdogDaemon TIMED_WAITING
09-17 14:34:01.077 I/StapelHang(31758):     at java.lang.Thread.sleep(Native Method)
09-17 14:34:01.077 I/StapelHang(31758):     at java.lang.Thread.sleep0(Thread.java:689)
09-17 14:34:01.077 I/StapelHang(31758):     at java.lang.Thread.sleep(Thread.java:667)
09-17 14:34:01.077 I/StapelHang(31758):     at java.lang.Thread.sleep(Thread.java:580)
09-17 14:34:01.077 I/StapelHang(31758):     at java.lang.Daemons$FinalizerWatchdogDaemon.sleepForNanos(Daemons.java:536)
09-17 14:34:01.077 I/StapelHang(31758):     at java.lang.Daemons$FinalizerWatchdogDaemon.waitForProgress(Daemons.java:612)
09-17 14:34:01.077 I/StapelHang(31758):     at java.lang.Daemons$FinalizerWatchdogDaemon.runInternal(Daemons.java:467)
09-17 14:34:01.077 I/StapelHang(31758):     at java.lang.Daemons$Daemon.run(Daemons.java:135)
09-17 14:34:01.077 I/StapelHang(31758):     at java.lang.Thread.run(Thread.java:1572)
09-17 14:34:01.077 I/StapelHang(31758):   THREAD Okio Watchdog TIMED_WAITING
09-17 14:34:01.077 I/StapelHang(31758):     at jdk.internal.misc.Unsafe.park(Native Method)
09-17 14:34:01.077 I/StapelHang(31758):     at java.util.concurrent.locks.LockSupport.parkNanos(LockSupport.java:276)
09-17 14:34:01.077 I/StapelHang(31758):     at java.util.concurrent.locks.AbstractQueuedSynchronizer$ConditionObject.await(AbstractQueuedSynchronizer.java:1892)
09-17 14:34:01.077 I/StapelHang(31758):     at okio.AsyncTimeout$Companion.awaitTimeout(AsyncTimeout.kt:370)
09-17 14:34:01.077 I/StapelHang(31758):     at okio.AsyncTimeout$Watchdog.run(AsyncTimeout.kt:211)
09-17 14:34:01.077 I/StapelHang(31758):   THREAD main RUNNABLE
09-17 14:34:01.077 I/StapelHang(31758):     at java.util.HashMap.containsKey(HashMap.java:602)
09-17 14:34:01.077 I/StapelHang(31758):     at java.util.HashSet.contains(HashSet.java:214)
09-17 14:34:01.077 I/StapelHang(31758):     at com.example.yugiohscanner.cloud.SetCodeMatch.subCost(SetCodeMatch.kt:31)
09-17 14:34:01.077 I/StapelHang(31758):     at com.example.yugiohscanner.cloud.SetCodeMatch.dist(SetCodeMatch.kt:41)
09-17 14:34:01.077 I/StapelHang(31758):     at com.example.yugiohscanner.cloud.SetCodeMatch.prefixNumberDist(SetCodeMatch.kt:153)
09-17 14:34:01.077 I/StapelHang(31758):     at com.example.yugiohscanner.cloud.SetCodeMatch.best(SetCodeMatch.kt:189)
09-17 14:34:01.077 I/StapelHang(31758):     at com.example.yugiohscanner.ui.ScanResolver.resolve(ScanResolver.kt:68)
09-17 14:34:01.077 I/StapelHang(31758):     at com.example.yugiohscanner.ui.ScanResolver$resolve$1.invokeSuspend(ScanResolver.kt:19)
09-17 14:34:01.077 I/StapelHang(31758):     at kotlin.coroutines.jvm.internal.BaseContinuationImpl.resumeWith(ContinuationImpl.kt:33)
09-17 14:34:01.077 I/StapelHang(31758):     at kotlinx.coroutines.DispatchedTask.run(DispatchedTask.kt:104)
09-17 14:34:01.077 I/StapelHang(31758):     at androidx.compose.ui.platform.AndroidUiDispatcher.performTrampolineDispatch(AndroidUiDispatcher.android.kt:81)
09-17 14:34:01.077 I/StapelHang(31758):     at androidx.compose.ui.platform.AndroidUiDispatcher.access$performTrampolineDispatch(AndroidUiDispatcher.android.kt:41)
09-17 14:34:01.077 I/StapelHang(31758):     at androidx.compose.ui.platform.AndroidUiDispatcher$dispatchCallback$1.run(AndroidUiDispatcher.android.kt:57)
09-17 14:34:01.077 I/StapelHang(31758):     at android.os.Handler.handleCallback(Handler.java:1029)
09-17 14:34:01.077 I/StapelHang(31758):     at android.os.Handler.dispatchMessage(Handler.java:107)
09-17 14:34:01.077 I/StapelHang(31758):     at android.os.Looper.loopOnce(Looper.java:274)
09-17 14:34:01.077 I/StapelHang(31758):     at android.os.Looper.loop(Looper.java:369)
09-17 14:34:01.077 I/StapelHang(31758):     at android.app.ActivityThread.main(ActivityThread.java:10089)
09-17 14:34:01.077 I/StapelHang(31758):     at java.lang.reflect.Method.invoke(Native Method)
09-17 14:34:01.077 I/StapelHang(31758):     at com.android.internal.os.RuntimeInit$MethodAndArgsCaller.run(RuntimeInit.java:616)
09-17 14:34:01.077 I/StapelHang(31758):     at com.android.internal.os.ZygoteInit.main(ZygoteInit.java:1137)
09-17 14:34:01.077 I/StapelHang(31758):   THREAD TFLiteClient-0 TIMED_WAITING
09-17 14:34:01.077 I/StapelHang(31758):     at jdk.internal.misc.Unsafe.park(Native Method)
09-17 14:34:01.077 I/StapelHang(31758):     at java.util.concurrent.locks.LockSupport.parkNanos(LockSupport.java:276)
09-17 14:34:01.077 I/StapelHang(31758):     at java.util.concurrent.locks.AbstractQueuedSynchronizer$ConditionObject.awaitNanos(AbstractQueuedSynchronizer.java:1803)
09-17 14:34:01.077 I/StapelHang(31758):     at java.util.concurrent.LinkedBlockingQueue.poll(LinkedBlockingQueue.java:460)
09-17 14:34:01.077 I/StapelHang(31758):     at java.util.concurrent.ThreadPoolExecutor.getTask(ThreadPoolExecutor.java:1025)
09-17 14:34:01.077 I/StapelHang(31758):     at java.util.concurrent.ThreadPoolExecutor.runWorker(ThreadPoolExecutor.java:1086)
09-17 14:34:01.077 I/StapelHang(31758):     at java.util.concurrent.ThreadPoolExecutor$Worker.run(ThreadPoolExecutor.java:624)
09-17 14:34:01.077 I/StapelHang(31758):     at java.lang.Thread.run(Thread.java:1572)
09-17 14:34:01.077 I/StapelHang(31758):   THREAD OkHttp TaskRunner TIMED_WAITING
09-17 14:34:01.077 I/StapelHang(31758):     at jdk.internal.misc.Unsafe.park(Native Method)
09-17 14:34:01.077 I/StapelHang(31758):     at java.util.concurrent.locks.LockSupport.parkNanos(LockSupport.java:417)
09-17 14:34:01.077 I/StapelHang(31758):     at java.util.concurrent.LinkedTransferQueue$DualNode.await(LinkedTransferQueue.java:452)
09-17 14:34:01.077 I/StapelHang(31758):     at java.util.concurrent.SynchronousQueue$Transferer.xferLifo(SynchronousQueue.java:194)
09-17 14:34:01.077 I/StapelHang(31758):     at java.util.concurrent.SynchronousQueue.xfer(SynchronousQueue.java:235)
09-17 14:34:01.077 I/StapelHang(31758):     at java.util.concurrent.SynchronousQueue.poll(SynchronousQueue.java:338)
09-17 14:34:01.077 I/StapelHang(31758):     at java.util.concurrent.ThreadPoolExecutor.getTask(ThreadPoolExecutor.java:1025)
09-17 14:34:01.077 I/StapelHang(31758):     at java.util.concurrent.ThreadPoolExecutor.runWorker(ThreadPoolExecutor.java:1086)
09-17 14:34:01.077 I/StapelHang(31758):     at java.util.concurrent.ThreadPoolExecutor$Worker.run(ThreadPoolExecutor.java:624)
09-17 14:34:01.077 I/StapelHang(31758):     at java.lang.Thread.run(Thread.java:1572)
09-17 14:34:01.077 I/StapelHang(31758):   THREAD GoogleApiHandler RUNNABLE
09-17 14:34:01.077 I/StapelHang(31758):     at android.os.MessageQueue.nativePollOnce(Native Method)
09-17 14:34:01.077 I/StapelHang(31758):     at android.os.MessageQueue.nextLegacy(MessageQueue.java:957)
09-17 14:34:01.077 I/StapelHang(31758):     at android.os.MessageQueue.next(MessageQueue.java:1099)
09-17 14:34:01.077 I/StapelHang(31758):     at android.os.Looper.loopOnce(Looper.java:217)
09-17 14:34:01.077 I/StapelHang(31758):     at android.os.Looper.loop(Looper.java:369)
09-17 14:34:01.077 I/StapelHang(31758):     at android.os.HandlerThread.run(HandlerThread.java:85)
09-17 14:34:01.077 I/StapelHang(31758):   THREAD ActivityHelper RUNNABLE
09-17 14:34:01.077 I/StapelHang(31758):     at android.os.MessageQueue.nativePollOnce(Native Method)
09-17 14:34:01.077 I/StapelHang(31758):     at android.os.MessageQueue.nextLegacy(MessageQueue.java:957)
09-17 14:34:01.077 I/StapelHang(31758):     at android.os.MessageQueue.next(MessageQueue.java:1099)
09-17 14:34:01.077 I/StapelHang(31758):     at android.os.Looper.loopOnce(Looper.java:217)
09-17 14:34:01.077 I/StapelHang(31758):     at android.os.Looper.loop(Looper.java:369)
09-17 14:34:01.077 I/StapelHang(31758):     at android.os.HandlerThread.run(HandlerThread.java:85)
09-17 14:34:01.077 I/StapelHang(31758):   THREAD 31758-ScoutStateMachine RUNNABLE
09-17 14:34:01.077 I/StapelHang(31758):     at android.os.MessageQueue.nativePollOnce(Native Method)
09-17 14:34:01.077 I/StapelHang(31758):     at android.os.MessageQueue.nextLegacy(MessageQueue.java:957)
09-17 14:34:01.077 I/StapelHang(31758):     at android.os.MessageQueue.next(MessageQueue.java:1099)
09-17 14:34:01.077 I/StapelHang(31758):     at android.os.Looper.loopOnce(Looper.java:217)
09-17 14:34:01.077 I/StapelHang(31758):     at android.os.Looper.loop(Looper.java:369)
09-17 14:34:01.077 I/StapelHang(31758):     at android.os.HandlerThread.run(HandlerThread.java:85)
09-17 14:34:01.077 I/StapelHang(31758):   THREAD AICollector RUNNABLE
09-17 14:34:01.077 I/StapelHang(31758):     at android.os.MessageQueue.nativePollOnce(Native Method)
09-17 14:34:01.077 I/StapelHang(31758):     at android.os.MessageQueue.nextLegacy(MessageQueue.java:957)
09-17 14:34:01.077 I/StapelHang(31758):     at android.os.MessageQueue.next(MessageQueue.java:1099)
09-17 14:34:01.077 I/StapelHang(31758):     at android.os.Looper.loopOnce(Looper.java:217)
09-17 14:34:01.077 I/StapelHang(31758):     at android.os.Looper.loop(Looper.java:369)
09-17 14:34:01.077 I/StapelHang(31758):     at android.os.HandlerThread.run(HandlerThread.java:85)
09-17 14:34:01.077 I/StapelHang(31758):   THREAD pool-9-thread-8 TIMED_WAITING
09-17 14:34:01.077 I/StapelHang(31758):     at jdk.internal.misc.Unsafe.park(Native Method)
09-17 14:34:01.077 I/StapelHang(31758):     at java.util.concurrent.locks.LockSupport.parkNanos(LockSupport.java:276)
09-17 14:34:01.077 I/StapelHang(31758):     at java.util.concurrent.locks.AbstractQueuedSynchronizer$ConditionObject.awaitNanos(AbstractQueuedSynchronizer.java:1803)
09-17 14:34:01.077 I/StapelHang(31758):     at java.util.concurrent.LinkedBlockingQueue.poll(LinkedBlockingQueue.java:460)
09-17 14:34:01.077 I/StapelHang(31758):     at java.util.concurrent.ThreadPoolExecutor.getTask(ThreadPoolExecutor.java:1025)
09-17 14:34:01.077 I/StapelHang(31758):     at java.util.concurrent.ThreadPoolExecutor.runWorker(ThreadPoolExecutor.java:1086)
09-17 14:34:01.077 I/StapelHang(31758):     at java.util.concurrent.ThreadPoolExecutor$Worker.run(ThreadPoolExecutor.java:624)
09-17 14:34:01.077 I/StapelHang(31758):     at com.google.mlkit.common.sdkinternal.MlKitThreadPool.zzd(com.google.mlkit:common@@18.8.0:2)
09-17 14:34:01.077 I/StapelHang(31758):     at com.google.mlkit.common.sdkinternal.zzi.run(com.google.mlkit:common@@18.8.0:2)
09-17 14:34:01.077 I/StapelHang(31758):     at java.lang.Thread.run(Thread.java:1572)
09-17 14:34:01.077 I/StapelHang(31758):   THREAD DefaultDispatcher-worker-1 TIMED_WAITING
09-17 14:34:01.077 I/StapelHang(31758):     at jdk.internal.misc.Unsafe.park(Native Method)
09-17 14:34:01.077 I/StapelHang(31758):     at java.util.concurrent.locks.LockSupport.parkNanos(LockSupport.java:417)
09-17 14:34:01.077 I/StapelHang(31758):     at kotlinx.coroutines.scheduling.CoroutineScheduler$Worker.park(CoroutineScheduler.kt:856)
09-17 14:34:01.077 I/StapelHang(31758):     at kotlinx.coroutines.scheduling.CoroutineScheduler$Worker.tryPark(CoroutineScheduler.kt:801)
09-17 14:34:01.077 I/StapelHang(31758):     at kotlinx.coroutines.scheduling.CoroutineScheduler$Worker.runWorker(CoroutineScheduler.kt:749)
09-17 14:34:01.077 I/StapelHang(31758):     at kotlinx.coroutines.scheduling.CoroutineScheduler$Worker.run(CoroutineScheduler.kt:702)
09-17 14:34:01.077 I/StapelHang(31758):   THREAD ConscryptStatsLogWriter WAITING
09-17 14:34:01.077 I/StapelHang(31758):     at jdk.internal.misc.Unsafe.park(Native Method)
09-17 14:34:01.077 I/StapelHang(31758):     at java.util.concurrent.locks.LockSupport.park(LockSupport.java:376)
09-17 14:34:01.077 I/StapelHang(31758):     at java.util.concurrent.locks.AbstractQueuedSynchronizer$ConditionNode.block(AbstractQueuedSynchronizer.java:520)
09-17 14:34:01.077 I/StapelHang(31758):     at java.util.concurrent.ForkJoinPool.unmanagedBlock(ForkJoinPool.java:3797)
09-17 14:34:01.077 I/StapelHang(31758):     at java.util.concurrent.ForkJoinPool.managedBlock(ForkJoinPool.java:3738)
09-17 14:34:01.077 I/StapelHang(31758):     at java.util.concurrent.locks.AbstractQueuedSynchronizer$ConditionObject.await(AbstractQueuedSynchronizer.java:1752)
09-17 14:34:01.077 I/StapelHang(31758):     at java.util.concurrent.LinkedBlockingQueue.take(LinkedBlockingQueue.java:435)
09-17 14:34:01.077 I/StapelHang(31758):     at java.util.concurrent.ThreadPoolExecutor.getTask(ThreadPoolExecutor.java:1026)
09-17 14:34:01.077 I/StapelHang(31758):     at java.util.concurrent.ThreadPoolExecutor.runWorker(ThreadPoolExecutor.java:1086)
09-17 14:34:01.077 I/StapelHang(31758):     at java.util.concurrent.ThreadPoolExecutor$Worker.run(ThreadPoolExecutor.java:624)
09-17 14:34:01.077 I/StapelHang(31758):     at java.lang.Thread.run(Thread.java:1572)
09-17 14:34:01.077 I/StapelHang(31758):   THREAD OkHttp http://192.168.178.24:4000/... RUNNABLE
09-17 14:34:01.077 I/StapelHang(31758):     at java.net.SocketInputStream.socketRead0(Native Method)
09-17 14:34:01.077 I/StapelHang(31758):     at java.net.SocketInputStream.socketRead(SocketInputStream.java:118)
09-17 14:34:01.077 I/StapelHang(31758):     at java.net.SocketInputStream.read(SocketInputStream.java:173)
09-17 14:34:01.077 I/StapelHang(31758):     at java.net.SocketInputStream.read(SocketInputStream.java:143)
09-17 14:34:01.077 I/StapelHang(31758):     at okio.InputStreamSource.read(JvmOkio.kt:93)
09-17 14:34:01.077 I/StapelHang(31758):     at okio.AsyncTimeout$source$1.read(AsyncTimeout.kt:153)
09-17 14:34:01.077 I/StapelHang(31758):     at okio.RealBufferedSource.request(RealBufferedSource.kt:210)
09-17 14:34:01.077 I/StapelHang(31758):     at okio.RealBufferedSource.require(RealBufferedSource.kt:203)
09-17 14:34:01.077 I/StapelHang(31758):     at okio.RealBufferedSource.readByte(RealBufferedSource.kt:213)
09-17 14:34:01.077 I/StapelHang(31758):     at okhttp3.internal.ws.WebSocketReader.readHeader(WebSocketReader.kt:119)
09-17 14:34:01.077 I/StapelHang(31758):     at okhttp3.internal.ws.WebSocketReader.processNextFrame(WebSocketReader.kt:102)
09-17 14:34:01.077 I/StapelHang(31758):     at okhttp3.internal.ws.RealWebSocket.loopReader(RealWebSocket.kt:293)
09-17 14:34:01.077 I/StapelHang(31758):     at okhttp3.internal.ws.RealWebSocket$connect$1.onResponse(RealWebSocket.kt:195)
09-17 14:34:01.077 I/StapelHang(31758):     at okhttp3.internal.connection.RealCall$AsyncCall.run(RealCall.kt:519)
09-17 14:34:01.077 I/StapelHang(31758):     at java.util.concurrent.ThreadPoolExecutor.runWorker(ThreadPoolExecutor.java:1100)
09-17 14:34:01.077 I/StapelHang(31758):     at java.util.concurrent.ThreadPoolExecutor$Worker.run(ThreadPoolExecutor.java:624)
09-17 14:34:01.077 I/StapelHang(31758):     at java.lang.Thread.run(Thread.java:1572)
09-17 14:34:01.077 I/StapelHang(31758):   THREAD OkHttp TaskRunner TIMED_WAITING
09-17 14:34:01.077 I/StapelHang(31758):     at jdk.internal.misc.Unsafe.park(Native Method)
09-17 14:34:01.077 I/StapelHang(31758):     at java.util.concurrent.locks.LockSupport.parkNanos(LockSupport.java:417)
09-17 14:34:01.077 I/StapelHang(31758):     at java.util.concurrent.LinkedTransferQueue$DualNode.await(LinkedTransferQueue.java:452)
09-17 14:34:01.077 I/StapelHang(31758):     at java.util.concurrent.SynchronousQueue$Transferer.xferLifo(SynchronousQueue.java:194)
09-17 14:34:01.077 I/StapelHang(31758):     at java.util.concurrent.SynchronousQueue.xfer(SynchronousQueue.java:235)
09-17 14:34:01.077 I/StapelHang(31758):     at java.util.concurrent.SynchronousQueue.poll(SynchronousQueue.java:338)
09-17 14:34:01.077 I/StapelHang(31758):     at java.util.concurrent.ThreadPoolExecutor.getTask(ThreadPoolExecutor.java:1025)
09-17 14:34:01.077 I/StapelHang(31758):     at java.util.concurrent.ThreadPoolExecutor.runWorker(ThreadPoolExecutor.java:1086)
09-17 14:34:01.077 I/StapelHang(31758):     at java.util.concurrent.ThreadPoolExecutor$Worker.run(ThreadPoolExecutor.java:624)
09-17 14:34:01.077 I/StapelHang(31758):     at java.lang.Thread.run(Thread.java:1572)
09-17 14:34:01.077 I/StapelHang(31758):   THREAD DefaultDispatcher-worker-4 TIMED_WAITING
09-17 14:34:01.077 I/StapelHang(31758):     at jdk.internal.misc.Unsafe.park(Native Method)
09-17 14:34:01.077 I/StapelHang(31758):     at java.util.concurrent.locks.LockSupport.parkNanos(LockSupport.java:417)
09-17 14:34:01.077 I/StapelHang(31758):     at kotlinx.coroutines.scheduling.CoroutineScheduler$Worker.park(CoroutineScheduler.kt:856)
09-17 14:34:01.077 I/StapelHang(31758):     at kotlinx.coroutines.scheduling.CoroutineScheduler$Worker.tryPark(CoroutineScheduler.kt:801)
09-17 14:34:01.077 I/StapelHang(31758):     at kotlinx.coroutines.scheduling.CoroutineScheduler$Worker.runWorker(CoroutineScheduler.kt:749)
09-17 14:34:01.077 I/StapelHang(31758):     at kotlinx.coroutines.scheduling.CoroutineScheduler$Worker.run(CoroutineScheduler.kt:702)
09-17 14:34:01.077 I/StapelHang(31758):   THREAD DefaultDispatcher-worker-11 TIMED_WAITING
09-17 14:34:01.077 I/StapelHang(31758):     at jdk.internal.misc.Unsafe.park(Native Method)
09-17 14:34:01.077 I/StapelHang(31758):     at java.util.concurrent.locks.LockSupport.parkNanos(LockSupport.java:417)
09-17 14:34:01.077 I/StapelHang(31758):     at kotlinx.coroutines.scheduling.CoroutineScheduler$Worker.park(CoroutineScheduler.kt:856)
09-17 14:34:01.077 I/StapelHang(31758):     at kotlinx.coroutines.scheduling.CoroutineScheduler$Worker.tryPark(CoroutineScheduler.kt:801)
09-17 14:34:01.077 I/StapelHang(31758):     at kotlinx.coroutines.scheduling.CoroutineScheduler$Worker.runWorker(CoroutineScheduler.kt:749)
09-17 14:34:01.077 I/StapelHang(31758):     at kotlinx.coroutines.scheduling.CoroutineScheduler$Worker.run(CoroutineScheduler.kt:702)
09-17 14:34:01.077 I/StapelHang(31758):   THREAD MLHandler RUNNABLE
09-17 14:34:01.077 I/StapelHang(31758):     at android.os.MessageQueue.nativePollOnce(Native Method)
09-17 14:34:01.077 I/StapelHang(31758):     at android.os.MessageQueue.nextLegacy(MessageQueue.java:957)
09-17 14:34:01.077 I/StapelHang(31758):     at android.os.MessageQueue.next(MessageQueue.java:1099)
09-17 14:34:01.077 I/StapelHang(31758):     at android.os.Looper.loopOnce(Looper.java:217)
09-17 14:34:01.077 I/StapelHang(31758):     at android.os.Looper.loop(Looper.java:369)
09-17 14:34:01.077 I/StapelHang(31758):     at android.os.HandlerThread.run(HandlerThread.java:85)
09-17 14:34:01.077 I/StapelHang(31758):   THREAD ReferenceQueueDaemon WAITING
09-17 14:34:01.077 I/StapelHang(31758):     at java.lang.Object.wait(Native Method)
09-17 14:34:01.077 I/StapelHang(31758):     at java.lang.Object.wait(Object.java:405)
09-17 14:34:01.077 I/StapelHang(31758):     at java.lang.Object.wait(Object.java:543)
09-17 14:34:01.077 I/StapelHang(31758):     at java.lang.Daemons$ReferenceQueueDaemon.runInternal(Daemons.java:262)
09-17 14:34:01.077 I/StapelHang(31758):     at java.lang.Daemons$Daemon.run(Daemons.java:135)
09-17 14:34:01.077 I/StapelHang(31758):     at java.lang.Thread.run(Thread.java:1572)
09-17 14:34:01.077 I/StapelHang(31758):   THREAD DefaultDispatcher-worker-12 TIMED_WAITING
09-17 14:34:01.077 I/StapelHang(31758):     at jdk.internal.misc.Unsafe.park(Native Method)
09-17 14:34:01.077 I/StapelHang(31758):     at java.util.concurrent.locks.LockSupport.parkNanos(LockSupport.java:417)
09-17 14:34:01.077 I/StapelHang(31758):     at kotlinx.coroutines.scheduling.CoroutineScheduler$Worker.park(CoroutineScheduler.kt:856)
09-17 14:34:01.077 I/StapelHang(31758):     at kotlinx.coroutines.scheduling.CoroutineScheduler$Worker.tryPark(CoroutineScheduler.kt:801)
09-17 14:34:01.077 I/StapelHang(31758):     at kotlinx.coroutines.scheduling.CoroutineScheduler$Worker.runWorker(CoroutineScheduler.kt:749)
09-17 14:34:01.077 I/StapelHang(31758):     at kotlinx.coroutines.scheduling.CoroutineScheduler$Worker.run(CoroutineScheduler.kt:702)
09-17 14:34:01.077 I/StapelHang(31758):   THREAD ProcessStablePhenotypeFlag WAITING
09-17 14:34:01.077 I/StapelHang(31758):     at jdk.internal.misc.Unsafe.park(Native Method)
09-17 14:34:01.077 I/StapelHang(31758):     at java.util.concurrent.locks.LockSupport.park(LockSupport.java:376)
09-17 14:34:01.077 I/StapelHang(31758):     at java.util.concurrent.locks.AbstractQueuedSynchronizer$ConditionNode.block(AbstractQueuedSynchronizer.java:520)
09-17 14:34:01.077 I/StapelHang(31758):     at java.util.concurrent.ForkJoinPool.unmanagedBlock(ForkJoinPool.java:3797)
09-17 14:34:01.077 I/StapelHang(31758):     at java.util.concurrent.ForkJoinPool.managedBlock(ForkJoinPool.java:3738)
09-17 14:34:01.077 I/StapelHang(31758):     at java.util.concurrent.locks.AbstractQueuedSynchronizer$ConditionObject.await(AbstractQueuedSynchronizer.java:1752)
09-17 14:34:01.077 I/StapelHang(31758):     at java.util.concurrent.ScheduledThreadPoolExecutor$DelayedWorkQueue.take(ScheduledThreadPoolExecutor.java:1170)
09-17 14:34:01.077 I/StapelHang(31758):     at java.util.concurrent.ScheduledThreadPoolExecutor$DelayedWorkQueue.take(ScheduledThreadPoolExecutor.java:899)
09-17 14:34:01.077 I/StapelHang(31758):     at java.util.concurrent.ThreadPoolExecutor.getTask(ThreadPoolExecutor.java:1026)
09-17 14:34:01.077 I/StapelHang(31758):     at java.util.concurrent.ThreadPoolExecutor.runWorker(ThreadPoolExecutor.java:1086)
09-17 14:34:01.077 I/StapelHang(31758):     at java.util.concurrent.ThreadPoolExecutor$Worker.run(ThreadPoolExecutor.java:624)
09-17 14:34:01.077 I/StapelHang(31758):     at java.lang.Thread.run(Thread.java:1572)
09-17 14:34:01.077 I/StapelHang(31758):   THREAD CameraX-scheduler RUNNABLE
09-17 14:34:01.077 I/StapelHang(31758):     at android.os.MessageQueue.nativePollOnce(Native Method)
09-17 14:34:01.077 I/StapelHang(31758):     at android.os.MessageQueue.nextLegacy(MessageQueue.java:957)
09-17 14:34:01.077 I/StapelHang(31758):     at android.os.MessageQueue.next(MessageQueue.java:1099)
09-17 14:34:01.077 I/StapelHang(31758):     at android.os.Looper.loopOnce(Looper.java:217)
09-17 14:34:01.077 I/StapelHang(31758):     at android.os.Looper.loop(Looper.java:369)
09-17 14:34:01.077 I/StapelHang(31758):     at android.os.HandlerThread.run(HandlerThread.java:85)
09-17 14:34:01.077 I/StapelHang(31758):   THREAD GoogleApiHandler RUNNABLE
09-17 14:34:01.077 I/StapelHang(31758):     at android.os.MessageQueue.nativePollOnce(Native Method)
09-17 14:34:01.077 I/StapelHang(31758):     at android.os.MessageQueue.nextLegacy(MessageQueue.java:957)
09-17 14:34:01.077 I/StapelHang(31758):     at android.os.MessageQueue.next(MessageQueue.java:1099)
09-17 14:34:01.077 I/StapelHang(31758):     at android.os.Looper.loopOnce(Looper.java:217)
09-17 14:34:01.077 I/StapelHang(31758):     at android.os.Looper.loop(Looper.java:369)
09-17 14:34:01.077 I/StapelHang(31758):     at android.os.HandlerThread.run(HandlerThread.java:85)
09-17 14:34:01.077 I/StapelHang(31758):   THREAD Timer-1 WAITING
09-17 14:34:01.077 I/StapelHang(31758):     at java.lang.Object.wait(Native Method)
09-17 14:34:01.077 I/StapelHang(31758):     at java.lang.Object.wait(Object.java:405)
09-17 14:34:01.077 I/StapelHang(31758):     at java.lang.Object.wait(Object.java:543)
09-17 14:34:01.077 I/StapelHang(31758):     at java.util.TimerThread.mainLoop(Timer.java:562)
09-17 14:34:01.077 I/StapelHang(31758):     at java.util.TimerThread.run(Timer.java:540)
09-17 14:34:01.077 I/StapelHang(31758):   THREAD GoogleApiHandler RUNNABLE
09-17 14:34:01.077 I/StapelHang(31758):     at android.os.MessageQueue.nativePollOnce(Native Method)
09-17 14:34:01.077 I/StapelHang(31758):     at android.os.MessageQueue.nextLegacy(MessageQueue.java:957)
09-17 14:34:01.077 I/StapelHang(31758):     at android.os.MessageQueue.next(MessageQueue.java:1099)
09-17 14:34:01.077 I/StapelHang(31758):     at android.os.Looper.loopOnce(Looper.java:217)
09-17 14:34:01.077 I/StapelHang(31758):     at android.os.Looper.loop(Looper.java:369)
09-17 14:34:01.077 I/StapelHang(31758):     at android.os.HandlerThread.run(HandlerThread.java:85)
09-17 14:34:01.077 I/StapelHang(31758):   THREAD pool-9-thread-4 TIMED_WAITING
09-17 14:34:01.077 I/StapelHang(31758):     at jdk.internal.misc.Unsafe.park(Native Method)
09-17 14:34:01.077 I/StapelHang(31758):     at java.util.concurrent.locks.LockSupport.parkNanos(LockSupport.java:276)
09-17 14:34:01.077 I/StapelHang(31758):     at java.util.concurrent.locks.AbstractQueuedSynchronizer$ConditionObject.awaitNanos(AbstractQueuedSynchronizer.java:1803)
09-17 14:34:01.077 I/StapelHang(31758):     at java.util.concurrent.LinkedBlockingQueue.poll(LinkedBlockingQueue.java:460)
09-17 14:34:01.077 I/StapelHang(31758):     at java.util.concurrent.ThreadPoolExecutor.getTask(ThreadPoolExecutor.java:1025)
09-17 14:34:01.077 I/StapelHang(31758):     at java.util.concurrent.ThreadPoolExecutor.runWorker(ThreadPoolExecutor.java:1086)
09-17 14:34:01.077 I/StapelHang(31758):     at java.util.concurrent.ThreadPoolExecutor$Worker.run(ThreadPoolExecutor.java:624)
09-17 14:34:01.077 I/StapelHang(31758):     at com.google.mlkit.common.sdkinternal.MlKitThreadPool.zzd(com.google.mlkit:common@@18.8.0:2)
09-17 14:34:01.077 I/StapelHang(31758):     at com.google.mlkit.common.sdkinternal.zzi.run(com.google.mlkit:common@@18.8.0:2)
09-17 14:34:01.077 I/StapelHang(31758):     at java.lang.Thread.run(Thread.java:1572)
09-17 14:34:01.077 I/StapelHang(31758):   THREAD ProcessStablePhenotypeFlag WAITING
09-17 14:34:01.077 I/StapelHang(31758):     at jdk.internal.misc.Unsafe.park(Native Method)
09-17 14:34:01.077 I/StapelHang(31758):     at java.util.concurrent.locks.LockSupport.park(LockSupport.java:376)
09-17 14:34:01.077 I/StapelHang(31758):     at java.util.concurrent.locks.AbstractQueuedSynchronizer$ConditionNode.block(AbstractQueuedSynchronizer.java:520)
09-17 14:34:01.077 I/StapelHang(31758):     at java.util.concurrent.ForkJoinPool.unmanagedBlock(ForkJoinPool.java:3797)
09-17 14:34:01.077 I/StapelHang(31758):     at java.util.concurrent.ForkJoinPool.managedBlock(ForkJoinPool.java:3738)
09-17 14:34:01.077 I/StapelHang(31758):     at java.util.concurrent.locks.AbstractQueuedSynchronizer$ConditionObject.await(AbstractQueuedSynchronizer.java:1752)
09-17 14:34:01.077 I/StapelHang(31758):     at java.util.concurrent.ScheduledThreadPoolExecutor$DelayedWorkQueue.take(ScheduledThreadPoolExecutor.java:1170)
09-17 14:34:01.077 I/StapelHang(31758):     at java.util.concurrent.ScheduledThreadPoolExecutor$DelayedWorkQueue.take(ScheduledThreadPoolExecutor.java:899)
09-17 14:34:01.077 I/StapelHang(31758):     at java.util.concurrent.ThreadPoolExecutor.getTask(ThreadPoolExecutor.java:1026)
09-17 14:34:01.077 I/StapelHang(31758):     at java.util.concurrent.ThreadPoolExecutor.runWorker(ThreadPoolExecutor.java:1086)
09-17 14:34:01.077 I/StapelHang(31758):     at java.util.concurrent.ThreadPoolExecutor$Worker.run(ThreadPoolExecutor.java:624)
09-17 14:34:01.077 I/StapelHang(31758):     at java.lang.Thread.run(Thread.java:1572)
09-17 14:34:01.077 I/StapelHang(31758):   THREAD MiuiMonitorThread RUNNABLE
09-17 14:34:01.077 I/StapelHang(31758):     at android.os.MessageQueue.nativePollOnce(Native Method)
09-17 14:34:01.077 I/StapelHang(31758):     at android.os.MessageQueue.nextLegacy(MessageQueue.java:957)
09-17 14:34:01.077 I/StapelHang(31758):     at android.os.MessageQueue.next(MessageQueue.java:1099)
09-17 14:34:01.077 I/StapelHang(31758):     at android.os.Looper.loopOnce(Looper.java:217)
09-17 14:34:01.077 I/StapelHang(31758):     at android.os.Looper.loop(Looper.java:369)
09-17 14:34:01.077 I/StapelHang(31758):     at android.os.HandlerThread.run(HandlerThread.java:85)
09-17 14:34:01.077 I/StapelHang(31758):   THREAD engine.io-client.heartbeat-1 TIMED_WAITING
09-17 14:34:01.077 I/StapelHang(31758):     at jdk.internal.misc.Unsafe.park(Native Method)
09-17 14:34:01.077 I/StapelHang(31758):     at java.util.concurrent.locks.LockSupport.parkNanos(LockSupport.java:276)
09-17 14:34:01.077 I/StapelHang(31758):     at java.util.concurrent.locks.AbstractQueuedSynchronizer$ConditionObject.awaitNanos(AbstractQueuedSynchronizer.java:1803)
09-17 14:34:01.077 I/StapelHang(31758):     at java.util.concurrent.ScheduledThreadPoolExecutor$DelayedWorkQueue.take(ScheduledThreadPoolExecutor.java:1182)
09-17 14:34:01.077 I/StapelHang(31758):     at java.util.concurrent.ScheduledThreadPoolExecutor$DelayedWorkQueue.take(ScheduledThreadPoolExecutor.java:899)
09-17 14:34:01.077 I/StapelHang(31758):     at java.util.concurrent.ThreadPoolExecutor.getTask(ThreadPoolExecutor.java:1026)
09-17 14:34:01.077 I/StapelHang(31758):     at java.util.concurrent.ThreadPoolExecutor.runWorker(ThreadPoolExecutor.java:1086)
09-17 14:34:01.077 I/StapelHang(31758):     at java.util.concurrent.ThreadPoolExecutor$Worker.run(ThreadPoolExecutor.java:624)
09-17 14:34:01.077 I/StapelHang(31758):     at java.lang.Thread.run(Thread.java:1572)
09-17 14:34:01.077 I/StapelHang(31758):   THREAD ConscryptStatsLogWriter WAITING
09-17 14:34:01.077 I/StapelHang(31758):     at jdk.internal.misc.Unsafe.park(Native Method)
09-17 14:34:01.077 I/StapelHang(31758):     at java.util.concurrent.locks.LockSupport.park(LockSupport.java:376)
09-17 14:34:01.077 I/StapelHang(31758):     at java.util.concurrent.locks.AbstractQueuedSynchronizer$ConditionNode.block(AbstractQueuedSynchronizer.java:520)
09-17 14:34:01.077 I/StapelHang(31758):     at java.util.concurrent.ForkJoinPool.unmanagedBlock(ForkJoinPool.java:3797)
09-17 14:34:01.077 I/StapelHang(31758):     at java.util.concurrent.ForkJoinPool.managedBlock(ForkJoinPool.java:3738)
09-17 14:34:01.077 I/StapelHang(31758):     at java.util.concurrent.locks.AbstractQueuedSynchronizer$ConditionObject.await(AbstractQueuedSynchronizer.java:1752)
09-17 14:34:01.077 I/StapelHang(31758):     at java.util.concurrent.LinkedBlockingQueue.take(LinkedBlockingQueue.java:435)
09-17 14:34:01.077 I/StapelHang(31758):     at java.util.concurrent.ThreadPoolExecutor.getTask(ThreadPoolExecutor.java:1026)
09-17 14:34:01.077 I/StapelHang(31758):     at java.util.concurrent.ThreadPoolExecutor.runWorker(ThreadPoolExecutor.java:1086)
09-17 14:34:01.077 I/StapelHang(31758):     at java.util.concurrent.ThreadPoolExecutor$Worker.run(ThreadPoolExecutor.java:624)
09-17 14:34:01.077 I/StapelHang(31758):     at java.lang.Thread.run(Thread.java:1572)
09-17 14:34:01.077 I/StapelHang(31758):   THREAD pool-9-thread-7 TIMED_WAITING
09-17 14:34:01.077 I/StapelHang(31758):     at jdk.internal.misc.Unsafe.park(Native Method)
09-17 14:34:01.077 I/StapelHang(31758):     at java.util.concurrent.locks.LockSupport.parkNanos(LockSupport.java:276)
09-17 14:34:01.077 I/StapelHang(31758):     at java.util.concurrent.locks.AbstractQueuedSynchronizer$ConditionObject.awaitNanos(AbstractQueuedSynchronizer.java:1803)
09-17 14:34:01.077 I/StapelHang(31758):     at java.util.concurrent.LinkedBlockingQueue.poll(LinkedBlockingQueue.java:460)
09-17 14:34:01.077 I/StapelHang(31758):     at java.util.concurrent.ThreadPoolExecutor.getTask(ThreadPoolExecutor.java:1025)
09-17 14:34:01.077 I/StapelHang(31758):     at java.util.concurrent.ThreadPoolExecutor.runWorker(ThreadPoolExecutor.java:1086)
09-17 14:34:01.077 I/StapelHang(31758):     at java.util.concurrent.ThreadPoolExecutor$Worker.run(ThreadPoolExecutor.java:624)
09-17 14:34:01.077 I/StapelHang(31758):     at com.google.mlkit.common.sdkinternal.MlKitThreadPool.zzd(com.google.mlkit:common@@18.8.0:2)
09-17 14:34:01.077 I/StapelHang(31758):     at com.google.mlkit.common.sdkinternal.zzi.run(com.google.mlkit:common@@18.8.0:2)
09-17 14:34:01.077 I/StapelHang(31758):     at java.lang.Thread.run(Thread.java:1572)
09-17 14:34:01.077 I/StapelHang(31758):   THREAD pool-8-thread-1 WAITING
09-17 14:34:01.077 I/StapelHang(31758):     at jdk.internal.misc.Unsafe.park(Native Method)
09-17 14:34:01.077 I/StapelHang(31758):     at java.util.concurrent.locks.LockSupport.park(LockSupport.java:376)
09-17 14:34:01.077 I/StapelHang(31758):     at java.util.concurrent.locks.AbstractQueuedSynchronizer$ConditionNode.block(AbstractQueuedSynchronizer.java:520)
09-17 14:34:01.077 I/StapelHang(31758):     at java.util.concurrent.ForkJoinPool.unmanagedBlock(ForkJoinPool.java:3797)
09-17 14:34:01.077 I/StapelHang(31758):     at java.util.concurrent.ForkJoinPool.managedBlock(ForkJoinPool.java:3738)
09-17 14:34:01.077 I/StapelHang(31758):     at java.util.concurrent.locks.AbstractQueuedSynchronizer$ConditionObject.await(AbstractQueuedSynchronizer.java:1752)
09-17 14:34:01.077 I/StapelHang(31758):     at java.util.concurrent.LinkedBlockingQueue.take(LinkedBlockingQueue.java:435)
09-17 14:34:01.077 I/StapelHang(31758):     at java.util.concurrent.ThreadPoolExecutor.getTask(ThreadPoolExecutor.java:1026)
09-17 14:34:01.077 I/StapelHang(31758):     at java.util.concurrent.ThreadPoolExecutor.runWorker(ThreadPoolExecutor.java:1086)
09-17 14:34:01.077 I/StapelHang(31758):     at java.util.concurrent.ThreadPoolExecutor$Worker.run(ThreadPoolExecutor.java:624)
09-17 14:34:01.077 I/StapelHang(31758):     at java.lang.Thread.run(Thread.java:1572)
09-17 14:34:01.077 I/StapelHang(31758):   THREAD DefaultDispatcher-worker-3 TIMED_WAITING
09-17 14:34:01.077 I/StapelHang(31758):     at jdk.internal.misc.Unsafe.park(Native Method)
09-17 14:34:01.077 I/StapelHang(31758):     at java.util.concurrent.locks.LockSupport.parkNanos(LockSupport.java:417)
09-17 14:34:01.077 I/StapelHang(31758):     at kotlinx.coroutines.scheduling.CoroutineScheduler$Worker.park(CoroutineScheduler.kt:856)
09-17 14:34:01.077 I/StapelHang(31758):     at kotlinx.coroutines.scheduling.CoroutineScheduler$Worker.tryPark(CoroutineScheduler.kt:801)
09-17 14:34:01.077 I/StapelHang(31758):     at kotlinx.coroutines.scheduling.CoroutineScheduler$Worker.runWorker(CoroutineScheduler.kt:749)
09-17 14:34:01.077 I/StapelHang(31758):     at kotlinx.coroutines.scheduling.CoroutineScheduler$Worker.run(CoroutineScheduler.kt:702)
09-17 14:34:01.077 I/StapelHang(31758):   THREAD pool-9-thread-6 TIMED_WAITING
09-17 14:34:01.077 I/StapelHang(31758):     at jdk.internal.misc.Unsafe.park(Native Method)
09-17 14:34:01.077 I/StapelHang(31758):     at java.util.concurrent.locks.LockSupport.parkNanos(LockSupport.java:276)
09-17 14:34:01.077 I/StapelHang(31758):     at java.util.concurrent.locks.AbstractQueuedSynchronizer$ConditionObject.awaitNanos(AbstractQueuedSynchronizer.java:1803)
09-17 14:34:01.077 I/StapelHang(31758):     at java.util.concurrent.LinkedBlockingQueue.poll(LinkedBlockingQueue.java:460)
09-17 14:34:01.077 I/StapelHang(31758):     at java.util.concurrent.ThreadPoolExecutor.getTask(ThreadPoolExecutor.java:1025)
09-17 14:34:01.077 I/StapelHang(31758):     at java.util.concurrent.ThreadPoolExecutor.runWorker(ThreadPoolExecutor.java:1086)
09-17 14:34:01.077 I/StapelHang(31758):     at java.util.concurrent.ThreadPoolExecutor$Worker.run(ThreadPoolExecutor.java:624)
09-17 14:34:01.077 I/StapelHang(31758):     at com.google.mlkit.common.sdkinternal.MlKitThreadPool.zzd(com.google.mlkit:common@@18.8.0:2)
09-17 14:34:01.077 I/StapelHang(31758):     at com.google.mlkit.common.sdkinternal.zzi.run(com.google.mlkit:common@@18.8.0:2)
09-17 14:34:01.077 I/StapelHang(31758):     at java.lang.Thread.run(Thread.java:1572)
09-17 14:34:01.077 I/StapelHang(31758):   THREAD ConscryptStatsLogWriter WAITING
09-17 14:34:01.077 I/StapelHang(31758):     at jdk.internal.misc.Unsafe.park(Native Method)
09-17 14:34:01.077 I/StapelHang(31758):     at java.util.concurrent.locks.LockSupport.park(LockSupport.java:376)
09-17 14:34:01.077 I/StapelHang(31758):     at java.util.concurrent.locks.AbstractQueuedSynchronizer$ConditionNode.block(AbstractQueuedSynchronizer.java:520)
09-17 14:34:01.077 I/StapelHang(31758):     at java.util.concurrent.ForkJoinPool.unmanagedBlock(ForkJoinPool.java:3797)
09-17 14:34:01.077 I/StapelHang(31758):     at java.util.concurrent.ForkJoinPool.managedBlock(ForkJoinPool.java:3738)
09-17 14:34:01.077 I/StapelHang(31758):     at java.util.concurrent.locks.AbstractQueuedSynchronizer$ConditionObject.await(AbstractQueuedSynchronizer.java:1752)
09-17 14:34:01.077 I/StapelHang(31758):     at java.util.concurrent.LinkedBlockingQueue.take(LinkedBlockingQueue.java:435)
09-17 14:34:01.077 I/StapelHang(31758):     at java.util.concurrent.ThreadPoolExecutor.getTask(ThreadPoolExecutor.java:1026)
09-17 14:34:01.077 I/StapelHang(31758):     at java.util.concurrent.ThreadPoolExecutor.runWorker(ThreadPoolExecutor.java:1086)
09-17 14:34:01.077 I/StapelHang(31758):     at java.util.concurrent.ThreadPoolExecutor$Worker.run(ThreadPoolExecutor.java:624)
09-17 14:34:01.077 I/StapelHang(31758):     at java.lang.Thread.run(Thread.java:1572)
09-17 14:34:01.077 I/StapelHang(31758):   THREAD pool-9-thread-1 TIMED_WAITING
09-17 14:34:01.077 I/StapelHang(31758):     at jdk.internal.misc.Unsafe.park(Native Method)
09-17 14:34:01.077 I/StapelHang(31758):     at java.util.concurrent.locks.LockSupport.parkNanos(LockSupport.java:276)
09-17 14:34:01.077 I/StapelHang(31758):     at java.util.concurrent.locks.AbstractQueuedSynchronizer$ConditionObject.awaitNanos(AbstractQueuedSynchronizer.java:1803)
09-17 14:34:01.077 I/StapelHang(31758):     at java.util.concurrent.LinkedBlockingQueue.poll(LinkedBlockingQueue.java:460)
09-17 14:34:01.077 I/StapelHang(31758):     at java.util.concurrent.ThreadPoolExecutor.getTask(ThreadPoolExecutor.java:1025)
09-17 14:34:01.077 I/StapelHang(31758):     at java.util.concurrent.ThreadPoolExecutor.runWorker(ThreadPoolExecutor.java:1086)
09-17 14:34:01.077 I/StapelHang(31758):     at java.util.concurrent.ThreadPoolExecutor$Worker.run(ThreadPoolExecutor.java:624)
09-17 14:34:01.077 I/StapelHang(31758):     at com.google.mlkit.common.sdkinternal.MlKitThreadPool.zzd(com.google.mlkit:common@@18.8.0:2)
09-17 14:34:01.077 I/StapelHang(31758):     at com.google.mlkit.common.sdkinternal.zzi.run(com.google.mlkit:common@@18.8.0:2)
09-17 14:34:01.077 I/StapelHang(31758):     at java.lang.Thread.run(Thread.java:1572)
09-17 14:34:01.077 I/StapelHang(31758):   THREAD queued-work-looper RUNNABLE
09-17 14:34:01.077 I/StapelHang(31758):     at android.os.MessageQueue.nativePollOnce(Native Method)
09-17 14:34:01.077 I/StapelHang(31758):     at android.os.MessageQueue.nextLegacy(MessageQueue.java:957)
09-17 14:34:01.077 I/StapelHang(31758):     at android.os.MessageQueue.next(MessageQueue.java:1099)
09-17 14:34:01.077 I/StapelHang(31758):     at android.os.Looper.loopOnce(Looper.java:217)
09-17 14:34:01.077 I/StapelHang(31758):     at android.os.Looper.loop(Looper.java:369)
09-17 14:34:01.077 I/StapelHang(31758):     at android.os.HandlerThread.run(HandlerThread.java:85)
09-17 14:34:01.077 I/StapelHang(31758):   THREAD DefaultDispatcher-worker-7 TIMED_WAITING
09-17 14:34:01.077 I/StapelHang(31758):     at jdk.internal.misc.Unsafe.park(Native Method)
09-17 14:34:01.077 I/StapelHang(31758):     at java.util.concurrent.locks.LockSupport.parkNanos(LockSupport.java:417)
09-17 14:34:01.077 I/StapelHang(31758):     at kotlinx.coroutines.scheduling.CoroutineScheduler$Worker.park(CoroutineScheduler.kt:856)
09-17 14:34:01.077 I/StapelHang(31758):     at kotlinx.coroutines.scheduling.CoroutineScheduler$Worker.tryPark(CoroutineScheduler.kt:801)
09-17 14:34:01.077 I/StapelHang(31758):     at kotlinx.coroutines.scheduling.CoroutineScheduler$Worker.runWorker(CoroutineScheduler.kt:749)
09-17 14:34:01.077 I/StapelHang(31758):     at kotlinx.coroutines.scheduling.CoroutineScheduler$Worker.run(CoroutineScheduler.kt:702)
09-17 14:34:01.077 I/StapelHang(31758):   THREAD DefaultDispatcher-worker-10 TIMED_WAITING
09-17 14:34:01.077 I/StapelHang(31758):     at jdk.internal.misc.Unsafe.park(Native Method)
09-17 14:34:01.077 I/StapelHang(31758):     at java.util.concurrent.locks.LockSupport.parkNanos(LockSupport.java:417)
09-17 14:34:01.077 I/StapelHang(31758):     at kotlinx.coroutines.scheduling.CoroutineScheduler$Worker.park(CoroutineScheduler.kt:856)
09-17 14:34:01.077 I/StapelHang(31758):     at kotlinx.coroutines.scheduling.CoroutineScheduler$Worker.tryPark(CoroutineScheduler.kt:801)
09-17 14:34:01.077 I/StapelHang(31758):     at kotlinx.coroutines.scheduling.CoroutineScheduler$Worker.runWorker(CoroutineScheduler.kt:749)
09-17 14:34:01.077 I/StapelHang(31758):     at kotlinx.coroutines.scheduling.CoroutineScheduler$Worker.run(CoroutineScheduler.kt:702)
09-17 14:34:01.077 I/StapelHang(31758):   THREAD DefaultDispatcher-worker-6 TIMED_WAITING
09-17 14:34:01.077 I/StapelHang(31758):     at jdk.internal.misc.Unsafe.park(Native Method)
09-17 14:34:01.077 I/StapelHang(31758):     at java.util.concurrent.locks.LockSupport.parkNanos(LockSupport.java:417)
09-17 14:34:01.077 I/StapelHang(31758):     at kotlinx.coroutines.scheduling.CoroutineScheduler$Worker.park(CoroutineScheduler.kt:856)
09-17 14:34:01.077 I/StapelHang(31758):     at kotlinx.coroutines.scheduling.CoroutineScheduler$Worker.tryPark(CoroutineScheduler.kt:801)
09-17 14:34:01.077 I/StapelHang(31758):     at kotlinx.coroutines.scheduling.CoroutineScheduler$Worker.runWorker(CoroutineScheduler.kt:749)
09-17 14:34:01.077 I/StapelHang(31758):     at kotlinx.coroutines.scheduling.CoroutineScheduler$Worker.run(CoroutineScheduler.kt:702)
09-17 14:34:01.077 I/StapelHang(31758):   THREAD MLHandler RUNNABLE
09-17 14:34:01.077 I/StapelHang(31758):     at android.os.MessageQueue.nativePollOnce(Native Method)
09-17 14:34:01.077 I/StapelHang(31758):     at android.os.MessageQueue.nextLegacy(MessageQueue.java:957)
09-17 14:34:01.077 I/StapelHang(31758):     at android.os.MessageQueue.next(MessageQueue.java:1099)
09-17 14:34:01.077 I/StapelHang(31758):     at android.os.Looper.loopOnce(Looper.java:217)
09-17 14:34:01.077 I/StapelHang(31758):     at android.os.Looper.loop(Looper.java:369)
09-17 14:34:01.077 I/StapelHang(31758):     at android.os.HandlerThread.run(HandlerThread.java:85)
09-17 14:34:01.077 I/StapelHang(31758):   THREAD DefaultDispatcher-worker-5 TIMED_WAITING
09-17 14:34:01.077 I/StapelHang(31758):     at jdk.internal.misc.Unsafe.park(Native Method)
09-17 14:34:01.077 I/StapelHang(31758):     at java.util.concurrent.locks.LockSupport.parkNanos(LockSupport.java:417)
09-17 14:34:01.077 I/StapelHang(31758):     at kotlinx.coroutines.scheduling.CoroutineScheduler$Worker.park(CoroutineScheduler.kt:856)
09-17 14:34:01.077 I/StapelHang(31758):     at kotlinx.coroutines.scheduling.CoroutineScheduler$Worker.tryPark(CoroutineScheduler.kt:801)
09-17 14:34:01.077 I/StapelHang(31758):     at kotlinx.coroutines.scheduling.CoroutineScheduler$Worker.runWorker(CoroutineScheduler.kt:749)
09-17 14:34:01.077 I/StapelHang(31758):     at kotlinx.coroutines.scheduling.CoroutineScheduler$Worker.run(CoroutineScheduler.kt:702)
09-17 14:34:01.077 I/StapelHang(31758):   THREAD OkHttp TaskRunner TIMED_WAITING
09-17 14:34:01.077 I/StapelHang(31758):     at jdk.internal.misc.Unsafe.park(Native Method)
09-17 14:34:01.077 I/StapelHang(31758):     at java.util.concurrent.locks.LockSupport.parkNanos(LockSupport.java:417)
09-17 14:34:01.077 I/StapelHang(31758):     at java.util.concurrent.LinkedTransferQueue$DualNode.await(LinkedTransferQueue.java:452)
09-17 14:34:01.077 I/StapelHang(31758):     at java.util.concurrent.SynchronousQueue$Transferer.xferLifo(SynchronousQueue.java:194)
09-17 14:34:01.077 I/StapelHang(31758):     at java.util.concurrent.SynchronousQueue.xfer(SynchronousQueue.java:235)
09-17 14:34:01.077 I/StapelHang(31758):     at java.util.concurrent.SynchronousQueue.poll(SynchronousQueue.java:338)
09-17 14:34:01.077 I/StapelHang(31758):     at java.util.concurrent.ThreadPoolExecutor.getTask(ThreadPoolExecutor.java:1025)
09-17 14:34:01.077 I/StapelHang(31758):     at java.util.concurrent.ThreadPoolExecutor.runWorker(ThreadPoolExecutor.java:1086)
09-17 14:34:01.077 I/StapelHang(31758):     at java.util.concurrent.ThreadPoolExecutor$Worker.run(ThreadPoolExecutor.java:624)
09-17 14:34:01.077 I/StapelHang(31758):     at java.lang.Thread.run(Thread.java:1572)
09-17 14:34:01.077 I/StapelHang(31758):   THREAD DefaultDispatcher-worker-8 TIMED_WAITING
09-17 14:34:01.077 I/StapelHang(31758):     at jdk.internal.misc.Unsafe.park(Native Method)
09-17 14:34:01.077 I/StapelHang(31758):     at java.util.concurrent.locks.LockSupport.parkNanos(LockSupport.java:417)
09-17 14:34:01.077 I/StapelHang(31758):     at kotlinx.coroutines.scheduling.CoroutineScheduler$Worker.park(CoroutineScheduler.kt:856)
09-17 14:34:01.077 I/StapelHang(31758):     at kotlinx.coroutines.scheduling.CoroutineScheduler$Worker.tryPark(CoroutineScheduler.kt:801)
09-17 14:34:01.077 I/StapelHang(31758):     at kotlinx.coroutines.scheduling.CoroutineScheduler$Worker.runWorker(CoroutineScheduler.kt:749)
09-17 14:34:01.077 I/StapelHang(31758):     at kotlinx.coroutines.scheduling.CoroutineScheduler$Worker.run(CoroutineScheduler.kt:702)
09-17 14:34:01.077 I/StapelHang(31758):   THREAD AppCustomScenariorHandler RUNNABLE
09-17 14:34:01.077 I/StapelHang(31758):     at android.os.MessageQueue.nativePollOnce(Native Method)
09-17 14:34:01.077 I/StapelHang(31758):     at android.os.MessageQueue.nextLegacy(MessageQueue.java:957)
09-17 14:34:01.077 I/StapelHang(31758):     at android.os.MessageQueue.next(MessageQueue.java:1099)
09-17 14:34:01.077 I/StapelHang(31758):     at android.os.Looper.loopOnce(Looper.java:217)
09-17 14:34:01.077 I/StapelHang(31758):     at android.os.Looper.loop(Looper.java:369)
09-17 14:34:01.077 I/StapelHang(31758):     at android.os.HandlerThread.run(HandlerThread.java:85)
09-17 14:34:01.077 I/StapelHang(31758):   THREAD OkHttp TaskRunner TIMED_WAITING
09-17 14:34:01.077 I/StapelHang(31758):     at java.lang.Object.wait(Native Method)
09-17 14:34:01.077 I/StapelHang(31758):     at okhttp3.internal.concurrent.TaskRunner$RealBackend.coordinatorWait(TaskRunner.kt:294)
09-17 14:34:01.077 I/StapelHang(31758):     at okhttp3.internal.concurrent.TaskRunner.awaitTaskToRun(TaskRunner.kt:218)
09-17 14:34:01.077 I/StapelHang(31758):     at okhttp3.internal.concurrent.TaskRunner$runnable$1.run(TaskRunner.kt:59)
09-17 14:34:01.077 I/StapelHang(31758):     at java.util.concurrent.ThreadPoolExecutor.runWorker(ThreadPoolExecutor.java:1100)
09-17 14:34:01.077 I/StapelHang(31758):     at java.util.concurrent.ThreadPoolExecutor$Worker.run(ThreadPoolExecutor.java:624)
09-17 14:34:01.077 I/StapelHang(31758):     at java.lang.Thread.run(Thread.java:1572)
09-17 14:34:01.770 I/ScanDecision(31758): stage=erst pc=77044671 code=BLGG-DE053 rarity=Ultra Rare lang=DE composed=false match=REGION_CONTRADICTS_VERIFIED exact=false frames=0 known=23 light=YELLOW grund='Code unsicher: BLGG-DE053' edition=unknown editionConf=LOW
09-17 14:34:01.772 I/Choreographer(31758): Skipped 65 frames!  The application may be doing too much work on its main thread.
09-17 14:34:01.777 I/StapelDiag(31758): luecke 1137 ms bis t=1789648441777
09-17 14:34:02.358 I/MlScan  (31758): frame: 1 cards in 206ms top=77044671@1,00
09-17 14:34:02.952 I/MlScan  (31758): frame: 1 cards in 204ms top=77044671@1,00
09-17 14:34:03.490 I/MlScan  (31758): frame: 1 cards in 305ms top=77044671@0,85
09-17 14:34:03.541 I/StapelMess(31758): stoss start=1789648442906 dauer=134 spitze=42,6 einwurf=true
09-17 14:34:03.794 I/MlScan  (31758): frame: 1 cards in 244ms top=77044671@1,00
09-17 14:34:03.952 I/StapelScan(31758): einwurf anzahl=1 rearmt=[77044671] t=1789648443952
09-17 14:34:04.116 I/StapelDiag(31758): ml t=1789648443978 dets=0 
09-17 14:34:04.390 I/StapelDiag(31758): ml t=1789648444139 dets=1 77044671@1,00[259,230,1180,1689]in
09-17 14:34:04.391 I/MlScan  (31758): frame: 1 cards in 206ms top=77044671@1,00
09-17 14:34:04.535 I/StapelDiag(31758): ml t=1789648444406 dets=0 
09-17 14:34:04.680 I/StapelDiag(31758): ml t=1789648444541 dets=0 
09-17 14:34:04.961 I/StapelDiag(31758): ml t=1789648444705 dets=1 77044671@1,00[259,230,1180,1689]in
09-17 14:34:04.961 I/MlScan  (31758): confirmed card 77044671 t=1789648444961
09-17 14:34:04.962 I/StapelScan(31758): gebucht 77044671 x1
09-17 14:34:04.975 I/MlScan  (31758): frame: 1 cards in 211ms top=77044671@1,00
09-17 14:34:05.294 I/StapelHang(31758): haenger 401 ms t=1789648445290
09-17 14:34:05.294 I/StapelHang(31758):   THREAD DefaultDispatcher-worker-2 TIMED_WAITING
09-17 14:34:05.294 I/StapelHang(31758):     at jdk.internal.misc.Unsafe.park(Native Method)
09-17 14:34:05.294 I/StapelHang(31758):     at java.util.concurrent.locks.LockSupport.parkNanos(LockSupport.java:417)
09-17 14:34:05.294 I/StapelHang(31758):     at kotlinx.coroutines.scheduling.CoroutineScheduler$Worker.park(CoroutineScheduler.kt:856)
09-17 14:34:05.294 I/StapelHang(31758):     at kotlinx.coroutines.scheduling.CoroutineScheduler$Worker.tryPark(CoroutineScheduler.kt:801)
09-17 14:34:05.294 I/StapelHang(31758):     at kotlinx.coroutines.scheduling.CoroutineScheduler$Worker.runWorker(CoroutineScheduler.kt:749)
09-17 14:34:05.294 I/StapelHang(31758):     at kotlinx.coroutines.scheduling.CoroutineScheduler$Worker.run(CoroutineScheduler.kt:702)
09-17 14:34:05.294 I/StapelHang(31758):   THREAD OkHttp db.ygoprodeck.com RUNNABLE
09-17 14:34:05.294 I/StapelHang(31758):     at java.net.SocketInputStream.socketRead0(Native Method)
09-17 14:34:05.294 I/StapelHang(31758):     at java.net.SocketInputStream.socketRead(SocketInputStream.java:118)
09-17 14:34:05.294 I/StapelHang(31758):     at java.net.SocketInputStream.read(SocketInputStream.java:173)
09-17 14:34:05.294 I/StapelHang(31758):     at java.net.SocketInputStream.read(SocketInputStream.java:143)
09-17 14:34:05.294 I/StapelHang(31758):     at com.android.org.conscrypt.ConscryptEngineSocket$SSLInputStream.readFromSocket(ConscryptEngineSocket.java:1015)
09-17 14:34:05.294 I/StapelHang(31758):     at com.android.org.conscrypt.ConscryptEngineSocket$SSLInputStream.processDataFromSocket(ConscryptEngineSocket.java:979)
09-17 14:34:05.294 I/StapelHang(31758):     at com.android.org.conscrypt.ConscryptEngineSocket$SSLInputStream.readUntilDataAvailable(ConscryptEngineSocket.java:894)
09-17 14:34:05.294 I/StapelHang(31758):     at com.android.org.conscrypt.ConscryptEngineSocket$SSLInputStream.read(ConscryptEngineSocket.java:867)
09-17 14:34:05.294 I/StapelHang(31758):     at okio.InputStreamSource.read(JvmOkio.kt:93)
09-17 14:34:05.294 I/StapelHang(31758):     at okio.AsyncTimeout$source$1.read(AsyncTimeout.kt:153)
09-17 14:34:05.294 I/StapelHang(31758):     at okio.RealBufferedSource.request(RealBufferedSource.kt:210)
09-17 14:34:05.294 I/StapelHang(31758):     at okio.RealBufferedSource.require(RealBufferedSource.kt:203)
09-17 14:34:05.294 I/StapelHang(31758):     at okhttp3.internal.http2.Http2Reader.nextFrame(Http2Reader.kt:89)
09-17 14:34:05.294 I/StapelHang(31758):     at okhttp3.internal.http2.Http2Connection$ReaderRunnable.invoke(Http2Connection.kt:618)
09-17 14:34:05.294 I/StapelHang(31758):     at okhttp3.internal.http2.Http2Connection$ReaderRunnable.invoke(Http2Connection.kt:609)
09-17 14:34:05.294 I/StapelHang(31758):     at okhttp3.internal.concurrent.TaskQueue$execute$1.runOnce(TaskQueue.kt:98)
09-17 14:34:05.294 I/StapelHang(31758):     at okhttp3.internal.concurrent.TaskRunner.runTask(TaskRunner.kt:116)
09-17 14:34:05.294 I/StapelHang(31758):     at okhttp3.internal.concurrent.TaskRunner.access$runTask(TaskRunner.kt:42)
09-17 14:34:05.294 I/StapelHang(31758):     at okhttp3.internal.concurrent.TaskRunner$runnable$1.run(TaskRunner.kt:65)
09-17 14:34:05.294 I/StapelHang(31758):     at java.util.concurrent.ThreadPoolExecutor.runWorker(ThreadPoolExecutor.java:1100)
09-17 14:34:05.294 I/StapelHang(31758):     at java.util.concurrent.ThreadPoolExecutor$Worker.run(ThreadPoolExecutor.java:624)
09-17 14:34:05.294 I/StapelHang(31758):     at java.lang.Thread.run(Thread.java:1572)
09-17 14:34:05.294 I/StapelHang(31758):   THREAD pool-9-thread-2 TIMED_WAITING
09-17 14:34:05.294 I/StapelHang(31758):     at jdk.internal.misc.Unsafe.park(Native Method)
09-17 14:34:05.294 I/StapelHang(31758):     at java.util.concurrent.locks.LockSupport.parkNanos(LockSupport.java:276)
09-17 14:34:05.294 I/StapelHang(31758):     at java.util.concurrent.locks.AbstractQueuedSynchronizer$ConditionObject.awaitNanos(AbstractQueuedSynchronizer.java:1803)
09-17 14:34:05.294 I/StapelHang(31758):     at java.util.concurrent.LinkedBlockingQueue.poll(LinkedBlockingQueue.java:460)
09-17 14:34:05.294 I/StapelHang(31758):     at java.util.concurrent.ThreadPoolExecutor.getTask(ThreadPoolExecutor.java:1025)
09-17 14:34:05.294 I/StapelHang(31758):     at java.util.concurrent.ThreadPoolExecutor.runWorker(ThreadPoolExecutor.java:1086)
09-17 14:34:05.294 I/StapelHang(31758):     at java.util.concurrent.ThreadPoolExecutor$Worker.run(ThreadPoolExecutor.java:624)
09-17 14:34:05.294 I/StapelHang(31758):     at com.google.mlkit.common.sdkinternal.MlKitThreadPool.zzd(com.google.mlkit:common@@18.8.0:2)
09-17 14:34:05.294 I/StapelHang(31758):     at com.google.mlkit.common.sdkinternal.zzi.run(com.google.mlkit:common@@18.8.0:2)
09-17 14:34:05.294 I/StapelHang(31758):     at java.lang.Thread.run(Thread.java:1572)
09-17 14:34:05.294 I/StapelHang(31758):   THREAD DefaultDispatcher-worker-9 TIMED_WAITING
09-17 14:34:05.294 I/StapelHang(31758):     at jdk.internal.misc.Unsafe.park(Native Method)
09-17 14:34:05.294 I/StapelHang(31758):     at java.util.concurrent.locks.LockSupport.parkNanos(LockSupport.java:417)
09-17 14:34:05.294 I/StapelHang(31758):     at kotlinx.coroutines.scheduling.CoroutineScheduler$Worker.park(CoroutineScheduler.kt:856)
09-17 14:34:05.294 I/StapelHang(31758):     at kotlinx.coroutines.scheduling.CoroutineScheduler$Worker.tryPark(CoroutineScheduler.kt:801)
09-17 14:34:05.294 I/StapelHang(31758):     at kotlinx.coroutines.scheduling.CoroutineScheduler$Worker.runWorker(CoroutineScheduler.kt:749)
09-17 14:34:05.294 I/StapelHang(31758):     at kotlinx.coroutines.scheduling.CoroutineScheduler$Worker.run(CoroutineScheduler.kt:702)
09-17 14:34:05.294 I/StapelHang(31758):   THREAD OkHttp http://192.168.178.24:4000/... RUNNABLE
09-17 14:34:05.294 I/StapelHang(31758):     at java.net.SocketInputStream.socketRead0(Native Method)
09-17 14:34:05.294 I/StapelHang(31758):     at java.net.SocketInputStream.socketRead(SocketInputStream.java:118)
09-17 14:34:05.294 I/StapelHang(31758):     at java.net.SocketInputStream.read(SocketInputStream.java:173)
09-17 14:34:05.294 I/StapelHang(31758):     at java.net.SocketInputStream.read(SocketInputStream.java:143)
09-17 14:34:05.294 I/StapelHang(31758):     at okio.InputStreamSource.read(JvmOkio.kt:93)
09-17 14:34:05.294 I/StapelHang(31758):     at okio.AsyncTimeout$source$1.read(AsyncTimeout.kt:153)
09-17 14:34:05.294 I/StapelHang(31758):     at okio.RealBufferedSource.request(RealBufferedSource.kt:210)
09-17 14:34:05.294 I/StapelHang(31758):     at okio.RealBufferedSource.require(RealBufferedSource.kt:203)
09-17 14:34:05.294 I/StapelHang(31758):     at okio.RealBufferedSource.readByte(RealBufferedSource.kt:213)
09-17 14:34:05.294 I/StapelHang(31758):     at okhttp3.internal.ws.WebSocketReader.readHeader(WebSocketReader.kt:119)
09-17 14:34:05.294 I/StapelHang(31758):     at okhttp3.internal.ws.WebSocketReader.processNextFrame(WebSocketReader.kt:102)
09-17 14:34:05.294 I/StapelHang(31758):     at okhttp3.internal.ws.RealWebSocket.loopReader(RealWebSocket.kt:293)
09-17 14:34:05.294 I/StapelHang(31758):     at okhttp3.internal.ws.RealWebSocket$connect$1.onResponse(RealWebSocket.kt:195)
09-17 14:34:05.294 I/StapelHang(31758):     at okhttp3.internal.connection.RealCall$AsyncCall.run(RealCall.kt:519)
09-17 14:34:05.294 I/StapelHang(31758):     at java.util.concurrent.ThreadPoolExecutor.runWorker(ThreadPoolExecutor.java:1100)
09-17 14:34:05.294 I/StapelHang(31758):     at java.util.concurrent.ThreadPoolExecutor$Worker.run(ThreadPoolExecutor.java:624)
09-17 14:34:05.294 I/StapelHang(31758):     at java.lang.Thread.run(Thread.java:1572)
09-17 14:34:05.294 I/StapelHang(31758):   THREAD MLHandler RUNNABLE
09-17 14:34:05.294 I/StapelHang(31758):     at android.os.MessageQueue.nativePollOnce(Native Method)
09-17 14:34:05.294 I/StapelHang(31758):     at android.os.MessageQueue.nextLegacy(MessageQueue.java:957)
09-17 14:34:05.294 I/StapelHang(31758):     at android.os.MessageQueue.next(MessageQueue.java:1099)
09-17 14:34:05.294 I/StapelHang(31758):     at android.os.Looper.loopOnce(Looper.java:217)
09-17 14:34:05.294 I/StapelHang(31758):     at android.os.Looper.loop(Looper.java:369)
09-17 14:34:05.294 I/StapelHang(31758):     at android.os.HandlerThread.run(HandlerThread.java:85)
09-17 14:34:05.294 I/StapelHang(31758):   THREAD kotlinx.coroutines.DefaultExecutor TIMED_WAITING
09-17 14:34:05.294 I/StapelHang(31758):     at jdk.internal.misc.Unsafe.park(Native Method)
09-17 14:34:05.294 I/StapelHang(31758):     at java.util.concurrent.locks.LockSupport.parkNanos(LockSupport.java:276)
09-17 14:34:05.294 I/StapelHang(31758):     at kotlinx.coroutines.DefaultExecutor.run(DefaultExecutor.kt:118)
09-17 14:34:05.294 I/StapelHang(31758):     at java.lang.Thread.run(Thread.java:1572)
09-17 14:34:05.294 I/StapelHang(31758):   THREAD punchpool-13-thread-1 WAITING
09-17 14:34:05.294 I/StapelHang(31758):     at jdk.internal.misc.Unsafe.park(Native Method)
09-17 14:34:05.294 I/StapelHang(31758):     at java.util.concurrent.locks.LockSupport.park(LockSupport.java:376)
09-17 14:34:05.294 I/StapelHang(31758):     at java.util.concurrent.locks.AbstractQueuedSynchronizer$ConditionNode.block(AbstractQueuedSynchronizer.java:520)
09-17 14:34:05.294 I/StapelHang(31758):     at java.util.concurrent.ForkJoinPool.unmanagedBlock(ForkJoinPool.java:3797)
09-17 14:34:05.294 I/StapelHang(31758):     at java.util.concurrent.ForkJoinPool.managedBlock(ForkJoinPool.java:3738)
09-17 14:34:05.294 I/StapelHang(31758):     at java.util.concurrent.locks.AbstractQueuedSynchronizer$ConditionObject.await(AbstractQueuedSynchronizer.java:1752)
09-17 14:34:05.294 I/StapelHang(31758):     at java.util.concurrent.ScheduledThreadPoolExecutor$DelayedWorkQueue.take(ScheduledThreadPoolExecutor.java:1170)
09-17 14:34:05.294 I/StapelHang(31758):     at java.util.concurrent.ScheduledThreadPoolExecutor$DelayedWorkQueue.take(ScheduledThreadPoolExecutor.java:899)
09-17 14:34:05.294 I/StapelHang(31758):     at java.util.concurrent.ThreadPoolExecutor.getTask(ThreadPoolExecutor.java:1026)
09-17 14:34:05.294 I/StapelHang(31758):     at java.util.concurrent.ThreadPoolExecutor.runWorker(ThreadPoolExecutor.java:1086)
09-17 14:34:05.294 I/StapelHang(31758):     at java.util.concurrent.ThreadPoolExecutor$Worker.run(ThreadPoolExecutor.java:624)
09-17 14:34:05.294 I/StapelHang(31758):     at java.lang.Thread.run(Thread.java:1572)
09-17 14:34:05.294 I/StapelHang(31758):   THREAD SurfaceSyncGroupTimer RUNNABLE
09-17 14:34:05.294 I/StapelHang(31758):     at android.os.MessageQueue.nativePollOnce(Native Method)
09-17 14:34:05.294 I/StapelHang(31758):     at android.os.MessageQueue.nextLegacy(MessageQueue.java:957)
09-17 14:34:05.294 I/StapelHang(31758):     at android.os.MessageQueue.next(MessageQueue.java:1099)
09-17 14:34:05.294 I/StapelHang(31758):     at android.os.Looper.loopOnce(Looper.java:217)
09-17 14:34:05.294 I/StapelHang(31758):     at android.os.Looper.loop(Looper.java:369)
09-17 14:34:05.294 I/StapelHang(31758):     at android.os.HandlerThread.run(HandlerThread.java:85)
09-17 14:34:05.294 I/StapelHang(31758):   THREAD CameraManagerGlobal RUNNABLE
09-17 14:34:05.294 I/StapelHang(31758):     at android.os.MessageQueue.nativePollOnce(Native Method)
09-17 14:34:05.294 I/StapelHang(31758):     at android.os.MessageQueue.nextLegacy(MessageQueue.java:957)
09-17 14:34:05.294 I/StapelHang(31758):     at android.os.MessageQueue.next(MessageQueue.java:1099)
09-17 14:34:05.294 I/StapelHang(31758):     at android.os.Looper.loopOnce(Looper.java:217)
09-17 14:34:05.294 I/StapelHang(31758):     at android.os.Looper.loop(Looper.java:369)
09-17 14:34:05.294 I/StapelHang(31758):     at android.os.HandlerThread.run(HandlerThread.java:85)
09-17 14:34:05.294 I/StapelHang(31758):   THREAD DefaultDispatcher-worker-13 TIMED_WAITING
09-17 14:34:05.294 I/StapelHang(31758):     at jdk.internal.misc.Unsafe.park(Native Method)
09-17 14:34:05.294 I/StapelHang(31758):     at java.util.concurrent.locks.LockSupport.parkNanos(LockSupport.java:417)
09-17 14:34:05.294 I/StapelHang(31758):     at kotlinx.coroutines.scheduling.CoroutineScheduler$Worker.park(CoroutineScheduler.kt:856)
09-17 14:34:05.294 I/StapelHang(31758):     at kotlinx.coroutines.scheduling.CoroutineScheduler$Worker.tryPark(CoroutineScheduler.kt:801)
09-17 14:34:05.294 I/StapelHang(31758):     at kotlinx.coroutines.scheduling.CoroutineScheduler$Worker.runWorker(CoroutineScheduler.kt:749)
09-17 14:34:05.294 I/StapelHang(31758):     at kotlinx.coroutines.scheduling.CoroutineScheduler$Worker.run(CoroutineScheduler.kt:702)
09-17 14:34:05.294 I/StapelHang(31758):   THREAD pool-18-thread-1 WAITING
09-17 14:34:05.294 I/StapelHang(31758):     at jdk.internal.misc.Unsafe.park(Native Method)
09-17 14:34:05.294 I/StapelHang(31758):     at java.util.concurrent.locks.LockSupport.park(LockSupport.java:376)
09-17 14:34:05.294 I/StapelHang(31758):     at java.util.concurrent.locks.AbstractQueuedSynchronizer$ConditionNode.block(AbstractQueuedSynchronizer.java:520)
09-17 14:34:05.294 I/StapelHang(31758):     at java.util.concurrent.ForkJoinPool.unmanagedBlock(ForkJoinPool.java:3797)
09-17 14:34:05.294 I/StapelHang(31758):     at java.util.concurrent.ForkJoinPool.managedBlock(ForkJoinPool.java:3738)
09-17 14:34:05.294 I/StapelHang(31758):     at java.util.concurrent.locks.AbstractQueuedSynchronizer$ConditionObject.await(AbstractQueuedSynchronizer.java:1752)
09-17 14:34:05.294 I/StapelHang(31758):     at java.util.concurrent.LinkedBlockingQueue.take(LinkedBlockingQueue.java:435)
09-17 14:34:05.294 I/StapelHang(31758):     at java.util.concurrent.ThreadPoolExecutor.getTask(ThreadPoolExecutor.java:1026)
09-17 14:34:05.294 I/StapelHang(31758):     at java.util.concurrent.ThreadPoolExecutor.runWorker(ThreadPoolExecutor.java:1086)
09-17 14:34:05.294 I/StapelHang(31758):     at java.util.concurrent.ThreadPoolExecutor$Worker.run(ThreadPoolExecutor.java:624)
09-17 14:34:05.294 I/StapelHang(31758):     at java.lang.Thread.run(Thread.java:1572)
09-17 14:34:05.294 I/StapelHang(31758):   THREAD CameraX-core_camera_0 WAITING
09-17 14:34:05.294 I/StapelHang(31758):     at jdk.internal.misc.Unsafe.park(Native Method)
09-17 14:34:05.294 I/StapelHang(31758):     at java.util.concurrent.locks.LockSupport.park(LockSupport.java:376)
09-17 14:34:05.294 I/StapelHang(31758):     at java.util.concurrent.locks.AbstractQueuedSynchronizer$ConditionNode.block(AbstractQueuedSynchronizer.java:520)
09-17 14:34:05.294 I/StapelHang(31758):     at java.util.concurrent.ForkJoinPool.unmanagedBlock(ForkJoinPool.java:3797)
09-17 14:34:05.294 I/StapelHang(31758):     at java.util.concurrent.ForkJoinPool.managedBlock(ForkJoinPool.java:3738)
09-17 14:34:05.294 I/StapelHang(31758):     at java.util.concurrent.locks.AbstractQueuedSynchronizer$ConditionObject.await(AbstractQueuedSynchronizer.java:1752)
09-17 14:34:05.294 I/StapelHang(31758):     at java.util.concurrent.LinkedBlockingQueue.take(LinkedBlockingQueue.java:435)
09-17 14:34:05.294 I/StapelHang(31758):     at java.util.concurrent.ThreadPoolExecutor.getTask(ThreadPoolExecutor.java:1026)
09-17 14:34:05.294 I/StapelHang(31758):     at java.util.concurrent.ThreadPoolExecutor.runWorker(ThreadPoolExecutor.java:1086)
09-17 14:34:05.294 I/StapelHang(31758):     at java.util.concurrent.ThreadPoolExecutor$Worker.run(ThreadPoolExecutor.java:624)
09-17 14:34:05.294 I/StapelHang(31758):     at java.lang.Thread.run(Thread.java:1572)
09-17 14:34:05.294 I/StapelHang(31758):   THREAD pool-9-thread-5 TIMED_WAITING
09-17 14:34:05.294 I/StapelHang(31758):     at jdk.internal.misc.Unsafe.park(Native Method)
09-17 14:34:05.294 I/StapelHang(31758):     at java.util.concurrent.locks.LockSupport.parkNanos(LockSupport.java:276)
09-17 14:34:05.294 I/StapelHang(31758):     at java.util.concurrent.locks.AbstractQueuedSynchronizer$ConditionObject.awaitNanos(AbstractQueuedSynchronizer.java:1803)
09-17 14:34:05.294 I/StapelHang(31758):     at java.util.concurrent.LinkedBlockingQueue.poll(LinkedBlockingQueue.java:460)
09-17 14:34:05.294 I/StapelHang(31758):     at java.util.concurrent.ThreadPoolExecutor.getTask(ThreadPoolExecutor.java:1025)
09-17 14:34:05.294 I/StapelHang(31758):     at java.util.concurrent.ThreadPoolExecutor.runWorker(ThreadPoolExecutor.java:1086)
09-17 14:34:05.294 I/StapelHang(31758):     at java.util.concurrent.ThreadPoolExecutor$Worker.run(ThreadPoolExecutor.java:624)
09-17 14:34:05.294 I/StapelHang(31758):     at com.google.mlkit.common.sdkinternal.MlKitThreadPool.zzd(com.google.mlkit:common@@18.8.0:2)
09-17 14:34:05.294 I/StapelHang(31758):     at com.google.mlkit.common.sdkinternal.zzi.run(com.google.mlkit:common@@18.8.0:2)
09-17 14:34:05.294 I/StapelHang(31758):     at java.lang.Thread.run(Thread.java:1572)
09-17 14:34:05.294 I/StapelHang(31758):   THREAD OkHttp TaskRunner TIMED_WAITING
09-17 14:34:05.294 I/StapelHang(31758):     at jdk.internal.misc.Unsafe.park(Native Method)
09-17 14:34:05.294 I/StapelHang(31758):     at java.util.concurrent.locks.LockSupport.parkNanos(LockSupport.java:417)
09-17 14:34:05.294 I/StapelHang(31758):     at java.util.concurrent.LinkedTransferQueue$DualNode.await(LinkedTransferQueue.java:452)
09-17 14:34:05.294 I/StapelHang(31758):     at java.util.concurrent.SynchronousQueue$Transferer.xferLifo(SynchronousQueue.java:194)
09-17 14:34:05.294 I/StapelHang(31758):     at java.util.concurrent.SynchronousQueue.xfer(SynchronousQueue.java:235)
09-17 14:34:05.294 I/StapelHang(31758):     at java.util.concurrent.SynchronousQueue.poll(SynchronousQueue.java:338)
09-17 14:34:05.294 I/StapelHang(31758):     at java.util.concurrent.ThreadPoolExecutor.getTask(ThreadPoolExecutor.java:1025)
09-17 14:34:05.294 I/StapelHang(31758):     at java.util.concurrent.ThreadPoolExecutor.runWorker(ThreadPoolExecutor.java:1086)
09-17 14:34:05.294 I/StapelHang(31758):     at java.util.concurrent.ThreadPoolExecutor$Worker.run(ThreadPoolExecutor.java:624)
09-17 14:34:05.294 I/StapelHang(31758):     at java.lang.Thread.run(Thread.java:1572)
09-17 14:34:05.294 I/StapelHang(31758):   THREAD CameraX-core_camera_1 WAITING
09-17 14:34:05.294 I/StapelHang(31758):     at jdk.internal.misc.Unsafe.park(Native Method)
09-17 14:34:05.294 I/StapelHang(31758):     at java.util.concurrent.locks.LockSupport.park(LockSupport.java:376)
09-17 14:34:05.294 I/StapelHang(31758):     at java.util.concurrent.locks.AbstractQueuedSynchronizer$ConditionNode.block(AbstractQueuedSynchronizer.java:520)
09-17 14:34:05.294 I/StapelHang(31758):     at java.util.concurrent.ForkJoinPool.unmanagedBlock(ForkJoinPool.java:3797)
09-17 14:34:05.294 I/StapelHang(31758):     at java.util.concurrent.ForkJoinPool.managedBlock(ForkJoinPool.java:3738)
09-17 14:34:05.294 I/StapelHang(31758):     at java.util.concurrent.locks.AbstractQueuedSynchronizer$ConditionObject.await(AbstractQueuedSynchronizer.java:1752)
09-17 14:34:05.294 I/StapelHang(31758):     at java.util.concurrent.LinkedBlockingQueue.take(LinkedBlockingQueue.java:435)
09-17 14:34:05.294 I/StapelHang(31758):     at java.util.concurrent.ThreadPoolExecutor.getTask(ThreadPoolExecutor.java:1026)
09-17 14:34:05.294 I/StapelHang(31758):     at java.util.concurrent.ThreadPoolExecutor.runWorker(ThreadPoolExecutor.java:1086)
09-17 14:34:05.294 I/StapelHang(31758):     at java.util.concurrent.ThreadPoolExecutor$Worker.run(ThreadPoolExecutor.java:624)
09-17 14:34:05.294 I/StapelHang(31758):     at java.lang.Thread.run(Thread.java:1572)
09-17 14:34:05.294 I/StapelHang(31758):   THREAD OkHttp TaskRunner TIMED_WAITING
09-17 14:34:05.294 I/StapelHang(31758):     at jdk.internal.misc.Unsafe.park(Native Method)
09-17 14:34:05.294 I/StapelHang(31758):     at java.util.concurrent.locks.LockSupport.parkNanos(LockSupport.java:417)
09-17 14:34:05.294 I/StapelHang(31758):     at java.util.concurrent.LinkedTransferQueue$DualNode.await(LinkedTransferQueue.java:452)
09-17 14:34:05.294 I/StapelHang(31758):     at java.util.concurrent.SynchronousQueue$Transferer.xferLifo(SynchronousQueue.java:194)
09-17 14:34:05.294 I/StapelHang(31758):     at java.util.concurrent.SynchronousQueue.xfer(SynchronousQueue.java:235)
09-17 14:34:05.294 I/StapelHang(31758):     at java.util.concurrent.SynchronousQueue.poll(SynchronousQueue.java:338)
09-17 14:34:05.294 I/StapelHang(31758):     at java.util.concurrent.ThreadPoolExecutor.getTask(ThreadPoolExecutor.java:1025)
09-17 14:34:05.294 I/StapelHang(31758):     at java.util.concurrent.ThreadPoolExecutor.runWorker(ThreadPoolExecutor.java:1086)
09-17 14:34:05.294 I/StapelHang(31758):     at java.util.concurrent.ThreadPoolExecutor$Worker.run(ThreadPoolExecutor.java:624)
09-17 14:34:05.294 I/StapelHang(31758):     at java.lang.Thread.run(Thread.java:1572)
09-17 14:34:05.294 I/StapelHang(31758):   THREAD HangWatchdog RUNNABLE
09-17 14:34:05.294 I/StapelHang(31758):     at dalvik.system.VMStack.getThreadStackTrace(Native Method)
09-17 14:34:05.294 I/StapelHang(31758):     at java.lang.Thread.getStackTrace(Thread.java:2852)
09-17 14:34:05.294 I/StapelHang(31758):     at java.lang.Thread.getAllStackTraces(Thread.java:2919)
09-17 14:34:05.294 I/StapelHang(31758):     at com.example.yugiohscanner.ml.HangWatchdog.start$lambda$1(MessLog.kt:63)
09-17 14:34:05.294 I/StapelHang(31758):     at com.example.yugiohscanner.ml.HangWatchdog.$r8$lambda$ilEpawo6uuVLX7eFM2gjrwsfNi8(MessLog.kt:0)
09-17 14:34:05.294 I/StapelHang(31758):     at com.example.yugiohscanner.ml.HangWatchdog$$ExternalSyntheticLambda1.run(D8$$SyntheticClass:2)
09-17 14:34:05.294 I/StapelHang(31758):     at java.lang.Thread.run(Thread.java:1572)
09-17 14:34:05.294 I/StapelHang(31758):   THREAD OkHttp uirfqwklvavgjklgqpnn.supabase.co RUNNABLE
09-17 14:34:05.294 I/StapelHang(31758):     at java.net.SocketInputStream.socketRead0(Native Method)
09-17 14:34:05.294 I/StapelHang(31758):     at java.net.SocketInputStream.socketRead(SocketInputStream.java:118)
09-17 14:34:05.294 I/StapelHang(31758):     at java.net.SocketInputStream.read(SocketInputStream.java:173)
09-17 14:34:05.294 I/StapelHang(31758):     at java.net.SocketInputStream.read(SocketInputStream.java:143)
09-17 14:34:05.294 I/StapelHang(31758):     at com.android.org.conscrypt.ConscryptEngineSocket$SSLInputStream.readFromSocket(ConscryptEngineSocket.java:1015)
09-17 14:34:05.294 I/StapelHang(31758):     at com.android.org.conscrypt.ConscryptEngineSocket$SSLInputStream.processDataFromSocket(ConscryptEngineSocket.java:979)
09-17 14:34:05.294 I/StapelHang(31758):     at com.android.org.conscrypt.ConscryptEngineSocket$SSLInputStream.readUntilDataAvailable(ConscryptEngineSocket.java:894)
09-17 14:34:05.294 I/StapelHang(31758):     at com.android.org.conscrypt.ConscryptEngineSocket$SSLInputStream.read(ConscryptEngineSocket.java:867)
09-17 14:34:05.294 I/StapelHang(31758):     at okio.InputStreamSource.read(JvmOkio.kt:93)
09-17 14:34:05.294 I/StapelHang(31758):     at okio.AsyncTimeout$source$1.read(AsyncTimeout.kt:153)
09-17 14:34:05.294 I/StapelHang(31758):     at okio.RealBufferedSource.request(RealBufferedSource.kt:210)
09-17 14:34:05.294 I/StapelHang(31758):     at okio.RealBufferedSource.require(RealBufferedSource.kt:203)
09-17 14:34:05.294 I/StapelHang(31758):     at okhttp3.internal.http2.Http2Reader.nextFrame(Http2Reader.kt:89)
09-17 14:34:05.294 I/StapelHang(31758):     at okhttp3.internal.http2.Http2Connection$ReaderRunnable.invoke(Http2Connection.kt:618)
09-17 14:34:05.294 I/StapelHang(31758):     at okhttp3.internal.http2.Http2Connection$ReaderRunnable.invoke(Http2Connection.kt:609)
09-17 14:34:05.294 I/StapelHang(31758):     at okhttp3.internal.concurrent.TaskQueue$execute$1.runOnce(TaskQueue.kt:98)
09-17 14:34:05.294 I/StapelHang(31758):     at okhttp3.internal.concurrent.TaskRunner.runTask(TaskRunner.kt:116)
09-17 14:34:05.294 I/StapelHang(31758):     at okhttp3.internal.concurrent.TaskRunner.access$runTask(TaskRunner.kt:42)
09-17 14:34:05.294 I/StapelHang(31758):     at okhttp3.internal.concurrent.TaskRunner$runnable$1.run(TaskRunner.kt:65)
09-17 14:34:05.294 I/StapelHang(31758):     at java.util.concurrent.ThreadPoolExecutor.runWorker(ThreadPoolExecutor.java:1100)
09-17 14:34:05.294 I/StapelHang(31758):     at java.util.concurrent.ThreadPoolExecutor$Worker.run(ThreadPoolExecutor.java:624)
09-17 14:34:05.294 I/StapelHang(31758):     at java.lang.Thread.run(Thread.java:1572)
09-17 14:34:05.294 I/StapelHang(31758):   THREAD dex_preload_t RUNNABLE
09-17 14:34:05.294 I/StapelHang(31758):     at android.os.MessageQueue.nativePollOnce(Native Method)
09-17 14:34:05.294 I/StapelHang(31758):     at android.os.MessageQueue.nextLegacy(MessageQueue.java:957)
09-17 14:34:05.294 I/StapelHang(31758):     at android.os.MessageQueue.next(MessageQueue.java:1099)
09-17 14:34:05.294 I/StapelHang(31758):     at android.os.Looper.loopOnce(Looper.java:217)
09-17 14:34:05.294 I/StapelHang(31758):     at android.os.Looper.loop(Looper.java:369)
09-17 14:34:05.294 I/StapelHang(31758):     at android.os.HandlerThread.run(HandlerThread.java:85)
09-17 14:34:05.294 I/StapelHang(31758):   THREAD Timer-0 WAITING
09-17 14:34:05.294 I/StapelHang(31758):     at java.lang.Object.wait(Native Method)
09-17 14:34:05.294 I/StapelHang(31758):     at java.lang.Object.wait(Object.java:405)
09-17 14:34:05.294 I/StapelHang(31758):     at java.lang.Object.wait(Object.java:543)
09-17 14:34:05.294 I/StapelHang(31758):     at java.util.TimerThread.mainLoop(Timer.java:562)
09-17 14:34:05.294 I/StapelHang(31758):     at java.util.TimerThread.run(Timer.java:540)
09-17 14:34:05.294 I/StapelHang(31758):   THREAD GmsDynamite WAITING
09-17 14:34:05.294 I/StapelHang(31758):     at java.lang.Object.wait(Native Method)
09-17 14:34:05.294 I/StapelHang(31758):     at java.lang.Object.wait(Object.java:405)
09-17 14:34:05.294 I/StapelHang(31758):     at java.lang.Object.wait(Object.java:543)
09-17 14:34:05.294 I/StapelHang(31758):     at com.google.android.gms.dynamite.zza.run(com.google.android.gms:play-services-basement@@18.1.0:2)
09-17 14:34:05.294 I/StapelHang(31758):   THREAD FinalizerDaemon WAITING
09-17 14:34:05.294 I/StapelHang(31758):     at java.lang.Object.wait(Native Method)
09-17 14:34:05.294 I/StapelHang(31758):     at java.lang.Object.wait(Object.java:405)
09-17 14:34:05.294 I/StapelHang(31758):     at java.lang.ref.ReferenceQueue.remove(ReferenceQueue.java:207)
09-17 14:34:05.294 I/StapelHang(31758):     at java.lang.ref.ReferenceQueue.remove(ReferenceQueue.java:228)
09-17 14:34:05.294 I/StapelHang(31758):     at java.lang.Daemons$FinalizerDaemon.runInternal(Daemons.java:350)
09-17 14:34:05.294 I/StapelHang(31758):     at java.lang.Daemons$Daemon.run(Daemons.java:135)
09-17 14:34:05.294 I/StapelHang(31758):     at java.lang.Thread.run(Thread.java:1572)
09-17 14:34:05.294 I/StapelHang(31758):   THREAD engine.io-client.heartbeat-0 TIMED_WAITING
09-17 14:34:05.294 I/StapelHang(31758):     at jdk.internal.misc.Unsafe.park(Native Method)
09-17 14:34:05.294 I/StapelHang(31758):     at java.util.concurrent.locks.LockSupport.parkNanos(LockSupport.java:276)
09-17 14:34:05.294 I/StapelHang(31758):     at java.util.concurrent.locks.AbstractQueuedSynchronizer$ConditionObject.awaitNanos(AbstractQueuedSynchronizer.java:1803)
09-17 14:34:05.294 I/StapelHang(31758):     at java.util.concurrent.ScheduledThreadPoolExecutor$DelayedWorkQueue.take(ScheduledThreadPoolExecutor.java:1182)
09-17 14:34:05.294 I/StapelHang(31758):     at java.util.concurrent.ScheduledThreadPoolExecutor$DelayedWorkQueue.take(ScheduledThreadPoolExecutor.java:899)
09-17 14:34:05.294 I/StapelHang(31758):     at java.util.concurrent.ThreadPoolExecutor.getTask(ThreadPoolExecutor.java:1026)
09-17 14:34:05.294 I/StapelHang(31758):     at java.util.concurrent.ThreadPoolExecutor.runWorker(ThreadPoolExecutor.java:1086)
09-17 14:34:05.294 I/StapelHang(31758):     at java.util.concurrent.ThreadPoolExecutor$Worker.run(ThreadPoolExecutor.java:624)
09-17 14:34:05.294 I/StapelHang(31758):     at java.lang.Thread.run(Thread.java:1572)
09-17 14:34:05.294 I/StapelHang(31758):   THREAD OkHttp Dispatcher TIMED_WAITING
09-17 14:34:05.294 I/StapelHang(31758):     at jdk.internal.misc.Unsafe.park(Native Method)
09-17 14:34:05.294 I/StapelHang(31758):     at java.util.concurrent.locks.LockSupport.parkNanos(LockSupport.java:417)
09-17 14:34:05.294 I/StapelHang(31758):     at java.util.concurrent.LinkedTransferQueue$DualNode.await(LinkedTransferQueue.java:452)
09-17 14:34:05.294 I/StapelHang(31758):     at java.util.concurrent.SynchronousQueue$Transferer.xferLifo(SynchronousQueue.java:194)
09-17 14:34:05.294 I/StapelHang(31758):     at java.util.concurrent.SynchronousQueue.xfer(SynchronousQueue.java:235)
09-17 14:34:05.294 I/StapelHang(31758):     at java.util.concurrent.SynchronousQueue.poll(SynchronousQueue.java:338)
09-17 14:34:05.294 I/StapelHang(31758):     at java.util.concurrent.ThreadPoolExecutor.getTask(ThreadPoolExecutor.java:1025)
09-17 14:34:05.294 I/StapelHang(31758):     at java.util.concurrent.ThreadPoolExecutor.runWorker(ThreadPoolExecutor.java:1086)
09-17 14:34:05.294 I/StapelHang(31758):     at java.util.concurrent.ThreadPoolExecutor$Worker.run(ThreadPoolExecutor.java:624)
09-17 14:34:05.294 I/StapelHang(31758):     at java.lang.Thread.run(Thread.java:1572)
09-17 14:34:05.294 I/StapelHang(31758):   THREAD pool-9-thread-3 TIMED_WAITING
09-17 14:34:05.294 I/StapelHang(31758):     at jdk.internal.misc.Unsafe.park(Native Method)
09-17 14:34:05.294 I/StapelHang(31758):     at java.util.concurrent.locks.LockSupport.parkNanos(LockSupport.java:276)
09-17 14:34:05.294 I/StapelHang(31758):     at java.util.concurrent.locks.AbstractQueuedSynchronizer$ConditionObject.awaitNanos(AbstractQueuedSynchronizer.java:1803)
09-17 14:34:05.294 I/StapelHang(31758):     at java.util.concurrent.LinkedBlockingQueue.poll(LinkedBlockingQueue.java:460)
09-17 14:34:05.294 I/StapelHang(31758):     at java.util.concurrent.ThreadPoolExecutor.getTask(ThreadPoolExecutor.java:1025)
09-17 14:34:05.294 I/StapelHang(31758):     at java.util.concurrent.ThreadPoolExecutor.runWorker(ThreadPoolExecutor.java:1086)
09-17 14:34:05.294 I/StapelHang(31758):     at java.util.concurrent.ThreadPoolExecutor$Worker.run(ThreadPoolExecutor.java:624)
09-17 14:34:05.294 I/StapelHang(31758):     at com.google.mlkit.common.sdkinternal.MlKitThreadPool.zzd(com.google.mlkit:common@@18.8.0:2)
09-17 14:34:05.294 I/StapelHang(31758):     at com.google.mlkit.common.sdkinternal.zzi.run(com.google.mlkit:common@@18.8.0:2)
09-17 14:34:05.294 I/StapelHang(31758):     at java.lang.Thread.run(Thread.java:1572)
09-17 14:34:05.294 I/StapelHang(31758):   THREAD CameraX-camerax_high_priority WAITING
09-17 14:34:05.294 I/StapelHang(31758):     at jdk.internal.misc.Unsafe.park(Native Method)
09-17 14:34:05.294 I/StapelHang(31758):     at java.util.concurrent.locks.LockSupport.park(LockSupport.java:376)
09-17 14:34:05.294 I/StapelHang(31758):     at java.util.concurrent.locks.AbstractQueuedSynchronizer$ConditionNode.block(AbstractQueuedSynchronizer.java:520)
09-17 14:34:05.294 I/StapelHang(31758):     at java.util.concurrent.ForkJoinPool.unmanagedBlock(ForkJoinPool.java:3797)
09-17 14:34:05.294 I/StapelHang(31758):     at java.util.concurrent.ForkJoinPool.managedBlock(ForkJoinPool.java:3738)
09-17 14:34:05.294 I/StapelHang(31758):     at java.util.concurrent.locks.AbstractQueuedSynchronizer$ConditionObject.await(AbstractQueuedSynchronizer.java:1752)
09-17 14:34:05.294 I/StapelHang(31758):     at java.util.concurrent.LinkedBlockingQueue.take(LinkedBlockingQueue.java:435)
09-17 14:34:05.294 I/StapelHang(31758):     at java.util.concurrent.ThreadPoolExecutor.getTask(ThreadPoolExecutor.java:1026)
09-17 14:34:05.294 I/StapelHang(31758):     at java.util.concurrent.ThreadPoolExecutor.runWorker(ThreadPoolExecutor.java:1086)
09-17 14:34:05.294 I/StapelHang(31758):     at java.util.concurrent.ThreadPoolExecutor$Worker.run(ThreadPoolExecutor.java:624)
09-17 14:34:05.294 I/StapelHang(31758):     at java.lang.Thread.run(Thread.java:1572)
09-17 14:34:05.294 I/StapelHang(31758):   THREAD OkHttp uirfqwklvavgjklgqpnn.supabase.co RUNNABLE
09-17 14:34:05.294 I/StapelHang(31758):     at java.net.SocketInputStream.socketRead0(Native Method)
09-17 14:34:05.294 I/StapelHang(31758):     at java.net.SocketInputStream.socketRead(SocketInputStream.java:118)
09-17 14:34:05.294 I/StapelHang(31758):     at java.net.SocketInputStream.read(SocketInputStream.java:173)
09-17 14:34:05.294 I/StapelHang(31758):     at java.net.SocketInputStream.read(SocketInputStream.java:143)
09-17 14:34:05.294 I/StapelHang(31758):     at com.android.org.conscrypt.ConscryptEngineSocket$SSLInputStream.readFromSocket(ConscryptEngineSocket.java:1015)
09-17 14:34:05.294 I/StapelHang(31758):     at com.android.org.conscrypt.ConscryptEngineSocket$SSLInputStream.processDataFromSocket(ConscryptEngineSocket.java:979)
09-17 14:34:05.294 I/StapelHang(31758):     at com.android.org.conscrypt.ConscryptEngineSocket$SSLInputStream.readUntilDataAvailable(ConscryptEngineSocket.java:894)
09-17 14:34:05.294 I/StapelHang(31758):     at com.android.org.conscrypt.ConscryptEngineSocket$SSLInputStream.read(ConscryptEngineSocket.java:867)
09-17 14:34:05.294 I/StapelHang(31758):     at okio.InputStreamSource.read(JvmOkio.kt:93)
09-17 14:34:05.294 I/StapelHang(31758):     at okio.AsyncTimeout$source$1.read(AsyncTimeout.kt:153)
09-17 14:34:05.294 I/StapelHang(31758):     at okio.RealBufferedSource.request(RealBufferedSource.kt:210)
09-17 14:34:05.294 I/StapelHang(31758):     at okio.RealBufferedSource.require(RealBufferedSource.kt:203)
09-17 14:34:05.294 I/StapelHang(31758):     at okhttp3.internal.http2.Http2Reader.nextFrame(Http2Reader.kt:89)
09-17 14:34:05.294 I/StapelHang(31758):     at okhttp3.internal.http2.Http2Connection$ReaderRunnable.invoke(Http2Connection.kt:618)
09-17 14:34:05.294 I/StapelHang(31758):     at okhttp3.internal.http2.Http2Connection$ReaderRunnable.invoke(Http2Connection.kt:609)
09-17 14:34:05.294 I/StapelHang(31758):     at okhttp3.internal.concurrent.TaskQueue$execute$1.runOnce(TaskQueue.kt:98)
09-17 14:34:05.294 I/StapelHang(31758):     at okhttp3.internal.concurrent.TaskRunner.runTask(TaskRunner.kt:116)
09-17 14:34:05.294 I/StapelHang(31758):     at okhttp3.internal.concurrent.TaskRunner.access$runTask(TaskRunner.kt:42)
09-17 14:34:05.294 I/StapelHang(31758):     at okhttp3.internal.concurrent.TaskRunner$runnable$1.run(TaskRunner.kt:65)
09-17 14:34:05.294 I/StapelHang(31758):     at java.util.concurrent.ThreadPoolExecutor.runWorker(ThreadPoolExecutor.java:1100)
09-17 14:34:05.294 I/StapelHang(31758):     at java.util.concurrent.ThreadPoolExecutor$Worker.run(ThreadPoolExecutor.java:624)
09-17 14:34:05.294 I/StapelHang(31758):     at java.lang.Thread.run(Thread.java:1572)
09-17 14:34:05.294 I/StapelHang(31758):   THREAD GoogleApiHandler RUNNABLE
09-17 14:34:05.294 I/StapelHang(31758):     at android.os.MessageQueue.nativePollOnce(Native Method)
09-17 14:34:05.294 I/StapelHang(31758):     at android.os.MessageQueue.nextLegacy(MessageQueue.java:957)
09-17 14:34:05.294 I/StapelHang(31758):     at android.os.MessageQueue.next(MessageQueue.java:1099)
09-17 14:34:05.294 I/StapelHang(31758):     at android.os.Looper.loopOnce(Looper.java:217)
09-17 14:34:05.294 I/StapelHang(31758):     at android.os.Looper.loop(Looper.java:369)
09-17 14:34:05.294 I/StapelHang(31758):     at android.os.HandlerThread.run(HandlerThread.java:85)
09-17 14:34:05.294 I/StapelHang(31758):   THREAD CameraDeviceExecutor WAITING
09-17 14:34:05.294 I/StapelHang(31758):     at jdk.internal.misc.Unsafe.park(Native Method)
09-17 14:34:05.294 I/StapelHang(31758):     at java.util.concurrent.locks.LockSupport.park(LockSupport.java:376)
09-17 14:34:05.294 I/StapelHang(31758):     at java.util.concurrent.locks.AbstractQueuedSynchronizer$ConditionNode.block(AbstractQueuedSynchronizer.java:520)
09-17 14:34:05.294 I/StapelHang(31758):     at java.util.concurrent.ForkJoinPool.unmanagedBlock(ForkJoinPool.java:3797)
09-17 14:34:05.294 I/StapelHang(31758):     at java.util.concurrent.ForkJoinPool.managedBlock(ForkJoinPool.java:3738)
09-17 14:34:05.294 I/StapelHang(31758):     at java.util.concurrent.locks.AbstractQueuedSynchronizer$ConditionObject.await(AbstractQueuedSynchronizer.java:1752)
09-17 14:34:05.294 I/StapelHang(31758):     at java.util.concurrent.LinkedBlockingQueue.take(LinkedBlockingQueue.java:435)
09-17 14:34:05.294 I/StapelHang(31758):     at java.util.concurrent.ThreadPoolExecutor.getTask(ThreadPoolExecutor.java:1026)
09-17 14:34:05.294 I/StapelHang(31758):     at java.util.concurrent.ThreadPoolExecutor.runWorker(ThreadPoolExecutor.java:1086)
09-17 14:34:05.294 I/StapelHang(31758):     at java.util.concurrent.ThreadPoolExecutor$Worker.run(ThreadPoolExecutor.java:624)
09-17 14:34:05.294 I/StapelHang(31758):     at java.lang.Thread.run(Thread.java:1572)
09-17 14:34:05.294 I/StapelHang(31758):   THREAD TFLiteCounters-0 TIMED_WAITING
09-17 14:34:05.294 I/StapelHang(31758):     at jdk.internal.misc.Unsafe.park(Native Method)
09-17 14:34:05.294 I/StapelHang(31758):     at java.util.concurrent.locks.LockSupport.parkNanos(LockSupport.java:276)
09-17 14:34:05.294 I/StapelHang(31758):     at java.util.concurrent.locks.AbstractQueuedSynchronizer$ConditionObject.awaitNanos(AbstractQueuedSynchronizer.java:1803)
09-17 14:34:05.294 I/StapelHang(31758):     at java.util.concurrent.ScheduledThreadPoolExecutor$DelayedWorkQueue.take(ScheduledThreadPoolExecutor.java:1182)
09-17 14:34:05.294 I/StapelHang(31758):     at java.util.concurrent.ScheduledThreadPoolExecutor$DelayedWorkQueue.take(ScheduledThreadPoolExecutor.java:899)
09-17 14:34:05.294 I/StapelHang(31758):     at java.util.concurrent.ThreadPoolExecutor.getTask(ThreadPoolExecutor.java:1026)
09-17 14:34:05.294 I/StapelHang(31758):     at java.util.concurrent.ThreadPoolExecutor.runWorker(ThreadPoolExecutor.java:1086)
09-17 14:34:05.294 I/StapelHang(31758):     at java.util.concurrent.ThreadPoolExecutor$Worker.run(ThreadPoolExecutor.java:624)
09-17 14:34:05.294 I/StapelHang(31758):     at java.lang.Thread.run(Thread.java:1572)
09-17 14:34:05.294 I/StapelHang(31758):   THREAD ProcessStablePhenotypeFlag WAITING
09-17 14:34:05.294 I/StapelHang(31758):     at jdk.internal.misc.Unsafe.park(Native Method)
09-17 14:34:05.294 I/StapelHang(31758):     at java.util.concurrent.locks.LockSupport.park(LockSupport.java:376)
09-17 14:34:05.294 I/StapelHang(31758):     at java.util.concurrent.locks.AbstractQueuedSynchronizer$ConditionNode.block(AbstractQueuedSynchronizer.java:520)
09-17 14:34:05.294 I/StapelHang(31758):     at java.util.concurrent.ForkJoinPool.unmanagedBlock(ForkJoinPool.java:3797)
09-17 14:34:05.294 I/StapelHang(31758):     at java.util.concurrent.ForkJoinPool.managedBlock(ForkJoinPool.java:3738)
09-17 14:34:05.294 I/StapelHang(31758):     at java.util.concurrent.locks.AbstractQueuedSynchronizer$ConditionObject.await(AbstractQueuedSynchronizer.java:1752)
09-17 14:34:05.294 I/StapelHang(31758):     at java.util.concurrent.ScheduledThreadPoolExecutor$DelayedWorkQueue.take(ScheduledThreadPoolExecutor.java:1170)
09-17 14:34:05.294 I/StapelHang(31758):     at java.util.concurrent.ScheduledThreadPoolExecutor$DelayedWorkQueue.take(ScheduledThreadPoolExecutor.java:899)
09-17 14:34:05.294 I/StapelHang(31758):     at java.util.concurrent.ThreadPoolExecutor.getTask(ThreadPoolExecutor.java:1026)
09-17 14:34:05.294 I/StapelHang(31758):     at java.util.concurrent.ThreadPoolExecutor.runWorker(ThreadPoolExecutor.java:1086)
09-17 14:34:05.294 I/StapelHang(31758):     at java.util.concurrent.ThreadPoolExecutor$Worker.run(ThreadPoolExecutor.java:624)
09-17 14:34:05.294 I/StapelHang(31758):     at java.lang.Thread.run(Thread.java:1572)
09-17 14:34:05.294 I/StapelHang(31758):   THREAD OkHttp Dispatcher TIMED_WAITING
09-17 14:34:05.294 I/StapelHang(31758):     at jdk.internal.misc.Unsafe.park(Native Method)
09-17 14:34:05.294 I/StapelHang(31758):     at java.util.concurrent.locks.LockSupport.parkNanos(LockSupport.java:417)
09-17 14:34:05.294 I/StapelHang(31758):     at java.util.concurrent.LinkedTransferQueue$DualNode.await(LinkedTransferQueue.java:452)
09-17 14:34:05.294 I/StapelHang(31758):     at java.util.concurrent.SynchronousQueue$Transferer.xferLifo(SynchronousQueue.java:194)
09-17 14:34:05.294 I/StapelHang(31758):     at java.util.concurrent.SynchronousQueue.xfer(SynchronousQueue.java:235)
09-17 14:34:05.294 I/StapelHang(31758):     at java.util.concurrent.SynchronousQueue.poll(SynchronousQueue.java:338)
09-17 14:34:05.294 I/StapelHang(31758):     at java.util.concurrent.ThreadPoolExecutor.getTask(ThreadPoolExecutor.java:1025)
09-17 14:34:05.294 I/StapelHang(31758):     at java.util.concurrent.ThreadPoolExecutor.runWorker(ThreadPoolExecutor.java:1086)
09-17 14:34:05.294 I/StapelHang(31758):     at java.util.concurrent.ThreadPoolExecutor$Worker.run(ThreadPoolExecutor.java:624)
09-17 14:34:05.294 I/StapelHang(31758):     at java.lang.Thread.run(Thread.java:1572)
09-17 14:34:05.294 I/StapelHang(31758):   THREAD pool-17-thread-1 WAITING
09-17 14:34:05.294 I/StapelHang(31758):     at jdk.internal.misc.Unsafe.park(Native Method)
09-17 14:34:05.294 I/StapelHang(31758):     at java.util.concurrent.locks.LockSupport.park(LockSupport.java:376)
09-17 14:34:05.294 I/StapelHang(31758):     at java.util.concurrent.locks.AbstractQueuedSynchronizer$ConditionNode.block(AbstractQueuedSynchronizer.java:520)
09-17 14:34:05.294 I/StapelHang(31758):     at java.util.concurrent.ForkJoinPool.unmanagedBlock(ForkJoinPool.java:3797)
09-17 14:34:05.294 I/StapelHang(31758):     at java.util.concurrent.ForkJoinPool.managedBlock(ForkJoinPool.java:3738)
09-17 14:34:05.294 I/StapelHang(31758):     at java.util.concurrent.locks.AbstractQueuedSynchronizer$ConditionObject.await(AbstractQueuedSynchronizer.java:1752)
09-17 14:34:05.294 I/StapelHang(31758):     at java.util.concurrent.LinkedBlockingQueue.take(LinkedBlockingQueue.java:435)
09-17 14:34:05.294 I/StapelHang(31758):     at java.util.concurrent.ThreadPoolExecutor.getTask(ThreadPoolExecutor.java:1026)
09-17 14:34:05.294 I/StapelHang(31758):     at java.util.concurrent.ThreadPoolExecutor.runWorker(ThreadPoolExecutor.java:1086)
09-17 14:34:05.294 I/StapelHang(31758):     at java.util.concurrent.ThreadPoolExecutor$Worker.run(ThreadPoolExecutor.java:624)
09-17 14:34:05.294 I/StapelHang(31758):     at java.lang.Thread.run(Thread.java:1572)
09-17 14:34:05.294 I/StapelHang(31758):   THREAD FinalizerWatchdogDaemon TIMED_WAITING
09-17 14:34:05.294 I/StapelHang(31758):     at java.lang.Thread.sleep(Native Method)
09-17 14:34:05.294 I/StapelHang(31758):     at java.lang.Thread.sleep0(Thread.java:689)
09-17 14:34:05.294 I/StapelHang(31758):     at java.lang.Thread.sleep(Thread.java:667)
09-17 14:34:05.294 I/StapelHang(31758):     at java.lang.Thread.sleep(Thread.java:580)
09-17 14:34:05.294 I/StapelHang(31758):     at java.lang.Daemons$FinalizerWatchdogDaemon.sleepForNanos(Daemons.java:536)
09-17 14:34:05.294 I/StapelHang(31758):     at java.lang.Daemons$FinalizerWatchdogDaemon.waitForProgress(Daemons.java:612)
09-17 14:34:05.294 I/StapelHang(31758):     at java.lang.Daemons$FinalizerWatchdogDaemon.runInternal(Daemons.java:467)
09-17 14:34:05.294 I/StapelHang(31758):     at java.lang.Daemons$Daemon.run(Daemons.java:135)
09-17 14:34:05.294 I/StapelHang(31758):     at java.lang.Thread.run(Thread.java:1572)
09-17 14:34:05.294 I/StapelHang(31758):   THREAD Okio Watchdog TIMED_WAITING
09-17 14:34:05.294 I/StapelHang(31758):     at jdk.internal.misc.Unsafe.park(Native Method)
09-17 14:34:05.294 I/StapelHang(31758):     at java.util.concurrent.locks.LockSupport.parkNanos(LockSupport.java:276)
09-17 14:34:05.294 I/StapelHang(31758):     at java.util.concurrent.locks.AbstractQueuedSynchronizer$ConditionObject.await(AbstractQueuedSynchronizer.java:1892)
09-17 14:34:05.294 I/StapelHang(31758):     at okio.AsyncTimeout$Companion.awaitTimeout(AsyncTimeout.kt:358)
09-17 14:34:05.294 I/StapelHang(31758):     at okio.AsyncTimeout$Watchdog.run(AsyncTimeout.kt:211)
09-17 14:34:05.294 I/StapelHang(31758):   THREAD main RUNNABLE
09-17 14:34:05.294 I/StapelHang(31758):     at java.lang.String.charAt(Native Method)
09-17 14:34:05.294 I/StapelHang(31758):     at com.example.yugiohscanner.cloud.SetCodeMatch.dist(SetCodeMatch.kt:41)
09-17 14:34:05.294 I/StapelHang(31758):     at com.example.yugiohscanner.cloud.SetCodeMatch.prefixNumberDist(SetCodeMatch.kt:153)
09-17 14:34:05.294 I/StapelHang(31758):     at com.example.yugiohscanner.cloud.SetCodeMatch.best(SetCodeMatch.kt:189)
09-17 14:34:05.294 I/StapelHang(31758):     at com.example.yugiohscanner.ui.ScanResolver.resolve(ScanResolver.kt:68)
09-17 14:34:05.294 I/StapelHang(31758):     at com.example.yugiohscanner.ui.ScanResolver$resolve$1.invokeSuspend(ScanResolver.kt:19)
09-17 14:34:05.294 I/StapelHang(31758):     at kotlin.coroutines.jvm.internal.BaseContinuationImpl.resumeWith(ContinuationImpl.kt:33)
09-17 14:34:05.294 I/StapelHang(31758):     at kotlinx.coroutines.DispatchedTask.run(DispatchedTask.kt:104)
09-17 14:34:05.294 I/StapelHang(31758):     at androidx.compose.ui.platform.AndroidUiDispatcher.performTrampolineDispatch(AndroidUiDispatcher.android.kt:81)
09-17 14:34:05.294 I/StapelHang(31758):     at androidx.compose.ui.platform.AndroidUiDispatcher.access$performTrampolineDispatch(AndroidUiDispatcher.android.kt:41)
09-17 14:34:05.294 I/StapelHang(31758):     at androidx.compose.ui.platform.AndroidUiDispatcher$dispatchCallback$1.run(AndroidUiDispatcher.android.kt:57)
09-17 14:34:05.294 I/StapelHang(31758):     at android.os.Handler.handleCallback(Handler.java:1029)
09-17 14:34:05.294 I/StapelHang(31758):     at android.os.Handler.dispatchMessage(Handler.java:107)
09-17 14:34:05.294 I/StapelHang(31758):     at android.os.Looper.loopOnce(Looper.java:274)
09-17 14:34:05.294 I/StapelHang(31758):     at android.os.Looper.loop(Looper.java:369)
09-17 14:34:05.294 I/StapelHang(31758):     at android.app.ActivityThread.main(ActivityThread.java:10089)
09-17 14:34:05.294 I/StapelHang(31758):     at java.lang.reflect.Method.invoke(Native Method)
09-17 14:34:05.294 I/StapelHang(31758):     at com.android.internal.os.RuntimeInit$MethodAndArgsCaller.run(RuntimeInit.java:616)
09-17 14:34:05.294 I/StapelHang(31758):     at com.android.internal.os.ZygoteInit.main(ZygoteInit.java:1137)
09-17 14:34:05.294 I/StapelHang(31758):   THREAD TFLiteClient-0 TIMED_WAITING
09-17 14:34:05.294 I/StapelHang(31758):     at jdk.internal.misc.Unsafe.park(Native Method)
09-17 14:34:05.294 I/StapelHang(31758):     at java.util.concurrent.locks.LockSupport.parkNanos(LockSupport.java:276)
09-17 14:34:05.294 I/StapelHang(31758):     at java.util.concurrent.locks.AbstractQueuedSynchronizer$ConditionObject.awaitNanos(AbstractQueuedSynchronizer.java:1803)
09-17 14:34:05.294 I/StapelHang(31758):     at java.util.concurrent.LinkedBlockingQueue.poll(LinkedBlockingQueue.java:460)
09-17 14:34:05.294 I/StapelHang(31758):     at java.util.concurrent.ThreadPoolExecutor.getTask(ThreadPoolExecutor.java:1025)
09-17 14:34:05.294 I/StapelHang(31758):     at java.util.concurrent.ThreadPoolExecutor.runWorker(ThreadPoolExecutor.java:1086)
09-17 14:34:05.294 I/StapelHang(31758):     at java.util.concurrent.ThreadPoolExecutor$Worker.run(ThreadPoolExecutor.java:624)
09-17 14:34:05.294 I/StapelHang(31758):     at java.lang.Thread.run(Thread.java:1572)
09-17 14:34:05.294 I/StapelHang(31758):   THREAD OkHttp TaskRunner TIMED_WAITING
09-17 14:34:05.294 I/StapelHang(31758):     at jdk.internal.misc.Unsafe.park(Native Method)
09-17 14:34:05.294 I/StapelHang(31758):     at java.util.concurrent.locks.LockSupport.parkNanos(LockSupport.java:417)
09-17 14:34:05.294 I/StapelHang(31758):     at java.util.concurrent.LinkedTransferQueue$DualNode.await(LinkedTransferQueue.java:452)
09-17 14:34:05.294 I/StapelHang(31758):     at java.util.concurrent.SynchronousQueue$Transferer.xferLifo(SynchronousQueue.java:194)
09-17 14:34:05.294 I/StapelHang(31758):     at java.util.concurrent.SynchronousQueue.xfer(SynchronousQueue.java:235)
09-17 14:34:05.294 I/StapelHang(31758):     at java.util.concurrent.SynchronousQueue.poll(SynchronousQueue.java:338)
09-17 14:34:05.294 I/StapelHang(31758):     at java.util.concurrent.ThreadPoolExecutor.getTask(ThreadPoolExecutor.java:1025)
09-17 14:34:05.294 I/StapelHang(31758):     at java.util.concurrent.ThreadPoolExecutor.runWorker(ThreadPoolExecutor.java:1086)
09-17 14:34:05.294 I/StapelHang(31758):     at java.util.concurrent.ThreadPoolExecutor$Worker.run(ThreadPoolExecutor.java:624)
09-17 14:34:05.294 I/StapelHang(31758):     at java.lang.Thread.run(Thread.java:1572)
09-17 14:34:05.294 I/StapelHang(31758):   THREAD GoogleApiHandler RUNNABLE
09-17 14:34:05.294 I/StapelHang(31758):     at android.os.MessageQueue.nativePollOnce(Native Method)
09-17 14:34:05.294 I/StapelHang(31758):     at android.os.MessageQueue.nextLegacy(MessageQueue.java:957)
09-17 14:34:05.294 I/StapelHang(31758):     at android.os.MessageQueue.next(MessageQueue.java:1099)
09-17 14:34:05.294 I/StapelHang(31758):     at android.os.Looper.loopOnce(Looper.java:217)
09-17 14:34:05.294 I/StapelHang(31758):     at android.os.Looper.loop(Looper.java:369)
09-17 14:34:05.294 I/StapelHang(31758):     at android.os.HandlerThread.run(HandlerThread.java:85)
09-17 14:34:05.294 I/StapelHang(31758):   THREAD ActivityHelper RUNNABLE
09-17 14:34:05.294 I/StapelHang(31758):     at android.os.MessageQueue.nativePollOnce(Native Method)
09-17 14:34:05.294 I/StapelHang(31758):     at android.os.MessageQueue.nextLegacy(MessageQueue.java:957)
09-17 14:34:05.294 I/StapelHang(31758):     at android.os.MessageQueue.next(MessageQueue.java:1099)
09-17 14:34:05.294 I/StapelHang(31758):     at android.os.Looper.loopOnce(Looper.java:217)
09-17 14:34:05.294 I/StapelHang(31758):     at android.os.Looper.loop(Looper.java:369)
09-17 14:34:05.294 I/StapelHang(31758):     at android.os.HandlerThread.run(HandlerThread.java:85)
09-17 14:34:05.294 I/StapelHang(31758):   THREAD 31758-ScoutStateMachine RUNNABLE
09-17 14:34:05.294 I/StapelHang(31758):     at android.os.MessageQueue.nativePollOnce(Native Method)
09-17 14:34:05.294 I/StapelHang(31758):     at android.os.MessageQueue.nextLegacy(MessageQueue.java:957)
09-17 14:34:05.294 I/StapelHang(31758):     at android.os.MessageQueue.next(MessageQueue.java:1099)
09-17 14:34:05.294 I/StapelHang(31758):     at android.os.Looper.loopOnce(Looper.java:217)
09-17 14:34:05.294 I/StapelHang(31758):     at android.os.Looper.loop(Looper.java:369)
09-17 14:34:05.294 I/StapelHang(31758):     at android.os.HandlerThread.run(HandlerThread.java:85)
09-17 14:34:05.294 I/StapelHang(31758):   THREAD AICollector RUNNABLE
09-17 14:34:05.294 I/StapelHang(31758):     at android.os.MessageQueue.nativePollOnce(Native Method)
09-17 14:34:05.294 I/StapelHang(31758):     at android.os.MessageQueue.nextLegacy(MessageQueue.java:957)
09-17 14:34:05.294 I/StapelHang(31758):     at android.os.MessageQueue.next(MessageQueue.java:1099)
09-17 14:34:05.294 I/StapelHang(31758):     at android.os.Looper.loopOnce(Looper.java:217)
09-17 14:34:05.294 I/StapelHang(31758):     at android.os.Looper.loop(Looper.java:369)
09-17 14:34:05.294 I/StapelHang(31758):     at android.os.HandlerThread.run(HandlerThread.java:85)
09-17 14:34:05.294 I/StapelHang(31758):   THREAD pool-9-thread-8 TIMED_WAITING
09-17 14:34:05.294 I/StapelHang(31758):     at jdk.internal.misc.Unsafe.park(Native Method)
09-17 14:34:05.294 I/StapelHang(31758):     at java.util.concurrent.locks.LockSupport.parkNanos(LockSupport.java:276)
09-17 14:34:05.294 I/StapelHang(31758):     at java.util.concurrent.locks.AbstractQueuedSynchronizer$ConditionObject.awaitNanos(AbstractQueuedSynchronizer.java:1803)
09-17 14:34:05.294 I/StapelHang(31758):     at java.util.concurrent.LinkedBlockingQueue.poll(LinkedBlockingQueue.java:460)
09-17 14:34:05.294 I/StapelHang(31758):     at java.util.concurrent.ThreadPoolExecutor.getTask(ThreadPoolExecutor.java:1025)
09-17 14:34:05.294 I/StapelHang(31758):     at java.util.concurrent.ThreadPoolExecutor.runWorker(ThreadPoolExecutor.java:1086)
09-17 14:34:05.294 I/StapelHang(31758):     at java.util.concurrent.ThreadPoolExecutor$Worker.run(ThreadPoolExecutor.java:624)
09-17 14:34:05.294 I/StapelHang(31758):     at com.google.mlkit.common.sdkinternal.MlKitThreadPool.zzd(com.google.mlkit:common@@18.8.0:2)
09-17 14:34:05.294 I/StapelHang(31758):     at com.google.mlkit.common.sdkinternal.zzi.run(com.google.mlkit:common@@18.8.0:2)
09-17 14:34:05.294 I/StapelHang(31758):     at java.lang.Thread.run(Thread.java:1572)
09-17 14:34:05.294 I/StapelHang(31758):   THREAD DefaultDispatcher-worker-1 TIMED_WAITING
09-17 14:34:05.294 I/StapelHang(31758):     at jdk.internal.misc.Unsafe.park(Native Method)
09-17 14:34:05.294 I/StapelHang(31758):     at java.util.concurrent.locks.LockSupport.parkNanos(LockSupport.java:417)
09-17 14:34:05.294 I/StapelHang(31758):     at kotlinx.coroutines.scheduling.CoroutineScheduler$Worker.park(CoroutineScheduler.kt:856)
09-17 14:34:05.294 I/StapelHang(31758):     at kotlinx.coroutines.scheduling.CoroutineScheduler$Worker.tryPark(CoroutineScheduler.kt:801)
09-17 14:34:05.294 I/StapelHang(31758):     at kotlinx.coroutines.scheduling.CoroutineScheduler$Worker.runWorker(CoroutineScheduler.kt:749)
09-17 14:34:05.294 I/StapelHang(31758):     at kotlinx.coroutines.scheduling.CoroutineScheduler$Worker.run(CoroutineScheduler.kt:702)
09-17 14:34:05.294 I/StapelHang(31758):   THREAD ConscryptStatsLogWriter WAITING
09-17 14:34:05.294 I/StapelHang(31758):     at jdk.internal.misc.Unsafe.park(Native Method)
09-17 14:34:05.294 I/StapelHang(31758):     at java.util.concurrent.locks.LockSupport.park(LockSupport.java:376)
09-17 14:34:05.294 I/StapelHang(31758):     at java.util.concurrent.locks.AbstractQueuedSynchronizer$ConditionNode.block(AbstractQueuedSynchronizer.java:520)
09-17 14:34:05.294 I/StapelHang(31758):     at java.util.concurrent.ForkJoinPool.unmanagedBlock(ForkJoinPool.java:3797)
09-17 14:34:05.294 I/StapelHang(31758):     at java.util.concurrent.ForkJoinPool.managedBlock(ForkJoinPool.java:3738)
09-17 14:34:05.294 I/StapelHang(31758):     at java.util.concurrent.locks.AbstractQueuedSynchronizer$ConditionObject.await(AbstractQueuedSynchronizer.java:1752)
09-17 14:34:05.294 I/StapelHang(31758):     at java.util.concurrent.LinkedBlockingQueue.take(LinkedBlockingQueue.java:435)
09-17 14:34:05.294 I/StapelHang(31758):     at java.util.concurrent.ThreadPoolExecutor.getTask(ThreadPoolExecutor.java:1026)
09-17 14:34:05.294 I/StapelHang(31758):     at java.util.concurrent.ThreadPoolExecutor.runWorker(ThreadPoolExecutor.java:1086)
09-17 14:34:05.294 I/StapelHang(31758):     at java.util.concurrent.ThreadPoolExecutor$Worker.run(ThreadPoolExecutor.java:624)
09-17 14:34:05.294 I/StapelHang(31758):     at java.lang.Thread.run(Thread.java:1572)
09-17 14:34:05.294 I/StapelHang(31758):   THREAD OkHttp http://192.168.178.24:4000/... RUNNABLE
09-17 14:34:05.294 I/StapelHang(31758):     at java.net.SocketInputStream.socketRead0(Native Method)
09-17 14:34:05.294 I/StapelHang(31758):     at java.net.SocketInputStream.socketRead(SocketInputStream.java:118)
09-17 14:34:05.294 I/StapelHang(31758):     at java.net.SocketInputStream.read(SocketInputStream.java:173)
09-17 14:34:05.294 I/StapelHang(31758):     at java.net.SocketInputStream.read(SocketInputStream.java:143)
09-17 14:34:05.294 I/StapelHang(31758):     at okio.InputStreamSource.read(JvmOkio.kt:93)
09-17 14:34:05.294 I/StapelHang(31758):     at okio.AsyncTimeout$source$1.read(AsyncTimeout.kt:153)
09-17 14:34:05.294 I/StapelHang(31758):     at okio.RealBufferedSource.request(RealBufferedSource.kt:210)
09-17 14:34:05.294 I/StapelHang(31758):     at okio.RealBufferedSource.require(RealBufferedSource.kt:203)
09-17 14:34:05.294 I/StapelHang(31758):     at okio.RealBufferedSource.readByte(RealBufferedSource.kt:213)
09-17 14:34:05.294 I/StapelHang(31758):     at okhttp3.internal.ws.WebSocketReader.readHeader(WebSocketReader.kt:119)
09-17 14:34:05.294 I/StapelHang(31758):     at okhttp3.internal.ws.WebSocketReader.processNextFrame(WebSocketReader.kt:102)
09-17 14:34:05.294 I/StapelHang(31758):     at okhttp3.internal.ws.RealWebSocket.loopReader(RealWebSocket.kt:293)
09-17 14:34:05.294 I/StapelHang(31758):     at okhttp3.internal.ws.RealWebSocket$connect$1.onResponse(RealWebSocket.kt:195)
09-17 14:34:05.294 I/StapelHang(31758):     at okhttp3.internal.connection.RealCall$AsyncCall.run(RealCall.kt:519)
09-17 14:34:05.294 I/StapelHang(31758):     at java.util.concurrent.ThreadPoolExecutor.runWorker(ThreadPoolExecutor.java:1100)
09-17 14:34:05.294 I/StapelHang(31758):     at java.util.concurrent.ThreadPoolExecutor$Worker.run(ThreadPoolExecutor.java:624)
09-17 14:34:05.294 I/StapelHang(31758):     at java.lang.Thread.run(Thread.java:1572)
09-17 14:34:05.294 I/StapelHang(31758):   THREAD OkHttp TaskRunner TIMED_WAITING
09-17 14:34:05.294 I/StapelHang(31758):     at jdk.internal.misc.Unsafe.park(Native Method)
09-17 14:34:05.294 I/StapelHang(31758):     at java.util.concurrent.locks.LockSupport.parkNanos(LockSupport.java:417)
09-17 14:34:05.294 I/StapelHang(31758):     at java.util.concurrent.LinkedTransferQueue$DualNode.await(LinkedTransferQueue.java:452)
09-17 14:34:05.294 I/StapelHang(31758):     at java.util.concurrent.SynchronousQueue$Transferer.xferLifo(SynchronousQueue.java:194)
09-17 14:34:05.294 I/StapelHang(31758):     at java.util.concurrent.SynchronousQueue.xfer(SynchronousQueue.java:235)
09-17 14:34:05.294 I/StapelHang(31758):     at java.util.concurrent.SynchronousQueue.poll(SynchronousQueue.java:338)
09-17 14:34:05.294 I/StapelHang(31758):     at java.util.concurrent.ThreadPoolExecutor.getTask(ThreadPoolExecutor.java:1025)
09-17 14:34:05.294 I/StapelHang(31758):     at java.util.concurrent.ThreadPoolExecutor.runWorker(ThreadPoolExecutor.java:1086)
09-17 14:34:05.294 I/StapelHang(31758):     at java.util.concurrent.ThreadPoolExecutor$Worker.run(ThreadPoolExecutor.java:624)
09-17 14:34:05.294 I/StapelHang(31758):     at java.lang.Thread.run(Thread.java:1572)
09-17 14:34:05.294 I/StapelHang(31758):   THREAD DefaultDispatcher-worker-4 TIMED_WAITING
09-17 14:34:05.294 I/StapelHang(31758):     at jdk.internal.misc.Unsafe.park(Native Method)
09-17 14:34:05.294 I/StapelHang(31758):     at java.util.concurrent.locks.LockSupport.parkNanos(LockSupport.java:417)
09-17 14:34:05.294 I/StapelHang(31758):     at kotlinx.coroutines.scheduling.CoroutineScheduler$Worker.park(CoroutineScheduler.kt:856)
09-17 14:34:05.294 I/StapelHang(31758):     at kotlinx.coroutines.scheduling.CoroutineScheduler$Worker.tryPark(CoroutineScheduler.kt:801)
09-17 14:34:05.294 I/StapelHang(31758):     at kotlinx.coroutines.scheduling.CoroutineScheduler$Worker.runWorker(CoroutineScheduler.kt:749)
09-17 14:34:05.294 I/StapelHang(31758):     at kotlinx.coroutines.scheduling.CoroutineScheduler$Worker.run(CoroutineScheduler.kt:702)
09-17 14:34:05.294 I/StapelHang(31758):   THREAD DefaultDispatcher-worker-11 TIMED_WAITING
09-17 14:34:05.294 I/StapelHang(31758):     at jdk.internal.misc.Unsafe.park(Native Method)
09-17 14:34:05.294 I/StapelHang(31758):     at java.util.concurrent.locks.LockSupport.parkNanos(LockSupport.java:417)
09-17 14:34:05.294 I/StapelHang(31758):     at kotlinx.coroutines.scheduling.CoroutineScheduler$Worker.park(CoroutineScheduler.kt:856)
09-17 14:34:05.294 I/StapelHang(31758):     at kotlinx.coroutines.scheduling.CoroutineScheduler$Worker.tryPark(CoroutineScheduler.kt:801)
09-17 14:34:05.294 I/StapelHang(31758):     at kotlinx.coroutines.scheduling.CoroutineScheduler$Worker.runWorker(CoroutineScheduler.kt:749)
09-17 14:34:05.294 I/StapelHang(31758):     at kotlinx.coroutines.scheduling.CoroutineScheduler$Worker.run(CoroutineScheduler.kt:702)
09-17 14:34:05.294 I/StapelHang(31758):   THREAD MLHandler RUNNABLE
09-17 14:34:05.294 I/StapelHang(31758):     at android.os.MessageQueue.nativePollOnce(Native Method)
09-17 14:34:05.294 I/StapelHang(31758):     at android.os.MessageQueue.nextLegacy(MessageQueue.java:957)
09-17 14:34:05.294 I/StapelHang(31758):     at android.os.MessageQueue.next(MessageQueue.java:1099)
09-17 14:34:05.294 I/StapelHang(31758):     at android.os.Looper.loopOnce(Looper.java:217)
09-17 14:34:05.294 I/StapelHang(31758):     at android.os.Looper.loop(Looper.java:369)
09-17 14:34:05.294 I/StapelHang(31758):     at android.os.HandlerThread.run(HandlerThread.java:85)
09-17 14:34:05.294 I/StapelHang(31758):   THREAD ReferenceQueueDaemon WAITING
09-17 14:34:05.294 I/StapelHang(31758):     at java.lang.Object.wait(Native Method)
09-17 14:34:05.294 I/StapelHang(31758):     at java.lang.Object.wait(Object.java:405)
09-17 14:34:05.294 I/StapelHang(31758):     at java.lang.Object.wait(Object.java:543)
09-17 14:34:05.294 I/StapelHang(31758):     at java.lang.Daemons$ReferenceQueueDaemon.runInternal(Daemons.java:262)
09-17 14:34:05.294 I/StapelHang(31758):     at java.lang.Daemons$Daemon.run(Daemons.java:135)
09-17 14:34:05.294 I/StapelHang(31758):     at java.lang.Thread.run(Thread.java:1572)
09-17 14:34:05.294 I/StapelHang(31758):   THREAD DefaultDispatcher-worker-12 TIMED_WAITING
09-17 14:34:05.294 I/StapelHang(31758):     at jdk.internal.misc.Unsafe.park(Native Method)
09-17 14:34:05.294 I/StapelHang(31758):     at java.util.concurrent.locks.LockSupport.parkNanos(LockSupport.java:417)
09-17 14:34:05.294 I/StapelHang(31758):     at kotlinx.coroutines.scheduling.CoroutineScheduler$Worker.park(CoroutineScheduler.kt:856)
09-17 14:34:05.294 I/StapelHang(31758):     at kotlinx.coroutines.scheduling.CoroutineScheduler$Worker.tryPark(CoroutineScheduler.kt:801)
09-17 14:34:05.294 I/StapelHang(31758):     at kotlinx.coroutines.scheduling.CoroutineScheduler$Worker.runWorker(CoroutineScheduler.kt:749)
09-17 14:34:05.294 I/StapelHang(31758):     at kotlinx.coroutines.scheduling.CoroutineScheduler$Worker.run(CoroutineScheduler.kt:702)
09-17 14:34:05.294 I/StapelHang(31758):   THREAD ProcessStablePhenotypeFlag WAITING
09-17 14:34:05.294 I/StapelHang(31758):     at jdk.internal.misc.Unsafe.park(Native Method)
09-17 14:34:05.294 I/StapelHang(31758):     at java.util.concurrent.locks.LockSupport.park(LockSupport.java:376)
09-17 14:34:05.294 I/StapelHang(31758):     at java.util.concurrent.locks.AbstractQueuedSynchronizer$ConditionNode.block(AbstractQueuedSynchronizer.java:520)
09-17 14:34:05.294 I/StapelHang(31758):     at java.util.concurrent.ForkJoinPool.unmanagedBlock(ForkJoinPool.java:3797)
09-17 14:34:05.294 I/StapelHang(31758):     at java.util.concurrent.ForkJoinPool.managedBlock(ForkJoinPool.java:3738)
09-17 14:34:05.294 I/StapelHang(31758):     at java.util.concurrent.locks.AbstractQueuedSynchronizer$ConditionObject.await(AbstractQueuedSynchronizer.java:1752)
09-17 14:34:05.294 I/StapelHang(31758):     at java.util.concurrent.ScheduledThreadPoolExecutor$DelayedWorkQueue.take(ScheduledThreadPoolExecutor.java:1170)
09-17 14:34:05.294 I/StapelHang(31758):     at java.util.concurrent.ScheduledThreadPoolExecutor$DelayedWorkQueue.take(ScheduledThreadPoolExecutor.java:899)
09-17 14:34:05.294 I/StapelHang(31758):     at java.util.concurrent.ThreadPoolExecutor.getTask(ThreadPoolExecutor.java:1026)
09-17 14:34:05.294 I/StapelHang(31758):     at java.util.concurrent.ThreadPoolExecutor.runWorker(ThreadPoolExecutor.java:1086)
09-17 14:34:05.294 I/StapelHang(31758):     at java.util.concurrent.ThreadPoolExecutor$Worker.run(ThreadPoolExecutor.java:624)
09-17 14:34:05.294 I/StapelHang(31758):     at java.lang.Thread.run(Thread.java:1572)
09-17 14:34:05.294 I/StapelHang(31758):   THREAD CameraX-scheduler RUNNABLE
09-17 14:34:05.294 I/StapelHang(31758):     at android.os.MessageQueue.nativePollOnce(Native Method)
09-17 14:34:05.294 I/StapelHang(31758):     at android.os.MessageQueue.nextLegacy(MessageQueue.java:957)
09-17 14:34:05.294 I/StapelHang(31758):     at android.os.MessageQueue.next(MessageQueue.java:1099)
09-17 14:34:05.294 I/StapelHang(31758):     at android.os.Looper.loopOnce(Looper.java:217)
09-17 14:34:05.294 I/StapelHang(31758):     at android.os.Looper.loop(Looper.java:369)
09-17 14:34:05.294 I/StapelHang(31758):     at android.os.HandlerThread.run(HandlerThread.java:85)
09-17 14:34:05.294 I/StapelHang(31758):   THREAD GoogleApiHandler RUNNABLE
09-17 14:34:05.294 I/StapelHang(31758):     at android.os.MessageQueue.nativePollOnce(Native Method)
09-17 14:34:05.294 I/StapelHang(31758):     at android.os.MessageQueue.nextLegacy(MessageQueue.java:957)
09-17 14:34:05.294 I/StapelHang(31758):     at android.os.MessageQueue.next(MessageQueue.java:1099)
09-17 14:34:05.294 I/StapelHang(31758):     at android.os.Looper.loopOnce(Looper.java:217)
09-17 14:34:05.294 I/StapelHang(31758):     at android.os.Looper.loop(Looper.java:369)
09-17 14:34:05.294 I/StapelHang(31758):     at android.os.HandlerThread.run(HandlerThread.java:85)
09-17 14:34:05.294 I/StapelHang(31758):   THREAD Timer-1 WAITING
09-17 14:34:05.294 I/StapelHang(31758):     at java.lang.Object.wait(Native Method)
09-17 14:34:05.294 I/StapelHang(31758):     at java.lang.Object.wait(Object.java:405)
09-17 14:34:05.294 I/StapelHang(31758):     at java.lang.Object.wait(Object.java:543)
09-17 14:34:05.294 I/StapelHang(31758):     at java.util.TimerThread.mainLoop(Timer.java:562)
09-17 14:34:05.294 I/StapelHang(31758):     at java.util.TimerThread.run(Timer.java:540)
09-17 14:34:05.294 I/StapelHang(31758):   THREAD GoogleApiHandler RUNNABLE
09-17 14:34:05.294 I/StapelHang(31758):     at android.os.MessageQueue.nativePollOnce(Native Method)
09-17 14:34:05.294 I/StapelHang(31758):     at android.os.MessageQueue.nextLegacy(MessageQueue.java:957)
09-17 14:34:05.294 I/StapelHang(31758):     at android.os.MessageQueue.next(MessageQueue.java:1099)
09-17 14:34:05.294 I/StapelHang(31758):     at android.os.Looper.loopOnce(Looper.java:217)
09-17 14:34:05.294 I/StapelHang(31758):     at android.os.Looper.loop(Looper.java:369)
09-17 14:34:05.294 I/StapelHang(31758):     at android.os.HandlerThread.run(HandlerThread.java:85)
09-17 14:34:05.294 I/StapelHang(31758):   THREAD pool-9-thread-4 TIMED_WAITING
09-17 14:34:05.294 I/StapelHang(31758):     at jdk.internal.misc.Unsafe.park(Native Method)
09-17 14:34:05.294 I/StapelHang(31758):     at java.util.concurrent.locks.LockSupport.parkNanos(LockSupport.java:276)
09-17 14:34:05.294 I/StapelHang(31758):     at java.util.concurrent.locks.AbstractQueuedSynchronizer$ConditionObject.awaitNanos(AbstractQueuedSynchronizer.java:1803)
09-17 14:34:05.294 I/StapelHang(31758):     at java.util.concurrent.LinkedBlockingQueue.poll(LinkedBlockingQueue.java:460)
09-17 14:34:05.294 I/StapelHang(31758):     at java.util.concurrent.ThreadPoolExecutor.getTask(ThreadPoolExecutor.java:1025)
09-17 14:34:05.294 I/StapelHang(31758):     at java.util.concurrent.ThreadPoolExecutor.runWorker(ThreadPoolExecutor.java:1086)
09-17 14:34:05.294 I/StapelHang(31758):     at java.util.concurrent.ThreadPoolExecutor$Worker.run(ThreadPoolExecutor.java:624)
09-17 14:34:05.294 I/StapelHang(31758):     at com.google.mlkit.common.sdkinternal.MlKitThreadPool.zzd(com.google.mlkit:common@@18.8.0:2)
09-17 14:34:05.294 I/StapelHang(31758):     at com.google.mlkit.common.sdkinternal.zzi.run(com.google.mlkit:common@@18.8.0:2)
09-17 14:34:05.294 I/StapelHang(31758):     at java.lang.Thread.run(Thread.java:1572)
09-17 14:34:05.294 I/StapelHang(31758):   THREAD ProcessStablePhenotypeFlag WAITING
09-17 14:34:05.294 I/StapelHang(31758):     at jdk.internal.misc.Unsafe.park(Native Method)
09-17 14:34:05.294 I/StapelHang(31758):     at java.util.concurrent.locks.LockSupport.park(LockSupport.java:376)
09-17 14:34:05.294 I/StapelHang(31758):     at java.util.concurrent.locks.AbstractQueuedSynchronizer$ConditionNode.block(AbstractQueuedSynchronizer.java:520)
09-17 14:34:05.294 I/StapelHang(31758):     at java.util.concurrent.ForkJoinPool.unmanagedBlock(ForkJoinPool.java:3797)
09-17 14:34:05.294 I/StapelHang(31758):     at java.util.concurrent.ForkJoinPool.managedBlock(ForkJoinPool.java:3738)
09-17 14:34:05.294 I/StapelHang(31758):     at java.util.concurrent.locks.AbstractQueuedSynchronizer$ConditionObject.await(AbstractQueuedSynchronizer.java:1752)
09-17 14:34:05.294 I/StapelHang(31758):     at java.util.concurrent.ScheduledThreadPoolExecutor$DelayedWorkQueue.take(ScheduledThreadPoolExecutor.java:1170)
09-17 14:34:05.294 I/StapelHang(31758):     at java.util.concurrent.ScheduledThreadPoolExecutor$DelayedWorkQueue.take(ScheduledThreadPoolExecutor.java:899)
09-17 14:34:05.294 I/StapelHang(31758):     at java.util.concurrent.ThreadPoolExecutor.getTask(ThreadPoolExecutor.java:1026)
09-17 14:34:05.294 I/StapelHang(31758):     at java.util.concurrent.ThreadPoolExecutor.runWorker(ThreadPoolExecutor.java:1086)
09-17 14:34:05.294 I/StapelHang(31758):     at java.util.concurrent.ThreadPoolExecutor$Worker.run(ThreadPoolExecutor.java:624)
09-17 14:34:05.294 I/StapelHang(31758):     at java.lang.Thread.run(Thread.java:1572)
09-17 14:34:05.294 I/StapelHang(31758):   THREAD MiuiMonitorThread RUNNABLE
09-17 14:34:05.294 I/StapelHang(31758):     at android.os.MessageQueue.nativePollOnce(Native Method)
09-17 14:34:05.294 I/StapelHang(31758):     at android.os.MessageQueue.nextLegacy(MessageQueue.java:957)
09-17 14:34:05.294 I/StapelHang(31758):     at android.os.MessageQueue.next(MessageQueue.java:1099)
09-17 14:34:05.294 I/StapelHang(31758):     at android.os.Looper.loopOnce(Looper.java:217)
09-17 14:34:05.294 I/StapelHang(31758):     at android.os.Looper.loop(Looper.java:369)
09-17 14:34:05.294 I/StapelHang(31758):     at android.os.HandlerThread.run(HandlerThread.java:85)
09-17 14:34:05.294 I/StapelHang(31758):   THREAD engine.io-client.heartbeat-1 TIMED_WAITING
09-17 14:34:05.294 I/StapelHang(31758):     at jdk.internal.misc.Unsafe.park(Native Method)
09-17 14:34:05.294 I/StapelHang(31758):     at java.util.concurrent.locks.LockSupport.parkNanos(LockSupport.java:276)
09-17 14:34:05.294 I/StapelHang(31758):     at java.util.concurrent.locks.AbstractQueuedSynchronizer$ConditionObject.awaitNanos(AbstractQueuedSynchronizer.java:1803)
09-17 14:34:05.294 I/StapelHang(31758):     at java.util.concurrent.ScheduledThreadPoolExecutor$DelayedWorkQueue.take(ScheduledThreadPoolExecutor.java:1182)
09-17 14:34:05.294 I/StapelHang(31758):     at java.util.concurrent.ScheduledThreadPoolExecutor$DelayedWorkQueue.take(ScheduledThreadPoolExecutor.java:899)
09-17 14:34:05.294 I/StapelHang(31758):     at java.util.concurrent.ThreadPoolExecutor.getTask(ThreadPoolExecutor.java:1026)
09-17 14:34:05.294 I/StapelHang(31758):     at java.util.concurrent.ThreadPoolExecutor.runWorker(ThreadPoolExecutor.java:1086)
09-17 14:34:05.294 I/StapelHang(31758):     at java.util.concurrent.ThreadPoolExecutor$Worker.run(ThreadPoolExecutor.java:624)
09-17 14:34:05.294 I/StapelHang(31758):     at java.lang.Thread.run(Thread.java:1572)
09-17 14:34:05.294 I/StapelHang(31758):   THREAD ConscryptStatsLogWriter WAITING
09-17 14:34:05.294 I/StapelHang(31758):     at jdk.internal.misc.Unsafe.park(Native Method)
09-17 14:34:05.294 I/StapelHang(31758):     at java.util.concurrent.locks.LockSupport.park(LockSupport.java:376)
09-17 14:34:05.294 I/StapelHang(31758):     at java.util.concurrent.locks.AbstractQueuedSynchronizer$ConditionNode.block(AbstractQueuedSynchronizer.java:520)
09-17 14:34:05.294 I/StapelHang(31758):     at java.util.concurrent.ForkJoinPool.unmanagedBlock(ForkJoinPool.java:3797)
09-17 14:34:05.294 I/StapelHang(31758):     at java.util.concurrent.ForkJoinPool.managedBlock(ForkJoinPool.java:3738)
09-17 14:34:05.294 I/StapelHang(31758):     at java.util.concurrent.locks.AbstractQueuedSynchronizer$ConditionObject.await(AbstractQueuedSynchronizer.java:1752)
09-17 14:34:05.294 I/StapelHang(31758):     at java.util.concurrent.LinkedBlockingQueue.take(LinkedBlockingQueue.java:435)
09-17 14:34:05.294 I/StapelHang(31758):     at java.util.concurrent.ThreadPoolExecutor.getTask(ThreadPoolExecutor.java:1026)
09-17 14:34:05.294 I/StapelHang(31758):     at java.util.concurrent.ThreadPoolExecutor.runWorker(ThreadPoolExecutor.java:1086)
09-17 14:34:05.294 I/StapelHang(31758):     at java.util.concurrent.ThreadPoolExecutor$Worker.run(ThreadPoolExecutor.java:624)
09-17 14:34:05.294 I/StapelHang(31758):     at java.lang.Thread.run(Thread.java:1572)
09-17 14:34:05.294 I/StapelHang(31758):   THREAD pool-9-thread-7 TIMED_WAITING
09-17 14:34:05.294 I/StapelHang(31758):     at jdk.internal.misc.Unsafe.park(Native Method)
09-17 14:34:05.294 I/StapelHang(31758):     at java.util.concurrent.locks.LockSupport.parkNanos(LockSupport.java:276)
09-17 14:34:05.294 I/StapelHang(31758):     at java.util.concurrent.locks.AbstractQueuedSynchronizer$ConditionObject.awaitNanos(AbstractQueuedSynchronizer.java:1803)
09-17 14:34:05.294 I/StapelHang(31758):     at java.util.concurrent.LinkedBlockingQueue.poll(LinkedBlockingQueue.java:460)
09-17 14:34:05.294 I/StapelHang(31758):     at java.util.concurrent.ThreadPoolExecutor.getTask(ThreadPoolExecutor.java:1025)
09-17 14:34:05.294 I/StapelHang(31758):     at java.util.concurrent.ThreadPoolExecutor.runWorker(ThreadPoolExecutor.java:1086)
09-17 14:34:05.294 I/StapelHang(31758):     at java.util.concurrent.ThreadPoolExecutor$Worker.run(ThreadPoolExecutor.java:624)
09-17 14:34:05.294 I/StapelHang(31758):     at com.google.mlkit.common.sdkinternal.MlKitThreadPool.zzd(com.google.mlkit:common@@18.8.0:2)
09-17 14:34:05.294 I/StapelHang(31758):     at com.google.mlkit.common.sdkinternal.zzi.run(com.google.mlkit:common@@18.8.0:2)
09-17 14:34:05.294 I/StapelHang(31758):     at java.lang.Thread.run(Thread.java:1572)
09-17 14:34:05.294 I/StapelHang(31758):   THREAD pool-8-thread-1 WAITING
09-17 14:34:05.294 I/StapelHang(31758):     at jdk.internal.misc.Unsafe.park(Native Method)
09-17 14:34:05.294 I/StapelHang(31758):     at java.util.concurrent.locks.LockSupport.park(LockSupport.java:376)
09-17 14:34:05.294 I/StapelHang(31758):     at java.util.concurrent.locks.AbstractQueuedSynchronizer$ConditionNode.block(AbstractQueuedSynchronizer.java:520)
09-17 14:34:05.294 I/StapelHang(31758):     at java.util.concurrent.ForkJoinPool.unmanagedBlock(ForkJoinPool.java:3797)
09-17 14:34:05.294 I/StapelHang(31758):     at java.util.concurrent.ForkJoinPool.managedBlock(ForkJoinPool.java:3738)
09-17 14:34:05.294 I/StapelHang(31758):     at java.util.concurrent.locks.AbstractQueuedSynchronizer$ConditionObject.await(AbstractQueuedSynchronizer.java:1752)
09-17 14:34:05.294 I/StapelHang(31758):     at java.util.concurrent.LinkedBlockingQueue.take(LinkedBlockingQueue.java:435)
09-17 14:34:05.294 I/StapelHang(31758):     at java.util.concurrent.ThreadPoolExecutor.getTask(ThreadPoolExecutor.java:1026)
09-17 14:34:05.294 I/StapelHang(31758):     at java.util.concurrent.ThreadPoolExecutor.runWorker(ThreadPoolExecutor.java:1086)
09-17 14:34:05.294 I/StapelHang(31758):     at java.util.concurrent.ThreadPoolExecutor$Worker.run(ThreadPoolExecutor.java:624)
09-17 14:34:05.294 I/StapelHang(31758):     at java.lang.Thread.run(Thread.java:1572)
09-17 14:34:05.294 I/StapelHang(31758):   THREAD DefaultDispatcher-worker-3 TIMED_WAITING
09-17 14:34:05.294 I/StapelHang(31758):     at jdk.internal.misc.Unsafe.park(Native Method)
09-17 14:34:05.294 I/StapelHang(31758):     at java.util.concurrent.locks.LockSupport.parkNanos(LockSupport.java:417)
09-17 14:34:05.294 I/StapelHang(31758):     at kotlinx.coroutines.scheduling.CoroutineScheduler$Worker.park(CoroutineScheduler.kt:856)
09-17 14:34:05.294 I/StapelHang(31758):     at kotlinx.coroutines.scheduling.CoroutineScheduler$Worker.tryPark(CoroutineScheduler.kt:801)
09-17 14:34:05.294 I/StapelHang(31758):     at kotlinx.coroutines.scheduling.CoroutineScheduler$Worker.runWorker(CoroutineScheduler.kt:749)
09-17 14:34:05.294 I/StapelHang(31758):     at kotlinx.coroutines.scheduling.CoroutineScheduler$Worker.run(CoroutineScheduler.kt:702)
09-17 14:34:05.294 I/StapelHang(31758):   THREAD pool-9-thread-6 TIMED_WAITING
09-17 14:34:05.294 I/StapelHang(31758):     at jdk.internal.misc.Unsafe.park(Native Method)
09-17 14:34:05.294 I/StapelHang(31758):     at java.util.concurrent.locks.LockSupport.parkNanos(LockSupport.java:276)
09-17 14:34:05.294 I/StapelHang(31758):     at java.util.concurrent.locks.AbstractQueuedSynchronizer$ConditionObject.awaitNanos(AbstractQueuedSynchronizer.java:1803)
09-17 14:34:05.294 I/StapelHang(31758):     at java.util.concurrent.LinkedBlockingQueue.poll(LinkedBlockingQueue.java:460)
09-17 14:34:05.294 I/StapelHang(31758):     at java.util.concurrent.ThreadPoolExecutor.getTask(ThreadPoolExecutor.java:1025)
09-17 14:34:05.294 I/StapelHang(31758):     at java.util.concurrent.ThreadPoolExecutor.runWorker(ThreadPoolExecutor.java:1086)
09-17 14:34:05.294 I/StapelHang(31758):     at java.util.concurrent.ThreadPoolExecutor$Worker.run(ThreadPoolExecutor.java:624)
09-17 14:34:05.294 I/StapelHang(31758):     at com.google.mlkit.common.sdkinternal.MlKitThreadPool.zzd(com.google.mlkit:common@@18.8.0:2)
09-17 14:34:05.294 I/StapelHang(31758):     at com.google.mlkit.common.sdkinternal.zzi.run(com.google.mlkit:common@@18.8.0:2)
09-17 14:34:05.294 I/StapelHang(31758):     at java.lang.Thread.run(Thread.java:1572)
09-17 14:34:05.294 I/StapelHang(31758):   THREAD ConscryptStatsLogWriter WAITING
09-17 14:34:05.294 I/StapelHang(31758):     at jdk.internal.misc.Unsafe.park(Native Method)
09-17 14:34:05.294 I/StapelHang(31758):     at java.util.concurrent.locks.LockSupport.park(LockSupport.java:376)
09-17 14:34:05.294 I/StapelHang(31758):     at java.util.concurrent.locks.AbstractQueuedSynchronizer$ConditionNode.block(AbstractQueuedSynchronizer.java:520)
09-17 14:34:05.294 I/StapelHang(31758):     at java.util.concurrent.ForkJoinPool.unmanagedBlock(ForkJoinPool.java:3797)
09-17 14:34:05.294 I/StapelHang(31758):     at java.util.concurrent.ForkJoinPool.managedBlock(ForkJoinPool.java:3738)
09-17 14:34:05.294 I/StapelHang(31758):     at java.util.concurrent.locks.AbstractQueuedSynchronizer$ConditionObject.await(AbstractQueuedSynchronizer.java:1752)
09-17 14:34:05.294 I/StapelHang(31758):     at java.util.concurrent.LinkedBlockingQueue.take(LinkedBlockingQueue.java:435)
09-17 14:34:05.294 I/StapelHang(31758):     at java.util.concurrent.ThreadPoolExecutor.getTask(ThreadPoolExecutor.java:1026)
09-17 14:34:05.294 I/StapelHang(31758):     at java.util.concurrent.ThreadPoolExecutor.runWorker(ThreadPoolExecutor.java:1086)
09-17 14:34:05.294 I/StapelHang(31758):     at java.util.concurrent.ThreadPoolExecutor$Worker.run(ThreadPoolExecutor.java:624)
09-17 14:34:05.294 I/StapelHang(31758):     at java.lang.Thread.run(Thread.java:1572)
09-17 14:34:05.294 I/StapelHang(31758):   THREAD pool-9-thread-1 TIMED_WAITING
09-17 14:34:05.294 I/StapelHang(31758):     at jdk.internal.misc.Unsafe.park(Native Method)
09-17 14:34:05.294 I/StapelHang(31758):     at java.util.concurrent.locks.LockSupport.parkNanos(LockSupport.java:276)
09-17 14:34:05.294 I/StapelHang(31758):     at java.util.concurrent.locks.AbstractQueuedSynchronizer$ConditionObject.awaitNanos(AbstractQueuedSynchronizer.java:1803)
09-17 14:34:05.294 I/StapelHang(31758):     at java.util.concurrent.LinkedBlockingQueue.poll(LinkedBlockingQueue.java:460)
09-17 14:34:05.294 I/StapelHang(31758):     at java.util.concurrent.ThreadPoolExecutor.getTask(ThreadPoolExecutor.java:1025)
09-17 14:34:05.294 I/StapelHang(31758):     at java.util.concurrent.ThreadPoolExecutor.runWorker(ThreadPoolExecutor.java:1086)
09-17 14:34:05.294 I/StapelHang(31758):     at java.util.concurrent.ThreadPoolExecutor$Worker.run(ThreadPoolExecutor.java:624)
09-17 14:34:05.294 I/StapelHang(31758):     at com.google.mlkit.common.sdkinternal.MlKitThreadPool.zzd(com.google.mlkit:common@@18.8.0:2)
09-17 14:34:05.294 I/StapelHang(31758):     at com.google.mlkit.common.sdkinternal.zzi.run(com.google.mlkit:common@@18.8.0:2)
09-17 14:34:05.294 I/StapelHang(31758):     at java.lang.Thread.run(Thread.java:1572)
09-17 14:34:05.294 I/StapelHang(31758):   THREAD queued-work-looper RUNNABLE
09-17 14:34:05.294 I/StapelHang(31758):     at android.os.MessageQueue.nativePollOnce(Native Method)
09-17 14:34:05.294 I/StapelHang(31758):     at android.os.MessageQueue.nextLegacy(MessageQueue.java:957)
09-17 14:34:05.294 I/StapelHang(31758):     at android.os.MessageQueue.next(MessageQueue.java:1099)
09-17 14:34:05.294 I/StapelHang(31758):     at android.os.Looper.loopOnce(Looper.java:217)
09-17 14:34:05.294 I/StapelHang(31758):     at android.os.Looper.loop(Looper.java:369)
09-17 14:34:05.294 I/StapelHang(31758):     at android.os.HandlerThread.run(HandlerThread.java:85)
09-17 14:34:05.294 I/StapelHang(31758):   THREAD DefaultDispatcher-worker-7 TIMED_WAITING
09-17 14:34:05.294 I/StapelHang(31758):     at jdk.internal.misc.Unsafe.park(Native Method)
09-17 14:34:05.294 I/StapelHang(31758):     at java.util.concurrent.locks.LockSupport.parkNanos(LockSupport.java:417)
09-17 14:34:05.294 I/StapelHang(31758):     at kotlinx.coroutines.scheduling.CoroutineScheduler$Worker.park(CoroutineScheduler.kt:856)
09-17 14:34:05.294 I/StapelHang(31758):     at kotlinx.coroutines.scheduling.CoroutineScheduler$Worker.tryPark(CoroutineScheduler.kt:801)
09-17 14:34:05.294 I/StapelHang(31758):     at kotlinx.coroutines.scheduling.CoroutineScheduler$Worker.runWorker(CoroutineScheduler.kt:749)
09-17 14:34:05.294 I/StapelHang(31758):     at kotlinx.coroutines.scheduling.CoroutineScheduler$Worker.run(CoroutineScheduler.kt:702)
09-17 14:34:05.294 I/StapelHang(31758):   THREAD DefaultDispatcher-worker-10 TIMED_WAITING
09-17 14:34:05.294 I/StapelHang(31758):     at jdk.internal.misc.Unsafe.park(Native Method)
09-17 14:34:05.294 I/StapelHang(31758):     at java.util.concurrent.locks.LockSupport.parkNanos(LockSupport.java:417)
09-17 14:34:05.294 I/StapelHang(31758):     at kotlinx.coroutines.scheduling.CoroutineScheduler$Worker.park(CoroutineScheduler.kt:856)
09-17 14:34:05.294 I/StapelHang(31758):     at kotlinx.coroutines.scheduling.CoroutineScheduler$Worker.tryPark(CoroutineScheduler.kt:801)
09-17 14:34:05.294 I/StapelHang(31758):     at kotlinx.coroutines.scheduling.CoroutineScheduler$Worker.runWorker(CoroutineScheduler.kt:749)
09-17 14:34:05.294 I/StapelHang(31758):     at kotlinx.coroutines.scheduling.CoroutineScheduler$Worker.run(CoroutineScheduler.kt:702)
09-17 14:34:05.294 I/StapelHang(31758):   THREAD DefaultDispatcher-worker-6 TIMED_WAITING
09-17 14:34:05.294 I/StapelHang(31758):     at jdk.internal.misc.Unsafe.park(Native Method)
09-17 14:34:05.294 I/StapelHang(31758):     at java.util.concurrent.locks.LockSupport.parkNanos(LockSupport.java:417)
09-17 14:34:05.294 I/StapelHang(31758):     at kotlinx.coroutines.scheduling.CoroutineScheduler$Worker.park(CoroutineScheduler.kt:856)
09-17 14:34:05.294 I/StapelHang(31758):     at kotlinx.coroutines.scheduling.CoroutineScheduler$Worker.tryPark(CoroutineScheduler.kt:801)
09-17 14:34:05.294 I/StapelHang(31758):     at kotlinx.coroutines.scheduling.CoroutineScheduler$Worker.runWorker(CoroutineScheduler.kt:749)
09-17 14:34:05.294 I/StapelHang(31758):     at kotlinx.coroutines.scheduling.CoroutineScheduler$Worker.run(CoroutineScheduler.kt:702)
09-17 14:34:05.294 I/StapelHang(31758):   THREAD MLHandler RUNNABLE
09-17 14:34:05.294 I/StapelHang(31758):     at android.os.MessageQueue.nativePollOnce(Native Method)
09-17 14:34:05.294 I/StapelHang(31758):     at android.os.MessageQueue.nextLegacy(MessageQueue.java:957)
09-17 14:34:05.294 I/StapelHang(31758):     at android.os.MessageQueue.next(MessageQueue.java:1099)
09-17 14:34:05.294 I/StapelHang(31758):     at android.os.Looper.loopOnce(Looper.java:217)
09-17 14:34:05.294 I/StapelHang(31758):     at android.os.Looper.loop(Looper.java:369)
09-17 14:34:05.294 I/StapelHang(31758):     at android.os.HandlerThread.run(HandlerThread.java:85)
09-17 14:34:05.294 I/StapelHang(31758):   THREAD DefaultDispatcher-worker-5 TIMED_WAITING
09-17 14:34:05.294 I/StapelHang(31758):     at jdk.internal.misc.Unsafe.park(Native Method)
09-17 14:34:05.294 I/StapelHang(31758):     at java.util.concurrent.locks.LockSupport.parkNanos(LockSupport.java:417)
09-17 14:34:05.294 I/StapelHang(31758):     at kotlinx.coroutines.scheduling.CoroutineScheduler$Worker.park(CoroutineScheduler.kt:856)
09-17 14:34:05.294 I/StapelHang(31758):     at kotlinx.coroutines.scheduling.CoroutineScheduler$Worker.tryPark(CoroutineScheduler.kt:801)
09-17 14:34:05.294 I/StapelHang(31758):     at kotlinx.coroutines.scheduling.CoroutineScheduler$Worker.runWorker(CoroutineScheduler.kt:749)
09-17 14:34:05.294 I/StapelHang(31758):     at kotlinx.coroutines.scheduling.CoroutineScheduler$Worker.run(CoroutineScheduler.kt:702)
09-17 14:34:05.294 I/StapelHang(31758):   THREAD OkHttp TaskRunner TIMED_WAITING
09-17 14:34:05.294 I/StapelHang(31758):     at jdk.internal.misc.Unsafe.park(Native Method)
09-17 14:34:05.294 I/StapelHang(31758):     at java.util.concurrent.locks.LockSupport.parkNanos(LockSupport.java:417)
09-17 14:34:05.294 I/StapelHang(31758):     at java.util.concurrent.LinkedTransferQueue$DualNode.await(LinkedTransferQueue.java:452)
09-17 14:34:05.294 I/StapelHang(31758):     at java.util.concurrent.SynchronousQueue$Transferer.xferLifo(SynchronousQueue.java:194)
09-17 14:34:05.294 I/StapelHang(31758):     at java.util.concurrent.SynchronousQueue.xfer(SynchronousQueue.java:235)
09-17 14:34:05.294 I/StapelHang(31758):     at java.util.concurrent.SynchronousQueue.poll(SynchronousQueue.java:338)
09-17 14:34:05.294 I/StapelHang(31758):     at java.util.concurrent.ThreadPoolExecutor.getTask(ThreadPoolExecutor.java:1025)
09-17 14:34:05.294 I/StapelHang(31758):     at java.util.concurrent.ThreadPoolExecutor.runWorker(ThreadPoolExecutor.java:1086)
09-17 14:34:05.294 I/StapelHang(31758):     at java.util.concurrent.ThreadPoolExecutor$Worker.run(ThreadPoolExecutor.java:624)
09-17 14:34:05.294 I/StapelHang(31758):     at java.lang.Thread.run(Thread.java:1572)
09-17 14:34:05.294 I/StapelHang(31758):   THREAD DefaultDispatcher-worker-8 TIMED_WAITING
09-17 14:34:05.294 I/StapelHang(31758):     at jdk.internal.misc.Unsafe.park(Native Method)
09-17 14:34:05.294 I/StapelHang(31758):     at java.util.concurrent.locks.LockSupport.parkNanos(LockSupport.java:417)
09-17 14:34:05.294 I/StapelHang(31758):     at kotlinx.coroutines.scheduling.CoroutineScheduler$Worker.park(CoroutineScheduler.kt:856)
09-17 14:34:05.294 I/StapelHang(31758):     at kotlinx.coroutines.scheduling.CoroutineScheduler$Worker.tryPark(CoroutineScheduler.kt:801)
09-17 14:34:05.294 I/StapelHang(31758):     at kotlinx.coroutines.scheduling.CoroutineScheduler$Worker.runWorker(CoroutineScheduler.kt:749)
09-17 14:34:05.294 I/StapelHang(31758):     at kotlinx.coroutines.scheduling.CoroutineScheduler$Worker.run(CoroutineScheduler.kt:702)
09-17 14:34:05.294 I/StapelHang(31758):   THREAD AppCustomScenariorHandler RUNNABLE
09-17 14:34:05.294 I/StapelHang(31758):     at android.os.MessageQueue.nativePollOnce(Native Method)
09-17 14:34:05.294 I/StapelHang(31758):     at android.os.MessageQueue.nextLegacy(MessageQueue.java:957)
09-17 14:34:05.294 I/StapelHang(31758):     at android.os.MessageQueue.next(MessageQueue.java:1099)
09-17 14:34:05.294 I/StapelHang(31758):     at android.os.Looper.loopOnce(Looper.java:217)
09-17 14:34:05.294 I/StapelHang(31758):     at android.os.Looper.loop(Looper.java:369)
09-17 14:34:05.294 I/StapelHang(31758):     at android.os.HandlerThread.run(HandlerThread.java:85)
09-17 14:34:05.294 I/StapelHang(31758):   THREAD OkHttp TaskRunner TIMED_WAITING
09-17 14:34:05.294 I/StapelHang(31758):     at java.lang.Object.wait(Native Method)
09-17 14:34:05.294 I/StapelHang(31758):     at okhttp3.internal.concurrent.TaskRunner$RealBackend.coordinatorWait(TaskRunner.kt:294)
09-17 14:34:05.294 I/StapelHang(31758):     at okhttp3.internal.concurrent.TaskRunner.awaitTaskToRun(TaskRunner.kt:218)
09-17 14:34:05.294 I/StapelHang(31758):     at okhttp3.internal.concurrent.TaskRunner$runnable$1.run(TaskRunner.kt:59)
09-17 14:34:05.294 I/StapelHang(31758):     at java.util.concurrent.ThreadPoolExecutor.runWorker(ThreadPoolExecutor.java:1100)
09-17 14:34:05.294 I/StapelHang(31758):     at java.util.concurrent.ThreadPoolExecutor$Worker.run(ThreadPoolExecutor.java:624)
09-17 14:34:05.294 I/StapelHang(31758):     at java.lang.Thread.run(Thread.java:1572)
09-17 14:34:05.986 I/ScanDecision(31758): stage=erst pc=77044671 code=BLGG-DE053 rarity=Ultra Rare lang=DE composed=false match=MATCHED exact=false frames=0 known=23 light=YELLOW grund='Code unsicher: BLGG-DE053' edition=unknown editionConf=LOW
09-17 14:34:05.991 I/Choreographer(31758): Skipped 60 frames!  The application may be doing too much work on its main thread.
09-17 14:34:06.015 I/StapelDiag(31758): luecke 1041 ms bis t=1789648446015
09-17 14:34:06.344 I/StapelMess(31758): stoss start=1789648446146 dauer=101 spitze=28,0 einwurf=false
09-17 14:34:06.610 I/MlScan  (31758): frame: 1 cards in 292ms top=77044671@0,85
09-17 14:34:07.270 I/MlScan  (31758): frame: 1 cards in 253ms top=77044671@1,00
09-17 14:34:07.867 I/MlScan  (31758): frame: 1 cards in 207ms top=77044671@1,00
09-17 14:34:08.451 I/MlScan  (31758): frame: 1 cards in 209ms top=77044671@1,00
09-17 14:34:09.050 I/MlScan  (31758): frame: 1 cards in 202ms top=77044671@1,00
09-17 14:34:09.653 I/MlScan  (31758): frame: 1 cards in 203ms top=77044671@1,00
09-17 14:34:10.259 I/MlScan  (31758): frame: 1 cards in 215ms top=77044671@1,00
09-17 14:34:10.848 I/MlScan  (31758): frame: 1 cards in 201ms top=77044671@1,00
09-17 14:34:11.453 I/MlScan  (31758): frame: 1 cards in 205ms top=77044671@1,00
09-17 14:34:12.006 I/MlScan  (31758): frame: 1 cards in 199ms top=77044671@1,00
09-17 14:34:12.384 I/MlScan  (31758): frame: 1 cards in 299ms top=77044671@0,82
09-17 14:34:12.472 I/StapelMess(31758): stoss start=1789648451768 dauer=167 spitze=44,8 einwurf=true
09-17 14:34:12.744 I/MlScan  (31758): frame: 1 cards in 297ms top=77044671@0,83
09-17 14:34:13.116 I/StapelScan(31758): einwurf anzahl=1 rearmt=[77044671] t=1789648453116
09-17 14:34:13.117 I/MlScan  (31758): frame: 1 cards in 300ms top=77044671@0,83
09-17 14:34:13.500 I/StapelDiag(31758): ml t=1789648453139 dets=1 77044671@0,82[491,735,914,1155]in
09-17 14:34:13.501 I/MlScan  (31758): confirmed card 77044671 t=1789648453501
09-17 14:34:13.501 I/StapelScan(31758): gebucht 77044671 x1
09-17 14:34:13.518 I/MlScan  (31758): frame: 1 cards in 314ms top=77044671@0,82
09-17 14:34:13.602 I/ScanDecision(31758): stage=erst pc=77044671 code=BLGG-DE053 rarity=Ultra Rare lang=DE composed=false match=MATCHED exact=false frames=0 known=23 light=YELLOW grund='Code unsicher: BLGG-DE053' edition=unknown editionConf=LOW
09-17 14:34:13.990 I/MlScan  (31758): frame: 1 cards in 323ms top=77044671@0,82
09-17 14:34:14.382 I/MlScan  (31758): frame: 1 cards in 342ms top=77044671@0,82
09-17 14:34:14.750 I/MlScan  (31758): frame: 1 cards in 301ms top=77044671@0,82
09-17 14:34:15.127 I/MlScan  (31758): frame: 1 cards in 311ms top=77044671@0,82
09-17 14:34:15.492 I/MlScan  (31758): frame: 1 cards in 309ms top=77044671@0,81
09-17 14:34:15.866 I/MlScan  (31758): frame: 1 cards in 313ms top=77044671@0,83
09-17 14:34:16.209 I/MlScan  (31758): frame: 1 cards in 296ms top=77044671@0,82
09-17 14:34:16.599 I/MlScan  (31758): frame: 1 cards in 312ms top=77044671@0,83
09-17 14:34:16.948 I/MlScan  (31758): frame: 1 cards in 298ms top=77044671@0,81
09-17 14:34:17.315 I/MlScan  (31758): frame: 1 cards in 300ms top=77044671@0,82
09-17 14:34:17.673 I/MlScan  (31758): frame: 1 cards in 295ms top=77044671@0,82
09-17 14:34:18.047 I/MlScan  (31758): frame: 1 cards in 298ms top=77044671@0,82
09-17 14:34:18.418 I/MlScan  (31758): frame: 1 cards in 305ms top=77044671@0,82
09-17 14:34:18.761 I/MlScan  (31758): frame: 1 cards in 289ms top=77044671@0,82
09-17 14:34:19.104 I/MlScan  (31758): frame: 1 cards in 294ms top=77044671@0,82
09-17 14:34:19.484 I/MlScan  (31758): frame: 1 cards in 304ms top=77044671@0,82
09-17 14:34:19.838 I/MlScan  (31758): frame: 1 cards in 292ms top=77044671@0,82
09-17 14:34:20.227 I/MlScan  (31758): frame: 1 cards in 304ms top=77044671@0,82
09-17 14:34:20.600 I/MlScan  (31758): frame: 1 cards in 320ms top=77044671@0,82
09-17 14:34:20.984 I/MlScan  (31758): frame: 1 cards in 289ms top=77044671@0,82
09-17 14:34:21.341 I/MlScan  (31758): frame: 1 cards in 298ms top=77044671@0,82
09-17 14:34:21.719 I/MlScan  (31758): frame: 1 cards in 295ms top=77044671@0,82
09-17 14:34:22.069 I/MlScan  (31758): frame: 1 cards in 294ms top=77044671@0,81
09-17 14:34:22.448 I/MlScan  (31758): frame: 1 cards in 299ms top=77044671@0,82
09-17 14:34:22.798 I/MlScan  (31758): frame: 1 cards in 289ms top=77044671@0,82
09-17 14:34:23.155 I/MlScan  (31758): frame: 1 cards in 282ms top=77044671@0,82
09-17 14:34:23.496 I/MlScan  (31758): frame: 1 cards in 288ms top=77044671@0,83
09-17 14:34:23.892 I/MlScan  (31758): frame: 1 cards in 312ms top=77044671@0,83
09-17 14:34:24.238 I/MlScan  (31758): frame: 1 cards in 295ms top=77044671@0,82
09-17 14:34:24.617 I/MlScan  (31758): frame: 1 cards in 301ms top=77044671@0,82
09-17 14:34:25.011 I/MlScan  (31758): frame: 1 cards in 335ms top=77044671@0,82
09-17 14:34:25.301 I/MlScan  (31758): frame: 1 cards in 230ms top=77044671@1,00
09-17 14:34:25.677 I/MlScan  (31758): frame: 1 cards in 298ms top=77044671@0,82
09-17 14:34:26.196 I/MlScan  (31758): frame: 1 cards in 290ms top=77044671@0,82
09-17 14:34:26.739 I/MlScan  (31758): frame: 1 cards in 294ms top=77044671@0,82
09-17 14:34:27.050 I/MlScan  (31758): frame: 1 cards in 241ms top=77044671@1,00
09-17 14:34:27.583 I/MlScan  (31758): frame: 1 cards in 298ms top=77044671@0,82
09-17 14:34:27.946 I/MlScan  (31758): frame: 1 cards in 299ms top=77044671@0,82
09-17 14:34:28.293 I/MlScan  (31758): frame: 1 cards in 290ms top=77044671@0,82
09-17 14:34:28.642 I/MlScan  (31758): frame: 1 cards in 297ms top=77044671@0,82
09-17 14:34:29.014 I/MlScan  (31758): frame: 1 cards in 299ms top=77044671@0,82
09-17 14:34:29.362 I/MlScan  (31758): frame: 1 cards in 292ms top=77044671@0,82
09-17 14:34:29.735 I/MlScan  (31758): frame: 1 cards in 296ms top=77044671@0,82
09-17 14:34:30.109 I/MlScan  (31758): frame: 1 cards in 295ms top=77044671@0,82
09-17 14:34:30.487 I/MlScan  (31758): frame: 1 cards in 311ms top=77044671@0,82
09-17 14:34:30.833 I/MlScan  (31758): frame: 1 cards in 291ms top=77044671@0,82
09-17 14:34:31.205 I/MlScan  (31758): frame: 1 cards in 293ms top=77044671@0,82
09-17 14:34:31.578 I/MlScan  (31758): frame: 1 cards in 299ms top=77044671@0,81
09-17 14:34:31.933 I/MlScan  (31758): frame: 1 cards in 290ms top=77044671@0,82
09-17 14:34:32.291 I/MlScan  (31758): frame: 1 cards in 285ms top=77044671@0,82
09-17 14:34:32.659 I/MlScan  (31758): frame: 1 cards in 293ms top=77044671@0,82
09-17 14:34:33.034 I/MlScan  (31758): frame: 1 cards in 300ms top=77044671@0,82
09-17 14:34:33.397 I/MlScan  (31758): frame: 1 cards in 289ms top=77044671@0,82
09-17 14:34:33.767 I/MlScan  (31758): frame: 1 cards in 296ms top=77044671@0,82
09-17 14:34:34.131 I/MlScan  (31758): frame: 1 cards in 297ms top=77044671@0,83
09-17 14:34:34.483 I/MlScan  (31758): frame: 1 cards in 285ms top=77044671@0,82
09-17 14:34:34.820 I/MlScan  (31758): frame: 1 cards in 285ms top=77044671@0,82
09-17 14:34:35.193 I/MlScan  (31758): frame: 1 cards in 289ms top=77044671@0,82
09-17 14:34:35.515 I/MlScan  (31758): frame: 1 cards in 236ms top=77044671@1,00
09-17 14:34:35.887 I/MlScan  (31758): frame: 1 cards in 319ms top=77044671@0,82
09-17 14:34:36.236 I/MlScan  (31758): frame: 1 cards in 303ms top=77044671@0,82
09-17 14:34:36.594 I/MlScan  (31758): frame: 1 cards in 298ms top=77044671@0,82
09-17 14:34:36.950 I/MlScan  (31758): frame: 1 cards in 289ms top=77044671@0,82
09-17 14:34:37.476 I/MlScan  (31758): frame: 1 cards in 302ms top=77044671@0,82
09-17 14:34:37.857 I/MlScan  (31758): frame: 1 cards in 312ms top=77044671@0,83
09-17 14:34:38.230 I/MlScan  (31758): frame: 1 cards in 296ms top=77044671@0,82
09-17 14:34:38.592 I/MlScan  (31758): frame: 1 cards in 295ms top=77044671@0,82
09-17 14:34:39.131 I/MlScan  (31758): frame: 1 cards in 300ms top=77044671@0,82
09-17 14:34:39.499 I/MlScan  (31758): frame: 1 cards in 299ms top=77044671@0,83
09-17 14:34:39.876 I/MlScan  (31758): frame: 1 cards in 299ms top=77044671@0,82
09-17 14:34:40.232 I/MlScan  (31758): frame: 1 cards in 299ms top=77044671@0,82
09-17 14:34:40.596 I/MlScan  (31758): frame: 1 cards in 300ms top=77044671@0,82
09-17 14:34:41.164 I/MlScan  (31758): frame: 1 cards in 319ms top=77044671@0,82
09-17 14:34:41.589 I/MlScan  (31758): frame: 1 cards in 353ms top=77044671@0,81
09-17 14:34:41.997 I/MlScan  (31758): frame: 1 cards in 327ms top=77044671@0,82
09-17 14:34:42.400 I/MlScan  (31758): frame: 1 cards in 329ms top=77044671@0,82
09-17 14:34:42.800 I/MlScan  (31758): frame: 1 cards in 337ms top=77044671@0,83
09-17 14:34:43.210 I/MlScan  (31758): frame: 1 cards in 340ms top=77044671@0,82
09-17 14:34:43.609 I/MlScan  (31758): frame: 1 cards in 339ms top=77044671@0,82
09-17 14:34:44.018 I/MlScan  (31758): frame: 1 cards in 340ms top=77044671@0,82
09-17 14:34:44.563 I/MlScan  (31758): frame: 1 cards in 465ms top=77044671@0,83
09-17 14:34:45.027 I/MlScan  (31758): frame: 1 cards in 395ms top=77044671@0,81
09-17 14:34:45.441 I/MlScan  (31758): frame: 1 cards in 343ms top=77044671@0,82
09-17 14:34:45.848 I/MlScan  (31758): frame: 1 cards in 347ms top=77044671@0,82
09-17 14:34:46.251 I/MlScan  (31758): frame: 1 cards in 335ms top=77044671@0,82
09-17 14:34:46.612 I/MlScan  (31758): frame: 1 cards in 276ms top=77044671@1,00
09-17 14:34:46.981 I/MlScan  (31758): frame: 1 cards in 314ms top=77044671@0,82
09-17 14:34:47.415 I/MlScan  (31758): frame: 1 cards in 341ms top=77044671@0,82
09-17 14:34:47.842 I/MlScan  (31758): frame: 1 cards in 337ms top=77044671@0,83
09-17 14:34:48.399 I/MlScan  (31758): frame: 1 cards in 332ms top=77044671@0,82
09-17 14:34:48.795 I/MlScan  (31758): frame: 1 cards in 329ms top=77044671@0,82
09-17 14:34:49.184 I/MlScan  (31758): frame: 1 cards in 321ms top=77044671@0,82
09-17 14:34:49.580 I/MlScan  (31758): frame: 1 cards in 322ms top=77044671@0,82
09-17 14:34:50.003 I/MlScan  (31758): frame: 1 cards in 329ms top=77044671@0,82
09-17 14:34:50.393 I/MlScan  (31758): frame: 1 cards in 329ms top=77044671@0,82
09-17 14:34:50.806 I/MlScan  (31758): frame: 1 cards in 334ms top=77044671@0,82
09-17 14:34:51.186 I/MlScan  (31758): frame: 1 cards in 329ms top=77044671@0,82
09-17 14:34:51.584 I/MlScan  (31758): frame: 1 cards in 321ms top=77044671@0,82
09-17 14:34:52.009 I/MlScan  (31758): frame: 1 cards in 340ms top=77044671@0,82
09-17 14:34:52.380 I/MlScan  (31758): frame: 1 cards in 319ms top=77044671@0,82
09-17 14:34:52.771 I/MlScan  (31758): frame: 1 cards in 333ms top=77044671@0,82
09-17 14:34:53.170 I/MlScan  (31758): frame: 1 cards in 330ms top=77044671@0,82
09-17 14:34:53.562 I/MlScan  (31758): frame: 1 cards in 334ms top=77044671@0,82
09-17 14:34:54.161 I/MlScan  (31758): frame: 1 cards in 368ms top=77044671@0,82
09-17 14:34:54.573 I/MlScan  (31758): frame: 1 cards in 338ms top=77044671@0,82
09-17 14:34:55.125 I/MlScan  (31758): frame: 1 cards in 326ms top=77044671@0,82
09-17 14:34:55.537 I/MlScan  (31758): frame: 1 cards in 324ms top=77044671@0,82
09-17 14:34:55.943 I/MlScan  (31758): frame: 1 cards in 353ms top=77044671@0,83
09-17 14:34:56.325 I/MlScan  (31758): frame: 1 cards in 322ms top=77044671@0,82
09-17 14:34:56.733 I/MlScan  (31758): frame: 1 cards in 339ms top=77044671@0,82
09-17 14:34:57.122 I/MlScan  (31758): frame: 1 cards in 332ms top=77044671@0,83
09-17 14:34:57.532 I/MlScan  (31758): frame: 1 cards in 340ms top=77044671@0,83
09-17 14:34:57.916 I/MlScan  (31758): frame: 1 cards in 323ms top=77044671@0,82
09-17 14:34:58.329 I/MlScan  (31758): frame: 1 cards in 338ms top=77044671@0,83
09-17 14:34:58.737 I/MlScan  (31758): frame: 1 cards in 344ms top=77044671@0,82
09-17 14:34:59.146 I/MlScan  (31758): frame: 1 cards in 355ms top=77044671@0,82
09-17 14:34:59.560 I/MlScan  (31758): frame: 1 cards in 333ms top=77044671@0,82
09-17 14:34:59.952 I/MlScan  (31758): frame: 1 cards in 329ms top=77044671@0,82
09-17 14:35:00.354 I/MlScan  (31758): frame: 1 cards in 331ms top=77044671@0,82
09-17 14:35:00.774 I/MlScan  (31758): frame: 1 cards in 348ms top=77044671@0,83
09-17 14:35:01.178 I/MlScan  (31758): frame: 1 cards in 321ms top=77044671@0,82
09-17 14:35:01.618 I/MlScan  (31758): frame: 1 cards in 346ms top=77044671@0,83
09-17 14:35:02.027 I/MlScan  (31758): frame: 1 cards in 334ms top=77044671@0,83
09-17 14:35:02.452 I/MlScan  (31758): frame: 1 cards in 348ms top=77044671@0,82
09-17 14:35:02.853 I/MlScan  (31758): frame: 1 cards in 329ms top=77044671@0,82
09-17 14:35:03.241 I/MlScan  (31758): frame: 1 cards in 327ms top=77044671@0,82
09-17 14:35:03.666 I/MlScan  (31758): frame: 1 cards in 336ms top=77044671@0,82
09-17 14:35:04.054 I/MlScan  (31758): frame: 1 cards in 337ms top=77044671@0,82
09-17 14:35:04.463 I/MlScan  (31758): frame: 1 cards in 324ms top=77044671@0,82
09-17 14:35:04.838 I/MlScan  (31758): frame: 1 cards in 320ms top=77044671@0,82
09-17 14:35:05.234 I/MlScan  (31758): frame: 1 cards in 311ms top=77044671@0,82
09-17 14:35:05.626 I/MlScan  (31758): frame: 1 cards in 343ms top=77044671@0,83
09-17 14:35:06.002 I/MlScan  (31758): frame: 1 cards in 318ms top=77044671@0,82
09-17 14:35:06.406 I/MlScan  (31758): frame: 1 cards in 316ms top=77044671@0,81
09-17 14:35:06.799 I/MlScan  (31758): frame: 1 cards in 324ms top=77044671@0,82
09-17 14:35:07.196 I/MlScan  (31758): frame: 1 cards in 345ms top=77044671@0,82
09-17 14:35:07.583 I/MlScan  (31758): frame: 1 cards in 330ms top=77044671@0,82
09-17 14:35:07.997 I/MlScan  (31758): frame: 1 cards in 343ms top=77044671@0,83
09-17 14:35:08.372 I/MlScan  (31758): frame: 1 cards in 314ms top=77044671@0,82
09-17 14:35:08.789 I/MlScan  (31758): frame: 1 cards in 325ms top=77044671@0,82
09-17 14:35:09.341 I/MlScan  (31758): frame: 1 cards in 325ms top=77044671@0,83
09-17 14:35:09.744 I/MlScan  (31758): frame: 1 cards in 323ms top=77044671@0,82
09-17 14:35:10.333 I/MlScan  (31758): frame: 1 cards in 360ms top=77044671@0,83
09-17 14:35:10.739 I/MlScan  (31758): frame: 1 cards in 314ms top=77044671@0,82
09-17 14:35:11.146 I/MlScan  (31758): frame: 1 cards in 330ms top=77044671@0,82
09-17 14:35:11.546 I/MlScan  (31758): frame: 1 cards in 330ms top=77044671@0,82
09-17 14:35:11.931 I/MlScan  (31758): frame: 1 cards in 312ms top=77044671@0,82
09-17 14:35:12.509 I/MlScan  (31758): frame: 1 cards in 327ms top=77044671@0,82
09-17 14:35:12.928 I/MlScan  (31758): frame: 1 cards in 339ms top=77044671@0,83
09-17 14:35:13.312 I/MlScan  (31758): frame: 1 cards in 327ms top=77044671@0,82
09-17 14:35:13.697 I/MlScan  (31758): frame: 1 cards in 314ms top=77044671@0,82
09-17 14:35:14.072 I/MlScan  (31758): frame: 1 cards in 322ms top=77044671@0,83
09-17 14:35:14.493 I/MlScan  (31758): frame: 1 cards in 340ms top=77044671@0,82
09-17 14:35:14.915 I/MlScan  (31758): frame: 1 cards in 360ms top=77044671@0,82
09-17 14:35:15.293 I/MlScan  (31758): frame: 1 cards in 305ms top=77044671@0,82
09-17 14:35:15.655 I/MlScan  (31758): frame: 1 cards in 312ms top=77044671@0,82
09-17 14:35:16.228 I/MlScan  (31758): frame: 1 cards in 340ms top=77044671@0,82
09-17 14:35:16.608 I/MlScan  (31758): frame: 1 cards in 323ms top=77044671@0,82
09-17 14:35:17.007 I/MlScan  (31758): frame: 1 cards in 325ms top=77044671@0,82
09-17 14:35:17.409 I/MlScan  (31758): frame: 1 cards in 323ms top=77044671@0,82
09-17 14:35:17.799 I/MlScan  (31758): frame: 1 cards in 315ms top=77044671@0,82
09-17 14:35:18.214 I/MlScan  (31758): frame: 1 cards in 335ms top=77044671@0,82
09-17 14:35:18.607 I/MlScan  (31758): frame: 1 cards in 330ms top=77044671@0,82
09-17 14:35:18.999 I/MlScan  (31758): frame: 1 cards in 321ms top=77044671@0,82
09-17 14:35:19.412 I/MlScan  (31758): frame: 1 cards in 325ms top=77044671@0,83
09-17 14:35:19.736 I/MlScan  (31758): frame: 1 cards in 259ms top=77044671@1,00
09-17 14:35:20.149 I/MlScan  (31758): frame: 1 cards in 334ms top=77044671@0,83
09-17 14:35:20.528 I/MlScan  (31758): frame: 1 cards in 323ms top=77044671@0,82
09-17 14:35:20.905 I/MlScan  (31758): frame: 1 cards in 323ms top=77044671@0,82
09-17 14:35:21.305 I/MlScan  (31758): frame: 1 cards in 322ms top=77044671@0,82
09-17 14:35:21.709 I/MlScan  (31758): frame: 1 cards in 327ms top=77044671@0,82
09-17 14:35:22.113 I/MlScan  (31758): frame: 1 cards in 336ms top=77044671@0,82
09-17 14:35:22.517 I/MlScan  (31758): frame: 1 cards in 331ms top=77044671@0,83
09-17 14:35:22.922 I/MlScan  (31758): frame: 1 cards in 348ms top=77044671@0,82
09-17 14:35:23.337 I/MlScan  (31758): frame: 1 cards in 335ms top=77044671@0,83
09-17 14:35:23.729 I/MlScan  (31758): frame: 1 cards in 320ms top=77044671@0,83
09-17 14:35:24.137 I/MlScan  (31758): frame: 1 cards in 320ms top=77044671@0,82
09-17 14:35:24.545 I/MlScan  (31758): frame: 1 cards in 335ms top=77044671@0,82
09-17 14:35:24.950 I/MlScan  (31758): frame: 1 cards in 322ms top=77044671@0,83
