file,passcode,set_code,edition,layout,source
70405001/ebay_1000.jpg,70405001,,first,STANDARD,ebay
38033121/ebay_1001.jpg,38033121,LCYW-DE022,first,STANDARD,ebay
33166263/ebay_1004.jpg,33166263,,first,STANDARD,ebay
82344137/ebay_1005.jpg,82344137,,first,STANDARD,ebay
22912101/ebay_1006.jpg,22912101,,first,STANDARD,ebay
58916810/ebay_1007.jpg,58916810,CORI-DE012,first,STANDARD,ebay
98684220/ebay_1008.jpg,98684220,,first,STANDARD,ebay
44001993/ebay_1009.jpg,44001993,,first,STANDARD,ebay
14532163/ebay_1010.jpg,14532163,,first,SPELL_TRAP,ebay
07894706/ebay_1011.jpg,07894706,CORI-DE029,first,STANDARD,ebay
57294268/ebay_1012.jpg,57294268,,first,STANDARD,ebay
26268488/ebay_1013.jpg,26268488,,first,STANDARD,ebay
89604813/ebay_1015.jpg,89604813,SDWD-DE043,unlimited,STANDARD,ebay
98476659/ebay_1016.jpg,98476659,,first,SPELL_TRAP,ebay
89631139/ebay_1019.jpg,89631139,CT14-DE002,limited,STANDARD,ebay
85059922/ebay_1020.jpg,85059922,,first,STANDARD,ebay
61441708/ebay_1022.jpg,61441708,,limited,STANDARD,ebay
65403020/ebay_1023.jpg,65403020,,first,STANDARD,ebay
33396948/ebay_1024.jpg,33396948,,first,STANDARD,ebay
44508094/ebay_1025.jpg,44508094,,first,STANDARD,ebay
84636823/ebay_1027.jpg,84636823,,first,STANDARD,ebay
77585513/ebay_1029.jpg,77585513,,first,STANDARD,ebay
73819701/ebay_1030.jpg,73819701,,first,STANDARD,ebay
00613496/ebay_1032.jpg,00613496,,first,SPELL_TRAP,ebay
38033121/ebay_1033.jpg,38033121,,first,STANDARD,ebay
43228023/ebay_1035.jpg,43228023,,limited,STANDARD,ebay
31699677/ebay_1036.jpg,31699677,,first,STANDARD,ebay
29071332/ebay_1038.jpg,29071332,,unlimited,STANDARD,ebay
38033121/ebay_1039.jpg,38033121,,,STANDARD,ebay
65192027/ebay_1040.jpg,65192027,,first,STANDARD,ebay
25366484/ebay_1044.jpg,25366484,,first,STANDARD,ebay
58604027/ebay_1045.jpg,58604027,,first,STANDARD,ebay
22110647/ebay_1046.jpg,22110647,,first,STANDARD,ebay
38033121/ebay_1047.jpg,38033121,,first,STANDARD,ebay
07614732/ebay_1048.jpg,07614732,,first,SPELL_TRAP,ebay
90788081/ebay_1049.jpg,90788081,,limited,STANDARD,ebay
05008836/ebay_1050.jpg,05008836,,limited,STANDARD,ebay
12580477/ebay_1051.jpg,12580477,,first,SPELL_TRAP,ebay
40139997/ebay_1052.jpg,40139997,,first,STANDARD,ebay
71218746/ebay_1053.jpg,71218746,,first,STANDARD,ebay
73082255/ebay_1054.jpg,73082255,,first,STANDARD,ebay
50954680/ebay_1055.jpg,50954680,,first,STANDARD,ebay
99267150/ebay_1057.jpg,99267150,,first,STANDARD,ebay
19153590/ebay_1058.jpg,19153590,,first,STANDARD,ebay
77585513/ebay_1060.jpg,77585513,,unlimited,STANDARD,ebay
83764718/ebay_1061.jpg,83764718,,limited,,ebay
89631139/ebay_1062.jpg,89631139,,limited,STANDARD,ebay
53129443/ebay_1063.jpg,53129443,BLMR-DE086,first,SPELL_TRAP,ebay
09012916/ebay_1064.jpg,09012916,,first,STANDARD,ebay
30860696/ebay_1065.jpg,30860696,,limited,STANDARD,ebay
38033121/ebay_1066.jpg,38033121,MP24-DE009,first,STANDARD,ebay
40737112/ebay_1067.jpg,40737112,,first,STANDARD,ebay
67768675/ebay_1068.jpg,67768675,,first,STANDARD,ebay
90829280/ebay_1070.jpg,90829280,,first,STANDARD,ebay
50725996/ebay_1072.jpg,50725996,,,STANDARD,ebay
38192988/ebay_1073.jpg,38192988,MP23-DE083,first,STANDARD,ebay
48179391/ebay_1077.jpg,48179391,,first,SPELL_TRAP,ebay
83764718/ebay_1078.jpg,83764718,,unlimited,,ebay
77585513/ebay_1079.jpg,77585513,,first,STANDARD,ebay
89631139/ebay_1080.jpg,89631139,MP22-DE266,first,STANDARD,ebay
81418467/ebay_1082.jpg,81418467,,first,STANDARD,ebay
07572887/ebay_1083.jpg,07572887,,first,STANDARD,ebay
70781052/ebay_1084.jpg,70781052,RA03-DE086,first,STANDARD,ebay
58153103/ebay_1085.jpg,58153103,,first,STANDARD,ebay
70781052/ebay_1089.jpg,70781052,,first,STANDARD,ebay
74677422/ebay_1090.jpg,74677422,,first,STANDARD,ebay
89631139/ebay_1092.jpg,89631139,BLMM-DE001,first,STANDARD,ebay
71587526/ebay_1095.jpg,71587526,,first,SPELL_TRAP,ebay
01225009/ebay_1096.jpg,01225009,,first,STANDARD,ebay
27657173/ebay_1097.jpg,27657173,,first,STANDARD,ebay
53839837/ebay_1100.jpg,53839837,,first,STANDARD,ebay
06853254/ebay_1101.jpg,06853254,,first,SPELL_TRAP,ebay
46986414/ebay_1103.jpg,46986414,CT14-DE001,limited,STANDARD,ebay
03078380/ebay_1104.jpg,03078380,,first,STANDARD,ebay
81418467/ebay_1106.jpg,81418467,,first,STANDARD,ebay
07093411/ebay_1107.jpg,07093411,SGX1-ENF08,first,STANDARD,ebay
14558127/ebay_1108.jpg,14558127,RA04-DE025,first,STANDARD,ebay
14558127/ebay_1109.jpg,14558127,,first,STANDARD,ebay
09433350/ebay_1111.jpg,09433350,,first,STANDARD,ebay
69610924/ebay_1112.jpg,69610924,,limited,STANDARD,ebay
06498706/ebay_1113.jpg,06498706,,first,SPELL_TRAP,ebay
03643300/ebay_1114.jpg,03643300,SBC1-DEC01,first,STANDARD,ebay
31699677/ebay_1116.jpg,31699677,,first,STANDARD,ebay
82301904/ebay_1117.jpg,82301904,,unlimited,STANDARD,ebay
46294982/ebay_1118.jpg,46294982,,first,STANDARD,ebay
89252157/ebay_1119.jpg,89252157,PGL2-DE003,first,STANDARD,ebay
53183600/ebay_1120.jpg,53183600,,unlimited,STANDARD,ebay
78371393/ebay_1121.jpg,78371393,,first,STANDARD,ebay
43228023/ebay_1124.jpg,43228023,,limited,STANDARD,ebay
18144506/ebay_1125.jpg,18144506,,unlimited,,ebay
38033121/ebay_1126.jpg,38033121,,first,STANDARD,ebay
62873545/ebay_1128.jpg,62873545,,first,STANDARD,ebay
70781052/ebay_1129.jpg,70781052,SBC1-DEI01,first,STANDARD,ebay
64697431/ebay_1134.jpg,64697431,,first,SPELL_TRAP,ebay
89631139/ebay_1135.jpg,89631139,,limited,STANDARD,ebay
79575620/ebay_1136.jpg,79575620,,unlimited,STANDARD,ebay
57314798/ebay_1137.jpg,57314798,,first,STANDARD,ebay
00102380/ebay_1139.jpg,00102380,,first,STANDARD,ebay
43175858/ebay_1140.jpg,43175858,,first,SPELL_TRAP,ebay
38033121/ebay_1141.jpg,38033121,,unlimited,STANDARD,ebay
88240808/ebay_1142.jpg,88240808,,first,STANDARD,ebay
91215724/ebay_1144.jpg,91215724,,first,STANDARD,ebay
58604027/ebay_1145.jpg,58604027,,first,STANDARD,ebay
73580471/ebay_1147.jpg,73580471,,first,STANDARD,ebay
27572350/ebay_1148.jpg,27572350,,first,STANDARD,ebay
89943723/ebay_1149.jpg,89943723,,limited,STANDARD,ebay
44001993/ebay_1150.jpg,44001993,,first,STANDARD,ebay
61204971/ebay_1151.jpg,61204971,,first,STANDARD,ebay
32491822/ebay_1153.jpg,32491822,CT03-DE006,limited,STANDARD,ebay
89943723/ebay_1154.jpg,89943723,,limited,STANDARD,ebay
65192027/ebay_1155.jpg,65192027,,first,STANDARD,ebay
44763025/ebay_1156.jpg,44763025,,first,SPELL_TRAP,ebay
89631139/ebay_1158.jpg,89631139,MVP1-DES55,first,STANDARD,ebay
25862681/ebay_1159.jpg,25862681,,limited,STANDARD,ebay
78193831/ebay_1160.jpg,78193831,,first,STANDARD,ebay
09287078/ebay_1161.jpg,09287078,,limited,SPELL_TRAP,ebay
22110647/ebay_1163.jpg,22110647,,first,STANDARD,ebay
66788016/ebay_1164.jpg,66788016,,first,SPELL_TRAP,ebay
59400890/ebay_1166.jpg,59400890,,first,STANDARD,ebay
07894706/ebay_1167.jpg,07894706,CORI-DE029,first,STANDARD,ebay
08124921/ebay_1168.jpg,08124921,,first,STANDARD,ebay
35809262/ebay_1169.jpg,35809262,,first,STANDARD,ebay
13482075/ebay_1170.jpg,13482075,,first,STANDARD,ebay
12266229/ebay_1171.jpg,12266229,,first,STANDARD,ebay
99365553/ebay_1172.jpg,99365553,,first,STANDARD,ebay
75190122/ebay_1173.jpg,75190122,,first,SPELL_TRAP,ebay
59750328/ebay_1175.jpg,59750328,,unlimited,SPELL_TRAP,ebay
31849106/ebay_1176.jpg,31849106,,first,SPELL_TRAP,ebay
23995346/ebay_1177.jpg,23995346,,limited,STANDARD,ebay
75892194/ebay_1178.jpg,75892194,,first,STANDARD,ebay
85059922/ebay_1179.jpg,85059922,,first,STANDARD,ebay
09012916/ebay_1180.jpg,09012916,,limited,STANDARD,ebay
56343672/ebay_1181.jpg,56343672,,first,STANDARD,ebay
60303688/ebay_1182.jpg,60303688,,first,STANDARD,ebay
79856792/ebay_1183.jpg,79856792,,first,STANDARD,ebay
74677422/ebay_1184.jpg,74677422,,first,STANDARD,ebay
45014450/ebay_1185.jpg,45014450,,first,PENDULUM,ebay
90726340/ebay_1189.jpg,90726340,BLGG-DE097,first,STANDARD,ebay
82404868/ebay_1190.jpg,82404868,,first,SPELL_TRAP,ebay
14898066/ebay_1191.jpg,14898066,,first,STANDARD,ebay
89631139/ebay_1192.jpg,89631139,,unlimited,STANDARD,ebay
17947697/ebay_1193.jpg,17947697,SDWD-DE041,unlimited,STANDARD,ebay
24094653/ebay_1198.jpg,24094653,,first,SPELL_TRAP,ebay
29948294/ebay_1201.jpg,29948294,,first,SPELL_TRAP,ebay
39402797/ebay_1202.jpg,39402797,,first,STANDARD,ebay
32909498/ebay_1205.jpg,32909498,RA05-DE024,first,STANDARD,ebay
48948935/ebay_1206.jpg,48948935,,first,STANDARD,ebay
54475145/ebay_1207.jpg,54475145,,,STANDARD,ebay
86188410/ebay_1208.jpg,86188410,,first,STANDARD,ebay
86682165/ebay_1209.jpg,86682165,,first,STANDARD,ebay
36996508/ebay_1211.jpg,36996508,,first,,ebay
44508094/ebay_1215.jpg,44508094,AC11-DE024,limited,STANDARD,ebay
79613121/ebay_1216.jpg,79613121,,limited,STANDARD,ebay
75878039/ebay_1217.jpg,75878039,,first,STANDARD,ebay
53347303/ebay_1218.jpg,53347303,,first,STANDARD,ebay
06039967/ebay_1219.jpg,06039967,,first,STANDARD,ebay
38033121/ebay_1221.jpg,38033121,MP24-DE053,first,STANDARD,ebay
74677422/ebay_1222.jpg,74677422,,first,STANDARD,ebay
83746708/ebay_1223.jpg,83746708,RA03-DE113,first,SPELL_TRAP,ebay
53183600/ebay_1225.jpg,53183600,,unlimited,STANDARD,ebay
71625222/ebay_1226.jpg,71625222,,first,STANDARD,ebay
12197223/ebay_1228.jpg,12197223,,first,STANDARD,ebay
34528176/ebay_1232.jpg,34528176,BLGG-DE013,first,STANDARD,ebay
70095154/ebay_1234.jpg,70095154,,first,STANDARD,ebay
98476659/ebay_1235.jpg,98476659,,first,SPELL_TRAP,ebay
79575620/ebay_1236.jpg,79575620,,first,STANDARD,ebay
89631139/ebay_1237.jpg,89631139,BPT-009,unlimited,STANDARD,ebay
38495396/ebay_1240.jpg,38495396,BLGG-DE009,first,STANDARD,ebay
43973174/ebay_1242.jpg,43973174,,unlimited,SPELL_TRAP,ebay
59934749/ebay_1243.jpg,59934749,,first,LINK,ebay
98502113/ebay_1245.jpg,98502113,,first,STANDARD,ebay
26096328/ebay_1246.jpg,26096328,,first,STANDARD,ebay
64635042/ebay_1247.jpg,64635042,,first,STANDARD,ebay
89631139/ebay_1248.jpg,89631139,BLMM-EN001,first,STANDARD,ebay
68304193/ebay_1249.jpg,68304193,,first,STANDARD,ebay
50237654/ebay_1250.jpg,50237654,,first,STANDARD,ebay
35844557/ebay_1252.jpg,35844557,,first,STANDARD,ebay
52068432/ebay_1253.jpg,52068432,,first,STANDARD,ebay
08240199/ebay_1254.jpg,08240199,,unlimited,STANDARD,ebay
38033121/ebay_1256.jpg,38033121,,first,STANDARD,ebay
58083496/ebay_1260.jpg,58083496,,first,LINK,ebay
83764718/ebay_1261.jpg,83764718,,first,,ebay
10028593/ebay_1263.jpg,10028593,,first,STANDARD,ebay
32491822/ebay_1264.jpg,32491822,,first,STANDARD,ebay
79575620/ebay_1267.jpg,79575620,,first,STANDARD,ebay
36261276/ebay_1268.jpg,36261276,,unlimited,SPELL_TRAP,ebay
12381100/ebay_1271.jpg,12381100,,first,STANDARD,ebay
35809262/ebay_1272.jpg,35809262,,first,STANDARD,ebay
24094653/ebay_1273.jpg,24094653,LCKC-DE026,first,SPELL_TRAP,ebay
43316238/ebay_1275.jpg,43316238,,first,STANDARD,ebay
85059922/ebay_1276.jpg,85059922,,first,STANDARD,ebay
74677422/ebay_1277.jpg,74677422,,first,STANDARD,ebay
89631139/ebay_1278.jpg,89631139,MP24-DE001,first,STANDARD,ebay
31817415/ebay_1279.jpg,31817415,,first,STANDARD,ebay
89943723/ebay_1281.jpg,89943723,,limited,STANDARD,ebay
88234365/ebay_1282.jpg,88234365,,first,STANDARD,ebay
74137509/ebay_1283.jpg,74137509,,unlimited,SPELL_TRAP,ebay
29981921/ebay_1284.jpg,29981921,,first,STANDARD,ebay
35952884/ebay_1286.jpg,35952884,,unlimited,STANDARD,ebay
73580471/ebay_1287.jpg,73580471,,limited,STANDARD,ebay
11765832/ebay_1289.jpg,11765832,,unlimited,STANDARD,ebay
61441708/ebay_1290.jpg,61441708,,first,STANDARD,ebay
34124316/ebay_1292.jpg,34124316,,first,STANDARD,ebay
42810973/ebay_1293.jpg,42810973,,first,STANDARD,ebay
74677422/ebay_1294.jpg,74677422,,first,STANDARD,ebay
53839837/ebay_1296.jpg,53839837,,first,STANDARD,ebay
21770839/ebay_1298.jpg,21770839,,first,PENDULUM,ebay
18963306/ebay_1299.jpg,18963306,,first,STANDARD,ebay
01225009/ebay_1302.jpg,01225009,,first,STANDARD,ebay
93729065/ebay_1307.jpg,93729065,,first,PENDULUM,ebay
70781052/ebay_1308.jpg,70781052,,first,STANDARD,ebay
59822133/ebay_1309.jpg,59822133,RA02-DE030,first,STANDARD,ebay
38033121/ebay_1310.jpg,38033121,BLGG-DE003,first,STANDARD,ebay
18326736/ebay_1311.jpg,18326736,,first,STANDARD,ebay
32807846/ebay_1312.jpg,32807846,,first,SPELL_TRAP,ebay
84343351/ebay_1313.jpg,84343351,,first,STANDARD,ebay
45467446/ebay_1315.jpg,45467446,LCKC-DE018,unlimited,STANDARD,ebay
65676461/ebay_1316.jpg,65676461,,first,STANDARD,ebay
14124483/ebay_1317.jpg,14124483,,first,STANDARD,ebay
22804410/ebay_1318.jpg,22804410,,first,STANDARD,ebay
15613529/ebay_1320.jpg,15613529,,limited,STANDARD,ebay
40939228/ebay_1322.jpg,40939228,,first,STANDARD,ebay
91800273/ebay_1323.jpg,91800273,,limited,STANDARD,ebay
78144171/ebay_1324.jpg,78144171,,unlimited,STANDARD,ebay
80604091/ebay_1325.jpg,80604091,,first,,ebay
65403020/ebay_1326.jpg,65403020,,first,STANDARD,ebay
31764700/ebay_1333.jpg,31764700,,first,STANDARD,ebay
53129443/ebay_1335.jpg,53129443,BLMR-DE086,first,SPELL_TRAP,ebay
53839837/ebay_1336.jpg,53839837,,first,STANDARD,ebay
46986414/ebay_1337.jpg,46986414,TN23-DE001,limited,STANDARD,ebay
48179391/ebay_1338.jpg,48179391,,first,SPELL_TRAP,ebay
38033121/ebay_1339.jpg,38033121,MP24-DE009,first,STANDARD,ebay
36996508/ebay_1340.jpg,36996508,,first,,ebay
78625592/ebay_1341.jpg,78625592,,first,SPELL_TRAP,ebay
77565204/ebay_1342.jpg,77565204,,first,SPELL_TRAP,ebay
97268402/ebay_1343.jpg,97268402,,first,STANDARD,ebay
28781003/ebay_1344.jpg,28781003,,first,STANDARD,ebay
68688135/ebay_1345.jpg,68688135,,first,SPELL_TRAP,ebay
83711531/ebay_1346.jpg,83711531,,first,STANDARD,ebay
42166000/ebay_1347.jpg,42166000,,first,STANDARD,ebay
46001505/ebay_1348.jpg,46001505,,first,SPELL_TRAP,ebay
15291624/ebay_1349.jpg,15291624,,first,STANDARD,ebay
15693423/ebay_1350.jpg,15693423,,first,SPELL_TRAP,ebay
48486809/ebay_1351.jpg,48486809,,first,STANDARD,ebay
23571046/ebay_1352.jpg,23571046,LC5D-DE005,first,STANDARD,ebay
73580471/ebay_1356.jpg,73580471,,first,STANDARD,ebay
99267150/ebay_1358.jpg,99267150,,first,STANDARD,ebay
26202165/ebay_1360.jpg,26202165,,first,STANDARD,ebay
02460565/ebay_1361.jpg,02460565,,first,STANDARD,ebay
73391962/ebay_1362.jpg,73391962,,first,STANDARD,ebay
89631139/ebay_1363.jpg,89631139,,first,STANDARD,ebay
00821049/ebay_1364.jpg,00821049,,first,STANDARD,ebay
46986414/ebay_1365.jpg,46986414,RA04-DE106,first,STANDARD,ebay
74294676/ebay_1367.jpg,74294676,BLGG-DE008,first,STANDARD,ebay
58604027/ebay_1368.jpg,58604027,,first,STANDARD,ebay
69140098/ebay_1369.jpg,69140098,,unlimited,STANDARD,ebay
66889139/ebay_1370.jpg,66889139,,unlimited,STANDARD,ebay
25366484/ebay_1371.jpg,25366484,,unlimited,STANDARD,ebay
95440946/ebay_1372.jpg,95440946,,first,STANDARD,ebay
89631139/ebay_1374.jpg,89631139,,first,STANDARD,ebay
05041348/ebay_1375.jpg,05041348,,first,STANDARD,ebay
24550676/ebay_1376.jpg,24550676,,first,STANDARD,ebay
48144509/ebay_1377.jpg,48144509,,first,SPELL_TRAP,ebay
91932350/ebay_1381.jpg,91932350,,first,STANDARD,ebay
31305911/ebay_1382.jpg,31305911,PP01-DE003,unlimited,STANDARD,ebay
65192027/ebay_1383.jpg,65192027,,first,STANDARD,ebay
77585513/ebay_1384.jpg,77585513,,unlimited,STANDARD,ebay
58916810/ebay_1385.jpg,58916810,,first,STANDARD,ebay
35952884/ebay_1386.jpg,35952884,,first,STANDARD,ebay
34528176/ebay_1388.jpg,34528176,BLGG-DE013,first,STANDARD,ebay
61441708/ebay_1389.jpg,61441708,,first,STANDARD,ebay
32126000/ebay_1390.jpg,32126000,BLGG-DE026,first,STANDARD,ebay
53347303/ebay_1391.jpg,53347303,,first,STANDARD,ebay
30864377/ebay_1392.jpg,30864377,,first,STANDARD,ebay
74137509/ebay_1393.jpg,74137509,,unlimited,SPELL_TRAP,ebay
35772782/ebay_1394.jpg,35772782,BLRR-DE031,first,STANDARD,ebay
65403020/ebay_1396.jpg,65403020,,first,STANDARD,ebay
77363314/ebay_1397.jpg,77363314,,limited,STANDARD,ebay
22804410/ebay_1398.jpg,22804410,,first,STANDARD,ebay
06560411/ebay_1402.jpg,06560411,,first,STANDARD,ebay
73642296/ebay_1403.jpg,73642296,,first,STANDARD,ebay
09839945/ebay_1406.jpg,09839945,,first,LINK,ebay
98502113/ebay_1407.jpg,98502113,,first,STANDARD,ebay
78397661/ebay_1409.jpg,78397661,,first,STANDARD,ebay
02501624/ebay_1410.jpg,02501624,,first,STANDARD,ebay
69610326/ebay_1412.jpg,69610326,,first,PENDULUM,ebay
74677422/ebay_1413.jpg,74677422,,first,STANDARD,ebay
23151193/ebay_1415.jpg,23151193,,first,STANDARD,ebay
21435914/ebay_1416.jpg,21435914,,first,STANDARD,ebay
45883110/ebay_1417.jpg,45883110,,first,STANDARD,ebay
65187687/ebay_1419.jpg,65187687,,first,STANDARD,ebay
21082832/ebay_1420.jpg,21082832,,first,SPELL_TRAP,ebay
77565204/ebay_1422.jpg,77565204,,first,SPELL_TRAP,ebay
70095154/ebay_1423.jpg,70095154,,first,STANDARD,ebay
95454996/ebay_1424.jpg,95454996,,first,LINK,ebay
00126218/ebay_1425.jpg,00126218,,unlimited,SPELL_TRAP,ebay
38033121/ebay_1426.jpg,38033121,,first,STANDARD,ebay
88264978/ebay_1427.jpg,88264978,,first,STANDARD,ebay
18294799/ebay_1428.jpg,18294799,,first,STANDARD,ebay
33017964/ebay_1430.jpg,33017964,,first,SPELL_TRAP,ebay
42035044/ebay_1432.jpg,42035044,,limited,STANDARD,ebay
58921041/ebay_1438.jpg,58921041,,unlimited,SPELL_TRAP,ebay
86188410/ebay_1440.jpg,86188410,,first,STANDARD,ebay
12580477/ebay_1441.jpg,12580477,LCYW-EN054,first,SPELL_TRAP,ebay
50287060/ebay_1443.jpg,50287060,RP02-DE094,unlimited,STANDARD,ebay
95072744/ebay_1444.jpg,95072744,BLGG-DE021,first,STANDARD,ebay
31123642/ebay_1446.jpg,31123642,,first,STANDARD,ebay
15005145/ebay_1447.jpg,15005145,,first,STANDARD,ebay
79613121/ebay_1448.jpg,79613121,,limited,STANDARD,ebay
73580471/ebay_1450.jpg,73580471,,first,STANDARD,ebay
03574681/ebay_1451.jpg,03574681,,first,SPELL_TRAP,ebay
29843091/ebay_1453.jpg,29843091,BLMM-EN010,first,SPELL_TRAP,ebay
46448938/ebay_1456.jpg,46448938,,first,SPELL_TRAP,ebay
27204311/ebay_1457.jpg,27204311,RA01-DE015,first,STANDARD,ebay
46986414/ebay_1459.jpg,46986414,,unlimited,STANDARD,ebay
26556950/ebay_1460.jpg,26556950,,first,STANDARD,ebay
38517737/ebay_1461.jpg,38517737,RA02-DE010,first,STANDARD,ebay
90448279/ebay_1462.jpg,90448279,,first,STANDARD,ebay
63749102/ebay_1463.jpg,63749102,,limited,STANDARD,ebay
70781052/ebay_1466.jpg,70781052,,first,STANDARD,ebay
07894706/ebay_1467.jpg,07894706,CORI-DE029,first,STANDARD,ebay
60800381/ebay_1469.jpg,60800381,,first,STANDARD,ebay
67809530/ebay_1471.jpg,67809530,,first,STANDARD,ebay
44405066/ebay_1472.jpg,44405066,,first,STANDARD,ebay
74294676/ebay_1473.jpg,74294676,BLGG-DE008,first,STANDARD,ebay
17080584/ebay_1474.jpg,17080584,,first,STANDARD,ebay
39701395/ebay_1476.jpg,39701395,,unlimited,SPELL_TRAP,ebay
24088928/ebay_1477.jpg,24088928,,first,STANDARD,ebay
00102380/ebay_1480.jpg,00102380,,first,STANDARD,ebay
06007213/ebay_1481.jpg,06007213,,limited,STANDARD,ebay
01033312/ebay_1482.jpg,01033312,,first,SPELL_TRAP,ebay
44373896/ebay_1483.jpg,44373896,,,STANDARD,ebay
73218989/ebay_1485.jpg,73218989,,first,STANDARD,ebay
93672138/ebay_1486.jpg,93672138,,first,LINK,ebay
44508094/ebay_1488.jpg,44508094,,unlimited,STANDARD,ebay
83121692/ebay_1489.jpg,83121692,,first,STANDARD,ebay
29981921/ebay_1490.jpg,29981921,,first,STANDARD,ebay
53765052/ebay_1492.jpg,53765052,,first,STANDARD,ebay
12580477/ebay_1494.jpg,12580477,,first,SPELL_TRAP,ebay
54415063/ebay_1495.jpg,54415063,,first,STANDARD,ebay
45883110/ebay_1498.jpg,45883110,,first,STANDARD,ebay
58604027/ebay_1499.jpg,58604027,,first,STANDARD,ebay
32750510/ebay_1500.jpg,32750510,TDGS-EN097,unlimited,STANDARD,ebay
27564031/ebay_1506.jpg,27564031,,first,SPELL_TRAP,ebay
72270339/ebay_1508.jpg,72270339,,unlimited,STANDARD,ebay
53839837/ebay_1509.jpg,53839837,,first,STANDARD,ebay
53839837/ebay_1510.jpg,53839837,,first,STANDARD,ebay
79613121/ebay_1511.jpg,79613121,,first,STANDARD,ebay
89172051/ebay_1513.jpg,89172051,,first,STANDARD,ebay
38033121/ebay_1514.jpg,38033121,RA03-DE123,first,STANDARD,ebay
01047075/ebay_1515.jpg,01047075,MP24-EN132,first,STANDARD,ebay
60303688/ebay_1516.jpg,60303688,RA01-EN020,first,STANDARD,ebay
31699677/ebay_1517.jpg,31699677,MP23-EN002,first,STANDARD,ebay
49702428/ebay_1519.jpg,49702428,,limited,SPELL_TRAP,ebay
70902743/ebay_1520.jpg,70902743,,first,STANDARD,ebay
05309481/ebay_1521.jpg,05309481,,first,STANDARD,ebay
87837090/ebay_1525.jpg,87837090,,first,STANDARD,ebay
30603688/ebay_1526.jpg,30603688,RA04-EN023,first,STANDARD,ebay
93039339/ebay_1527.jpg,93039339,,unlimited,STANDARD,ebay
35167375/ebay_1528.jpg,35167375,,first,SPELL_TRAP,ebay
13331639/ebay_1529.jpg,13331639,,first,PENDULUM,ebay
65741786/ebay_1531.jpg,65741786,,first,LINK,ebay
66236707/ebay_1532.jpg,66236707,,first,SPELL_TRAP,ebay
61665245/ebay_1533.jpg,61665245,,first,LINK,ebay
66788016/ebay_1534.jpg,66788016,RA03-DE084,first,SPELL_TRAP,ebay
75190122/ebay_1535.jpg,75190122,,first,SPELL_TRAP,ebay
08400623/ebay_1538.jpg,08400623,,unlimited,STANDARD,ebay
28346136/ebay_1539.jpg,28346136,,first,STANDARD,ebay
78229193/ebay_1540.jpg,78229193,,first,STANDARD,ebay
67523044/ebay_1541.jpg,67523044,,first,SPELL_TRAP,ebay
06172122/ebay_1544.jpg,06172122,,first,SPELL_TRAP,ebay
86154370/ebay_1546.jpg,86154370,,first,STANDARD,ebay
44763025/ebay_1548.jpg,44763025,,first,SPELL_TRAP,ebay
01686814/ebay_1549.jpg,01686814,,first,STANDARD,ebay
38033121/ebay_1550.jpg,38033121,,unlimited,STANDARD,ebay
48130397/ebay_1552.jpg,48130397,,first,SPELL_TRAP,ebay
70088809/ebay_1553.jpg,70088809,,first,STANDARD,ebay
07894706/ebay_1554.jpg,07894706,CORI-DE029,first,STANDARD,ebay
74677422/ebay_1556.jpg,74677422,,first,STANDARD,ebay
43378048/ebay_1557.jpg,43378048,,first,STANDARD,ebay
60709218/ebay_1558.jpg,60709218,,first,SPELL_TRAP,ebay
95718355/ebay_1559.jpg,95718355,,first,STANDARD,ebay
42534368/ebay_1561.jpg,42534368,,first,SPELL_TRAP,ebay
52077741/ebay_1562.jpg,52077741,,first,STANDARD,ebay
44508094/ebay_1563.jpg,44508094,TN23-DE016,limited,STANDARD,ebay
44330098/ebay_1564.jpg,44330098,,,STANDARD,ebay
59464593/ebay_1565.jpg,59464593,MZMU-EN065,first,STANDARD,ebay
38033121/ebay_1566.jpg,38033121,,first,STANDARD,ebay
93023136/ebay_1568.jpg,93023136,,first,SPELL_TRAP,ebay
36996508/ebay_1569.jpg,36996508,,first,,ebay
83121692/ebay_1571.jpg,83121692,,first,STANDARD,ebay
03574681/ebay_1575.jpg,03574681,,first,SPELL_TRAP,ebay
62265044/ebay_1577.jpg,62265044,,,SPELL_TRAP,ebay
07359741/ebay_1578.jpg,07359741,,first,STANDARD,ebay
50277355/ebay_1579.jpg,50277355,,first,LINK,ebay
09677699/ebay_1580.jpg,09677699,,first,SPELL_TRAP,ebay
32274490/ebay_1581.jpg,32274490,,first,STANDARD,ebay
27572350/ebay_1584.jpg,27572350,,first,STANDARD,ebay
56832966/ebay_1585.jpg,56832966,,unlimited,STANDARD,ebay
98502113/ebay_1588.jpg,98502113,,unlimited,STANDARD,ebay
61665245/ebay_1589.jpg,61665245,,,LINK,ebay
55696885/ebay_1590.jpg,55696885,,first,STANDARD,ebay
57314798/ebay_1591.jpg,57314798,,first,STANDARD,ebay
41930553/ebay_1592.jpg,41930553,,unlimited,SPELL_TRAP,ebay
86541496/ebay_1593.jpg,86541496,,first,SPELL_TRAP,ebay
17330916/ebay_1596.jpg,17330916,,first,PENDULUM,ebay
89604813/ebay_1597.jpg,89604813,SDWD-EN043,first,STANDARD,ebay
29095457/ebay_1598.jpg,29095457,,first,SPELL_TRAP,ebay
57103969/ebay_1599.jpg,57103969,,first,SPELL_TRAP,ebay
18847598/ebay_1605.jpg,18847598,BLCR-EN014,first,STANDARD,ebay
38033121/ebay_1607.jpg,38033121,,first,STANDARD,ebay
58707981/ebay_1608.jpg,58707981,,first,PENDULUM,ebay
26509612/ebay_1609.jpg,26509612,,unlimited,SPELL_TRAP,ebay
99789342/ebay_1610.jpg,99789342,SBC1-DEG13,first,SPELL_TRAP,ebay
63977008/ebay_1611.jpg,63977008,,first,STANDARD,ebay
48891960/ebay_1612.jpg,48891960,,first,STANDARD,ebay
78114463/ebay_1613.jpg,78114463,,first,SPELL_TRAP,ebay
08240199/ebay_1614.jpg,08240199,,first,STANDARD,ebay
23512906/ebay_1617.jpg,23512906,,first,STANDARD,ebay
05352328/ebay_1618.jpg,05352328,MP23-DE255,first,STANDARD,ebay
75190122/ebay_1619.jpg,75190122,,limited,SPELL_TRAP,ebay
33396948/ebay_1620.jpg,33396948,BLGG-EN002,first,STANDARD,ebay
64184058/ebay_1621.jpg,64184058,,first,STANDARD,ebay
62873545/ebay_1622.jpg,62873545,,first,STANDARD,ebay
59765225/ebay_1623.jpg,59765225,,first,STANDARD,ebay
77411244/ebay_1624.jpg,77411244,,first,STANDARD,ebay
29981921/ebay_1625.jpg,29981921,,first,STANDARD,ebay
04253484/ebay_1626.jpg,04253484,,unlimited,STANDARD,ebay
43175858/ebay_1627.jpg,43175858,,first,SPELL_TRAP,ebay
42544773/ebay_1629.jpg,42544773,,first,STANDARD,ebay
26077387/ebay_1630.jpg,26077387,,first,STANDARD,ebay
89631139/ebay_1631.jpg,89631139,,unlimited,STANDARD,ebay
29095457/ebay_1632.jpg,29095457,,first,SPELL_TRAP,ebay
53347303/ebay_1633.jpg,53347303,,first,STANDARD,ebay
98502113/ebay_1635.jpg,98502113,,first,STANDARD,ebay
06021033/ebay_1637.jpg,06021033,,first,STANDARD,ebay
67750322/ebay_1638.jpg,67750322,,first,STANDARD,ebay
90488465/ebay_1642.jpg,90488465,,first,STANDARD,ebay
45531624/ebay_1647.jpg,45531624,,first,STANDARD,ebay
53839837/ebay_1648.jpg,53839837,,unlimited,STANDARD,ebay
04064256/ebay_1649.jpg,04064256,,first,SPELL_TRAP,ebay
30998403/ebay_1650.jpg,30998403,,first,LINK,ebay
56747793/ebay_1651.jpg,56747793,,first,SPELL_TRAP,ebay
45467446/ebay_1653.jpg,45467446,,first,STANDARD,ebay
48791583/ebay_1654.jpg,48791583,,first,STANDARD,ebay
53008933/ebay_1655.jpg,53008933,,first,STANDARD,ebay
02347656/ebay_1656.jpg,02347656,,first,STANDARD,ebay
67688478/ebay_1657.jpg,67688478,,unlimited,STANDARD,ebay
78156759/ebay_1658.jpg,78156759,,first,STANDARD,ebay
06556909/ebay_1659.jpg,06556909,,first,STANDARD,ebay
38120068/ebay_1660.jpg,38120068,LCKC-DE076,first,SPELL_TRAP,ebay
73218792/ebay_1661.jpg,73218792,,first,STANDARD,ebay
72989439/ebay_1662.jpg,72989439,,first,STANDARD,ebay
60465049/ebay_1663.jpg,60465049,,first,STANDARD,ebay
02372506/ebay_1664.jpg,02372506,,first,SPELL_TRAP,ebay
46986414/ebay_1666.jpg,46986414,,limited,STANDARD,ebay
73602965/ebay_1667.jpg,73602965,,first,STANDARD,ebay
09567495/ebay_1669.jpg,09567495,,first,STANDARD,ebay
11549357/ebay_1670.jpg,11549357,DOR-E003,unlimited,STANDARD,ebay
81260679/ebay_1672.jpg,81260679,MP24-EN135,first,STANDARD,ebay
17655904/ebay_1673.jpg,17655904,LCKC-DE025,first,SPELL_TRAP,ebay
38033121/ebay_1675.jpg,38033121,,first,STANDARD,ebay
84343351/ebay_1676.jpg,84343351,,first,STANDARD,ebay
84815190/ebay_1677.jpg,84815190,,first,STANDARD,ebay
73082255/ebay_1678.jpg,73082255,MP23-EN024,first,STANDARD,ebay
54974237/ebay_1679.jpg,54974237,,first,SPELL_TRAP,ebay
58820923/ebay_1680.jpg,58820923,,first,STANDARD,ebay
72167543/ebay_1681.jpg,72167543,,first,STANDARD,ebay
88033975/ebay_1683.jpg,88033975,,first,STANDARD,ebay
27847700/ebay_1684.jpg,27847700,,first,,ebay
20366274/ebay_1685.jpg,20366274,,first,STANDARD,ebay
96113307/ebay_1686.jpg,96113307,,first,LINK,ebay
31386180/ebay_1687.jpg,31386180,,first,STANDARD,ebay
95474755/ebay_1688.jpg,95474755,,first,STANDARD,ebay
30603688/ebay_1689.jpg,30603688,,first,STANDARD,ebay
78156759/ebay_1690.jpg,78156759,,unlimited,STANDARD,ebay
12800564/ebay_1691.jpg,12800564,,first,STANDARD,ebay
32289031/ebay_1692.jpg,32289031,,first,STANDARD,ebay
02263869/ebay_1693.jpg,02263869,,first,SPELL_TRAP,ebay
49161188/ebay_1694.jpg,49161188,,first,STANDARD,ebay
67523044/ebay_1695.jpg,67523044,,first,SPELL_TRAP,ebay
03606728/ebay_1696.jpg,03606728,,first,STANDARD,ebay
46358784/ebay_1697.jpg,46358784,BLCR-EN012,first,STANDARD,ebay
74677422/ebay_1699.jpg,74677422,,first,STANDARD,ebay
12266229/ebay_1700.jpg,12266229,,first,STANDARD,ebay
02129638/ebay_1702.jpg,02129638,,first,STANDARD,ebay
38033121/ebay_1703.jpg,38033121,,first,STANDARD,ebay
05043010/ebay_1704.jpg,05043010,,unlimited,LINK,ebay
11911336/ebay_1705.jpg,11911336,,first,SPELL_TRAP,ebay
52445243/ebay_1706.jpg,52445243,,first,STANDARD,ebay
67030233/ebay_1707.jpg,67030233,,limited,STANDARD,ebay
30012506/ebay_1709.jpg,30012506,,first,STANDARD,ebay
75434695/ebay_1710.jpg,75434695,,unlimited,STANDARD,ebay
03405259/ebay_1712.jpg,03405259,,,STANDARD,ebay
00759393/ebay_1713.jpg,00759393,,first,STANDARD,ebay
99590524/ebay_1714.jpg,99590524,,first,SPELL_TRAP,ebay
46986414/ebay_1715.jpg,46986414,RA04-DE106,first,STANDARD,ebay
25862681/ebay_1716.jpg,25862681,,first,STANDARD,ebay
82782870/ebay_1717.jpg,82782870,L26D-DEM04,first,STANDARD,ebay
11110587/ebay_1718.jpg,11110587,,first,SPELL_TRAP,ebay
98045062/ebay_1719.jpg,98045062,,first,SPELL_TRAP,ebay
23020408/ebay_1720.jpg,23020408,,unlimited,SPELL_TRAP,ebay
22850702/ebay_1721.jpg,22850702,,first,STANDARD,ebay
32126000/ebay_1724.jpg,32126000,BLGG-DE026,first,STANDARD,ebay
34528176/ebay_1725.jpg,34528176,,first,STANDARD,ebay
06983839/ebay_1726.jpg,06983839,RA04-DE289,first,STANDARD,ebay
30064423/ebay_1727.jpg,30064423,,first,LINK,ebay
69031175/ebay_1728.jpg,69031175,,first,STANDARD,ebay
50383626/ebay_1729.jpg,50383626,,first,STANDARD,ebay
19434243/ebay_1731.jpg,19434243,,first,STANDARD,ebay
60643553/ebay_1732.jpg,60643553,,first,STANDARD,ebay
93672138/ebay_1733.jpg,93672138,,,LINK,ebay
01845204/ebay_1735.jpg,01845204,,first,SPELL_TRAP,ebay
89631139/ebay_1736.jpg,89631139,,first,STANDARD,ebay
09715126/ebay_1737.jpg,09715126,,first,SPELL_TRAP,ebay
47355498/ebay_1739.jpg,47355498,,first,SPELL_TRAP,ebay
54719828/ebay_1740.jpg,54719828,,first,STANDARD,ebay
03405259/ebay_1741.jpg,03405259,,first,STANDARD,ebay
74677422/ebay_1743.jpg,74677422,,first,STANDARD,ebay
42810973/ebay_1744.jpg,42810973,,first,STANDARD,ebay
57135971/ebay_1745.jpg,57135971,,limited,SPELL_TRAP,ebay
33302589/ebay_1747.jpg,33302589,BLGG-DE016,first,STANDARD,ebay
37744402/ebay_1748.jpg,37744402,,first,STANDARD,ebay
76145933/ebay_1750.jpg,76145933,,first,STANDARD,ebay
50237654/ebay_1751.jpg,50237654,,unlimited,STANDARD,ebay
48680970/ebay_1753.jpg,48680970,LDK2-ENS06,limited,SPELL_TRAP,ebay
26841274/ebay_1754.jpg,26841274,DESO-EN008,first,SPELL_TRAP,ebay
53008933/ebay_1755.jpg,53008933,BLTR-EN046,first,STANDARD,ebay
74364659/ebay_1757.jpg,74364659,,first,STANDARD,ebay
01710476/ebay_1758.jpg,01710476,,,STANDARD,ebay
69678646/ebay_1759.jpg,69678646,,first,SPELL_TRAP,ebay
37164373/ebay_1760.jpg,37164373,,first,STANDARD,ebay
90829280/ebay_1761.jpg,90829280,,first,STANDARD,ebay
87025064/ebay_1762.jpg,87025064,,first,SPELL_TRAP,ebay
78193831/ebay_1763.jpg,78193831,SBCB-DE003,first,STANDARD,ebay
49702428/ebay_1765.jpg,49702428,,limited,SPELL_TRAP,ebay
84749824/ebay_1766.jpg,84749824,,first,SPELL_TRAP,ebay
70711847/ebay_1767.jpg,70711847,CYHO-DE083,first,STANDARD,ebay
49140998/ebay_1768.jpg,49140998,,first,SPELL_TRAP,ebay
53971455/ebay_1770.jpg,53971455,,first,STANDARD,ebay
09839945/ebay_1771.jpg,09839945,,first,LINK,ebay
44405066/ebay_1772.jpg,44405066,RA01-EN038,first,STANDARD,ebay
64182380/ebay_1774.jpg,64182380,RA05-EN052,first,STANDARD,ebay
50546208/ebay_1775.jpg,50546208,LAVD-DEL08,first,STANDARD,ebay
94145021/ebay_1776.jpg,94145021,,first,STANDARD,ebay
96561011/ebay_1777.jpg,96561011,,first,STANDARD,ebay
94119480/ebay_1779.jpg,94119480,,first,STANDARD,ebay
02403771/ebay_1780.jpg,02403771,,first,STANDARD,ebay
66889139/ebay_1781.jpg,66889139,,,STANDARD,ebay
23205979/ebay_1782.jpg,23205979,,first,STANDARD,ebay
24094653/ebay_1783.jpg,24094653,RA02-DE047,first,SPELL_TRAP,ebay
93347961/ebay_1784.jpg,93347961,,first,STANDARD,ebay
55144522/ebay_1786.jpg,55144522,MP25-DE050,first,SPELL_TRAP,ebay
70595331/ebay_1787.jpg,70595331,RA03-EN186,first,STANDARD,ebay
24299458/ebay_1788.jpg,24299458,,first,SPELL_TRAP,ebay
58004362/ebay_1789.jpg,58004362,,first,LINK,ebay
33698022/ebay_1790.jpg,33698022,,first,STANDARD,ebay
72843899/ebay_1791.jpg,72843899,,first,STANDARD,ebay
70781052/ebay_1792.jpg,70781052,,first,STANDARD,ebay
98502113/ebay_1793.jpg,98502113,,first,STANDARD,ebay
79814787/ebay_1794.jpg,79814787,LCKC-DE010,first,STANDARD,ebay
74677422/ebay_1795.jpg,74677422,RA04-EN109,first,STANDARD,ebay
32619583/ebay_1796.jpg,32619583,,first,STANDARD,ebay
42703248/ebay_1797.jpg,42703248,,first,SPELL_TRAP,ebay
62873545/ebay_1798.jpg,62873545,,unlimited,STANDARD,ebay
62873545/ebay_1799.jpg,62873545,,unlimited,STANDARD,ebay
40659562/ebay_1800.jpg,40659562,PGD-025,first,STANDARD,ebay
89631139/ebay_1801.jpg,89631139,SDK-E001,first,STANDARD,ebay
89631139/ebay_1802.jpg,89631139,SDK-G001,first,STANDARD,ebay
38033121/ebay_1803.jpg,38033121,RA05-EN084,first,STANDARD,ebay
89631139/ebay_1804.jpg,89631139,RA05-EN085,first,STANDARD,ebay
46986414/ebay_1806.jpg,46986414,,first,STANDARD,ebay
71625222/ebay_1807.jpg,71625222,,unlimited,STANDARD,ebay
83764718/ebay_1808.jpg,83764718,,first,,ebay
50237654/ebay_1809.jpg,50237654,RA04-EN054,first,STANDARD,ebay
69272449/ebay_1812.jpg,69272449,RA05-EN136,first,STANDARD,ebay
99585850/ebay_1813.jpg,99585850,,first,STANDARD,ebay
27134689/ebay_1814.jpg,27134689,,first,STANDARD,ebay
56787189/ebay_1816.jpg,56787189,RA05-EN121,first,SPELL_TRAP,ebay
04064256/ebay_1817.jpg,04064256,,first,SPELL_TRAP,ebay
73639099/ebay_1819.jpg,73639099,RA05-EN104,first,LINK,ebay
21698716/ebay_1820.jpg,21698716,BLCR-EN052,first,STANDARD,ebay
18973184/ebay_1821.jpg,18973184,CH01-EN025,first,SPELL_TRAP,ebay
42705243/ebay_1822.jpg,42705243,,first,SPELL_TRAP,ebay
95600067/ebay_1823.jpg,95600067,BLCR-EN050,first,STANDARD,ebay
68989420/ebay_1824.jpg,68989420,AGOV-EN035,first,STANDARD,ebay
17751597/ebay_1825.jpg,17751597,,first,SPELL_TRAP,ebay
17955766/ebay_1826.jpg,17955766,RA05-EN088,first,STANDARD,ebay
33396948/ebay_1830.jpg,33396948,LOB-E101,first,STANDARD,ebay
11502550/ebay_1831.jpg,11502550,,unlimited,STANDARD,ebay
39568067/ebay_1832.jpg,39568067,RA05-EN119,first,SPELL_TRAP,ebay
18326736/ebay_1833.jpg,18326736,CROS-EN050,first,STANDARD,ebay
50277355/ebay_1834.jpg,50277355,RA05-EN106,first,LINK,ebay
49681811/ebay_1835.jpg,49681811,LOD-016,first,STANDARD,ebay
62022479/ebay_1836.jpg,62022479,CH01-EN028,first,SPELL_TRAP,ebay
66957584/ebay_1837.jpg,66957584,RA05-EN139,first,SPELL_TRAP,ebay
46986414/ebay_1839.jpg,46986414,SDY-G005,first,STANDARD,ebay
13171876/ebay_1840.jpg,13171876,RA05-EN095,first,STANDARD,ebay
53334471/ebay_1841.jpg,53334471,,first,SPELL_TRAP,ebay
91800273/ebay_1842.jpg,91800273,RA05-EN132,first,STANDARD,ebay
40659562/ebay_1844.jpg,40659562,,first,STANDARD,ebay
92964816/ebay_1845.jpg,92964816,,first,STANDARD,ebay
08198620/ebay_1846.jpg,08198620,MAMA-EN062,first,STANDARD,ebay
18036057/ebay_1848.jpg,18036057,LOD-062,first,STANDARD,ebay
81767888/ebay_1850.jpg,81767888,,first,SPELL_TRAP,ebay
15693423/ebay_1851.jpg,15693423,MAMA-EN099,first,SPELL_TRAP,ebay
95440946/ebay_1852.jpg,95440946,RA05-EN097,first,STANDARD,ebay
99585850/ebay_1853.jpg,99585850,,first,STANDARD,ebay
72302403/ebay_1854.jpg,72302403,RA05-EN109,first,SPELL_TRAP,ebay
61802346/ebay_1855.jpg,61802346,,first,STANDARD,ebay
95973569/ebay_1856.jpg,95973569,AGOV-EN036,first,STANDARD,ebay
11876803/ebay_1857.jpg,11876803,LAVD-ENL13,first,STANDARD,ebay
37818794/ebay_1858.jpg,37818794,,first,STANDARD,ebay
74677422/ebay_1859.jpg,74677422,RA05-EN086,first,STANDARD,ebay
04059313/ebay_1860.jpg,04059313,,first,SPELL_TRAP,ebay
65741786/ebay_1862.jpg,65741786,RA05-EN105,first,LINK,ebay
44763025/ebay_1864.jpg,44763025,,unlimited,SPELL_TRAP,ebay
73915051/ebay_1865.jpg,73915051,,first,SPELL_TRAP,ebay
09763474/ebay_1866.jpg,09763474,MP25-EN204,first,LINK,ebay
29302858/ebay_1867.jpg,29302858,RA05-EN134,first,STANDARD,ebay
29599813/ebay_1868.jpg,29599813,RA05-EN120,first,SPELL_TRAP,ebay
30587695/ebay_1869.jpg,30587695,GAOV-EN092,first,STANDARD,ebay
56196385/ebay_1870.jpg,56196385,,first,STANDARD,ebay
37351133/ebay_1871.jpg,37351133,RA05-EN133,first,STANDARD,ebay
12600382/ebay_1872.jpg,12600382,,first,STANDARD,ebay
41371602/ebay_1873.jpg,41371602,,first,SPELL_TRAP,ebay
47325505/ebay_1874.jpg,47325505,RA05-EN116,first,SPELL_TRAP,ebay
89631139/ebay_1875.jpg,89631139,DUSA-EN043,first,STANDARD,ebay
59094601/ebay_1877.jpg,59094601,MP22-EN273,first,SPELL_TRAP,ebay
17597059/ebay_1878.jpg,17597059,,first,STANDARD,ebay
66127916/ebay_1880.jpg,66127916,,first,SPELL_TRAP,ebay
89631139/ebay_1881.jpg,89631139,,unlimited,STANDARD,ebay
74677422/ebay_1884.jpg,74677422,,first,STANDARD,ebay
66742250/ebay_1887.jpg,66742250,,first,SPELL_TRAP,ebay
88685329/ebay_1888.jpg,88685329,,first,STANDARD,ebay
37818794/ebay_1890.jpg,37818794,,first,STANDARD,ebay
06556909/ebay_1891.jpg,06556909,MP24-EN260,first,STANDARD,ebay
74677422/ebay_1893.jpg,74677422,RA05-EN086,first,STANDARD,ebay
78706415/ebay_1894.jpg,78706415,,first,STANDARD,ebay
65458948/ebay_1895.jpg,65458948,MRL-E072,first,STANDARD,ebay
04059313/ebay_1896.jpg,04059313,,first,SPELL_TRAP,ebay
96729612/ebay_1897.jpg,96729612,,first,SPELL_TRAP,ebay
09551692/ebay_1898.jpg,09551692,,first,STANDARD,ebay
52684508/ebay_1899.jpg,52684508,,first,SPELL_TRAP,ebay
94568601/ebay_1900.jpg,94568601,,first,STANDARD,ebay
65681983/ebay_1903.jpg,65681983,RA05-EN118,first,SPELL_TRAP,ebay
30086349/ebay_1905.jpg,30086349,,first,STANDARD,ebay
67288539/ebay_1906.jpg,67288539,,first,LINK,ebay
89631139/ebay_1909.jpg,89631139,RA05-EN085,first,STANDARD,ebay
46986414/ebay_1910.jpg,46986414,25TH-EN001,first,STANDARD,ebay
73580471/ebay_1911.jpg,73580471,DUDE-EN010,first,STANDARD,ebay
76052811/ebay_1912.jpg,76052811,PGD-058,first,STANDARD,ebay
89631139/ebay_1914.jpg,89631139,SDK-E001,first,STANDARD,ebay
85520851/ebay_1915.jpg,85520851,,first,STANDARD,ebay
89631139/ebay_1916.jpg,89631139,MVP1-EN055,first,STANDARD,ebay
70903634/ebay_1918.jpg,70903634,,first,STANDARD,ebay
37129797/ebay_1919.jpg,37129797,,unlimited,LINK,ebay
89631139/ebay_1922.jpg,89631139,RA05-EN085,first,STANDARD,ebay
38033121/ebay_1923.jpg,38033121,RA05-EN084,first,STANDARD,ebay
89631139/ebay_1924.jpg,89631139,,first,STANDARD,ebay
30271097/ebay_1926.jpg,30271097,,first,SPELL_TRAP,ebay
20522190/ebay_1927.jpg,20522190,,first,SPELL_TRAP,ebay
38033121/ebay_1930.jpg,38033121,LDS3-EN082,first,STANDARD,ebay
13076804/ebay_1931.jpg,13076804,,first,STANDARD,ebay
24639891/ebay_1932.jpg,24639891,,first,STANDARD,ebay
98502113/ebay_1933.jpg,98502113,,first,STANDARD,ebay
78665705/ebay_1939.jpg,78665705,MZMI-EN069,first,SPELL_TRAP,ebay
32752319/ebay_1940.jpg,32752319,,first,STANDARD,ebay
69053263/ebay_1941.jpg,69053263,DOOD-EN055,first,SPELL_TRAP,ebay
69680031/ebay_1942.jpg,69680031,,first,STANDARD,ebay
13076804/ebay_1944.jpg,13076804,,first,STANDARD,ebay
40737112/ebay_1947.jpg,40737112,,first,STANDARD,ebay
30576089/ebay_1948.jpg,30576089,,first,STANDARD,ebay
72648810/ebay_1949.jpg,72648810,SHVI-EN079,first,SPELL_TRAP,ebay
89631139/ebay_1952.jpg,89631139,,first,STANDARD,ebay
23657016/ebay_1953.jpg,23657016,,first,STANDARD,ebay
71521025/ebay_1956.jpg,71521025,,first,STANDARD,ebay
37265642/ebay_1957.jpg,37265642,,first,STANDARD,ebay
46986414/ebay_1958.jpg,46986414,SDY-E005,first,STANDARD,ebay
59822133/ebay_1960.jpg,59822133,RA02-EN030,first,STANDARD,ebay
32530043/ebay_1961.jpg,32530043,MP25-EN286,first,STANDARD,ebay
74677422/ebay_1964.jpg,74677422,,first,STANDARD,ebay
83257450/ebay_1967.jpg,83257450,INFO-EN033,first,STANDARD,ebay
89631139/ebay_1968.jpg,89631139,RA05-EN085,first,STANDARD,ebay
89631139/ebay_1971.jpg,89631139,,first,STANDARD,ebay
40216089/ebay_1974.jpg,40216089,,,LINK,ebay
57116033/ebay_1976.jpg,57116033,,first,STANDARD,ebay
82315403/ebay_1978.jpg,82315403,LDS2-EN033,first,STANDARD,ebay
53982768/ebay_1980.jpg,53982768,,first,STANDARD,ebay
31786629/ebay_1982.jpg,31786629,LCKC-EN067,first,STANDARD,ebay
56840427/ebay_1986.jpg,56840427,KICO-EN045,first,STANDARD,ebay
13256226/ebay_1987.jpg,13256226,MP25-EN268,first,STANDARD,ebay
44698398/ebay_1990.jpg,44698398,,first,STANDARD,ebay
47150851/ebay_1992.jpg,47150851,DCR-007,first,STANDARD,ebay
88021907/ebay_1993.jpg,88021907,GFP2-EN146,first,STANDARD,ebay
30113682/ebay_1994.jpg,30113682,,first,STANDARD,ebay
17955766/ebay_1996.jpg,17955766,RA05-EN088,first,STANDARD,ebay
18378582/ebay_1998.jpg,18378582,,first,STANDARD,ebay
89631139/ebay_1999.jpg,89631139,,first,STANDARD,ebay
85520851/ebay_2001.jpg,85520851,,first,STANDARD,ebay
89631139/ebay_2002.jpg,89631139,,first,STANDARD,ebay
12266229/ebay_2007.jpg,12266229,,first,STANDARD,ebay
66961194/ebay_2009.jpg,66961194,MP23-EN005,first,STANDARD,ebay
98045062/ebay_2010.jpg,98045062,AST-037,first,SPELL_TRAP,ebay
46986414/ebay_2011.jpg,46986414,,first,STANDARD,ebay
02295440/ebay_2012.jpg,02295440,,first,SPELL_TRAP,ebay
22046459/ebay_2013.jpg,22046459,,first,SPELL_TRAP,ebay
46986414/ebay_2014.jpg,46986414,,unlimited,STANDARD,ebay
18378582/ebay_2017.jpg,18378582,AST-034,first,STANDARD,ebay
46411259/ebay_2018.jpg,46411259,MP25-EN299,first,SPELL_TRAP,ebay
46986414/ebay_2019.jpg,46986414,SDY-E005,first,STANDARD,ebay
98745000/ebay_2023.jpg,98745000,PGD-069,first,STANDARD,ebay
98502113/ebay_2025.jpg,98502113,,first,STANDARD,ebay
46986414/ebay_2026.jpg,46986414,RA05-EN083,first,STANDARD,ebay
74677422/ebay_2029.jpg,74677422,,first,STANDARD,ebay
70903634/ebay_2030.jpg,70903634,LOB-E099,first,STANDARD,ebay
46986414/ebay_2031.jpg,46986414,SDY-E005,first,STANDARD,ebay
90299015/ebay_2032.jpg,90299015,BACH-EN015,first,STANDARD,ebay
86238081/ebay_2035.jpg,86238081,MP17-EN205,first,PENDULUM,ebay
00213326/ebay_2036.jpg,00213326,,first,SPELL_TRAP,ebay
02314238/ebay_2039.jpg,02314238,AST-DE095,first,SPELL_TRAP,ebay
40908371/ebay_204.jpg,40908371,SDBE-DE040,first,STANDARD,ebay
13386503/ebay_2042.jpg,13386503,,first,STANDARD,ebay
91530236/ebay_2045.jpg,91530236,,first,SPELL_TRAP,ebay
30100551/ebay_2047.jpg,30100551,BLC1-EN013,first,STANDARD,ebay
20618081/ebay_2049.jpg,20618081,,first,STANDARD,ebay
38033121/ebay_2052.jpg,38033121,MVP1-EN056,first,STANDARD,ebay
27217742/ebay_2053.jpg,27217742,DUSA-EN012,first,STANDARD,ebay
77121851/ebay_2054.jpg,77121851,,first,STANDARD,ebay
45484331/ebay_2058.jpg,45484331,BLTR-EN108,first,STANDARD,ebay
40737112/ebay_2060.jpg,40737112,IOC-065,unlimited,STANDARD,ebay
17955766/ebay_2064.jpg,17955766,RA05-EN088,first,STANDARD,ebay
72656408/ebay_2069.jpg,72656408,BLMR-EN069,first,STANDARD,ebay
79415624/ebay_2071.jpg,79415624,ALIN-EN040,first,STANDARD,ebay
93600443/ebay_2072.jpg,93600443,,first,SPELL_TRAP,ebay
43898403/ebay_2073.jpg,43898403,RA02-EN060,first,SPELL_TRAP,ebay
22634473/ebay_2074.jpg,22634473,MP20-EN248,first,SPELL_TRAP,ebay
33760966/ebay_2075.jpg,33760966,,first,STANDARD,ebay
97631303/ebay_2076.jpg,97631303,RA02-EN014,first,STANDARD,ebay
30086349/ebay_2078.jpg,30086349,GFTP-EN096,first,STANDARD,ebay
37957847/ebay_2082.jpg,37957847,,first,STANDARD,ebay
00952523/ebay_2083.jpg,00952523,,first,LINK,ebay
15397015/ebay_2084.jpg,15397015,,first,STANDARD,ebay
66367984/ebay_2085.jpg,66367984,BLMR-EN038,first,SPELL_TRAP,ebay
94004268/ebay_2091.jpg,94004268,MFC-061,first,STANDARD,ebay
46986414/ebay_2095.jpg,46986414,YGLD-ENC09,first,STANDARD,ebay
84211599/ebay_2096.jpg,84211599,RA01-EN066,first,SPELL_TRAP,ebay
10755153/ebay_2098.jpg,10755153,DCR-006,first,STANDARD,ebay
13332685/ebay_2100.jpg,13332685,,first,STANDARD,ebay
19847532/ebay_2103.jpg,19847532,,first,STANDARD,ebay
43202238/ebay_2104.jpg,43202238,GFP2-EN131,first,STANDARD,ebay
17444133/ebay_2105.jpg,17444133,,first,STANDARD,ebay
39185163/ebay_2108.jpg,39185163,,first,STANDARD,ebay
75500286/ebay_2109.jpg,75500286,RA02-EN052,first,SPELL_TRAP,ebay
89631139/ebay_2110.jpg,89631139,DUSA-EN043,first,STANDARD,ebay
04064256/ebay_2112.jpg,04064256,GFP2-EN154,first,SPELL_TRAP,ebay
10443957/ebay_2113.jpg,10443957,RA04-EN068,first,STANDARD,ebay
66742250/ebay_2114.jpg,66742250,AST-105,first,SPELL_TRAP,ebay
43932460/ebay_212.jpg,43932460,,first,STANDARD,ebay
38033121/ebay_2120.jpg,38033121,,first,STANDARD,ebay
23530726/ebay_2121.jpg,23530726,,first,LINK,ebay
80749819/ebay_2122.jpg,80749819,,first,SPELL_TRAP,ebay
18094166/ebay_2123.jpg,18094166,GFP2-EN059,first,STANDARD,ebay
31562086/ebay_2125.jpg,31562086,,first,SPELL_TRAP,ebay
74997493/ebay_2129.jpg,74997493,RA05-EN053,first,LINK,ebay
22046459/ebay_2133.jpg,22046459,,unlimited,SPELL_TRAP,ebay
05556499/ebay_2142.jpg,05556499,,first,STANDARD,ebay
03598351/ebay_2143.jpg,03598351,,first,STANDARD,ebay
54594017/ebay_2145.jpg,54594017,BLMR-EN039,first,STANDARD,ebay
70781052/ebay_2147.jpg,70781052,SDY-004,first,STANDARD,ebay
89041555/ebay_2148.jpg,89041555,,first,SPELL_TRAP,ebay
62941499/ebay_2149.jpg,62941499,,first,STANDARD,ebay
86120751/ebay_2150.jpg,86120751,RA04-EN024,first,STANDARD,ebay
60942444/ebay_2151.jpg,60942444,GFP2-EN085,unlimited,STANDARD,ebay
46986414/ebay_2152.jpg,46986414,,first,STANDARD,ebay
16699558/ebay_2153.jpg,16699558,SDWD-EN032,first,STANDARD,ebay
47172959/ebay_2158.jpg,47172959,PHNI-EN038,first,STANDARD,ebay
72443568/ebay_2159.jpg,72443568,YGLD-ENC04,first,STANDARD,ebay
67750322/ebay_2164.jpg,67750322,RA02-EN005,first,STANDARD,ebay
78193831/ebay_2165.jpg,78193831,PSV-E050,first,STANDARD,ebay
56532353/ebay_2171.jpg,56532353,MVP1-EN001,first,STANDARD,ebay
47963370/ebay_2175.jpg,47963370,MP25-EN266,first,STANDARD,ebay
71074418/ebay_2176.jpg,71074418,,first,STANDARD,ebay
17597059/ebay_2177.jpg,17597059,,first,STANDARD,ebay
31829185/ebay_2178.jpg,31829185,LON-065,first,STANDARD,ebay
69890967/ebay_2180.jpg,69890967,,first,STANDARD,ebay
73580471/ebay_2181.jpg,73580471,,first,STANDARD,ebay
11082056/ebay_2183.jpg,11082056,DRL3-EN060,first,SPELL_TRAP,ebay
28803166/ebay_2186.jpg,28803166,BLGG-EN081,first,STANDARD,ebay
00102380/ebay_2190.jpg,00102380,,first,STANDARD,ebay
80681226/ebay_2192.jpg,80681226,,first,SPELL_TRAP,ebay
14883228/ebay_2195.jpg,14883228,DUDE-EN046,first,SPELL_TRAP,ebay
41739381/ebay_2196.jpg,41739381,RA05-EN058,first,LINK,ebay
33365932/ebay_2197.jpg,33365932,BLMR-EN053,first,STANDARD,ebay
70088809/ebay_2199.jpg,70088809,,unlimited,STANDARD,ebay
12381100/ebay_2201.jpg,12381100,,first,STANDARD,ebay
24508238/ebay_2207.jpg,24508238,,first,STANDARD,ebay
27243130/ebay_2210.jpg,27243130,RA02-EN058,first,SPELL_TRAP,ebay
31786629/ebay_2213.jpg,31786629,,,STANDARD,ebay
76925842/ebay_2214.jpg,76925842,PTDN-EN082,first,STANDARD,ebay
06368038/ebay_2215.jpg,06368038,,unlimited,STANDARD,ebay
31036355/ebay_2216.jpg,31036355,LOD-081,first,SPELL_TRAP,ebay
57134592/ebay_2217.jpg,57134592,RA04-EN083,first,LINK,ebay
23265313/ebay_2220.jpg,23265313,DCR-053,first,SPELL_TRAP,ebay
53639887/ebay_2222.jpg,53639887,AGOV-EN056,first,SPELL_TRAP,ebay
88989706/ebay_2224.jpg,88989706,,first,STANDARD,ebay
17444133/ebay_2229.jpg,17444133,SKE-015,first,STANDARD,ebay
75046994/ebay_2231.jpg,75046994,MAMO-EN058,first,STANDARD,ebay
99469936/ebay_2232.jpg,99469936,,first,STANDARD,ebay
44763025/ebay_2238.jpg,44763025,MAMO-EN093,first,SPELL_TRAP,ebay
27204311/ebay_2242.jpg,27204311,RA01-EN015,first,STANDARD,ebay
72218246/ebay_2244.jpg,72218246,,first,LINK,ebay
32530043/ebay_2246.jpg,32530043,,unlimited,STANDARD,ebay
69140098/ebay_2248.jpg,69140098,LON-000,first,STANDARD,ebay
98069388/ebay_2249.jpg,98069388,,first,SPELL_TRAP,ebay
06853254/ebay_2250.jpg,06853254,RA03-EN060,first,SPELL_TRAP,ebay
01225009/ebay_2251.jpg,01225009,,first,STANDARD,ebay
76862289/ebay_2253.jpg,76862289,,first,STANDARD,ebay
37818794/ebay_2254.jpg,37818794,,first,STANDARD,ebay
28168628/ebay_2255.jpg,28168628,WISU-EN022,first,LINK,ebay
75500286/ebay_2258.jpg,75500286,YGLD-ENC26,first,SPELL_TRAP,ebay
37818794/ebay_2259.jpg,37818794,,first,STANDARD,ebay
46986414/ebay_2260.jpg,46986414,,first,STANDARD,ebay
56196385/ebay_2261.jpg,56196385,,first,STANDARD,ebay
22377092/ebay_2263.jpg,22377092,,first,SPELL_TRAP,ebay
54693926/ebay_2266.jpg,54693926,,first,SPELL_TRAP,ebay
30603688/ebay_2268.jpg,30603688,LEDD-ENA03,first,STANDARD,ebay
14558127/ebay_2269.jpg,14558127,,first,STANDARD,ebay
23099524/ebay_2275.jpg,23099524,,unlimited,STANDARD,ebay
74850403/ebay_2277.jpg,74850403,,first,SPELL_TRAP,ebay
70711847/ebay_2278.jpg,70711847,RA05-EN012,first,STANDARD,ebay
42544773/ebay_228.jpg,42544773,,first,STANDARD,ebay
06368038/ebay_2281.jpg,06368038,,first,STANDARD,ebay
85087012/ebay_2282.jpg,85087012,DP03-EN009,first,STANDARD,ebay
82732705/ebay_2287.jpg,82732705,,unlimited,SPELL_TRAP,ebay
83152482/ebay_2291.jpg,83152482,DUOV-EN009,first,LINK,ebay
18891691/ebay_2294.jpg,18891691,RDS-EN012,first,STANDARD,ebay
76922029/ebay_2295.jpg,76922029,,first,STANDARD,ebay
58004362/ebay_2296.jpg,58004362,RA04-EN076,first,LINK,ebay
99266988/ebay_2298.jpg,99266988,,first,SPELL_TRAP,ebay
46986414/ebay_2299.jpg,46986414,,first,STANDARD,ebay
90960358/ebay_2300.jpg,90960358,DUPO-EN041,first,STANDARD,ebay
86165817/ebay_2301.jpg,86165817,,first,STANDARD,ebay
98567237/ebay_2303.jpg,98567237,,first,SPELL_TRAP,ebay
07359741/ebay_2307.jpg,07359741,LCYW-EN151,first,STANDARD,ebay
20663556/ebay_2308.jpg,20663556,,first,STANDARD,ebay
24915933/ebay_2310.jpg,24915933,CH01-EN050,first,STANDARD,ebay
66401502/ebay_2311.jpg,66401502,,first,STANDARD,ebay
72345736/ebay_2312.jpg,72345736,,first,SPELL_TRAP,ebay
63017368/ebay_2315.jpg,63017368,INFO-EN054,first,SPELL_TRAP,ebay
15005145/ebay_2318.jpg,15005145,VASM-EN016,first,STANDARD,ebay
72443568/ebay_2319.jpg,72443568,YGLD-ENC04,first,STANDARD,ebay
69272449/ebay_2320.jpg,69272449,,first,STANDARD,ebay
18378582/ebay_2321.jpg,18378582,,first,STANDARD,ebay
06007213/ebay_2323.jpg,06007213,DUSA-EN096,first,STANDARD,ebay
89851827/ebay_2324.jpg,89851827,DUAD-EN037,first,STANDARD,ebay
06855503/ebay_2328.jpg,06855503,RA02-EN022,first,STANDARD,ebay
76862289/ebay_2329.jpg,76862289,LOD-067,first,STANDARD,ebay
41175645/ebay_2330.jpg,41175645,RA02-EN012,first,STANDARD,ebay
23008320/ebay_2331.jpg,23008320,,first,SPELL_TRAP,ebay
59822133/ebay_2332.jpg,59822133,RA02-EN030,first,STANDARD,ebay
89974904/ebay_2333.jpg,89974904,,first,SPELL_TRAP,ebay
23153227/ebay_2338.jpg,23153227,,first,SPELL_TRAP,ebay
48179391/ebay_2339.jpg,48179391,,first,SPELL_TRAP,ebay
25862681/ebay_2343.jpg,25862681,ANPR-EN040,first,STANDARD,ebay
74677422/ebay_2345.jpg,74677422,,unlimited,STANDARD,ebay
63166095/ebay_2347.jpg,63166095,MAMA-EN009,first,SPELL_TRAP,ebay
83994433/ebay_2348.jpg,83994433,DUDE-EN012,first,STANDARD,ebay
09753964/ebay_2354.jpg,09753964,DUPO-EN057,first,STANDARD,ebay
05126490/ebay_2355.jpg,05126490,,unlimited,STANDARD,ebay
77103950/ebay_2356.jpg,77103950,RA02-EN069,first,SPELL_TRAP,ebay
49064413/ebay_2357.jpg,49064413,,first,STANDARD,ebay
11082056/ebay_2358.jpg,11082056,,first,SPELL_TRAP,ebay
36354007/ebay_236.jpg,36354007,,first,STANDARD,ebay
91135480/ebay_2360.jpg,91135480,GFTP-EN013,first,STANDARD,ebay
60242223/ebay_2361.jpg,60242223,RA05-EN023,first,STANDARD,ebay
56700100/ebay_2362.jpg,56700100,,first,SPELL_TRAP,ebay
12600382/ebay_2365.jpg,12600382,DCR-020,first,STANDARD,ebay
60411677/ebay_2366.jpg,60411677,MZTM-EN003,first,STANDARD,ebay
04837861/ebay_2367.jpg,04837861,,first,STANDARD,ebay
01861629/ebay_2368.jpg,01861629,DUDE-EN023,first,LINK,ebay
48179391/ebay_2369.jpg,48179391,,first,SPELL_TRAP,ebay
19272658/ebay_2371.jpg,19272658,BLMR-EN027,first,SPELL_TRAP,ebay
42901635/ebay_2372.jpg,42901635,SDMY-EN004,first,STANDARD,ebay
98159737/ebay_2375.jpg,98159737,GFP2-EN083,first,STANDARD,ebay
20415050/ebay_2376.jpg,20415050,,first,SPELL_TRAP,ebay
89558743/ebay_2377.jpg,89558743,,first,SPELL_TRAP,ebay
71039903/ebay_2379.jpg,71039903,SHVI-DE022,first,STANDARD,ebay
70780151/ebay_2380.jpg,70780151,BROL-EN070,first,STANDARD,ebay
24799107/ebay_2383.jpg,24799107,BLMM-EN064,first,STANDARD,ebay
59464593/ebay_2386.jpg,59464593,,first,STANDARD,ebay
02460565/ebay_2388.jpg,02460565,LOD-018,first,STANDARD,ebay
18807108/ebay_2389.jpg,18807108,,unlimited,,ebay
41578483/ebay_2391.jpg,41578483,,unlimited,STANDARD,ebay
33282498/ebay_2393.jpg,33282498,,first,STANDARD,ebay
61370518/ebay_2394.jpg,61370518,DCR-073,first,STANDARD,ebay
59822133/ebay_2395.jpg,59822133,,first,STANDARD,ebay
69933858/ebay_2396.jpg,69933858,,first,STANDARD,ebay
31849106/ebay_2397.jpg,31849106,,unlimited,SPELL_TRAP,ebay
76862289/ebay_2398.jpg,76862289,LOD-067,first,STANDARD,ebay
27847700/ebay_2399.jpg,27847700,,unlimited,,ebay
46986414/ebay_2400.jpg,46986414,,unlimited,STANDARD,ebay
46986414/ebay_2401.jpg,46986414,,unlimited,STANDARD,ebay
74677422/ebay_2403.jpg,74677422,,first,STANDARD,ebay
57774843/ebay_2405.jpg,57774843,,first,STANDARD,ebay
89631139/ebay_2409.jpg,89631139,LDS2-EN001,first,STANDARD,ebay
14989021/ebay_2411.jpg,14989021,,first,STANDARD,ebay
89631139/ebay_2412.jpg,89631139,,unlimited,STANDARD,ebay
89631139/ebay_2414.jpg,89631139,,unlimited,STANDARD,ebay
89631139/ebay_2415.jpg,89631139,DUSA-DE043,first,STANDARD,ebay
93382620/ebay_2416.jpg,93382620,,first,SPELL_TRAP,ebay
89631139/ebay_2417.jpg,89631139,LCKC-EN001,first,STANDARD,ebay
19162134/ebay_2419.jpg,19162134,DUSA-EN042,first,SPELL_TRAP,ebay
13048472/ebay_2421.jpg,13048472,,first,SPELL_TRAP,ebay
14509651/ebay_2424.jpg,14509651,LED5-EN001,first,STANDARD,ebay
13331639/ebay_2425.jpg,13331639,,first,PENDULUM,ebay
25262697/ebay_2428.jpg,25262697,LCYW-EN189,first,STANDARD,ebay
91998119/ebay_2434.jpg,91998119,,first,STANDARD,ebay
78193831/ebay_2439.jpg,78193831,PSV-050,first,STANDARD,ebay
13171876/ebay_2440.jpg,13171876,BLMM-EN056,first,STANDARD,ebay
40605147/ebay_2445.jpg,40605147,RA02-EN079,first,SPELL_TRAP,ebay
36709484/ebay_2447.jpg,36709484,,first,SPELL_TRAP,ebay
57624336/ebay_2448.jpg,57624336,RA04-EN017,first,PENDULUM,ebay
60764581/ebay_2449.jpg,60764581,,first,SPELL_TRAP,ebay
38033121/ebay_2451.jpg,38033121,,first,STANDARD,ebay
14365823/ebay_2453.jpg,14365823,SAST-EN049,first,LINK,ebay
21887175/ebay_2454.jpg,21887175,,unlimited,LINK,ebay
89974904/ebay_2455.jpg,89974904,DUSA-EN017,first,SPELL_TRAP,ebay
43898403/ebay_2457.jpg,43898403,,first,SPELL_TRAP,ebay
26586849/ebay_2458.jpg,26586849,,unlimited,SPELL_TRAP,ebay
46986414/ebay_2459.jpg,46986414,YGLD-ENC09,first,STANDARD,ebay
03410461/ebay_2463.jpg,03410461,MP23-EN080,first,STANDARD,ebay
69946549/ebay_2464.jpg,69946549,DUPO-EN069,first,STANDARD,ebay
93382620/ebay_2465.jpg,93382620,PGD-105,first,SPELL_TRAP,ebay
04031928/ebay_2467.jpg,04031928,,first,SPELL_TRAP,ebay
23995346/ebay_2468.jpg,23995346,,first,STANDARD,ebay
17032740/ebay_2469.jpg,17032740,,first,STANDARD,ebay
89631139/ebay_2475.jpg,89631139,,first,STANDARD,ebay
37721209/ebay_2476.jpg,37721209,IOC-083,first,STANDARD,ebay
06368038/ebay_2477.jpg,06368038,LOB-E004,first,STANDARD,ebay
46239604/ebay_2480.jpg,46239604,BLGG-EN055,,STANDARD,ebay
23204029/ebay_2485.jpg,23204029,SDHS-EN041,first,STANDARD,ebay
09839945/ebay_2488.jpg,09839945,MP22-EN089,first,LINK,ebay
16958382/ebay_2489.jpg,16958382,,first,STANDARD,ebay
78665705/ebay_2491.jpg,78665705,MZMI-EN069,first,SPELL_TRAP,ebay
62849088/ebay_2492.jpg,62849088,RA01-EN023,first,STANDARD,ebay
25862681/ebay_2493.jpg,25862681,ANPR-EN040,first,STANDARD,ebay
82489470/ebay_2494.jpg,82489470,BLTR-EN109,first,STANDARD,ebay
42166000/ebay_2495.jpg,42166000,,first,STANDARD,ebay
53503015/ebay_2496.jpg,53503015,LED4-EN026,first,SPELL_TRAP,ebay
10666000/ebay_2497.jpg,10666000,MZMI-EN023,first,STANDARD,ebay
43175858/ebay_2500.jpg,43175858,,first,SPELL_TRAP,ebay
72309040/ebay_2501.jpg,72309040,RA04-EN060,first,STANDARD,ebay
85138716/ebay_2503.jpg,85138716,RA02-EN008,first,STANDARD,ebay
61258740/ebay_2505.jpg,61258740,DUSA-EN009,first,SPELL_TRAP,ebay
89631139/ebay_2506.jpg,89631139,JMP-001,unlimited,STANDARD,ebay
49415281/ebay_2508.jpg,49415281,MAMO-EN009,unlimited,SPELL_TRAP,ebay
63972571/ebay_2509.jpg,63972571,,first,STANDARD,ebay
01006081/ebay_251.jpg,01006081,,first,STANDARD,ebay
58201062/ebay_2510.jpg,58201062,,first,STANDARD,ebay
45986603/ebay_2511.jpg,45986603,,first,SPELL_TRAP,ebay
03259760/ebay_2515.jpg,03259760,,first,SPELL_TRAP,ebay
75922381/ebay_2516.jpg,75922381,,first,STANDARD,ebay
87910978/ebay_2517.jpg,87910978,,first,SPELL_TRAP,ebay
89631139/ebay_2518.jpg,89631139,LDS2-EN001,first,STANDARD,ebay
20618850/ebay_2519.jpg,20618850,,first,SPELL_TRAP,ebay
42006475/ebay_252.jpg,42006475,,first,STANDARD,ebay
69890967/ebay_2520.jpg,69890967,DUSA-EN098,first,STANDARD,ebay
41659072/ebay_2521.jpg,41659072,,first,STANDARD,ebay
38342335/ebay_2522.jpg,38342335,,unlimited,LINK,ebay
12652643/ebay_2523.jpg,12652643,LODT-EN043,first,STANDARD,ebay
48130397/ebay_2524.jpg,48130397,CH01-EN033,first,SPELL_TRAP,ebay
66961194/ebay_2525.jpg,66961194,MP23-EN005,first,STANDARD,ebay
57953380/ebay_2529.jpg,57953380,LON-029,unlimited,SPELL_TRAP,ebay
32491822/ebay_2530.jpg,32491822,DUSA-EN097,first,STANDARD,ebay
70366448/ebay_2532.jpg,70366448,,first,SPELL_TRAP,ebay
76922029/ebay_2533.jpg,76922029,PGD-029,first,STANDARD,ebay
15381252/ebay_2534.jpg,15381252,,first,SPELL_TRAP,ebay
53539634/ebay_2535.jpg,53539634,,,STANDARD,ebay
65458948/ebay_2537.jpg,65458948,,first,STANDARD,ebay
27260347/ebay_2538.jpg,27260347,,first,STANDARD,ebay
48130397/ebay_2539.jpg,48130397,DUDE-EN040,first,SPELL_TRAP,ebay
27548199/ebay_2540.jpg,27548199,RA01-EN033,first,STANDARD,ebay
13974207/ebay_2541.jpg,13974207,,first,STANDARD,ebay
98045062/ebay_2543.jpg,98045062,,first,SPELL_TRAP,ebay
58071334/ebay_2545.jpg,58071334,,unlimited,STANDARD,ebay
79339613/ebay_2547.jpg,79339613,MP22-EN272,first,SPELL_TRAP,ebay
65899613/ebay_2550.jpg,65899613,,first,STANDARD,ebay
64276752/ebay_2551.jpg,64276752,BLGG-EN100,first,STANDARD,ebay
82103466/ebay_2553.jpg,82103466,DUPO-EN047,first,STANDARD,ebay
59242457/ebay_2555.jpg,59242457,,unlimited,STANDARD,ebay
95515518/ebay_2557.jpg,95515518,,first,LINK,ebay
10493654/ebay_2558.jpg,10493654,MP21-EN073,first,SPELL_TRAP,ebay
40398073/ebay_2559.jpg,40398073,BLMM-EN054,first,STANDARD,ebay
61370518/ebay_2561.jpg,61370518,,unlimited,STANDARD,ebay
65187687/ebay_2562.jpg,65187687,DIFO-EN040,first,STANDARD,ebay
43175858/ebay_2563.jpg,43175858,MAMA-EN112,first,SPELL_TRAP,ebay
14878871/ebay_2565.jpg,14878871,RA02-EN001,first,STANDARD,ebay
12632096/ebay_2566.jpg,12632096,,first,STANDARD,ebay
41830887/ebay_2568.jpg,41830887,,first,STANDARD,ebay
07093411/ebay_257.jpg,07093411,,limited,STANDARD,ebay
03078380/ebay_2570.jpg,03078380,BACH-EN003,first,STANDARD,ebay
98502113/ebay_2572.jpg,98502113,DPYG-EN016,first,STANDARD,ebay
32807846/ebay_2574.jpg,32807846,,first,SPELL_TRAP,ebay
89631139/ebay_2575.jpg,89631139,LCKC-EN001,first,STANDARD,ebay
17827173/ebay_2577.jpg,17827173,MP22-EN197,first,STANDARD,ebay
55410871/ebay_2579.jpg,55410871,,first,STANDARD,ebay
26533075/ebay_2580.jpg,26533075,,first,SPELL_TRAP,ebay
25862681/ebay_2581.jpg,25862681,RA01-EN030,first,STANDARD,ebay
12307878/ebay_2582.jpg,12307878,,first,STANDARD,ebay
80019195/ebay_2583.jpg,80019195,,first,STANDARD,ebay
08085950/ebay_2585.jpg,08085950,,first,STANDARD,ebay
60473572/ebay_2586.jpg,60473572,,first,PENDULUM,ebay
89851827/ebay_2588.jpg,89851827,,first,STANDARD,ebay
14625090/ebay_2590.jpg,14625090,,first,SPELL_TRAP,ebay
88123329/ebay_2592.jpg,88123329,BLTR-EN066,first,STANDARD,ebay
53982768/ebay_2593.jpg,53982768,,first,STANDARD,ebay
82361809/ebay_2594.jpg,82361809,,first,STANDARD,ebay
98069388/ebay_2595.jpg,98069388,MRD-130,first,SPELL_TRAP,ebay
24550676/ebay_2596.jpg,24550676,RA04-EN053,first,STANDARD,ebay
71521025/ebay_2597.jpg,71521025,DUDE-EN006,first,STANDARD,ebay
09791914/ebay_2598.jpg,09791914,REDU-EN033,first,STANDARD,ebay
66214679/ebay_2599.jpg,66214679,,first,STANDARD,ebay
57294268/ebay_260.jpg,57294268,,first,STANDARD,ebay
79856792/ebay_2600.jpg,79856792,,unlimited,STANDARD,ebay
74677422/ebay_2601.jpg,74677422,,unlimited,STANDARD,ebay
80666118/ebay_2602.jpg,80666118,,first,STANDARD,ebay
89631139/ebay_2603.jpg,89631139,,first,STANDARD,ebay
89631139/ebay_2605.jpg,89631139,,first,STANDARD,ebay
79856792/ebay_2608.jpg,79856792,,first,STANDARD,ebay
10375182/ebay_261.jpg,10375182,,limited,STANDARD,ebay
73580471/ebay_2610.jpg,73580471,,unlimited,STANDARD,ebay
74677422/ebay_2612.jpg,74677422,,first,STANDARD,ebay
82044279/ebay_2613.jpg,82044279,,first,,ebay
89631139/ebay_2615.jpg,89631139,,first,STANDARD,ebay
38517737/ebay_2616.jpg,38517737,,first,STANDARD,ebay
70095154/ebay_2617.jpg,70095154,,first,STANDARD,ebay
82044279/ebay_2618.jpg,82044279,,first,,ebay
09012916/ebay_2619.jpg,09012916,,first,STANDARD,ebay
46986414/ebay_2620.jpg,46986414,,unlimited,STANDARD,ebay
44405066/ebay_2624.jpg,44405066,,first,STANDARD,ebay
86346643/ebay_2625.jpg,86346643,,,STANDARD,ebay
89631139/ebay_2626.jpg,89631139,,unlimited,STANDARD,ebay
02956282/ebay_2627.jpg,02956282,GLD5-EN033,limited,STANDARD,ebay
70095154/ebay_2634.jpg,70095154,,first,STANDARD,ebay
93483212/ebay_2635.jpg,93483212,STOR-EN040,first,STANDARD,ebay
65192027/ebay_2636.jpg,65192027,,first,STANDARD,ebay
77336644/ebay_2639.jpg,77336644,CRMS-DE004,first,STANDARD,ebay
77336644/ebay_2643.jpg,77336644,CRMS-DE004,unlimited,STANDARD,ebay
73580471/ebay_2644.jpg,73580471,,unlimited,STANDARD,ebay
82044279/ebay_2645.jpg,82044279,,first,,ebay
79856792/ebay_2648.jpg,79856792,,unlimited,STANDARD,ebay
74677422/ebay_2649.jpg,74677422,,first,STANDARD,ebay
37742478/ebay_2650.jpg,37742478,,,STANDARD,ebay
09012916/ebay_2651.jpg,09012916,TSHD-EN040,first,STANDARD,ebay
48739166/ebay_2653.jpg,48739166,,first,STANDARD,ebay
86346643/ebay_2655.jpg,86346643,,unlimited,STANDARD,ebay
80666118/ebay_2656.jpg,80666118,,first,STANDARD,ebay
17032740/ebay_2658.jpg,17032740,,first,STANDARD,ebay
13386503/ebay_2659.jpg,13386503,DR2-EN184,unlimited,STANDARD,ebay
46294982/ebay_266.jpg,46294982,,first,STANDARD,ebay
41517789/ebay_2660.jpg,41517789,,first,STANDARD,ebay
74677422/ebay_2662.jpg,74677422,,first,STANDARD,ebay
23689697/ebay_2663.jpg,23689697,,first,STANDARD,ebay
59765225/ebay_2665.jpg,59765225,,first,STANDARD,ebay
37742478/ebay_2666.jpg,37742478,,unlimited,STANDARD,ebay
41420027/ebay_2667.jpg,41420027,,first,SPELL_TRAP,ebay
80666118/ebay_2668.jpg,80666118,,unlimited,STANDARD,ebay
46986414/ebay_2670.jpg,46986414,,first,STANDARD,ebay
18491580/ebay_2672.jpg,18491580,,,STANDARD,ebay
70095154/ebay_2673.jpg,70095154,,first,STANDARD,ebay
39272762/ebay_2674.jpg,39272762,,first,STANDARD,ebay
56840427/ebay_2677.jpg,56840427,,first,STANDARD,ebay
37742478/ebay_2680.jpg,37742478,,unlimited,STANDARD,ebay
67030233/ebay_2681.jpg,67030233,,unlimited,STANDARD,ebay
69610924/ebay_2682.jpg,69610924,,unlimited,STANDARD,ebay
88177324/ebay_2684.jpg,88177324,,first,STANDARD,ebay
97403510/ebay_2685.jpg,97403510,,first,STANDARD,ebay
79856792/ebay_2686.jpg,79856792,,unlimited,STANDARD,ebay
89631139/ebay_2687.jpg,89631139,,first,STANDARD,ebay
93717133/ebay_2688.jpg,93717133,,unlimited,STANDARD,ebay
39272762/ebay_2690.jpg,39272762,,unlimited,STANDARD,ebay
37742478/ebay_2691.jpg,37742478,,first,STANDARD,ebay
88240808/ebay_2692.jpg,88240808,LON-062,unlimited,STANDARD,ebay
59765225/ebay_2693.jpg,59765225,,first,STANDARD,ebay
79856792/ebay_2694.jpg,79856792,TAEV-EN006,first,STANDARD,ebay
82044279/ebay_2695.jpg,82044279,,first,,ebay
77336644/ebay_2698.jpg,77336644,,,STANDARD,ebay
41517789/ebay_2699.jpg,41517789,,first,STANDARD,ebay
70095154/ebay_2700.jpg,70095154,,first,STANDARD,ebay
37742478/ebay_2701.jpg,37742478,,unlimited,STANDARD,ebay
93717133/ebay_2702.jpg,93717133,,first,STANDARD,ebay
93483212/ebay_2706.jpg,93483212,,unlimited,STANDARD,ebay
38033121/ebay_2707.jpg,38033121,GFP2-DE177,first,STANDARD,ebay
82044279/ebay_2708.jpg,82044279,,unlimited,,ebay
88177324/ebay_2710.jpg,88177324,,unlimited,STANDARD,ebay
44508094/ebay_2711.jpg,44508094,,unlimited,STANDARD,ebay
02403771/ebay_2712.jpg,02403771,RGBT-EN042,first,STANDARD,ebay
38517737/ebay_2713.jpg,38517737,,first,STANDARD,ebay
59771339/ebay_2714.jpg,59771339,,unlimited,STANDARD,ebay
93483212/ebay_2715.jpg,93483212,,first,STANDARD,ebay
93717133/ebay_2716.jpg,93717133,PHSW-EN011,first,STANDARD,ebay
38033121/ebay_2717.jpg,38033121,,unlimited,STANDARD,ebay
87116928/ebay_2718.jpg,87116928,BLGG-EN138,first,STANDARD,ebay
73580471/ebay_2719.jpg,73580471,,unlimited,STANDARD,ebay
67030233/ebay_2720.jpg,67030233,,unlimited,STANDARD,ebay
56638325/ebay_2721.jpg,56638325,,first,STANDARD,ebay
93483212/ebay_2723.jpg,93483212,,first,STANDARD,ebay
50954680/ebay_2725.jpg,50954680,,first,STANDARD,ebay
59765225/ebay_2726.jpg,59765225,,first,STANDARD,ebay
89631139/ebay_2727.jpg,89631139,,unlimited,STANDARD,ebay
07841112/ebay_2728.jpg,07841112,,unlimited,STANDARD,ebay
89631139/ebay_2729.jpg,89631139,,limited,STANDARD,ebay
93483212/ebay_2731.jpg,93483212,,unlimited,STANDARD,ebay
41517789/ebay_2732.jpg,41517789,JOTL-EN047,first,STANDARD,ebay
89631139/ebay_2733.jpg,89631139,,first,STANDARD,ebay
67030233/ebay_2735.jpg,67030233,,first,STANDARD,ebay
70095154/ebay_2736.jpg,70095154,GFP2-DE178,first,STANDARD,ebay
89631139/ebay_2738.jpg,89631139,,first,STANDARD,ebay
24696097/ebay_2739.jpg,24696097,,unlimited,STANDARD,ebay
89631139/ebay_2740.jpg,89631139,,unlimited,STANDARD,ebay
59765225/ebay_2741.jpg,59765225,,first,STANDARD,ebay
62015408/ebay_2743.jpg,62015408,MP17-EN022,first,STANDARD,ebay
67030233/ebay_2744.jpg,67030233,,unlimited,STANDARD,ebay
25862681/ebay_2745.jpg,25862681,,unlimited,STANDARD,ebay
38033121/ebay_2746.jpg,38033121,,first,STANDARD,ebay
24696097/ebay_2747.jpg,24696097,,first,STANDARD,ebay
93717133/ebay_2748.jpg,93717133,,unlimited,STANDARD,ebay
64202399/ebay_275.jpg,64202399,,first,STANDARD,ebay
79856792/ebay_2750.jpg,79856792,,unlimited,STANDARD,ebay
05043010/ebay_2751.jpg,05043010,,first,LINK,ebay
44405066/ebay_2753.jpg,44405066,,first,STANDARD,ebay
01784686/ebay_2755.jpg,01784686,,first,SPELL_TRAP,ebay
38033121/ebay_2756.jpg,38033121,,unlimited,STANDARD,ebay
49202162/ebay_2758.jpg,49202162,,unlimited,LINK,ebay
10375182/ebay_276.jpg,10375182,,limited,STANDARD,ebay
86346643/ebay_2763.jpg,86346643,PTDN-EN044,first,STANDARD,ebay
93717133/ebay_2764.jpg,93717133,,unlimited,STANDARD,ebay
69610924/ebay_2766.jpg,69610924,,unlimited,STANDARD,ebay
77336644/ebay_2767.jpg,77336644,,unlimited,STANDARD,ebay
07841112/ebay_2768.jpg,07841112,SOVR-EN040,unlimited,STANDARD,ebay
29155212/ebay_277.jpg,29155212,,first,STANDARD,ebay
49221191/ebay_2770.jpg,49221191,,first,STANDARD,ebay
25862681/ebay_2774.jpg,25862681,,first,STANDARD,ebay
44405066/ebay_2775.jpg,44405066,,first,STANDARD,ebay
38517737/ebay_2776.jpg,38517737,,first,STANDARD,ebay
01784686/ebay_2777.jpg,01784686,GFP2-EN183,first,SPELL_TRAP,ebay
89631139/ebay_2778.jpg,89631139,,,STANDARD,ebay
44665365/ebay_2779.jpg,44665365,,first,STANDARD,ebay
05318639/ebay_2780.jpg,05318639,,first,SPELL_TRAP,ebay
16195942/ebay_2781.jpg,16195942,,first,STANDARD,ebay
70095154/ebay_2782.jpg,70095154,,first,STANDARD,ebay
97403510/ebay_2784.jpg,97403510,,first,STANDARD,ebay
67030233/ebay_2786.jpg,67030233,,first,STANDARD,ebay
79856792/ebay_2787.jpg,79856792,,unlimited,STANDARD,ebay
37742478/ebay_2788.jpg,37742478,,unlimited,STANDARD,ebay
73642296/ebay_2789.jpg,73642296,,first,STANDARD,ebay
50954680/ebay_2791.jpg,50954680,,first,STANDARD,ebay
93483212/ebay_2793.jpg,93483212,,unlimited,STANDARD,ebay
77336644/ebay_2797.jpg,77336644,,,STANDARD,ebay
07841112/ebay_2800.jpg,07841112,,unlimited,STANDARD,ebay
24696097/ebay_2801.jpg,24696097,STBL-DE040,first,STANDARD,ebay
09012916/ebay_2803.jpg,09012916,,first,STANDARD,ebay
68618157/ebay_2804.jpg,68618157,PRIO-EN052,unlimited,STANDARD,ebay
59765225/ebay_2806.jpg,59765225,,first,STANDARD,ebay
09012916/ebay_2808.jpg,09012916,,unlimited,STANDARD,ebay
59765225/ebay_2809.jpg,59765225,,unlimited,STANDARD,ebay
39272762/ebay_2810.jpg,39272762,,first,STANDARD,ebay
97403510/ebay_2812.jpg,97403510,,first,STANDARD,ebay
38517737/ebay_2814.jpg,38517737,,unlimited,STANDARD,ebay
26082117/ebay_2816.jpg,26082117,,limited,STANDARD,ebay
25862681/ebay_2817.jpg,25862681,ANPR-EN040,unlimited,STANDARD,ebay
41420027/ebay_2818.jpg,41420027,GLD5-EN045,limited,SPELL_TRAP,ebay
73580471/ebay_2819.jpg,73580471,,unlimited,STANDARD,ebay
87871125/ebay_2820.jpg,87871125,,first,LINK,ebay
01639384/ebay_2821.jpg,01639384,SHSP-EN056,unlimited,STANDARD,ebay
73642296/ebay_2823.jpg,73642296,,first,STANDARD,ebay
01784686/ebay_2824.jpg,01784686,,first,SPELL_TRAP,ebay
93717133/ebay_2826.jpg,93717133,,unlimited,STANDARD,ebay
69610924/ebay_2827.jpg,69610924,,first,STANDARD,ebay
93483212/ebay_2828.jpg,93483212,STOR-EN040,unlimited,STANDARD,ebay
59765225/ebay_2831.jpg,59765225,,first,STANDARD,ebay
44330098/ebay_2832.jpg,44330098,,first,STANDARD,ebay
23689697/ebay_2833.jpg,23689697,,unlimited,STANDARD,ebay
37742478/ebay_2834.jpg,37742478,,first,STANDARD,ebay
60645181/ebay_2835.jpg,60645181,REDU-EN041,unlimited,STANDARD,ebay
73642296/ebay_2836.jpg,73642296,,first,STANDARD,ebay
97403510/ebay_2837.jpg,97403510,,first,STANDARD,ebay
69610924/ebay_2840.jpg,69610924,,,STANDARD,ebay
97403510/ebay_2841.jpg,97403510,,unlimited,STANDARD,ebay
41517789/ebay_2842.jpg,41517789,,unlimited,STANDARD,ebay
44508094/ebay_2844.jpg,44508094,,unlimited,STANDARD,ebay
67030233/ebay_2845.jpg,67030233,ABPF-EN040,first,STANDARD,ebay
44508094/ebay_2846.jpg,44508094,TDGS-DE040,first,STANDARD,ebay
44910027/ebay_2848.jpg,44910027,,unlimited,STANDARD,ebay
49221191/ebay_2849.jpg,49221191,,unlimited,STANDARD,ebay
56840427/ebay_2850.jpg,56840427,,unlimited,STANDARD,ebay
44508094/ebay_2851.jpg,44508094,TDGS-EN040,unlimited,STANDARD,ebay
17032740/ebay_2852.jpg,17032740,,first,STANDARD,ebay
67030233/ebay_2854.jpg,67030233,,unlimited,STANDARD,ebay
01784686/ebay_2857.jpg,01784686,,first,SPELL_TRAP,ebay
89631139/ebay_2858.jpg,89631139,,unlimited,STANDARD,ebay
25862681/ebay_2860.jpg,25862681,,unlimited,STANDARD,ebay
77336644/ebay_2861.jpg,77336644,,unlimited,STANDARD,ebay
41517789/ebay_2862.jpg,41517789,JOTL-EN047,unlimited,STANDARD,ebay
41420027/ebay_2864.jpg,41420027,,limited,SPELL_TRAP,ebay
59771339/ebay_2865.jpg,59771339,,first,STANDARD,ebay
73879377/ebay_2866.jpg,73879377,,first,STANDARD,ebay
37742478/ebay_2868.jpg,37742478,,first,STANDARD,ebay
80666118/ebay_2869.jpg,80666118,,first,STANDARD,ebay
69610924/ebay_2870.jpg,69610924,,unlimited,STANDARD,ebay
17032740/ebay_2872.jpg,17032740,,first,STANDARD,ebay
82044279/ebay_2874.jpg,82044279,,first,,ebay
60645181/ebay_2876.jpg,60645181,,unlimited,STANDARD,ebay
62015408/ebay_2877.jpg,62015408,,first,STANDARD,ebay
79856792/ebay_2879.jpg,79856792,,unlimited,STANDARD,ebay
74677422/ebay_2880.jpg,74677422,,first,STANDARD,ebay
39272762/ebay_2881.jpg,39272762,,unlimited,STANDARD,ebay
37742478/ebay_2885.jpg,37742478,,unlimited,STANDARD,ebay
79856792/ebay_2886.jpg,79856792,TAEV-EN006,first,STANDARD,ebay
80666118/ebay_2887.jpg,80666118,DOCS-EN046,first,STANDARD,ebay
67030233/ebay_2888.jpg,67030233,ABPF-EN040,unlimited,STANDARD,ebay
67030233/ebay_2890.jpg,67030233,,unlimited,STANDARD,ebay
59771339/ebay_2891.jpg,59771339,,unlimited,STANDARD,ebay
80666118/ebay_2892.jpg,80666118,DOCS-EN046,first,STANDARD,ebay
48739166/ebay_2894.jpg,48739166,,first,STANDARD,ebay
58528964/ebay_2895.jpg,58528964,,first,STANDARD,ebay
22837504/ebay_2896.jpg,22837504,,first,STANDARD,ebay
44330098/ebay_2897.jpg,44330098,GLD5-EN024,unlimited,STANDARD,ebay
56840427/ebay_2898.jpg,56840427,,unlimited,STANDARD,ebay
37742478/ebay_2899.jpg,37742478,,unlimited,STANDARD,ebay
86346643/ebay_2900.jpg,86346643,,first,STANDARD,ebay
56840427/ebay_2901.jpg,56840427,,first,STANDARD,ebay
44665365/ebay_2902.jpg,44665365,GLD5-EN030,first,STANDARD,ebay
44095762/ebay_2903.jpg,44095762,MRD-G138,unlimited,SPELL_TRAP,ebay
35330871/ebay_2904.jpg,35330871,,first,STANDARD,ebay
23689697/ebay_2906.jpg,23689697,,unlimited,STANDARD,ebay
59771339/ebay_2909.jpg,59771339,,unlimited,STANDARD,ebay
55410871/ebay_2910.jpg,55410871,,unlimited,STANDARD,ebay
41517789/ebay_2911.jpg,41517789,,unlimited,STANDARD,ebay
60645181/ebay_2912.jpg,60645181,REDU-EN041,unlimited,STANDARD,ebay
67030233/ebay_2914.jpg,67030233,,unlimited,STANDARD,ebay
05318639/ebay_2917.jpg,05318639,,,SPELL_TRAP,ebay
67113830/ebay_2918.jpg,67113830,PGLD-EN029,unlimited,SPELL_TRAP,ebay
23689697/ebay_2919.jpg,23689697,,first,STANDARD,ebay
17032740/ebay_2921.jpg,17032740,,first,STANDARD,ebay
37742478/ebay_2922.jpg,37742478,,unlimited,STANDARD,ebay
59765225/ebay_2924.jpg,59765225,,first,STANDARD,ebay
67098114/ebay_2926.jpg,67098114,,,STANDARD,ebay
59771339/ebay_2927.jpg,59771339,,unlimited,STANDARD,ebay
56638325/ebay_2928.jpg,56638325,,first,STANDARD,ebay
07841112/ebay_293.jpg,07841112,,first,STANDARD,ebay
89631139/ebay_2930.jpg,89631139,,first,STANDARD,ebay
60645181/ebay_2931.jpg,60645181,,unlimited,STANDARD,ebay
37742478/ebay_2932.jpg,37742478,,unlimited,STANDARD,ebay
37742478/ebay_2933.jpg,37742478,,first,STANDARD,ebay
07841112/ebay_2934.jpg,07841112,,unlimited,STANDARD,ebay
38033121/ebay_2935.jpg,38033121,,first,STANDARD,ebay
74677422/ebay_2936.jpg,74677422,,,STANDARD,ebay
37742478/ebay_2940.jpg,37742478,,unlimited,STANDARD,ebay
02403771/ebay_2941.jpg,02403771,,unlimited,STANDARD,ebay
93717133/ebay_2943.jpg,93717133,,unlimited,STANDARD,ebay
74677422/ebay_2944.jpg,74677422,,unlimited,STANDARD,ebay
25862681/ebay_2945.jpg,25862681,,unlimited,STANDARD,ebay
46986414/ebay_2946.jpg,46986414,,,STANDARD,ebay
79856792/ebay_2948.jpg,79856792,,unlimited,STANDARD,ebay
07841112/ebay_2949.jpg,07841112,,first,STANDARD,ebay
35330871/ebay_2951.jpg,35330871,,first,STANDARD,ebay
49221191/ebay_2952.jpg,49221191,,unlimited,STANDARD,ebay
86346643/ebay_2953.jpg,86346643,,unlimited,STANDARD,ebay
44405066/ebay_2954.jpg,44405066,,first,STANDARD,ebay
59765225/ebay_2955.jpg,59765225,LED8-EN005,first,STANDARD,ebay
41420027/ebay_2956.jpg,41420027,,limited,SPELL_TRAP,ebay
16195942/ebay_2958.jpg,16195942,,first,STANDARD,ebay
60645181/ebay_2962.jpg,60645181,REDU-EN041,first,STANDARD,ebay
87871125/ebay_2963.jpg,87871125,,first,LINK,ebay
56840427/ebay_2967.jpg,56840427,,first,STANDARD,ebay
38033121/ebay_2975.jpg,38033121,GFP2-DE177,first,STANDARD,ebay
69610924/ebay_2976.jpg,69610924,,unlimited,STANDARD,ebay
01834753/ebay_2977.jpg,01834753,,unlimited,STANDARD,ebay
59438930/ebay_2979.jpg,59438930,RA02-EN009,unlimited,STANDARD,ebay
26205777/ebay_2982.jpg,26205777,,first,STANDARD,ebay
93483212/ebay_2983.jpg,93483212,,first,STANDARD,ebay
82044279/ebay_2984.jpg,82044279,,first,,ebay
50954680/ebay_2986.jpg,50954680,,unlimited,STANDARD,ebay
82044279/ebay_2988.jpg,82044279,,unlimited,,ebay
60643553/ebay_2990.jpg,60643553,,first,STANDARD,ebay
86346643/ebay_2992.jpg,86346643,,first,STANDARD,ebay
31764700/ebay_2993.jpg,31764700,,unlimited,STANDARD,ebay
09012916/ebay_2994.jpg,09012916,,unlimited,STANDARD,ebay
05318639/ebay_2996.jpg,05318639,,,SPELL_TRAP,ebay
41517789/ebay_2999.jpg,41517789,JOTL-EN047,unlimited,STANDARD,ebay
24696097/ebay_3000.jpg,24696097,STBL-DE040,first,STANDARD,ebay
17032740/ebay_3001.jpg,17032740,,unlimited,STANDARD,ebay
87911394/ebay_3005.jpg,87911394,,unlimited,STANDARD,ebay
89631139/ebay_3006.jpg,89631139,GLD5-EN001,limited,STANDARD,ebay
56840427/ebay_3007.jpg,56840427,,unlimited,STANDARD,ebay
46986414/ebay_3009.jpg,46986414,,unlimited,STANDARD,ebay
02347656/ebay_301.jpg,02347656,,first,STANDARD,ebay
73580471/ebay_3011.jpg,73580471,,first,STANDARD,ebay
97403510/ebay_3015.jpg,97403510,,unlimited,STANDARD,ebay
89631139/ebay_3016.jpg,89631139,GFP2-EN175,first,STANDARD,ebay
24696097/ebay_3017.jpg,24696097,STBL-DE040,first,STANDARD,ebay
58528964/ebay_3018.jpg,58528964,,unlimited,STANDARD,ebay
55410871/ebay_3019.jpg,55410871,,unlimited,STANDARD,ebay
49033797/ebay_302.jpg,49033797,,first,SPELL_TRAP,ebay
25862681/ebay_3020.jpg,25862681,,unlimited,STANDARD,ebay
73642296/ebay_3021.jpg,73642296,RA05-EN092,first,STANDARD,ebay
74677422/ebay_3023.jpg,74677422,,first,STANDARD,ebay
67030233/ebay_3024.jpg,67030233,ABPF-EN040,unlimited,STANDARD,ebay
02403771/ebay_3025.jpg,02403771,RGBT-EN042,first,STANDARD,ebay
69610924/ebay_3026.jpg,69610924,,unlimited,STANDARD,ebay
59438930/ebay_3027.jpg,59438930,,unlimited,STANDARD,ebay
67030233/ebay_3028.jpg,67030233,,,STANDARD,ebay
21065189/ebay_3029.jpg,21065189,,unlimited,STANDARD,ebay
88177324/ebay_3032.jpg,88177324,,unlimited,STANDARD,ebay
59771339/ebay_3033.jpg,59771339,,first,STANDARD,ebay
39272762/ebay_3034.jpg,39272762,,first,STANDARD,ebay
97403510/ebay_3035.jpg,97403510,CBLZ-EN045,unlimited,STANDARD,ebay
38033121/ebay_3036.jpg,38033121,,first,STANDARD,ebay
79856792/ebay_3037.jpg,79856792,TAEV-EN006,unlimited,STANDARD,ebay
17548456/ebay_304.jpg,17548456,,unlimited,STANDARD,ebay
89631139/ebay_3040.jpg,89631139,,unlimited,STANDARD,ebay
93717133/ebay_3042.jpg,93717133,,first,STANDARD,ebay
38033121/ebay_3044.jpg,38033121,,first,STANDARD,ebay
01784686/ebay_3045.jpg,01784686,,first,SPELL_TRAP,ebay
05318639/ebay_3047.jpg,05318639,,limited,SPELL_TRAP,ebay
41517789/ebay_3049.jpg,41517789,JOTL-EN047,first,STANDARD,ebay
13386503/ebay_3051.jpg,13386503,AST-071,unlimited,STANDARD,ebay
60643553/ebay_3052.jpg,60643553,RA03-EN020,first,STANDARD,ebay
14017402/ebay_3054.jpg,14017402,,unlimited,STANDARD,ebay
86346643/ebay_3055.jpg,86346643,,unlimited,STANDARD,ebay
93483212/ebay_3056.jpg,93483212,STOR-EN040,first,STANDARD,ebay
59771339/ebay_3057.jpg,59771339,EXVC-EN037,unlimited,STANDARD,ebay
79856792/ebay_3058.jpg,79856792,,unlimited,STANDARD,ebay
12580477/ebay_3059.jpg,12580477,,first,SPELL_TRAP,ebay
62015408/ebay_3060.jpg,62015408,,unlimited,STANDARD,ebay
52038441/ebay_3061.jpg,52038441,,unlimited,STANDARD,ebay
22850702/ebay_3062.jpg,22850702,,unlimited,STANDARD,ebay
60303688/ebay_3063.jpg,60303688,,first,STANDARD,ebay
35705817/ebay_3064.jpg,35705817,BLMR-EN026,first,SPELL_TRAP,ebay
14017402/ebay_3066.jpg,14017402,,unlimited,STANDARD,ebay
59771339/ebay_3067.jpg,59771339,,first,STANDARD,ebay
38033121/ebay_3068.jpg,38033121,,first,STANDARD,ebay
67030233/ebay_3069.jpg,67030233,,first,STANDARD,ebay
44508094/ebay_3070.jpg,44508094,,unlimited,STANDARD,ebay
44405066/ebay_3071.jpg,44405066,CORE-EN054,first,STANDARD,ebay
52038441/ebay_3072.jpg,52038441,,first,STANDARD,ebay
30860696/ebay_3073.jpg,30860696,,first,STANDARD,ebay
68618157/ebay_3074.jpg,68618157,,unlimited,STANDARD,ebay
79856792/ebay_3075.jpg,79856792,,unlimited,STANDARD,ebay
50954680/ebay_3076.jpg,50954680,,unlimited,STANDARD,ebay
55410871/ebay_3079.jpg,55410871,,unlimited,STANDARD,ebay
97403510/ebay_3080.jpg,97403510,,first,STANDARD,ebay
59438930/ebay_3081.jpg,59438930,RA04-EN015,first,STANDARD,ebay
93717133/ebay_3082.jpg,93717133,,first,STANDARD,ebay
69610924/ebay_3083.jpg,69610924,,first,STANDARD,ebay
88177324/ebay_3084.jpg,88177324,LTGY-EN044,unlimited,STANDARD,ebay
59765225/ebay_3085.jpg,59765225,,first,STANDARD,ebay
35330871/ebay_3086.jpg,35330871,SECE-EN085,first,STANDARD,ebay
44405066/ebay_3090.jpg,44405066,,first,STANDARD,ebay
73642296/ebay_3092.jpg,73642296,,first,STANDARD,ebay
67030233/ebay_3093.jpg,67030233,ABPF-EN040,unlimited,STANDARD,ebay
49221191/ebay_3096.jpg,49221191,,unlimited,STANDARD,ebay
78665705/ebay_3097.jpg,78665705,,first,SPELL_TRAP,ebay
89631139/ebay_3098.jpg,89631139,,first,STANDARD,ebay
68468459/ebay_310.jpg,68468459,,first,STANDARD,ebay
16195942/ebay_3101.jpg,16195942,,first,STANDARD,ebay
25554552/ebay_3102.jpg,25554552,,first,STANDARD,ebay
23689697/ebay_3105.jpg,23689697,,unlimited,STANDARD,ebay
49202162/ebay_3107.jpg,49202162,,first,LINK,ebay
14017402/ebay_3108.jpg,14017402,DREV-EN038,unlimited,STANDARD,ebay
48739166/ebay_3109.jpg,48739166,LED9-EN000,first,STANDARD,ebay
35330871/ebay_3110.jpg,35330871,SECE-EN085,first,STANDARD,ebay
17032740/ebay_3111.jpg,17032740,,first,STANDARD,ebay
77336644/ebay_3112.jpg,77336644,,unlimited,STANDARD,ebay
35330871/ebay_3113.jpg,35330871,,unlimited,STANDARD,ebay
89631139/ebay_3114.jpg,89631139,,first,STANDARD,ebay
14017402/ebay_3116.jpg,14017402,,first,STANDARD,ebay
50954680/ebay_3117.jpg,50954680,,unlimited,STANDARD,ebay
14017402/ebay_3118.jpg,14017402,,unlimited,STANDARD,ebay
59771339/ebay_3119.jpg,59771339,,unlimited,STANDARD,ebay
92373006/ebay_312.jpg,92373006,,unlimited,STANDARD,ebay
88177324/ebay_3120.jpg,88177324,LTGY-EN044,first,STANDARD,ebay
79856792/ebay_3121.jpg,79856792,,,STANDARD,ebay
48739166/ebay_3123.jpg,48739166,,first,STANDARD,ebay
68618157/ebay_3124.jpg,68618157,,first,STANDARD,ebay
07841112/ebay_3125.jpg,07841112,,unlimited,STANDARD,ebay
79856792/ebay_3127.jpg,79856792,,unlimited,STANDARD,ebay
19153590/ebay_313.jpg,19153590,,first,STANDARD,ebay
17032740/ebay_3130.jpg,17032740,GLAS-EN036,unlimited,STANDARD,ebay
11613567/ebay_3131.jpg,11613567,,,STANDARD,ebay
41420027/ebay_3133.jpg,41420027,,limited,SPELL_TRAP,ebay
73642296/ebay_3134.jpg,73642296,MP22-EN258,first,STANDARD,ebay
46195773/ebay_3135.jpg,46195773,,first,STANDARD,ebay
97342942/ebay_3136.jpg,97342942,SOD-DE043,,SPELL_TRAP,ebay
24696097/ebay_3139.jpg,24696097,STBL-EN040,unlimited,STANDARD,ebay
56840427/ebay_3140.jpg,56840427,,first,STANDARD,ebay
39272762/ebay_3141.jpg,39272762,,first,STANDARD,ebay
59771339/ebay_3142.jpg,59771339,,first,STANDARD,ebay
53183600/ebay_3143.jpg,53183600,,unlimited,STANDARD,ebay
77336644/ebay_3144.jpg,77336644,CRMS-DE004,first,STANDARD,ebay
24696097/ebay_3146.jpg,24696097,,first,STANDARD,ebay
37742478/ebay_3149.jpg,37742478,,unlimited,STANDARD,ebay
24696097/ebay_3150.jpg,24696097,STBL-EN040,first,STANDARD,ebay
07841112/ebay_3151.jpg,07841112,,unlimited,STANDARD,ebay
03040496/ebay_3153.jpg,03040496,,unlimited,STANDARD,ebay
23689697/ebay_3155.jpg,23689697,,unlimited,STANDARD,ebay
16195942/ebay_3156.jpg,16195942,NECH-EN053,first,STANDARD,ebay
31801517/ebay_3157.jpg,31801517,,unlimited,STANDARD,ebay
59438930/ebay_3158.jpg,59438930,,unlimited,STANDARD,ebay
82044279/ebay_3159.jpg,82044279,,unlimited,,ebay
44508094/ebay_3165.jpg,44508094,TDGS-DE040,unlimited,STANDARD,ebay
57006589/ebay_3166.jpg,57006589,,first,SPELL_TRAP,ebay
01639384/ebay_3167.jpg,01639384,,first,STANDARD,ebay
60643553/ebay_3168.jpg,60643553,,unlimited,STANDARD,ebay
05043010/ebay_3170.jpg,05043010,,first,LINK,ebay
62279055/ebay_3173.jpg,62279055,LON-G104,first,SPELL_TRAP,ebay
48576971/ebay_3175.jpg,48576971,,first,SPELL_TRAP,ebay
50954680/ebay_3176.jpg,50954680,,unlimited,STANDARD,ebay
67797569/ebay_3177.jpg,67797569,,first,STANDARD,ebay
05043010/ebay_3179.jpg,05043010,GFTP-EN131,first,LINK,ebay
07841112/ebay_3181.jpg,07841112,,unlimited,STANDARD,ebay
59438930/ebay_3182.jpg,59438930,,first,STANDARD,ebay
52038441/ebay_3183.jpg,52038441,RA02-EN015,first,STANDARD,ebay
23689697/ebay_3184.jpg,23689697,LVAL-EN040,unlimited,STANDARD,ebay
88177324/ebay_3185.jpg,88177324,,first,STANDARD,ebay
87871125/ebay_3186.jpg,87871125,,first,LINK,ebay
89631139/ebay_3187.jpg,89631139,,first,STANDARD,ebay
37742478/ebay_3188.jpg,37742478,LODT-EN001,unlimited,STANDARD,ebay
97403510/ebay_3190.jpg,97403510,,unlimited,STANDARD,ebay
41420027/ebay_3192.jpg,41420027,GLD5-EN045,first,SPELL_TRAP,ebay
48700891/ebay_3193.jpg,48700891,,first,STANDARD,ebay
48739166/ebay_3198.jpg,48739166,,first,STANDARD,ebay
27657173/ebay_320.jpg,27657173,,first,STANDARD,ebay
73580471/ebay_3201.jpg,73580471,,unlimited,STANDARD,ebay
82044279/ebay_3203.jpg,82044279,,first,,ebay
73580471/ebay_3205.jpg,73580471,,unlimited,STANDARD,ebay
01639384/ebay_3206.jpg,01639384,SHSP-EN056,first,STANDARD,ebay
80666118/ebay_3209.jpg,80666118,DOCS-EN046,first,STANDARD,ebay
81684048/ebay_3210.jpg,81684048,,first,STANDARD,ebay
77336644/ebay_3211.jpg,77336644,,unlimited,STANDARD,ebay
93483212/ebay_3212.jpg,93483212,,first,STANDARD,ebay
05318639/ebay_3216.jpg,05318639,GLD5-EN038,,SPELL_TRAP,ebay
93483212/ebay_3218.jpg,93483212,,first,STANDARD,ebay
30603688/ebay_322.jpg,30603688,,first,STANDARD,ebay
59438930/ebay_3221.jpg,59438930,,unlimited,STANDARD,ebay
62873545/ebay_3223.jpg,62873545,,unlimited,STANDARD,ebay
12580477/ebay_3224.jpg,12580477,,first,SPELL_TRAP,ebay
01784686/ebay_3225.jpg,01784686,,first,SPELL_TRAP,ebay
58528964/ebay_3227.jpg,58528964,,,STANDARD,ebay
41721210/ebay_3229.jpg,41721210,,first,STANDARD,ebay
09411399/ebay_323.jpg,09411399,,unlimited,STANDARD,ebay
62015408/ebay_3230.jpg,62015408,,unlimited,STANDARD,ebay
82044279/ebay_3231.jpg,82044279,,first,,ebay
67030233/ebay_3233.jpg,67030233,ABPF-EN040,unlimited,STANDARD,ebay
26412047/ebay_3234.jpg,26412047,,first,SPELL_TRAP,ebay
59765225/ebay_3236.jpg,59765225,,first,STANDARD,ebay
86346643/ebay_3239.jpg,86346643,,,STANDARD,ebay
77336644/ebay_3240.jpg,77336644,CRMS-EN004,unlimited,STANDARD,ebay
14017402/ebay_3243.jpg,14017402,,unlimited,STANDARD,ebay
75347539/ebay_3244.jpg,75347539,RP02-EN092,unlimited,STANDARD,ebay
49202162/ebay_3245.jpg,49202162,,,LINK,ebay
25862681/ebay_3247.jpg,25862681,,first,STANDARD,ebay
89631139/ebay_3248.jpg,89631139,,first,STANDARD,ebay
68618157/ebay_3249.jpg,68618157,PRIO-EN052,first,STANDARD,ebay
60645181/ebay_3250.jpg,60645181,,first,STANDARD,ebay
17032740/ebay_3252.jpg,17032740,GLAS-EN036,first,STANDARD,ebay
69610924/ebay_3253.jpg,69610924,GENF-EN039,first,STANDARD,ebay
74677422/ebay_3255.jpg,74677422,,unlimited,STANDARD,ebay
59464593/ebay_3256.jpg,59464593,,unlimited,STANDARD,ebay
35330871/ebay_3257.jpg,35330871,,first,STANDARD,ebay
88240808/ebay_3258.jpg,88240808,LON-062,first,STANDARD,ebay
62015408/ebay_3259.jpg,62015408,,first,STANDARD,ebay
74677422/ebay_3260.jpg,74677422,,first,STANDARD,ebay
46195773/ebay_3261.jpg,46195773,,unlimited,STANDARD,ebay
01639384/ebay_3262.jpg,01639384,,first,STANDARD,ebay
79856792/ebay_3263.jpg,79856792,,first,STANDARD,ebay
62015408/ebay_3268.jpg,62015408,MP22-EN256,first,STANDARD,ebay
44665365/ebay_3271.jpg,44665365,,first,STANDARD,ebay
01784686/ebay_3272.jpg,01784686,GFP2-EN183,first,SPELL_TRAP,ebay
80863132/ebay_3274.jpg,80863132,,first,SPELL_TRAP,ebay
12580477/ebay_3275.jpg,12580477,,first,SPELL_TRAP,ebay
25862681/ebay_3276.jpg,25862681,,first,STANDARD,ebay
05318639/ebay_3278.jpg,05318639,,unlimited,SPELL_TRAP,ebay
68618157/ebay_3279.jpg,68618157,,first,STANDARD,ebay
79575620/ebay_328.jpg,79575620,,first,STANDARD,ebay
73580471/ebay_3280.jpg,73580471,,unlimited,STANDARD,ebay
74677422/ebay_3281.jpg,74677422,,unlimited,STANDARD,ebay
14017402/ebay_3283.jpg,14017402,,unlimited,STANDARD,ebay
02956282/ebay_3284.jpg,02956282,GLD5-EN033,limited,STANDARD,ebay
05043010/ebay_3285.jpg,05043010,,first,LINK,ebay
38033121/ebay_3287.jpg,38033121,,first,STANDARD,ebay
02403771/ebay_3289.jpg,02403771,RGBT-EN042,first,STANDARD,ebay
12067160/ebay_329.jpg,12067160,,first,LINK,ebay
81684048/ebay_3290.jpg,81684048,,unlimited,STANDARD,ebay
97342942/ebay_3292.jpg,97342942,SOD-DE043,first,SPELL_TRAP,ebay
79856792/ebay_3294.jpg,79856792,,unlimited,STANDARD,ebay
67030233/ebay_3295.jpg,67030233,,unlimited,STANDARD,ebay
82044279/ebay_3296.jpg,82044279,,first,,ebay
01639384/ebay_3297.jpg,01639384,SHSP-EN056,first,STANDARD,ebay
44508094/ebay_3300.jpg,44508094,,unlimited,STANDARD,ebay
02333466/ebay_3301.jpg,02333466,,unlimited,STANDARD,ebay
17032740/ebay_3302.jpg,17032740,,first,STANDARD,ebay
02403771/ebay_3303.jpg,02403771,,unlimited,STANDARD,ebay
73580471/ebay_3305.jpg,73580471,CSOC-EN039,unlimited,STANDARD,ebay
93717133/ebay_3307.jpg,93717133,PHSW-EN011,,STANDARD,ebay
31833038/ebay_3308.jpg,31833038,,unlimited,LINK,ebay
86805855/ebay_3309.jpg,86805855,RDS-EN035,first,STANDARD,ebay
31829185/ebay_3310.jpg,31829185,LON-065,unlimited,STANDARD,ebay
32751480/ebay_3312.jpg,32751480,,first,STANDARD,ebay
25845518/ebay_3313.jpg,25845518,,,SPELL_TRAP,ebay
37742478/ebay_3314.jpg,37742478,,,STANDARD,ebay
01621413/ebay_3315.jpg,01621413,,first,STANDARD,ebay
38517737/ebay_3317.jpg,38517737,,first,STANDARD,ebay
41517789/ebay_3318.jpg,41517789,JOTL-EN047,first,STANDARD,ebay
13386503/ebay_3320.jpg,13386503,,first,STANDARD,ebay
73642296/ebay_3321.jpg,73642296,DUDE-EN004,first,STANDARD,ebay
88240808/ebay_3322.jpg,88240808,,unlimited,STANDARD,ebay
59438930/ebay_3323.jpg,59438930,RA02-EN009,first,STANDARD,ebay
65192027/ebay_3324.jpg,65192027,,first,STANDARD,ebay
49398568/ebay_3328.jpg,49398568,,first,SPELL_TRAP,ebay
25862681/ebay_3329.jpg,25862681,ANPR-EN040,unlimited,STANDARD,ebay
21065189/ebay_3330.jpg,21065189,,unlimited,STANDARD,ebay
59438930/ebay_3333.jpg,59438930,,first,STANDARD,ebay
93483212/ebay_3334.jpg,93483212,,unlimited,STANDARD,ebay
82044279/ebay_3335.jpg,82044279,,unlimited,,ebay
44405066/ebay_3336.jpg,44405066,,,STANDARD,ebay
38033121/ebay_3338.jpg,38033121,,unlimited,STANDARD,ebay
42141493/ebay_334.jpg,42141493,,first,STANDARD,ebay
59755122/ebay_3340.jpg,59755122,,first,STANDARD,ebay
86238081/ebay_3341.jpg,86238081,,first,PENDULUM,ebay
26914168/ebay_3344.jpg,26914168,,unlimited,STANDARD,ebay
67030233/ebay_3345.jpg,67030233,,unlimited,STANDARD,ebay
25862681/ebay_3346.jpg,25862681,ANPR-EN040,first,STANDARD,ebay
25542642/ebay_3348.jpg,25542642,,first,SPELL_TRAP,ebay
09012916/ebay_335.jpg,09012916,,unlimited,STANDARD,ebay
87871125/ebay_3350.jpg,87871125,,first,LINK,ebay
77336644/ebay_3353.jpg,77336644,,first,STANDARD,ebay
59438930/ebay_3355.jpg,59438930,RA02-EN009,first,STANDARD,ebay
86346643/ebay_3356.jpg,86346643,,first,STANDARD,ebay
12744567/ebay_3357.jpg,12744567,,first,STANDARD,ebay
12580477/ebay_3358.jpg,12580477,,first,SPELL_TRAP,ebay
49221191/ebay_3359.jpg,49221191,,first,STANDARD,ebay
79613121/ebay_336.jpg,79613121,,first,STANDARD,ebay
44665365/ebay_3360.jpg,44665365,GLD5-EN030,unlimited,STANDARD,ebay
02403771/ebay_3361.jpg,02403771,,unlimited,STANDARD,ebay
07841112/ebay_3362.jpg,07841112,,unlimited,STANDARD,ebay
44508094/ebay_3363.jpg,44508094,TDGS-EN040,unlimited,STANDARD,ebay
93483212/ebay_3365.jpg,93483212,,unlimited,STANDARD,ebay
01639384/ebay_3366.jpg,01639384,,first,STANDARD,ebay
73580471/ebay_3367.jpg,73580471,CSOC-EN039,unlimited,STANDARD,ebay
49221191/ebay_3368.jpg,49221191,,unlimited,STANDARD,ebay
77336644/ebay_3369.jpg,77336644,,unlimited,STANDARD,ebay
25862681/ebay_3370.jpg,25862681,ANPR-EN040,unlimited,STANDARD,ebay
52553102/ebay_3372.jpg,52553102,,first,STANDARD,ebay
59123194/ebay_3373.jpg,59123194,,first,STANDARD,ebay
89252157/ebay_3374.jpg,89252157,,,STANDARD,ebay
41420027/ebay_3375.jpg,41420027,GLD5-EN045,unlimited,SPELL_TRAP,ebay
42632209/ebay_3376.jpg,42632209,,first,STANDARD,ebay
59771339/ebay_3378.jpg,59771339,,unlimited,STANDARD,ebay
73580471/ebay_338.jpg,73580471,,first,STANDARD,ebay
21065189/ebay_3381.jpg,21065189,,unlimited,STANDARD,ebay
31786629/ebay_3382.jpg,31786629,,first,STANDARD,ebay
86346643/ebay_3383.jpg,86346643,,unlimited,STANDARD,ebay
58528964/ebay_3384.jpg,58528964,,,STANDARD,ebay
67030233/ebay_3385.jpg,67030233,ABPF-EN040,first,STANDARD,ebay
59771339/ebay_3389.jpg,59771339,EXVC-EN037,first,STANDARD,ebay
53842431/ebay_339.jpg,53842431,,unlimited,PENDULUM,ebay
38033121/ebay_3390.jpg,38033121,,first,STANDARD,ebay
82044279/ebay_3391.jpg,82044279,,unlimited,,ebay
59438930/ebay_3392.jpg,59438930,RA02-EN009,first,STANDARD,ebay
49221191/ebay_3393.jpg,49221191,,unlimited,STANDARD,ebay
11384280/ebay_3396.jpg,11384280,,unlimited,STANDARD,ebay
27548199/ebay_3397.jpg,27548199,,unlimited,STANDARD,ebay
01639384/ebay_3398.jpg,01639384,SHSP-EN056,unlimited,STANDARD,ebay
06368038/ebay_340.jpg,06368038,,first,STANDARD,ebay
10032958/ebay_3400.jpg,10032958,,unlimited,STANDARD,ebay
55171412/ebay_3402.jpg,55171412,,unlimited,STANDARD,ebay
26439287/ebay_3404.jpg,26439287,,first,STANDARD,ebay
63519819/ebay_3405.jpg,63519819,,unlimited,STANDARD,ebay
69140098/ebay_3406.jpg,69140098,,unlimited,STANDARD,ebay
68774379/ebay_3408.jpg,68774379,,unlimited,STANDARD,ebay
15317640/ebay_3409.jpg,15317640,,first,STANDARD,ebay
01546123/ebay_3410.jpg,01546123,,unlimited,STANDARD,ebay
74157028/ebay_3411.jpg,74157028,,first,STANDARD,ebay
11458071/ebay_3412.jpg,11458071,,first,STANDARD,ebay
82301904/ebay_3413.jpg,82301904,,first,STANDARD,ebay
01945387/ebay_3414.jpg,01945387,,unlimited,STANDARD,ebay
66818682/ebay_3415.jpg,66818682,,unlimited,STANDARD,ebay
40418351/ebay_3416.jpg,40418351,,unlimited,STANDARD,ebay
39188539/ebay_3418.jpg,39188539,,first,STANDARD,ebay
01546123/ebay_3419.jpg,01546123,,first,STANDARD,ebay
34710660/ebay_342.jpg,34710660,,first,STANDARD,ebay
15317640/ebay_3420.jpg,15317640,,first,STANDARD,ebay
18895832/ebay_3421.jpg,18895832,,unlimited,SPELL_TRAP,ebay
61441708/ebay_3423.jpg,61441708,FET-EN005,unlimited,STANDARD,ebay
57774843/ebay_3424.jpg,57774843,,unlimited,STANDARD,ebay
89631139/ebay_3426.jpg,89631139,,first,STANDARD,ebay
76039636/ebay_3427.jpg,76039636,,first,STANDARD,ebay
25789292/ebay_3428.jpg,25789292,,,SPELL_TRAP,ebay
47475363/ebay_343.jpg,47475363,MP17-DE041,first,SPELL_TRAP,ebay
14558127/ebay_3430.jpg,14558127,UP01-DE003,first,STANDARD,ebay
41436536/ebay_3432.jpg,41436536,,first,STANDARD,ebay
53828396/ebay_3433.jpg,53828396,,unlimited,STANDARD,ebay
64788463/ebay_3435.jpg,64788463,EEN-DE006,unlimited,STANDARD,ebay
74157028/ebay_3436.jpg,74157028,,first,STANDARD,ebay
59793705/ebay_3438.jpg,59793705,,first,STANDARD,ebay
39956951/ebay_3439.jpg,39956951,,first,SPELL_TRAP,ebay
01249315/ebay_344.jpg,01249315,,first,STANDARD,ebay
12652643/ebay_3442.jpg,12652643,,unlimited,STANDARD,ebay
78211862/ebay_3443.jpg,78211862,CRV-EN056,first,SPELL_TRAP,ebay
59464593/ebay_3445.jpg,59464593,,unlimited,STANDARD,ebay
06214884/ebay_3448.jpg,06214884,,unlimited,STANDARD,ebay
83764718/ebay_345.jpg,83764718,,limited,,ebay
21074344/ebay_3451.jpg,21074344,,unlimited,STANDARD,ebay
48712195/ebay_3452.jpg,48712195,,first,SPELL_TRAP,ebay
46986414/ebay_3453.jpg,46986414,YSYR-EN001,unlimited,STANDARD,ebay
32180819/ebay_3454.jpg,32180819,CSOC-EN056,unlimited,SPELL_TRAP,ebay
99414168/ebay_3455.jpg,99414168,,first,STANDARD,ebay
21051146/ebay_3456.jpg,21051146,,unlimited,STANDARD,ebay
20939559/ebay_3457.jpg,20939559,FET-EN024,first,STANDARD,ebay
32491822/ebay_3458.jpg,32491822,,,STANDARD,ebay
37011715/ebay_3459.jpg,37011715,,first,SPELL_TRAP,ebay
74677422/ebay_346.jpg,74677422,,unlimited,STANDARD,ebay
51481927/ebay_3461.jpg,51481927,,first,SPELL_TRAP,ebay
80453041/ebay_3462.jpg,80453041,,unlimited,STANDARD,ebay
93483212/ebay_3463.jpg,93483212,,unlimited,STANDARD,ebay
34088136/ebay_3465.jpg,34088136,,first,STANDARD,ebay
12538374/ebay_3466.jpg,12538374,,unlimited,STANDARD,ebay
04162088/ebay_3467.jpg,04162088,,unlimited,STANDARD,ebay
80344569/ebay_3468.jpg,80344569,,first,STANDARD,ebay
69890967/ebay_3469.jpg,69890967,,,STANDARD,ebay
16269385/ebay_347.jpg,16269385,,first,SPELL_TRAP,ebay
43405287/ebay_3470.jpg,43405287,,first,SPELL_TRAP,ebay
55615891/ebay_3471.jpg,55615891,,first,STANDARD,ebay
68774379/ebay_3474.jpg,68774379,,first,STANDARD,ebay
66214679/ebay_3476.jpg,66214679,,first,STANDARD,ebay
59793705/ebay_3477.jpg,59793705,,unlimited,STANDARD,ebay
34487429/ebay_3479.jpg,34487429,FOTB-DE045,first,SPELL_TRAP,ebay
62633180/ebay_3480.jpg,62633180,FET-EN056,first,SPELL_TRAP,ebay
46986414/ebay_3481.jpg,46986414,YSYR-DE001,unlimited,STANDARD,ebay
70095154/ebay_3483.jpg,70095154,,unlimited,STANDARD,ebay
14558127/ebay_3484.jpg,14558127,,first,STANDARD,ebay
13026402/ebay_3485.jpg,13026402,RDS-EN033,first,STANDARD,ebay
80186010/ebay_3488.jpg,80186010,FOTB-EN017,unlimited,STANDARD,ebay
78474168/ebay_3489.jpg,78474168,,unlimited,SPELL_TRAP,ebay
05817857/ebay_3490.jpg,05817857,,unlimited,STANDARD,ebay
80666118/ebay_3493.jpg,80666118,,first,STANDARD,ebay
46986414/ebay_3495.jpg,46986414,,first,STANDARD,ebay
69031175/ebay_3498.jpg,69031175,,first,STANDARD,ebay
00102380/ebay_350.jpg,00102380,,unlimited,STANDARD,ebay
18654201/ebay_3500.jpg,18654201,,unlimited,STANDARD,ebay
36995273/ebay_3501.jpg,36995273,,first,SPELL_TRAP,ebay
83121692/ebay_3502.jpg,83121692,,first,STANDARD,ebay
47737087/ebay_3503.jpg,47737087,,unlimited,STANDARD,ebay
49202162/ebay_3504.jpg,49202162,,unlimited,LINK,ebay
79979666/ebay_3505.jpg,79979666,,unlimited,STANDARD,ebay
79979666/ebay_3506.jpg,79979666,,unlimited,STANDARD,ebay
49879995/ebay_3507.jpg,49879995,,first,STANDARD,ebay
65240384/ebay_3508.jpg,65240384,,unlimited,STANDARD,ebay
25716180/ebay_3509.jpg,25716180,,first,STANDARD,ebay
74157028/ebay_3511.jpg,74157028,,unlimited,STANDARD,ebay
09012916/ebay_3512.jpg,09012916,,unlimited,STANDARD,ebay
54484652/ebay_3513.jpg,54484652,,first,STANDARD,ebay
33396948/ebay_3514.jpg,33396948,,unlimited,STANDARD,ebay
24696097/ebay_3515.jpg,24696097,STBL-DE040,first,STANDARD,ebay
23846921/ebay_3516.jpg,23846921,,unlimited,STANDARD,ebay
01546124/ebay_3517.jpg,01546124,,first,,ebay
60303688/ebay_3518.jpg,60303688,,unlimited,STANDARD,ebay
06480253/ebay_3519.jpg,06480253,,unlimited,STANDARD,ebay
22804410/ebay_352.jpg,22804410,,first,STANDARD,ebay
48996569/ebay_3520.jpg,48996569,,first,STANDARD,ebay
64599569/ebay_3521.jpg,64599569,,first,STANDARD,ebay
04929256/ebay_3522.jpg,04929256,SOD-DE022,first,STANDARD,ebay
54475145/ebay_3523.jpg,54475145,,unlimited,STANDARD,ebay
25366484/ebay_3524.jpg,25366484,,unlimited,STANDARD,ebay
30707994/ebay_3525.jpg,30707994,,unlimited,STANDARD,ebay
90140980/ebay_3526.jpg,90140980,,first,STANDARD,ebay
90829280/ebay_3527.jpg,90829280,,first,STANDARD,ebay
68319538/ebay_3529.jpg,68319538,,unlimited,STANDARD,ebay
35261759/ebay_353.jpg,35261759,,first,SPELL_TRAP,ebay
04162088/ebay_3532.jpg,04162088,,first,STANDARD,ebay
37630732/ebay_3533.jpg,37630732,CRV-DE037,first,SPELL_TRAP,ebay
06480253/ebay_3534.jpg,06480253,,first,STANDARD,ebay
99075257/ebay_3535.jpg,99075257,,unlimited,SPELL_TRAP,ebay
56506740/ebay_3536.jpg,56506740,RA05-DE072,first,SPELL_TRAP,ebay
14017402/ebay_3537.jpg,14017402,,first,STANDARD,ebay
49140998/ebay_3538.jpg,49140998,,unlimited,SPELL_TRAP,ebay
33420078/ebay_3539.jpg,33420078,,unlimited,STANDARD,ebay
67809530/ebay_354.jpg,67809530,,first,STANDARD,ebay
20174189/ebay_3540.jpg,20174189,,first,STANDARD,ebay
06849042/ebay_3542.jpg,06849042,,first,STANDARD,ebay
89631139/ebay_3544.jpg,89631139,YSKR-DE001,first,STANDARD,ebay
69884162/ebay_3546.jpg,69884162,,unlimited,STANDARD,ebay
25366484/ebay_3547.jpg,25366484,,unlimited,STANDARD,ebay
25789292/ebay_3548.jpg,25789292,,first,SPELL_TRAP,ebay
85507811/ebay_3549.jpg,85507811,,first,STANDARD,ebay
69031175/ebay_3551.jpg,69031175,,first,STANDARD,ebay
14943837/ebay_3555.jpg,14943837,,unlimited,STANDARD,ebay
61505339/ebay_3557.jpg,61505339,,first,STANDARD,ebay
06007213/ebay_3559.jpg,06007213,,unlimited,STANDARD,ebay
66214679/ebay_3560.jpg,66214679,,first,STANDARD,ebay
59464593/ebay_3561.jpg,59464593,,unlimited,STANDARD,ebay
25366484/ebay_3563.jpg,25366484,,unlimited,STANDARD,ebay
06337436/ebay_3564.jpg,06337436,,first,STANDARD,ebay
04929256/ebay_3565.jpg,04929256,SOD-EN022,unlimited,STANDARD,ebay
24221808/ebay_3568.jpg,24221808,,unlimited,STANDARD,ebay
55615891/ebay_3571.jpg,55615891,,unlimited,STANDARD,ebay
12435193/ebay_3572.jpg,12435193,,first,STANDARD,ebay
27346636/ebay_3573.jpg,27346636,,unlimited,STANDARD,ebay
43237273/ebay_3574.jpg,43237273,,first,STANDARD,ebay
39823987/ebay_3575.jpg,39823987,,unlimited,STANDARD,ebay
12652643/ebay_3577.jpg,12652643,,first,STANDARD,ebay
04162088/ebay_3578.jpg,04162088,,first,STANDARD,ebay
59464593/ebay_3579.jpg,59464593,,unlimited,STANDARD,ebay
98777036/ebay_358.jpg,98777036,,first,STANDARD,ebay
02158562/ebay_3580.jpg,02158562,,first,STANDARD,ebay
22624373/ebay_3581.jpg,22624373,,unlimited,STANDARD,ebay
75830094/ebay_3582.jpg,75830094,,first,STANDARD,ebay
01546123/ebay_3585.jpg,01546123,,unlimited,STANDARD,ebay
09126351/ebay_3587.jpg,09126351,,unlimited,STANDARD,ebay
37169670/ebay_3588.jpg,37169670,,unlimited,STANDARD,ebay
83764718/ebay_359.jpg,83764718,,first,,ebay
94381039/ebay_3590.jpg,94381039,LODT-EN024,first,STANDARD,ebay
95026693/ebay_3591.jpg,95026693,,unlimited,SPELL_TRAP,ebay
77336644/ebay_3593.jpg,77336644,CRMS-EN004,first,STANDARD,ebay
17132130/ebay_3594.jpg,17132130,,unlimited,STANDARD,ebay
62015408/ebay_3595.jpg,62015408,,unlimited,STANDARD,ebay
10526791/ebay_3596.jpg,10526791,,first,STANDARD,ebay
76925842/ebay_3597.jpg,76925842,,unlimited,STANDARD,ebay
27134689/ebay_3598.jpg,27134689,,,STANDARD,ebay
70781052/ebay_360.jpg,70781052,,first,STANDARD,ebay
45906428/ebay_3603.jpg,45906428,CRV-DE039,first,SPELL_TRAP,ebay
97362768/ebay_3604.jpg,97362768,,first,SPELL_TRAP,ebay
17494901/ebay_3607.jpg,17494901,,limited,SPELL_TRAP,ebay
57116033/ebay_3608.jpg,57116033,,first,STANDARD,ebay
47737087/ebay_3609.jpg,47737087,,first,STANDARD,ebay
25862681/ebay_361.jpg,25862681,,first,STANDARD,ebay
55878038/ebay_3610.jpg,55878038,,unlimited,STANDARD,ebay
61204971/ebay_3611.jpg,61204971,,unlimited,STANDARD,ebay
18891691/ebay_3613.jpg,18891691,RDS-EN012,first,STANDARD,ebay
12538374/ebay_3614.jpg,12538374,,first,STANDARD,ebay
41436536/ebay_3617.jpg,41436536,,first,STANDARD,ebay
61505339/ebay_3618.jpg,61505339,,first,STANDARD,ebay
57116033/ebay_3619.jpg,57116033,,first,STANDARD,ebay
45906428/ebay_3620.jpg,45906428,CRV-DE039,first,SPELL_TRAP,ebay
43797906/ebay_3621.jpg,43797906,FOTB-EN016,first,STANDARD,ebay
01546123/ebay_3622.jpg,01546123,,unlimited,STANDARD,ebay
46986414/ebay_3623.jpg,46986414,YSYR-EN001,first,STANDARD,ebay
69890967/ebay_3625.jpg,69890967,,first,STANDARD,ebay
89405199/ebay_3626.jpg,89405199,,unlimited,SPELL_TRAP,ebay
46986414/ebay_3627.jpg,46986414,,unlimited,STANDARD,ebay
72677437/ebay_3628.jpg,72677437,,first,STANDARD,ebay
32626733/ebay_3630.jpg,32626733,,,STANDARD,ebay
89604813/ebay_3631.jpg,89604813,,unlimited,STANDARD,ebay
49202162/ebay_3632.jpg,49202162,,unlimited,LINK,ebay
33396948/ebay_3633.jpg,33396948,,unlimited,STANDARD,ebay
21051146/ebay_3635.jpg,21051146,,,STANDARD,ebay
59380081/ebay_3636.jpg,59380081,,unlimited,STANDARD,ebay
55428811/ebay_3637.jpg,55428811,,unlimited,SPELL_TRAP,ebay
62279055/ebay_364.jpg,62279055,,first,SPELL_TRAP,ebay
30936186/ebay_3640.jpg,30936186,,,STANDARD,ebay
93039339/ebay_3641.jpg,93039339,,unlimited,STANDARD,ebay
69890967/ebay_3642.jpg,69890967,,first,STANDARD,ebay
35809262/ebay_3643.jpg,35809262,,first,STANDARD,ebay
59464593/ebay_3647.jpg,59464593,,unlimited,STANDARD,ebay
75917088/ebay_3649.jpg,75917088,,first,STANDARD,ebay
06007213/ebay_365.jpg,06007213,,,STANDARD,ebay
45023678/ebay_3650.jpg,45023678,CDIP-EN026,first,STANDARD,ebay
98045062/ebay_3651.jpg,98045062,,unlimited,SPELL_TRAP,ebay
54652250/ebay_3653.jpg,54652250,,first,STANDARD,ebay
62962630/ebay_3658.jpg,62962630,,unlimited,STANDARD,ebay
48653261/ebay_3659.jpg,48653261,,first,SPELL_TRAP,ebay
18013090/ebay_3661.jpg,18013090,,unlimited,STANDARD,ebay
28677304/ebay_3663.jpg,28677304,,first,STANDARD,ebay
60482781/ebay_3664.jpg,60482781,,first,STANDARD,ebay
46910446/ebay_3666.jpg,46910446,,unlimited,SPELL_TRAP,ebay
11224103/ebay_3669.jpg,11224103,,unlimited,STANDARD,ebay
86805855/ebay_3671.jpg,86805855,,first,STANDARD,ebay
65240384/ebay_3672.jpg,65240384,,unlimited,STANDARD,ebay
32543380/ebay_3673.jpg,32543380,,unlimited,STANDARD,ebay
70902743/ebay_3674.jpg,70902743,,unlimited,STANDARD,ebay
78004197/ebay_3675.jpg,78004197,,,STANDARD,ebay
23303072/ebay_3676.jpg,23303072,,unlimited,STANDARD,ebay
74591968/ebay_3677.jpg,74591968,,first,STANDARD,ebay
46986414/ebay_3678.jpg,46986414,YSYR-DE001,unlimited,STANDARD,ebay
89631139/ebay_3679.jpg,89631139,YSKR-DE001,first,STANDARD,ebay
01259814/ebay_368.jpg,01259814,,first,SPELL_TRAP,ebay
55171412/ebay_3681.jpg,55171412,,unlimited,STANDARD,ebay
18891691/ebay_3682.jpg,18891691,,first,STANDARD,ebay
86805855/ebay_3683.jpg,86805855,,first,STANDARD,ebay
46396218/ebay_3684.jpg,46396218,,,STANDARD,ebay
22160245/ebay_3685.jpg,22160245,,first,STANDARD,ebay
31764700/ebay_3686.jpg,31764700,PTDN-EN008,first,STANDARD,ebay
61441708/ebay_3690.jpg,61441708,,,STANDARD,ebay
85306040/ebay_3691.jpg,85306040,,first,STANDARD,ebay
32600024/ebay_3693.jpg,32600024,,unlimited,STANDARD,ebay
64599569/ebay_3695.jpg,64599569,,first,STANDARD,ebay
02371506/ebay_3696.jpg,02371506,,first,SPELL_TRAP,ebay
70095154/ebay_3697.jpg,70095154,,unlimited,STANDARD,ebay
69890967/ebay_3699.jpg,69890967,,first,STANDARD,ebay
88264978/ebay_3700.jpg,88264978,,first,STANDARD,ebay
60482781/ebay_3702.jpg,60482781,,unlimited,STANDARD,ebay
47737087/ebay_3704.jpg,47737087,,first,STANDARD,ebay
38342335/ebay_3706.jpg,38342335,,unlimited,LINK,ebay
09012916/ebay_3708.jpg,09012916,,unlimited,STANDARD,ebay
89604813/ebay_371.jpg,89604813,SDWD-DE043,first,STANDARD,ebay
49879995/ebay_3710.jpg,49879995,,unlimited,STANDARD,ebay
12817939/ebay_3711.jpg,12817939,,first,STANDARD,ebay
47737087/ebay_3712.jpg,47737087,,first,STANDARD,ebay
89631139/ebay_3713.jpg,89631139,YSKR-DE001,unlimited,STANDARD,ebay
30680659/ebay_3714.jpg,30680659,,first,STANDARD,ebay
57610714/ebay_3715.jpg,57610714,,unlimited,STANDARD,ebay
81866673/ebay_3716.jpg,81866673,,unlimited,STANDARD,ebay
13179332/ebay_3718.jpg,13179332,,unlimited,STANDARD,ebay
15291624/ebay_3719.jpg,15291624,,unlimited,STANDARD,ebay
98585345/ebay_3721.jpg,98585345,,first,STANDARD,ebay
71645463/ebay_3723.jpg,71645463,,first,STANDARD,ebay
98045062/ebay_3725.jpg,98045062,RA02-DE051,first,SPELL_TRAP,ebay
46986414/ebay_3726.jpg,46986414,,unlimited,STANDARD,ebay
12923641/ebay_3727.jpg,12923641,,,SPELL_TRAP,ebay
88789641/ebay_3728.jpg,88789641,,first,SPELL_TRAP,ebay
31801517/ebay_3729.jpg,31801517,,first,STANDARD,ebay
43316238/ebay_3730.jpg,43316238,,first,STANDARD,ebay
40737112/ebay_3731.jpg,40737112,,unlimited,STANDARD,ebay
40937767/ebay_3732.jpg,40937767,,unlimited,STANDARD,ebay
06007213/ebay_3733.jpg,06007213,,first,STANDARD,ebay
08240199/ebay_3734.jpg,08240199,OP27-DE001,unlimited,STANDARD,ebay
87910978/ebay_3737.jpg,87910978,,first,SPELL_TRAP,ebay
35405755/ebay_3739.jpg,35405755,,unlimited,STANDARD,ebay
10443957/ebay_374.jpg,10443957,,first,STANDARD,ebay
34830502/ebay_3740.jpg,34830502,,unlimited,STANDARD,ebay
32600024/ebay_3741.jpg,32600024,,unlimited,STANDARD,ebay
14148099/ebay_3742.jpg,14148099,,first,STANDARD,ebay
44508094/ebay_3743.jpg,44508094,,unlimited,STANDARD,ebay
49814180/ebay_3744.jpg,49814180,,first,STANDARD,ebay
12538374/ebay_3745.jpg,12538374,,,STANDARD,ebay
18271561/ebay_3746.jpg,18271561,,unlimited,SPELL_TRAP,ebay
18271561/ebay_3747.jpg,18271561,,first,SPELL_TRAP,ebay
85507811/ebay_3748.jpg,85507811,,unlimited,STANDARD,ebay
03784434/ebay_3749.jpg,03784434,,first,STANDARD,ebay
17170970/ebay_375.jpg,17170970,,first,STANDARD,ebay
73602965/ebay_3750.jpg,73602965,,first,STANDARD,ebay
35809262/ebay_3751.jpg,35809262,,first,STANDARD,ebay
04290468/ebay_3754.jpg,04290468,,first,STANDARD,ebay
49879995/ebay_3755.jpg,49879995,,first,STANDARD,ebay
10667321/ebay_3756.jpg,10667321,,unlimited,SPELL_TRAP,ebay
73680966/ebay_3757.jpg,73680966,,unlimited,SPELL_TRAP,ebay
98585345/ebay_3758.jpg,98585345,,unlimited,STANDARD,ebay
68745629/ebay_376.jpg,68745629,,unlimited,STANDARD,ebay
65303664/ebay_3760.jpg,65303664,,unlimited,STANDARD,ebay
29155212/ebay_3761.jpg,29155212,,unlimited,STANDARD,ebay
81197327/ebay_3762.jpg,81197327,,unlimited,STANDARD,ebay
39956951/ebay_3764.jpg,39956951,,first,SPELL_TRAP,ebay
37630732/ebay_3765.jpg,37630732,,first,SPELL_TRAP,ebay
41436536/ebay_3766.jpg,41436536,,first,STANDARD,ebay
49352945/ebay_3767.jpg,49352945,,unlimited,STANDARD,ebay
57046845/ebay_3768.jpg,57046845,FET-EN022,unlimited,STANDARD,ebay
44508094/ebay_3769.jpg,44508094,TDGS-DE040,unlimited,STANDARD,ebay
97342942/ebay_3770.jpg,97342942,,first,SPELL_TRAP,ebay
32491822/ebay_3772.jpg,32491822,,first,STANDARD,ebay
31440542/ebay_3773.jpg,31440542,SOD-EN020,first,STANDARD,ebay
34294855/ebay_3774.jpg,34294855,,first,STANDARD,ebay
79126789/ebay_3778.jpg,79126789,,unlimited,STANDARD,ebay
85306040/ebay_3779.jpg,85306040,,unlimited,STANDARD,ebay
99785935/ebay_378.jpg,99785935,DOR-G001,unlimited,STANDARD,ebay
89631139/ebay_3780.jpg,89631139,,first,STANDARD,ebay
67098114/ebay_3781.jpg,67098114,,unlimited,STANDARD,ebay
90374791/ebay_3782.jpg,90374791,EEN-EN045,first,SPELL_TRAP,ebay
15894048/ebay_3783.jpg,15894048,,first,STANDARD,ebay
98645731/ebay_3784.jpg,98645731,,unlimited,SPELL_TRAP,ebay
26577155/ebay_3785.jpg,26577155,,first,STANDARD,ebay
26439287/ebay_3787.jpg,26439287,,first,STANDARD,ebay
97556336/ebay_3788.jpg,97556336,UP01-EN004,,STANDARD,ebay
93483212/ebay_3789.jpg,93483212,STOR-EN040,first,STANDARD,ebay
89943723/ebay_379.jpg,89943723,,first,STANDARD,ebay
66818682/ebay_3791.jpg,66818682,,unlimited,STANDARD,ebay
14558127/ebay_3797.jpg,14558127,UP01-DE003,limited,STANDARD,ebay
32491822/ebay_3798.jpg,32491822,,first,STANDARD,ebay
82301904/ebay_3803.jpg,82301904,,first,STANDARD,ebay
80186010/ebay_3804.jpg,80186010,,first,STANDARD,ebay
12435193/ebay_3805.jpg,12435193,,first,STANDARD,ebay
22790789/ebay_3807.jpg,22790789,,unlimited,STANDARD,ebay
25366484/ebay_3808.jpg,25366484,,unlimited,STANDARD,ebay
14989021/ebay_3810.jpg,14989021,,unlimited,STANDARD,ebay
64788463/ebay_3812.jpg,64788463,,first,STANDARD,ebay
34294855/ebay_3813.jpg,34294855,,first,STANDARD,ebay
76263644/ebay_3814.jpg,76263644,,unlimited,STANDARD,ebay
04162088/ebay_3819.jpg,04162088,,first,STANDARD,ebay
43237273/ebay_3820.jpg,43237273,,first,STANDARD,ebay
41436536/ebay_3821.jpg,41436536,EOJ-EN032,first,STANDARD,ebay
50433147/ebay_3822.jpg,50433147,STOR-EN087,unlimited,SPELL_TRAP,ebay
77625948/ebay_3823.jpg,77625948,,first,STANDARD,ebay
09791914/ebay_3824.jpg,09791914,,unlimited,STANDARD,ebay
51355346/ebay_3828.jpg,51355346,RDS-EN028,first,STANDARD,ebay
99861526/ebay_3829.jpg,99861526,,unlimited,STANDARD,ebay
58604027/ebay_383.jpg,58604027,,first,STANDARD,ebay
64599569/ebay_3830.jpg,64599569,,unlimited,STANDARD,ebay
41436536/ebay_3832.jpg,41436536,,first,STANDARD,ebay
01621413/ebay_3833.jpg,01621413,,unlimited,STANDARD,ebay
12171659/ebay_3834.jpg,12171659,FOTB-EN018,unlimited,STANDARD,ebay
01546123/ebay_3837.jpg,01546123,,unlimited,STANDARD,ebay
67723438/ebay_3838.jpg,67723438,TDGS-DE053,unlimited,SPELL_TRAP,ebay
17415895/ebay_3840.jpg,17415895,,unlimited,STANDARD,ebay
76263644/ebay_3841.jpg,76263644,,unlimited,STANDARD,ebay
32543380/ebay_3842.jpg,32543380,,first,STANDARD,ebay
73285669/ebay_3843.jpg,73285669,,first,STANDARD,ebay
15187079/ebay_3844.jpg,15187079,,unlimited,STANDARD,ebay
52684508/ebay_3845.jpg,52684508,SOD-EN042,first,SPELL_TRAP,ebay
75560629/ebay_3848.jpg,75560629,,first,SPELL_TRAP,ebay
22624373/ebay_3849.jpg,22624373,,unlimited,STANDARD,ebay
70902743/ebay_385.jpg,70902743,,limited,STANDARD,ebay
35809262/ebay_3850.jpg,35809262,,unlimited,STANDARD,ebay
97342942/ebay_3851.jpg,97342942,,first,SPELL_TRAP,ebay
69890967/ebay_3852.jpg,69890967,,first,STANDARD,ebay
62980542/ebay_3853.jpg,62980542,,unlimited,SPELL_TRAP,ebay
41436536/ebay_3854.jpg,41436536,,first,STANDARD,ebay
22996376/ebay_3855.jpg,22996376,,first,STANDARD,ebay
29981921/ebay_3857.jpg,29981921,,first,STANDARD,ebay
27346636/ebay_3858.jpg,27346636,,unlimited,STANDARD,ebay
31833038/ebay_3859.jpg,31833038,,first,LINK,ebay
55144522/ebay_3861.jpg,55144522,DPKB-DE029,first,SPELL_TRAP,ebay
72634965/ebay_3862.jpg,72634965,,unlimited,STANDARD,ebay
35686187/ebay_3863.jpg,35686187,,first,,ebay
25366484/ebay_3865.jpg,25366484,,first,STANDARD,ebay
83104731/ebay_3869.jpg,83104731,,first,STANDARD,ebay
65892310/ebay_387.jpg,65892310,,first,STANDARD,ebay
76039636/ebay_3870.jpg,76039636,,first,STANDARD,ebay
44508094/ebay_3871.jpg,44508094,TDGS-DE040,first,STANDARD,ebay
29612557/ebay_3872.jpg,29612557,,unlimited,SPELL_TRAP,ebay
51632798/ebay_3873.jpg,51632798,,first,STANDARD,ebay
04929256/ebay_3875.jpg,04929256,,first,STANDARD,ebay
41160595/ebay_3876.jpg,41160595,,first,SPELL_TRAP,ebay
86346643/ebay_3878.jpg,86346643,,unlimited,STANDARD,ebay
65026212/ebay_3879.jpg,65026212,,first,STANDARD,ebay
85507811/ebay_3880.jpg,85507811,,first,STANDARD,ebay
61204971/ebay_3881.jpg,61204971,,first,STANDARD,ebay
33413279/ebay_3882.jpg,33413279,,first,STANDARD,ebay
51355346/ebay_3883.jpg,51355346,RDS-EN028,first,STANDARD,ebay
32723153/ebay_3884.jpg,32723153,,first,SPELL_TRAP,ebay
61204971/ebay_3885.jpg,61204971,,first,STANDARD,ebay
30646525/ebay_3886.jpg,30646525,,first,STANDARD,ebay
47737087/ebay_3887.jpg,47737087,,first,STANDARD,ebay
64788463/ebay_3888.jpg,64788463,EEN-DE006,first,STANDARD,ebay
77565204/ebay_3889.jpg,77565204,POTD-DE044,,SPELL_TRAP,ebay
87025064/ebay_389.jpg,87025064,,first,SPELL_TRAP,ebay
40937767/ebay_3892.jpg,40937767,,first,STANDARD,ebay
82260502/ebay_3893.jpg,82260502,TLM-EN012,first,STANDARD,ebay
44508094/ebay_3894.jpg,44508094,TDGS-DE040,first,STANDARD,ebay
48653261/ebay_3895.jpg,48653261,EOJ-EN045,first,SPELL_TRAP,ebay
45906428/ebay_3896.jpg,45906428,CRV-DE039,unlimited,SPELL_TRAP,ebay
12538374/ebay_3899.jpg,12538374,,unlimited,STANDARD,ebay
09411399/ebay_390.jpg,09411399,,unlimited,STANDARD,ebay
10248389/ebay_3900.jpg,10248389,,,STANDARD,ebay
06214884/ebay_3902.jpg,06214884,,unlimited,STANDARD,ebay
63176202/ebay_3905.jpg,63176202,,first,STANDARD,ebay
43898403/ebay_3908.jpg,43898403,,unlimited,SPELL_TRAP,ebay
95600067/ebay_3909.jpg,95600067,,first,STANDARD,ebay
17322533/ebay_391.jpg,17322533,,first,SPELL_TRAP,ebay
73872164/ebay_3910.jpg,73872164,,first,SPELL_TRAP,ebay
12652643/ebay_3911.jpg,12652643,,unlimited,STANDARD,ebay
35809262/ebay_3912.jpg,35809262,,,STANDARD,ebay
76925842/ebay_3913.jpg,76925842,,first,STANDARD,ebay
61441708/ebay_3914.jpg,61441708,,first,STANDARD,ebay
80651316/ebay_3915.jpg,80651316,,first,STANDARD,ebay
46910446/ebay_3916.jpg,46910446,EEN-EN044,unlimited,SPELL_TRAP,ebay
55428811/ebay_3919.jpg,55428811,,first,SPELL_TRAP,ebay
83104731/ebay_3920.jpg,83104731,,first,STANDARD,ebay
44676200/ebay_3921.jpg,44676200,,first,SPELL_TRAP,ebay
37169670/ebay_3922.jpg,37169670,,first,STANDARD,ebay
00698785/ebay_3923.jpg,00698785,,first,STANDARD,ebay
90238142/ebay_3924.jpg,90238142,,first,STANDARD,ebay
47805931/ebay_3925.jpg,47805931,,unlimited,STANDARD,ebay
59023523/ebay_3926.jpg,59023523,,,STANDARD,ebay
60229110/ebay_3927.jpg,60229110,,first,STANDARD,ebay
74157028/ebay_3928.jpg,74157028,,first,STANDARD,ebay
96148285/ebay_3929.jpg,96148285,,first,SPELL_TRAP,ebay
11876803/ebay_393.jpg,11876803,,first,STANDARD,ebay
29612557/ebay_3930.jpg,29612557,,first,SPELL_TRAP,ebay
96363153/ebay_3932.jpg,96363153,STBL-DE045,first,SPELL_TRAP,ebay
93483212/ebay_3933.jpg,93483212,,unlimited,STANDARD,ebay
49814180/ebay_3934.jpg,49814180,,unlimited,STANDARD,ebay
08240199/ebay_3936.jpg,08240199,,unlimited,STANDARD,ebay
66818682/ebay_3937.jpg,66818682,,unlimited,STANDARD,ebay
70902743/ebay_3938.jpg,70902743,,first,STANDARD,ebay
13650422/ebay_3939.jpg,13650422,,first,STANDARD,ebay
73125233/ebay_394.jpg,73125233,,unlimited,STANDARD,ebay
83555666/ebay_3941.jpg,83555666,,first,SPELL_TRAP,ebay
32752319/ebay_3943.jpg,32752319,,unlimited,STANDARD,ebay
30936186/ebay_3944.jpg,30936186,,unlimited,STANDARD,ebay
38033121/ebay_3945.jpg,38033121,RDS-ENSE2,limited,STANDARD,ebay
32491822/ebay_3946.jpg,32491822,,first,STANDARD,ebay
87911394/ebay_3947.jpg,87911394,,unlimited,STANDARD,ebay
48130397/ebay_3948.jpg,48130397,,unlimited,SPELL_TRAP,ebay
57116033/ebay_3949.jpg,57116033,,unlimited,STANDARD,ebay
72896720/ebay_3950.jpg,72896720,,first,STANDARD,ebay
84243274/ebay_3951.jpg,84243274,,first,STANDARD,ebay
71587526/ebay_3952.jpg,71587526,,,SPELL_TRAP,ebay
25652259/ebay_3954.jpg,25652259,EEN-DE004,first,STANDARD,ebay
89631139/ebay_3956.jpg,89631139,,first,STANDARD,ebay
26669055/ebay_3958.jpg,26669055,,unlimited,STANDARD,ebay
46427957/ebay_3959.jpg,46427957,,unlimited,STANDARD,ebay
51481927/ebay_3960.jpg,51481927,,first,SPELL_TRAP,ebay
79979666/ebay_3961.jpg,79979666,,unlimited,STANDARD,ebay
24508238/ebay_3962.jpg,24508238,,unlimited,STANDARD,ebay
94573223/ebay_3964.jpg,94573223,,first,STANDARD,ebay
12652643/ebay_3966.jpg,12652643,,unlimited,STANDARD,ebay
33767325/ebay_3967.jpg,33767325,,first,SPELL_TRAP,ebay
61441708/ebay_3968.jpg,61441708,,unlimited,STANDARD,ebay
46427957/ebay_3969.jpg,46427957,,first,STANDARD,ebay
25652259/ebay_3970.jpg,25652259,EEN-EN004,first,STANDARD,ebay
74157028/ebay_3971.jpg,74157028,,unlimited,STANDARD,ebay
40044918/ebay_3972.jpg,40044918,,unlimited,STANDARD,ebay
07602840/ebay_3974.jpg,07602840,,unlimited,STANDARD,ebay
10526791/ebay_3976.jpg,10526791,,first,STANDARD,ebay
85646474/ebay_3979.jpg,85646474,,first,STANDARD,ebay
39440937/ebay_3980.jpg,39440937,,first,SPELL_TRAP,ebay
57728570/ebay_3982.jpg,57728570,,unlimited,SPELL_TRAP,ebay
70902743/ebay_3983.jpg,70902743,,unlimited,STANDARD,ebay
90374791/ebay_3984.jpg,90374791,,unlimited,SPELL_TRAP,ebay
10236520/ebay_3985.jpg,10236520,,unlimited,STANDARD,ebay
44095762/ebay_3986.jpg,44095762,YS11-DE036,first,SPELL_TRAP,ebay
51355346/ebay_3988.jpg,51355346,RDS-EN028,unlimited,STANDARD,ebay
17955766/ebay_3989.jpg,17955766,,first,STANDARD,ebay
09012916/ebay_3990.jpg,09012916,,first,STANDARD,ebay
45939841/ebay_3991.jpg,45939841,,first,SPELL_TRAP,ebay
53046408/ebay_3993.jpg,53046408,,unlimited,SPELL_TRAP,ebay
01546123/ebay_3994.jpg,01546123,,unlimited,STANDARD,ebay
98502113/ebay_3995.jpg,98502113,,unlimited,STANDARD,ebay
82301904/ebay_3996.jpg,82301904,,unlimited,STANDARD,ebay
68468459/ebay_4005.jpg,68468459,,first,STANDARD,ebay
72270339/ebay_4006.jpg,72270339,,unlimited,STANDARD,ebay
24696097/ebay_4007.jpg,24696097,STBL-DE040,first,STANDARD,ebay
83629030/ebay_4008.jpg,83629030,,first,STANDARD,ebay
72926163/ebay_4012.jpg,72926163,,unlimited,STANDARD,ebay
74841885/ebay_4014.jpg,74841885,,first,STANDARD,ebay
70095154/ebay_4015.jpg,70095154,,unlimited,STANDARD,ebay
70095154/ebay_4017.jpg,70095154,,,STANDARD,ebay
13756293/ebay_4019.jpg,13756293,,first,STANDARD,ebay
32723153/ebay_4020.jpg,32723153,,,SPELL_TRAP,ebay
16051717/ebay_4021.jpg,16051717,,first,STANDARD,ebay
72714392/ebay_4022.jpg,72714392,ANPR-DE005,unlimited,STANDARD,ebay
22850702/ebay_4025.jpg,22850702,,first,STANDARD,ebay
74157028/ebay_4027.jpg,74157028,,first,STANDARD,ebay
89631139/ebay_4029.jpg,89631139,,unlimited,STANDARD,ebay
10248389/ebay_4030.jpg,10248389,,unlimited,STANDARD,ebay
82301904/ebay_4031.jpg,82301904,,unlimited,STANDARD,ebay
93717133/ebay_4033.jpg,93717133,,first,STANDARD,ebay
85066822/ebay_4034.jpg,85066822,,unlimited,STANDARD,ebay
17856505/ebay_4036.jpg,17856505,,first,STANDARD,ebay
49879995/ebay_4037.jpg,49879995,,first,STANDARD,ebay
98476659/ebay_4038.jpg,98476659,,first,SPELL_TRAP,ebay
89631139/ebay_4039.jpg,89631139,,unlimited,STANDARD,ebay
01546123/ebay_4041.jpg,01546123,,unlimited,STANDARD,ebay
48675364/ebay_4042.jpg,48675364,,first,STANDARD,ebay
70902743/ebay_4044.jpg,70902743,,unlimited,STANDARD,ebay
57046845/ebay_4045.jpg,57046845,,unlimited,STANDARD,ebay
12580477/ebay_4046.jpg,12580477,,unlimited,SPELL_TRAP,ebay
33396948/ebay_4048.jpg,33396948,,unlimited,STANDARD,ebay
04162088/ebay_4049.jpg,04162088,,first,STANDARD,ebay
69610924/ebay_4051.jpg,69610924,,unlimited,STANDARD,ebay
81866673/ebay_4053.jpg,81866673,,unlimited,STANDARD,ebay
44362883/ebay_4054.jpg,44362883,,unlimited,SPELL_TRAP,ebay
12923641/ebay_4055.jpg,12923641,,first,SPELL_TRAP,ebay
34664411/ebay_4056.jpg,34664411,,first,SPELL_TRAP,ebay
85066822/ebay_4057.jpg,85066822,,unlimited,STANDARD,ebay
79979666/ebay_4059.jpg,79979666,,unlimited,STANDARD,ebay
61757117/ebay_4061.jpg,61757117,,first,STANDARD,ebay
35809262/ebay_4063.jpg,35809262,,unlimited,STANDARD,ebay
59793705/ebay_4064.jpg,59793705,,first,STANDARD,ebay
33537328/ebay_4066.jpg,33537328,,unlimited,STANDARD,ebay
65403020/ebay_4067.jpg,65403020,,,STANDARD,ebay
43202238/ebay_4068.jpg,43202238,,first,STANDARD,ebay
99075257/ebay_4069.jpg,99075257,,first,SPELL_TRAP,ebay
39256679/ebay_407.jpg,39256679,DOR-G002,unlimited,STANDARD,ebay
87621407/ebay_4070.jpg,87621407,RDS-EN032,first,STANDARD,ebay
55171412/ebay_4071.jpg,55171412,,first,STANDARD,ebay
39823987/ebay_4072.jpg,39823987,,unlimited,STANDARD,ebay
95600067/ebay_4073.jpg,95600067,,first,STANDARD,ebay
53828396/ebay_4074.jpg,53828396,,first,STANDARD,ebay
37011715/ebay_4076.jpg,37011715,,first,SPELL_TRAP,ebay
95600067/ebay_4077.jpg,95600067,,unlimited,STANDARD,ebay
25801745/ebay_4078.jpg,25801745,,unlimited,STANDARD,ebay
98585345/ebay_4079.jpg,98585345,,first,STANDARD,ebay
94145021/ebay_4080.jpg,94145021,,unlimited,STANDARD,ebay
33396948/ebay_4082.jpg,33396948,,unlimited,STANDARD,ebay
01995985/ebay_4083.jpg,01995985,RDS-DE009,first,STANDARD,ebay
71544954/ebay_4084.jpg,71544954,,first,STANDARD,ebay
68774379/ebay_4087.jpg,68774379,,unlimited,STANDARD,ebay
12580477/ebay_4088.jpg,12580477,,first,SPELL_TRAP,ebay
41436536/ebay_4089.jpg,41436536,,first,STANDARD,ebay
79979666/ebay_4090.jpg,79979666,,unlimited,STANDARD,ebay
47274077/ebay_4091.jpg,47274077,,first,SPELL_TRAP,ebay
18891691/ebay_4092.jpg,18891691,,first,STANDARD,ebay
07391448/ebay_4093.jpg,07391448,,unlimited,STANDARD,ebay
48229808/ebay_4094.jpg,48229808,,unlimited,STANDARD,ebay
26412047/ebay_4095.jpg,26412047,,unlimited,SPELL_TRAP,ebay
60482781/ebay_4096.jpg,60482781,RDS-EN008,first,STANDARD,ebay
68618157/ebay_4097.jpg,68618157,,first,STANDARD,ebay
89621922/ebay_4098.jpg,89621922,,first,STANDARD,ebay
89405199/ebay_4099.jpg,89405199,SOD-EN055,first,SPELL_TRAP,ebay
20357457/ebay_4101.jpg,20357457,,unlimited,STANDARD,ebay
66818682/ebay_4103.jpg,66818682,,unlimited,STANDARD,ebay
44508094/ebay_4104.jpg,44508094,TDGS-DE040,first,STANDARD,ebay
12744567/ebay_4107.jpg,12744567,,first,STANDARD,ebay
32600024/ebay_4108.jpg,32600024,,unlimited,STANDARD,ebay
98777036/ebay_4109.jpg,98777036,,first,STANDARD,ebay
45985838/ebay_4110.jpg,45985838,AST-032,first,STANDARD,ebay
11224103/ebay_4112.jpg,11224103,,unlimited,STANDARD,ebay
66214679/ebay_4113.jpg,66214679,,first,STANDARD,ebay
12014404/ebay_4114.jpg,12014404,AP05-EN002,unlimited,STANDARD,ebay
36898537/ebay_4115.jpg,36898537,,first,STANDARD,ebay
41181774/ebay_4116.jpg,41181774,,first,STANDARD,ebay
22790789/ebay_4117.jpg,22790789,,first,STANDARD,ebay
15291624/ebay_4118.jpg,15291624,OP10-EN001,unlimited,STANDARD,ebay
57666212/ebay_4119.jpg,57666212,,unlimited,STANDARD,ebay
04929256/ebay_4120.jpg,04929256,SOD-EN022,first,STANDARD,ebay
96163807/ebay_4121.jpg,96163807,,first,STANDARD,ebay
17415895/ebay_4123.jpg,17415895,,first,STANDARD,ebay
00691925/ebay_4125.jpg,00691925,,unlimited,SPELL_TRAP,ebay
11502550/ebay_4128.jpg,11502550,,first,STANDARD,ebay
49010598/ebay_4129.jpg,49010598,,,SPELL_TRAP,ebay
98558751/ebay_4130.jpg,98558751,,unlimited,STANDARD,ebay
13391185/ebay_4132.jpg,13391185,,unlimited,STANDARD,ebay
60482781/ebay_4133.jpg,60482781,,first,STANDARD,ebay
58570206/ebay_4134.jpg,58570206,,unlimited,SPELL_TRAP,ebay
44508094/ebay_4135.jpg,44508094,TDGS-DE040,first,STANDARD,ebay
94573223/ebay_4136.jpg,94573223,,unlimited,STANDARD,ebay
43237273/ebay_4138.jpg,43237273,,,STANDARD,ebay
67095270/ebay_4139.jpg,67095270,,first,SPELL_TRAP,ebay
31764700/ebay_4140.jpg,31764700,,unlimited,STANDARD,ebay
89631139/ebay_4141.jpg,89631139,YSKR-DE001,unlimited,STANDARD,ebay
47274077/ebay_4142.jpg,47274077,,first,SPELL_TRAP,ebay
27178262/ebay_4143.jpg,27178262,,,SPELL_TRAP,ebay
97556336/ebay_4144.jpg,97556336,,first,STANDARD,ebay
82732705/ebay_4145.jpg,82732705,,unlimited,SPELL_TRAP,ebay
94381039/ebay_4146.jpg,94381039,,unlimited,STANDARD,ebay
11502550/ebay_4148.jpg,11502550,,first,STANDARD,ebay
26439287/ebay_4149.jpg,26439287,,first,STANDARD,ebay
38033121/ebay_415.jpg,38033121,,first,STANDARD,ebay
25165047/ebay_4151.jpg,25165047,,first,STANDARD,ebay
26905245/ebay_4152.jpg,26905245,PTDN-DE094,first,SPELL_TRAP,ebay
40659562/ebay_4153.jpg,40659562,,first,STANDARD,ebay
32626733/ebay_4154.jpg,32626733,,first,STANDARD,ebay
52687916/ebay_4155.jpg,52687916,,first,STANDARD,ebay
64599569/ebay_4156.jpg,64599569,,first,STANDARD,ebay
37630732/ebay_4158.jpg,37630732,CRV-DE037,first,SPELL_TRAP,ebay
98336111/ebay_4159.jpg,98336111,,first,STANDARD,ebay
46384672/ebay_4160.jpg,46384672,,unlimited,STANDARD,ebay
95888876/ebay_4161.jpg,95888876,,first,STANDARD,ebay
84013237/ebay_4162.jpg,84013237,,unlimited,STANDARD,ebay
44676200/ebay_4164.jpg,44676200,EEN-EN049,unlimited,SPELL_TRAP,ebay
25165047/ebay_4166.jpg,25165047,,first,STANDARD,ebay
94145021/ebay_4169.jpg,94145021,,unlimited,STANDARD,ebay
14315573/ebay_417.jpg,14315573,,unlimited,SPELL_TRAP,ebay
45906428/ebay_4171.jpg,45906428,CRV-DE039,first,SPELL_TRAP,ebay
88820235/ebay_4172.jpg,88820235,,first,STANDARD,ebay
67030233/ebay_4175.jpg,67030233,,unlimited,STANDARD,ebay
41517789/ebay_4176.jpg,41517789,,first,STANDARD,ebay
83555666/ebay_4177.jpg,83555666,,unlimited,SPELL_TRAP,ebay
30587695/ebay_4178.jpg,30587695,,unlimited,STANDARD,ebay
40189917/ebay_4180.jpg,40189917,,first,STANDARD,ebay
79933029/ebay_4181.jpg,79933029,OP22-DE001,unlimited,STANDARD,ebay
11502550/ebay_4182.jpg,11502550,,first,STANDARD,ebay
24221808/ebay_4183.jpg,24221808,,unlimited,STANDARD,ebay
95526884/ebay_4185.jpg,95526884,,first,STANDARD,ebay
55171412/ebay_4187.jpg,55171412,,unlimited,STANDARD,ebay
03659803/ebay_4188.jpg,03659803,POTD-DE042,first,SPELL_TRAP,ebay
24104865/ebay_4189.jpg,24104865,,first,STANDARD,ebay
69931927/ebay_4190.jpg,69931927,,first,STANDARD,ebay
23995346/ebay_4191.jpg,23995346,JMP-EN005,first,STANDARD,ebay
25366484/ebay_4192.jpg,25366484,,first,STANDARD,ebay
62279055/ebay_4194.jpg,62279055,,unlimited,SPELL_TRAP,ebay
01528054/ebay_4195.jpg,01528054,,unlimited,LINK,ebay
67523044/ebay_4196.jpg,67523044,,first,SPELL_TRAP,ebay
36256625/ebay_4198.jpg,36256625,,unlimited,STANDARD,ebay
61505339/ebay_4199.jpg,61505339,RDS-EN005,first,STANDARD,ebay
46986414/ebay_4204.jpg,46986414,,first,STANDARD,ebay
12266229/ebay_4207.jpg,12266229,,unlimited,STANDARD,ebay
20663556/ebay_4216.jpg,20663556,RA03-DE197,unlimited,STANDARD,ebay
02129638/ebay_422.jpg,02129638,MP17-DE056,first,STANDARD,ebay
62279055/ebay_4222.jpg,62279055,,first,SPELL_TRAP,ebay
38033121/ebay_4224.jpg,38033121,,first,STANDARD,ebay
08124921/ebay_4225.jpg,08124921,,first,STANDARD,ebay
46986414/ebay_4227.jpg,46986414,RA04-DE001,first,STANDARD,ebay
07093411/ebay_4234.jpg,07093411,,first,STANDARD,ebay
37164373/ebay_4235.jpg,37164373,,first,STANDARD,ebay
37351133/ebay_4238.jpg,37351133,,first,STANDARD,ebay
73125233/ebay_4240.jpg,73125233,,unlimited,STANDARD,ebay
46986414/ebay_4241.jpg,46986414,RA04-DE106,first,STANDARD,ebay
46986414/ebay_4242.jpg,46986414,,first,STANDARD,ebay
54757758/ebay_4245.jpg,54757758,,first,STANDARD,ebay
12538374/ebay_4246.jpg,12538374,,unlimited,STANDARD,ebay
70074904/ebay_4251.jpg,70074904,,unlimited,STANDARD,ebay
53567095/ebay_4253.jpg,53567095,,unlimited,SPELL_TRAP,ebay
21350571/ebay_4254.jpg,21350571,,unlimited,SPELL_TRAP,ebay
63356631/ebay_4255.jpg,63356631,,unlimited,SPELL_TRAP,ebay
78004197/ebay_4257.jpg,78004197,,unlimited,STANDARD,ebay
28985331/ebay_4259.jpg,28985331,,unlimited,STANDARD,ebay
42166000/ebay_4265.jpg,42166000,,first,STANDARD,ebay
78610936/ebay_4266.jpg,78610936,,first,SPELL_TRAP,ebay
89631139/ebay_4268.jpg,89631139,MP24-EN001,first,STANDARD,ebay
38033121/ebay_427.jpg,38033121,,first,STANDARD,ebay
22446869/ebay_4271.jpg,22446869,,unlimited,STANDARD,ebay
55410871/ebay_4273.jpg,55410871,,first,STANDARD,ebay
93969023/ebay_4274.jpg,93969023,,first,STANDARD,ebay
47297616/ebay_4278.jpg,47297616,,first,STANDARD,ebay
17259470/ebay_4280.jpg,17259470,,first,STANDARD,ebay
46986414/ebay_4283.jpg,46986414,,first,STANDARD,ebay
37818794/ebay_4287.jpg,37818794,,first,STANDARD,ebay
85138716/ebay_4288.jpg,85138716,,first,STANDARD,ebay
70595331/ebay_4291.jpg,70595331,,unlimited,STANDARD,ebay
73580471/ebay_4292.jpg,73580471,,unlimited,STANDARD,ebay
51788412/ebay_4295.jpg,51788412,,first,STANDARD,ebay
11012887/ebay_4297.jpg,11012887,,unlimited,STANDARD,ebay
43316238/ebay_4299.jpg,43316238,,unlimited,STANDARD,ebay
02956282/ebay_4300.jpg,02956282,,first,STANDARD,ebay
07093411/ebay_4301.jpg,07093411,,first,STANDARD,ebay
77585513/ebay_4305.jpg,77585513,,first,STANDARD,ebay
38033121/ebay_4306.jpg,38033121,,first,STANDARD,ebay
54652250/ebay_4307.jpg,54652250,,unlimited,STANDARD,ebay
89631139/ebay_4308.jpg,89631139,,first,STANDARD,ebay
19211362/ebay_4309.jpg,19211362,,unlimited,STANDARD,ebay
39030163/ebay_4311.jpg,39030163,,first,STANDARD,ebay
72880377/ebay_4313.jpg,72880377,,first,STANDARD,ebay
46986414/ebay_4315.jpg,46986414,,first,STANDARD,ebay
30603688/ebay_4317.jpg,30603688,,first,STANDARD,ebay
65726770/ebay_4319.jpg,65726770,,first,STANDARD,ebay
46986414/ebay_4321.jpg,46986414,TN23-DE001,limited,STANDARD,ebay
32274490/ebay_4323.jpg,32274490,,first,STANDARD,ebay
06853254/ebay_4325.jpg,06853254,,first,SPELL_TRAP,ebay
52687916/ebay_4327.jpg,52687916,,first,STANDARD,ebay
85106525/ebay_4328.jpg,85106525,,first,SPELL_TRAP,ebay
24643913/ebay_4331.jpg,24643913,,first,STANDARD,ebay
78193831/ebay_4332.jpg,78193831,,first,STANDARD,ebay
70074904/ebay_4334.jpg,70074904,,first,STANDARD,ebay
45809008/ebay_4335.jpg,45809008,,first,SPELL_TRAP,ebay
74677422/ebay_4337.jpg,74677422,,first,STANDARD,ebay
84013237/ebay_4339.jpg,84013237,,,STANDARD,ebay
56570271/ebay_4342.jpg,56570271,,unlimited,STANDARD,ebay
46986414/ebay_4343.jpg,46986414,RA03-DE080,first,STANDARD,ebay
03657444/ebay_4344.jpg,03657444,,unlimited,STANDARD,ebay
08124921/ebay_4345.jpg,08124921,,,STANDARD,ebay
98881700/ebay_4346.jpg,98881700,,unlimited,STANDARD,ebay
37351133/ebay_4348.jpg,37351133,,first,STANDARD,ebay
55343236/ebay_435.jpg,55343236,,limited,STANDARD,ebay
68468459/ebay_4350.jpg,68468459,,unlimited,STANDARD,ebay
92373006/ebay_4351.jpg,92373006,,first,STANDARD,ebay
22446869/ebay_4352.jpg,22446869,,first,STANDARD,ebay
73915051/ebay_4353.jpg,73915051,MP24-DE008,first,SPELL_TRAP,ebay
50237654/ebay_4354.jpg,50237654,,first,STANDARD,ebay
89399912/ebay_4355.jpg,89399912,,unlimited,STANDARD,ebay
23693634/ebay_4358.jpg,23693634,RA03-EN200,first,STANDARD,ebay
89631139/ebay_4359.jpg,89631139,RA04-DE108,first,STANDARD,ebay
69109764/ebay_436.jpg,69109764,,first,STANDARD,ebay
46986414/ebay_4361.jpg,46986414,,first,STANDARD,ebay
45467446/ebay_4362.jpg,45467446,,first,STANDARD,ebay
93717133/ebay_4364.jpg,93717133,,first,STANDARD,ebay
06728559/ebay_4365.jpg,06728559,,unlimited,STANDARD,ebay
59822133/ebay_4366.jpg,59822133,,first,STANDARD,ebay
11827244/ebay_4367.jpg,11827244,,,SPELL_TRAP,ebay
45883110/ebay_4368.jpg,45883110,,first,STANDARD,ebay
33198837/ebay_4369.jpg,33198837,,first,STANDARD,ebay
08131171/ebay_437.jpg,08131171,,unlimited,STANDARD,ebay
68468459/ebay_4370.jpg,68468459,,,STANDARD,ebay
04929256/ebay_4371.jpg,04929256,RA03-DE142,unlimited,STANDARD,ebay
21368273/ebay_4372.jpg,21368273,,first,STANDARD,ebay
30241314/ebay_4373.jpg,30241314,,unlimited,SPELL_TRAP,ebay
46986414/ebay_4375.jpg,46986414,,first,STANDARD,ebay
12580477/ebay_4376.jpg,12580477,,first,SPELL_TRAP,ebay
48156348/ebay_4379.jpg,48156348,,unlimited,STANDARD,ebay
66206748/ebay_438.jpg,66206748,,first,STANDARD,ebay
78010363/ebay_4380.jpg,78010363,RA03-DE091,first,STANDARD,ebay
89631139/ebay_4381.jpg,89631139,,first,STANDARD,ebay
46986414/ebay_4384.jpg,46986414,,first,STANDARD,ebay
84815190/ebay_4385.jpg,84815190,,first,STANDARD,ebay
22842126/ebay_4386.jpg,22842126,,first,SPELL_TRAP,ebay
98045062/ebay_4387.jpg,98045062,RA02-DE051,first,SPELL_TRAP,ebay
04810828/ebay_4389.jpg,04810828,,first,STANDARD,ebay
81674782/ebay_4392.jpg,81674782,,first,SPELL_TRAP,ebay
04810828/ebay_4394.jpg,04810828,,first,STANDARD,ebay
97940434/ebay_4395.jpg,97940434,,first,STANDARD,ebay
99153051/ebay_4396.jpg,99153051,,,STANDARD,ebay
24224830/ebay_4400.jpg,24224830,,first,SPELL_TRAP,ebay
38033121/ebay_4402.jpg,38033121,,first,STANDARD,ebay
83764718/ebay_4404.jpg,83764718,,first,,ebay
38033121/ebay_4405.jpg,38033121,,first,STANDARD,ebay
70903634/ebay_4408.jpg,70903634,,first,STANDARD,ebay
39507162/ebay_441.jpg,39507162,,limited,STANDARD,ebay
70095154/ebay_4410.jpg,70095154,,first,STANDARD,ebay
54757758/ebay_4412.jpg,54757758,,first,STANDARD,ebay
38033121/ebay_4415.jpg,38033121,,first,STANDARD,ebay
18940556/ebay_4416.jpg,18940556,,first,STANDARD,ebay
37742478/ebay_4418.jpg,37742478,,first,STANDARD,ebay
81210420/ebay_4419.jpg,81210420,,first,SPELL_TRAP,ebay
54757758/ebay_442.jpg,54757758,,unlimited,STANDARD,ebay
74677422/ebay_4422.jpg,74677422,,first,STANDARD,ebay
49702428/ebay_4426.jpg,49702428,,first,SPELL_TRAP,ebay
46986414/ebay_443.jpg,46986414,PCY-G004,unlimited,STANDARD,ebay
95718355/ebay_4432.jpg,95718355,,first,STANDARD,ebay
50237654/ebay_4434.jpg,50237654,,first,STANDARD,ebay
70902743/ebay_4435.jpg,70902743,,first,STANDARD,ebay
92353449/ebay_4436.jpg,92353449,,first,SPELL_TRAP,ebay
58577036/ebay_4437.jpg,58577036,,first,SPELL_TRAP,ebay
99217226/ebay_4439.jpg,99217226,,first,STANDARD,ebay
18491580/ebay_444.jpg,18491580,,limited,STANDARD,ebay
44519536/ebay_4440.jpg,44519536,,first,STANDARD,ebay
21123811/ebay_4441.jpg,21123811,,first,STANDARD,ebay
44508094/ebay_4442.jpg,44508094,,unlimited,STANDARD,ebay
95929069/ebay_4443.jpg,95929069,,first,STANDARD,ebay
37742478/ebay_4444.jpg,37742478,,first,STANDARD,ebay
15180041/ebay_4445.jpg,15180041,,first,STANDARD,ebay
27288416/ebay_4446.jpg,27288416,,first,STANDARD,ebay
77538567/ebay_4447.jpg,77538567,,unlimited,SPELL_TRAP,ebay
23899727/ebay_4448.jpg,23899727,,first,STANDARD,ebay
46986414/ebay_4449.jpg,46986414,,first,STANDARD,ebay
10375182/ebay_445.jpg,10375182,,unlimited,STANDARD,ebay
52687916/ebay_4452.jpg,52687916,,first,STANDARD,ebay
42752141/ebay_4453.jpg,42752141,,first,STANDARD,ebay
14342283/ebay_4454.jpg,14342283,,first,SPELL_TRAP,ebay
52687916/ebay_4455.jpg,52687916,,first,STANDARD,ebay
46986414/ebay_4456.jpg,46986414,RA04-DE106,first,STANDARD,ebay
98502113/ebay_4458.jpg,98502113,,first,STANDARD,ebay
16178681/ebay_4459.jpg,16178681,,first,PENDULUM,ebay
89604813/ebay_446.jpg,89604813,,first,STANDARD,ebay
68535320/ebay_4462.jpg,68535320,,first,STANDARD,ebay
41175645/ebay_4464.jpg,41175645,,first,STANDARD,ebay
46986414/ebay_4465.jpg,46986414,TN23-DE001,,STANDARD,ebay
64599569/ebay_4466.jpg,64599569,,first,STANDARD,ebay
67723438/ebay_4467.jpg,67723438,,first,SPELL_TRAP,ebay
89943723/ebay_4469.jpg,89943723,,first,STANDARD,ebay
70095154/ebay_447.jpg,70095154,,unlimited,STANDARD,ebay
80101899/ebay_4470.jpg,80101899,,unlimited,SPELL_TRAP,ebay
74677422/ebay_4474.jpg,74677422,,first,STANDARD,ebay
74677422/ebay_4475.jpg,74677422,,limited,STANDARD,ebay
43175858/ebay_4476.jpg,43175858,,first,SPELL_TRAP,ebay
75190122/ebay_4477.jpg,75190122,,first,SPELL_TRAP,ebay
90508760/ebay_4478.jpg,90508760,,first,STANDARD,ebay
34124316/ebay_448.jpg,34124316,,unlimited,STANDARD,ebay
38033121/ebay_4480.jpg,38033121,RA03-DE123,first,STANDARD,ebay
72167543/ebay_4482.jpg,72167543,,first,STANDARD,ebay
43973174/ebay_4484.jpg,43973174,,first,SPELL_TRAP,ebay
61204971/ebay_4485.jpg,61204971,,first,STANDARD,ebay
01357146/ebay_4486.jpg,01357146,,first,STANDARD,ebay
57314798/ebay_4487.jpg,57314798,,first,STANDARD,ebay
44335251/ebay_4488.jpg,44335251,,first,STANDARD,ebay
22398665/ebay_4489.jpg,22398665,,first,SPELL_TRAP,ebay
22398665/ebay_4490.jpg,22398665,RA04-EN096,first,SPELL_TRAP,ebay
22812963/ebay_4491.jpg,22812963,,first,STANDARD,ebay
72443568/ebay_4493.jpg,72443568,,first,STANDARD,ebay
79856792/ebay_4494.jpg,79856792,,limited,STANDARD,ebay
90238142/ebay_4495.jpg,90238142,,first,STANDARD,ebay
01546123/ebay_4497.jpg,01546123,,first,STANDARD,ebay
05318639/ebay_4500.jpg,05318639,,unlimited,SPELL_TRAP,ebay
48017189/ebay_4502.jpg,48017189,,first,STANDARD,ebay
82732705/ebay_4504.jpg,82732705,,first,SPELL_TRAP,ebay
21123811/ebay_4505.jpg,21123811,,first,STANDARD,ebay
33396948/ebay_4506.jpg,33396948,,unlimited,STANDARD,ebay
97169186/ebay_4508.jpg,97169186,,first,SPELL_TRAP,ebay
06579928/ebay_4509.jpg,06579928,,unlimited,STANDARD,ebay
14898066/ebay_451.jpg,14898066,,first,STANDARD,ebay
81034083/ebay_4510.jpg,81034083,,first,STANDARD,ebay
57554544/ebay_4512.jpg,57554544,,unlimited,SPELL_TRAP,ebay
63436931/ebay_4513.jpg,63436931,,first,STANDARD,ebay
45812361/ebay_4514.jpg,45812361,RA04-DE181,first,STANDARD,ebay
74311226/ebay_4515.jpg,74311226,,first,STANDARD,ebay
89631139/ebay_4517.jpg,89631139,RA04-DE002,first,STANDARD,ebay
78527720/ebay_452.jpg,78527720,,first,STANDARD,ebay
69031175/ebay_4520.jpg,69031175,,limited,STANDARD,ebay
64664373/ebay_4521.jpg,64664373,RA04-DE100,first,SPELL_TRAP,ebay
60800381/ebay_4522.jpg,60800381,,first,STANDARD,ebay
21954587/ebay_4525.jpg,21954587,,first,STANDARD,ebay
06353603/ebay_4527.jpg,06353603,,first,STANDARD,ebay
93016201/ebay_4528.jpg,93016201,,first,SPELL_TRAP,ebay
03659803/ebay_4530.jpg,03659803,RA03-DE169,first,SPELL_TRAP,ebay
59822133/ebay_4531.jpg,59822133,RA02-DE030,first,STANDARD,ebay
84290642/ebay_4532.jpg,84290642,,first,STANDARD,ebay
38342335/ebay_4533.jpg,38342335,,unlimited,LINK,ebay
16178681/ebay_4534.jpg,16178681,,first,PENDULUM,ebay
67750322/ebay_4536.jpg,67750322,,first,STANDARD,ebay
87639778/ebay_4537.jpg,87639778,,,SPELL_TRAP,ebay
44519536/ebay_4539.jpg,44519536,,first,STANDARD,ebay
42006475/ebay_454.jpg,42006475,,limited,STANDARD,ebay
46986414/ebay_4540.jpg,46986414,,limited,STANDARD,ebay
67723438/ebay_4541.jpg,67723438,,unlimited,SPELL_TRAP,ebay
12266229/ebay_4542.jpg,12266229,,first,STANDARD,ebay
35809262/ebay_4543.jpg,35809262,,first,STANDARD,ebay
48608796/ebay_4544.jpg,48608796,RA04-DE069,first,STANDARD,ebay
05318639/ebay_4546.jpg,05318639,,first,SPELL_TRAP,ebay
24643913/ebay_4547.jpg,24643913,,first,STANDARD,ebay
60465049/ebay_4549.jpg,60465049,,first,STANDARD,ebay
46411259/ebay_4550.jpg,46411259,,first,SPELL_TRAP,ebay
64599569/ebay_4551.jpg,64599569,,first,STANDARD,ebay
73304257/ebay_4552.jpg,73304257,,first,STANDARD,ebay
40908371/ebay_4553.jpg,40908371,,first,STANDARD,ebay
35027493/ebay_4554.jpg,35027493,,first,SPELL_TRAP,ebay
89631139/ebay_4555.jpg,89631139,,first,STANDARD,ebay
27062594/ebay_4557.jpg,27062594,,first,SPELL_TRAP,ebay
09748752/ebay_4558.jpg,09748752,,first,STANDARD,ebay
33776734/ebay_456.jpg,33776734,,unlimited,STANDARD,ebay
78868119/ebay_4560.jpg,78868119,,first,STANDARD,ebay
62076252/ebay_4561.jpg,62076252,,first,STANDARD,ebay
84797028/ebay_4562.jpg,84797028,,first,SPELL_TRAP,ebay
30539496/ebay_4564.jpg,30539496,,first,STANDARD,ebay
37164373/ebay_4565.jpg,37164373,,first,STANDARD,ebay
23015896/ebay_4570.jpg,23015896,,first,STANDARD,ebay
79559912/ebay_4571.jpg,79559912,,first,STANDARD,ebay
52854600/ebay_4574.jpg,52854600,,first,STANDARD,ebay
52352005/ebay_4577.jpg,52352005,,first,STANDARD,ebay
04779091/ebay_4578.jpg,04779091,RA03-EN190,first,STANDARD,ebay
14532163/ebay_4580.jpg,14532163,,first,SPELL_TRAP,ebay
30241314/ebay_4581.jpg,30241314,,first,SPELL_TRAP,ebay
88240808/ebay_4582.jpg,88240808,,first,STANDARD,ebay
23015896/ebay_4583.jpg,23015896,,first,STANDARD,ebay
70147689/ebay_4584.jpg,70147689,,first,SPELL_TRAP,ebay
90953320/ebay_4585.jpg,90953320,,first,STANDARD,ebay
89631139/ebay_4586.jpg,89631139,,first,STANDARD,ebay
84749824/ebay_4588.jpg,84749824,,first,SPELL_TRAP,ebay
81330115/ebay_4589.jpg,81330115,,first,STANDARD,ebay
45883110/ebay_459.jpg,45883110,,first,STANDARD,ebay
73580471/ebay_4591.jpg,73580471,TN23-EN014,limited,STANDARD,ebay
76774528/ebay_4592.jpg,76774528,,first,STANDARD,ebay
94187078/ebay_4593.jpg,94187078,,first,SPELL_TRAP,ebay
02295440/ebay_4594.jpg,02295440,RA03-DE056,first,SPELL_TRAP,ebay
35103106/ebay_4595.jpg,35103106,,first,STANDARD,ebay
23516703/ebay_4597.jpg,23516703,,unlimited,SPELL_TRAP,ebay
77202120/ebay_460.jpg,77202120,BLMR-DE003,first,STANDARD,ebay
83104731/ebay_4600.jpg,83104731,,first,STANDARD,ebay
21565445/ebay_4605.jpg,21565445,,first,STANDARD,ebay
03429238/ebay_4606.jpg,03429238,,unlimited,STANDARD,ebay
18319762/ebay_4607.jpg,18319762,,unlimited,STANDARD,ebay
01528054/ebay_4608.jpg,01528054,,first,LINK,ebay
89631139/ebay_4609.jpg,89631139,,first,STANDARD,ebay
00598988/ebay_461.jpg,00598988,,first,STANDARD,ebay
38572779/ebay_4610.jpg,38572779,,first,STANDARD,ebay
44519536/ebay_4616.jpg,44519536,MP24-EN003,first,STANDARD,ebay
19162134/ebay_4617.jpg,19162134,,first,SPELL_TRAP,ebay
10802915/ebay_4618.jpg,10802915,,first,STANDARD,ebay
57554544/ebay_4619.jpg,57554544,,first,SPELL_TRAP,ebay
50237654/ebay_462.jpg,50237654,,first,STANDARD,ebay
58120309/ebay_4620.jpg,58120309,,first,SPELL_TRAP,ebay
81470373/ebay_4621.jpg,81470373,,unlimited,STANDARD,ebay
77565204/ebay_4622.jpg,77565204,RA03-DE168,first,SPELL_TRAP,ebay
01984618/ebay_4623.jpg,01984618,,first,SPELL_TRAP,ebay
75500286/ebay_4624.jpg,75500286,,first,SPELL_TRAP,ebay
74371660/ebay_4625.jpg,74371660,,first,STANDARD,ebay
79856792/ebay_4626.jpg,79856792,,first,STANDARD,ebay
89631139/ebay_4627.jpg,89631139,LC01-DE004,limited,STANDARD,ebay
60465049/ebay_4628.jpg,60465049,RA02-EN032,first,STANDARD,ebay
89604813/ebay_4631.jpg,89604813,,first,STANDARD,ebay
35103106/ebay_4632.jpg,35103106,,first,STANDARD,ebay
78371393/ebay_4633.jpg,78371393,,first,STANDARD,ebay
62517849/ebay_4634.jpg,62517849,,first,STANDARD,ebay
08124921/ebay_4637.jpg,08124921,,first,STANDARD,ebay
39238953/ebay_4640.jpg,39238953,,unlimited,SPELL_TRAP,ebay
03657444/ebay_4641.jpg,03657444,,first,STANDARD,ebay
59438930/ebay_4642.jpg,59438930,,first,STANDARD,ebay
41175645/ebay_4643.jpg,41175645,,first,STANDARD,ebay
41721210/ebay_4644.jpg,41721210,,first,STANDARD,ebay
59750328/ebay_4645.jpg,59750328,,first,SPELL_TRAP,ebay
30576089/ebay_4647.jpg,30576089,,first,STANDARD,ebay
84650463/ebay_4648.jpg,84650463,,first,STANDARD,ebay
68462976/ebay_4650.jpg,68462976,,first,SPELL_TRAP,ebay
58471134/ebay_4653.jpg,58471134,,first,STANDARD,ebay
59123194/ebay_4654.jpg,59123194,,first,STANDARD,ebay
91188343/ebay_4655.jpg,91188343,,first,STANDARD,ebay
92714517/ebay_4656.jpg,92714517,,first,SPELL_TRAP,ebay
01784686/ebay_4657.jpg,01784686,,first,SPELL_TRAP,ebay
33420078/ebay_4658.jpg,33420078,,first,STANDARD,ebay
36996508/ebay_4659.jpg,36996508,,first,,ebay
46986414/ebay_466.jpg,46986414,,limited,STANDARD,ebay
38572779/ebay_4661.jpg,38572779,,first,STANDARD,ebay
54652250/ebay_4662.jpg,54652250,,first,STANDARD,ebay
44508094/ebay_4664.jpg,44508094,,,STANDARD,ebay
45467446/ebay_4665.jpg,45467446,,first,STANDARD,ebay
70095154/ebay_4668.jpg,70095154,TN23-DE005,first,STANDARD,ebay
46986414/ebay_4671.jpg,46986414,,unlimited,STANDARD,ebay
36637374/ebay_4673.jpg,36637374,,first,SPELL_TRAP,ebay
89882100/ebay_4674.jpg,89882100,RA04-DE182,first,SPELL_TRAP,ebay
43175858/ebay_4676.jpg,43175858,MP24-EN006,unlimited,SPELL_TRAP,ebay
65676461/ebay_4677.jpg,65676461,,first,STANDARD,ebay
73309655/ebay_4680.jpg,73309655,,first,LINK,ebay
77235086/ebay_4682.jpg,77235086,,unlimited,STANDARD,ebay
78868119/ebay_4683.jpg,78868119,,unlimited,STANDARD,ebay
23899727/ebay_4684.jpg,23899727,,first,STANDARD,ebay
06595475/ebay_4685.jpg,06595475,,first,SPELL_TRAP,ebay
91800273/ebay_4686.jpg,91800273,,first,STANDARD,ebay
21011044/ebay_4687.jpg,21011044,,unlimited,SPELL_TRAP,ebay
69610924/ebay_4689.jpg,69610924,,first,STANDARD,ebay
14824019/ebay_4690.jpg,14824019,,first,STANDARD,ebay
03657444/ebay_4691.jpg,03657444,,,STANDARD,ebay
99070951/ebay_4692.jpg,99070951,,first,STANDARD,ebay
41386308/ebay_4693.jpg,41386308,,first,STANDARD,ebay
43175858/ebay_4695.jpg,43175858,,first,SPELL_TRAP,ebay
37104630/ebay_4696.jpg,37104630,,first,STANDARD,ebay
42737833/ebay_4697.jpg,42737833,,first,STANDARD,ebay
89739383/ebay_4699.jpg,89739383,,unlimited,SPELL_TRAP,ebay
59859086/ebay_4700.jpg,59859086,,,LINK,ebay
45467446/ebay_4701.jpg,45467446,,first,STANDARD,ebay
02347656/ebay_4703.jpg,02347656,RA04-EN295,first,STANDARD,ebay
73580471/ebay_4707.jpg,73580471,,limited,STANDARD,ebay
53582587/ebay_4708.jpg,53582587,,first,SPELL_TRAP,ebay
89631139/ebay_4709.jpg,89631139,,first,STANDARD,ebay
14124483/ebay_471.jpg,14124483,,first,STANDARD,ebay
92107604/ebay_4710.jpg,92107604,,first,SPELL_TRAP,ebay
47217354/ebay_4711.jpg,47217354,,first,STANDARD,ebay
45986603/ebay_4713.jpg,45986603,,first,SPELL_TRAP,ebay
91677585/ebay_4714.jpg,91677585,,first,SPELL_TRAP,ebay
38033121/ebay_4717.jpg,38033121,,first,STANDARD,ebay
69015963/ebay_4718.jpg,69015963,,first,STANDARD,ebay
24094653/ebay_4719.jpg,24094653,,first,SPELL_TRAP,ebay
19162134/ebay_4720.jpg,19162134,,first,SPELL_TRAP,ebay
28912357/ebay_4721.jpg,28912357,,first,STANDARD,ebay
44508094/ebay_4722.jpg,44508094,,first,STANDARD,ebay
73580471/ebay_4724.jpg,73580471,,limited,STANDARD,ebay
51452091/ebay_4726.jpg,51452091,,first,SPELL_TRAP,ebay
46014517/ebay_4727.jpg,46014517,,first,STANDARD,ebay
25484449/ebay_4728.jpg,25484449,,first,STANDARD,ebay
44508094/ebay_4729.jpg,44508094,,unlimited,STANDARD,ebay
77585513/ebay_4731.jpg,77585513,,first,STANDARD,ebay
47436247/ebay_4732.jpg,47436247,,first,SPELL_TRAP,ebay
44405066/ebay_4733.jpg,44405066,,first,STANDARD,ebay
27548199/ebay_4734.jpg,27548199,,first,STANDARD,ebay
97682931/ebay_4736.jpg,97682931,DUNE-DE002,first,STANDARD,ebay
82044279/ebay_4737.jpg,82044279,,first,,ebay
42009836/ebay_4738.jpg,42009836,,first,STANDARD,ebay
70095154/ebay_4739.jpg,70095154,,first,STANDARD,ebay
97268402/ebay_4740.jpg,97268402,,unlimited,STANDARD,ebay
91351370/ebay_4741.jpg,91351370,RA03-DE219,first,SPELL_TRAP,ebay
34086406/ebay_4742.jpg,34086406,,first,STANDARD,ebay
72090076/ebay_4743.jpg,72090076,,unlimited,STANDARD,ebay
09126351/ebay_4744.jpg,09126351,,first,STANDARD,ebay
55410871/ebay_4745.jpg,55410871,,first,STANDARD,ebay
70095154/ebay_4746.jpg,70095154,,first,STANDARD,ebay
58192742/ebay_4748.jpg,58192742,,first,STANDARD,ebay
46986414/ebay_4749.jpg,46986414,RA03-DE080,first,STANDARD,ebay
94187078/ebay_4750.jpg,94187078,RA04-EN097,first,SPELL_TRAP,ebay
37818794/ebay_4751.jpg,37818794,,first,STANDARD,ebay
75064463/ebay_4752.jpg,75064463,,,STANDARD,ebay
83104731/ebay_4753.jpg,83104731,,first,STANDARD,ebay
64034255/ebay_4757.jpg,64034255,RA03-DE247,unlimited,STANDARD,ebay
44508094/ebay_4758.jpg,44508094,,first,STANDARD,ebay
89631139/ebay_4761.jpg,89631139,RA03-DE079,first,STANDARD,ebay
12014404/ebay_4762.jpg,12014404,,first,STANDARD,ebay
23516703/ebay_4763.jpg,23516703,,first,SPELL_TRAP,ebay
54550967/ebay_4764.jpg,54550967,,first,STANDARD,ebay
67441435/ebay_4766.jpg,67441435,,first,STANDARD,ebay
31817415/ebay_4768.jpg,31817415,,first,STANDARD,ebay
08400623/ebay_477.jpg,08400623,,unlimited,STANDARD,ebay
75878039/ebay_4770.jpg,75878039,,first,STANDARD,ebay
44519536/ebay_4771.jpg,44519536,,first,STANDARD,ebay
06511113/ebay_4772.jpg,06511113,,first,STANDARD,ebay
30741503/ebay_4773.jpg,30741503,,first,LINK,ebay
77075360/ebay_4774.jpg,77075360,,first,STANDARD,ebay
44256816/ebay_4775.jpg,44256816,,first,SPELL_TRAP,ebay
37742478/ebay_4776.jpg,37742478,,first,STANDARD,ebay
43316238/ebay_4777.jpg,43316238,,first,STANDARD,ebay
40133511/ebay_4778.jpg,40133511,,first,STANDARD,ebay
40737112/ebay_4779.jpg,40737112,,first,STANDARD,ebay
63436931/ebay_4780.jpg,63436931,,unlimited,STANDARD,ebay
69140098/ebay_4781.jpg,69140098,,first,STANDARD,ebay
53855409/ebay_4782.jpg,53855409,,first,STANDARD,ebay
48017189/ebay_4786.jpg,48017189,,unlimited,STANDARD,ebay
90809975/ebay_4788.jpg,90809975,,unlimited,STANDARD,ebay
44373896/ebay_479.jpg,44373896,,first,STANDARD,ebay
58120309/ebay_4794.jpg,58120309,,first,SPELL_TRAP,ebay
12381100/ebay_4795.jpg,12381100,,first,STANDARD,ebay
73580471/ebay_4796.jpg,73580471,,first,STANDARD,ebay
74677422/ebay_480.jpg,74677422,,first,STANDARD,ebay
89463537/ebay_4800.jpg,89463537,RA03-EN262,first,STANDARD,ebay
44508094/ebay_4803.jpg,44508094,TN23-DE016,unlimited,STANDARD,ebay
35984222/ebay_4806.jpg,35984222,,first,STANDARD,ebay
01686814/ebay_4809.jpg,01686814,,first,STANDARD,ebay
28985331/ebay_481.jpg,28985331,,unlimited,STANDARD,ebay
84433129/ebay_4811.jpg,84433129,,first,STANDARD,ebay
06579928/ebay_4812.jpg,06579928,,first,STANDARD,ebay
80326401/ebay_4813.jpg,80326401,SDWD-DE042,first,SPELL_TRAP,ebay
24299458/ebay_4814.jpg,24299458,,first,SPELL_TRAP,ebay
91279700/ebay_4817.jpg,91279700,,first,STANDARD,ebay
46411259/ebay_4818.jpg,46411259,,first,SPELL_TRAP,ebay
01861629/ebay_4819.jpg,01861629,,unlimited,LINK,ebay
13504844/ebay_4820.jpg,13504844,,first,SPELL_TRAP,ebay
44686185/ebay_4823.jpg,44686185,,unlimited,STANDARD,ebay
07572887/ebay_4825.jpg,07572887,,first,STANDARD,ebay
53334471/ebay_4826.jpg,53334471,,first,SPELL_TRAP,ebay
66788016/ebay_4827.jpg,66788016,,first,SPELL_TRAP,ebay
73602965/ebay_4829.jpg,73602965,,first,STANDARD,ebay
62279055/ebay_483.jpg,62279055,,first,SPELL_TRAP,ebay
25857246/ebay_4831.jpg,25857246,,first,STANDARD,ebay
59822133/ebay_4832.jpg,59822133,RA02-DE030,first,STANDARD,ebay
64664373/ebay_4833.jpg,64664373,RA04-DE100,first,SPELL_TRAP,ebay
67750322/ebay_4834.jpg,67750322,,first,STANDARD,ebay
14733538/ebay_4836.jpg,14733538,,first,SPELL_TRAP,ebay
73580471/ebay_4838.jpg,73580471,,unlimited,STANDARD,ebay
73580471/ebay_4839.jpg,73580471,TN23-EN014,limited,STANDARD,ebay
45627618/ebay_484.jpg,45627618,,first,PENDULUM,ebay
46232525/ebay_4840.jpg,46232525,RA04-EN256,first,SPELL_TRAP,ebay
89943723/ebay_4841.jpg,89943723,,first,STANDARD,ebay
23151193/ebay_4842.jpg,23151193,,,STANDARD,ebay
14532163/ebay_4843.jpg,14532163,,first,SPELL_TRAP,ebay
48179391/ebay_4844.jpg,48179391,,unlimited,SPELL_TRAP,ebay
50237654/ebay_4845.jpg,50237654,,first,STANDARD,ebay
36637374/ebay_4846.jpg,36637374,,first,SPELL_TRAP,ebay
07391448/ebay_4847.jpg,07391448,,first,STANDARD,ebay
69031175/ebay_4849.jpg,69031175,,first,STANDARD,ebay
31560081/ebay_4850.jpg,31560081,,first,STANDARD,ebay
43722862/ebay_4851.jpg,43722862,,first,STANDARD,ebay
27204311/ebay_4852.jpg,27204311,RA04-DE030,first,STANDARD,ebay
21954587/ebay_4853.jpg,21954587,,first,STANDARD,ebay
94192409/ebay_4854.jpg,94192409,,first,SPELL_TRAP,ebay
15848542/ebay_4855.jpg,15848542,,unlimited,STANDARD,ebay
26077387/ebay_4856.jpg,26077387,,first,STANDARD,ebay
02743001/ebay_4857.jpg,02743001,RA04-EN058,first,STANDARD,ebay
19739265/ebay_4858.jpg,19739265,,first,SPELL_TRAP,ebay
08512558/ebay_4859.jpg,08512558,,first,STANDARD,ebay
40080312/ebay_486.jpg,40080312,,limited,STANDARD,ebay
46986414/ebay_4860.jpg,46986414,,first,STANDARD,ebay
14198496/ebay_4861.jpg,14198496,RA04-EN005,first,STANDARD,ebay
79575620/ebay_4862.jpg,79575620,,first,STANDARD,ebay
78193831/ebay_4863.jpg,78193831,,first,STANDARD,ebay
20366274/ebay_4864.jpg,20366274,RA04-DE229,first,STANDARD,ebay
18963306/ebay_4865.jpg,18963306,,first,STANDARD,ebay
13650422/ebay_4866.jpg,13650422,,first,STANDARD,ebay
99745551/ebay_4869.jpg,99745551,,first,STANDARD,ebay
00980973/ebay_487.jpg,00980973,,first,STANDARD,ebay
91279700/ebay_4870.jpg,91279700,,first,STANDARD,ebay
86188410/ebay_4875.jpg,86188410,,first,STANDARD,ebay
31006879/ebay_4876.jpg,31006879,RA03-DE276,first,SPELL_TRAP,ebay
33396948/ebay_4877.jpg,33396948,,first,STANDARD,ebay
37742478/ebay_4878.jpg,37742478,,first,STANDARD,ebay
46659709/ebay_4880.jpg,46659709,,first,STANDARD,ebay
03285551/ebay_4882.jpg,03285551,,first,SPELL_TRAP,ebay
62476815/ebay_4884.jpg,62476815,,first,STANDARD,ebay
74677422/ebay_4885.jpg,74677422,,first,STANDARD,ebay
91073013/ebay_4886.jpg,91073013,,first,STANDARD,ebay
09156135/ebay_4887.jpg,09156135,,first,STANDARD,ebay
51945556/ebay_4888.jpg,51945556,,first,STANDARD,ebay
37442336/ebay_4889.jpg,37442336,,first,STANDARD,ebay
26202165/ebay_4890.jpg,26202165,,first,STANDARD,ebay
78868119/ebay_4893.jpg,78868119,,first,STANDARD,ebay
23434538/ebay_4894.jpg,23434538,,first,STANDARD,ebay
44519536/ebay_4895.jpg,44519536,,unlimited,STANDARD,ebay
78193831/ebay_4896.jpg,78193831,,first,STANDARD,ebay
48179391/ebay_4897.jpg,48179391,,first,SPELL_TRAP,ebay
95992081/ebay_4899.jpg,95992081,,first,STANDARD,ebay
99234526/ebay_4900.jpg,99234526,,unlimited,STANDARD,ebay
24094653/ebay_4902.jpg,24094653,,first,SPELL_TRAP,ebay
14532163/ebay_4904.jpg,14532163,,first,SPELL_TRAP,ebay
57103969/ebay_4905.jpg,57103969,,first,SPELL_TRAP,ebay
56832966/ebay_4907.jpg,56832966,,first,STANDARD,ebay
42752141/ebay_4909.jpg,42752141,,first,STANDARD,ebay
17947697/ebay_491.jpg,17947697,SDWD-DE041,first,STANDARD,ebay
33698022/ebay_4913.jpg,33698022,RA03-EN038,first,STANDARD,ebay
73642296/ebay_4914.jpg,73642296,,first,STANDARD,ebay
25550531/ebay_4916.jpg,25550531,,first,STANDARD,ebay
27704731/ebay_4917.jpg,27704731,,first,STANDARD,ebay
74371660/ebay_4918.jpg,74371660,,first,STANDARD,ebay
12444060/ebay_4919.jpg,12444060,,first,SPELL_TRAP,ebay
34909328/ebay_492.jpg,34909328,,first,STANDARD,ebay
12435193/ebay_4921.jpg,12435193,,first,STANDARD,ebay
97864322/ebay_4922.jpg,97864322,,first,LINK,ebay
41386308/ebay_4923.jpg,41386308,,first,STANDARD,ebay
73642296/ebay_4924.jpg,73642296,,first,STANDARD,ebay
44256816/ebay_4928.jpg,44256816,,first,SPELL_TRAP,ebay
61901281/ebay_4929.jpg,61901281,,first,STANDARD,ebay
73580471/ebay_493.jpg,73580471,,first,STANDARD,ebay
99177923/ebay_4930.jpg,99177923,,unlimited,STANDARD,ebay
45141013/ebay_4931.jpg,45141013,,first,SPELL_TRAP,ebay
14532163/ebay_4932.jpg,14532163,RA04-EN094,first,SPELL_TRAP,ebay
64202399/ebay_4933.jpg,64202399,RA01-DE016,first,STANDARD,ebay
07394770/ebay_4934.jpg,07394770,,first,SPELL_TRAP,ebay
54631834/ebay_4938.jpg,54631834,,first,SPELL_TRAP,ebay
33396948/ebay_4941.jpg,33396948,,first,STANDARD,ebay
70843274/ebay_4942.jpg,70843274,,first,STANDARD,ebay
26889158/ebay_4943.jpg,26889158,,first,STANDARD,ebay
91279700/ebay_4944.jpg,91279700,,first,STANDARD,ebay
23153227/ebay_4946.jpg,23153227,,first,SPELL_TRAP,ebay
89604813/ebay_4948.jpg,89604813,SDWD-DE043,first,STANDARD,ebay
25857246/ebay_4949.jpg,25857246,,unlimited,STANDARD,ebay
50546208/ebay_495.jpg,50546208,LAVD-DEL08,first,STANDARD,ebay
89631139/ebay_4950.jpg,89631139,RA04-DE108,first,STANDARD,ebay
97631303/ebay_4952.jpg,97631303,,first,STANDARD,ebay
90809975/ebay_4954.jpg,90809975,,first,STANDARD,ebay
34487429/ebay_4955.jpg,34487429,RA03-DE181,unlimited,SPELL_TRAP,ebay
50237654/ebay_4956.jpg,50237654,,first,STANDARD,ebay
86585274/ebay_4957.jpg,86585274,,first,STANDARD,ebay
73347079/ebay_4958.jpg,73347079,RA04-EN243,first,STANDARD,ebay
48130397/ebay_4959.jpg,48130397,,first,SPELL_TRAP,ebay
59438930/ebay_4962.jpg,59438930,,first,STANDARD,ebay
63995093/ebay_4963.jpg,63995093,,first,SPELL_TRAP,ebay
62015408/ebay_4964.jpg,62015408,RA03-EN014,first,STANDARD,ebay
71071546/ebay_4966.jpg,71071546,,first,STANDARD,ebay
06511113/ebay_4967.jpg,06511113,,first,STANDARD,ebay
06728559/ebay_4969.jpg,06728559,,first,STANDARD,ebay
30118811/ebay_4970.jpg,30118811,,first,STANDARD,ebay
79606837/ebay_4973.jpg,79606837,RA01-DE031,first,STANDARD,ebay
90953320/ebay_4976.jpg,90953320,,first,STANDARD,ebay
89631139/ebay_4977.jpg,89631139,,first,STANDARD,ebay
32828466/ebay_4979.jpg,32828466,,unlimited,STANDARD,ebay
39256679/ebay_498.jpg,39256679,DOR-G002,unlimited,STANDARD,ebay
73125233/ebay_4980.jpg,73125233,,first,STANDARD,ebay
45206713/ebay_4981.jpg,45206713,,unlimited,STANDARD,ebay
73915051/ebay_4982.jpg,73915051,,first,SPELL_TRAP,ebay
05829717/ebay_4984.jpg,05829717,,first,STANDARD,ebay
29981921/ebay_4986.jpg,29981921,,first,STANDARD,ebay
24224830/ebay_4987.jpg,24224830,,first,SPELL_TRAP,ebay
02403771/ebay_499.jpg,02403771,,first,STANDARD,ebay
01686814/ebay_4990.jpg,01686814,,first,STANDARD,ebay
38992735/ebay_4992.jpg,38992735,,first,SPELL_TRAP,ebay
94689206/ebay_4994.jpg,94689206,,first,STANDARD,ebay
35255456/ebay_4995.jpg,35255456,,first,SPELL_TRAP,ebay
81275020/ebay_4997.jpg,81275020,,first,STANDARD,ebay
78371393/ebay_4998.jpg,78371393,,first,STANDARD,ebay
73602965/ebay_5002.jpg,73602965,,first,STANDARD,ebay
85899505/ebay_5003.jpg,85899505,,,STANDARD,ebay
12381100/ebay_5004.jpg,12381100,,first,STANDARD,ebay
25652259/ebay_5005.jpg,25652259,KICO-DE026,first,STANDARD,ebay
98173209/ebay_5006.jpg,98173209,,first,SPELL_TRAP,ebay
85899505/ebay_5009.jpg,85899505,,first,STANDARD,ebay
06728559/ebay_5011.jpg,06728559,,unlimited,STANDARD,ebay
39402797/ebay_5012.jpg,39402797,,unlimited,STANDARD,ebay
12381100/ebay_5013.jpg,12381100,,first,STANDARD,ebay
45883110/ebay_5014.jpg,45883110,,first,STANDARD,ebay
14558127/ebay_5015.jpg,14558127,RA04-DE025,first,STANDARD,ebay
32807846/ebay_5016.jpg,32807846,,first,SPELL_TRAP,ebay
43973174/ebay_5017.jpg,43973174,,,SPELL_TRAP,ebay
12381100/ebay_5018.jpg,12381100,RA04-EN055,first,STANDARD,ebay
67169062/ebay_502.jpg,67169062,LCJW-DE290,first,SPELL_TRAP,ebay
28403802/ebay_5020.jpg,28403802,RA05-EN102,first,STANDARD,ebay
64697231/ebay_5021.jpg,64697231,RA05-EN077,first,SPELL_TRAP,ebay
12381100/ebay_5022.jpg,12381100,RA04-EN055,first,STANDARD,ebay
81684048/ebay_5025.jpg,81684048,,first,STANDARD,ebay
94192409/ebay_5027.jpg,94192409,,unlimited,SPELL_TRAP,ebay
44508094/ebay_5029.jpg,44508094,,unlimited,STANDARD,ebay
36996508/ebay_503.jpg,36996508,,first,,ebay
45710945/ebay_5030.jpg,45710945,,first,STANDARD,ebay
64788463/ebay_5031.jpg,64788463,,first,STANDARD,ebay
34293667/ebay_5033.jpg,34293667,,unlimited,SPELL_TRAP,ebay
82301904/ebay_5034.jpg,82301904,,unlimited,STANDARD,ebay
59400890/ebay_5037.jpg,59400890,,first,STANDARD,ebay
27420823/ebay_5038.jpg,27420823,JUSH-DE035,first,STANDARD,ebay
08660395/ebay_5040.jpg,08660395,,first,STANDARD,ebay
46986414/ebay_5041.jpg,46986414,DUSA-DE100,first,STANDARD,ebay
98045062/ebay_5042.jpg,98045062,,first,SPELL_TRAP,ebay
30603688/ebay_5043.jpg,30603688,,first,STANDARD,ebay
64788463/ebay_5045.jpg,64788463,KICO-DE027,first,STANDARD,ebay
54550967/ebay_5046.jpg,54550967,,unlimited,STANDARD,ebay
64202399/ebay_5048.jpg,64202399,,first,STANDARD,ebay
08949584/ebay_5051.jpg,08949584,,first,SPELL_TRAP,ebay
45883110/ebay_5052.jpg,45883110,,first,STANDARD,ebay
91152256/ebay_5054.jpg,91152256,LOB-DE007,unlimited,STANDARD,ebay
70781052/ebay_5056.jpg,70781052,BPT-002,limited,STANDARD,ebay
69946549/ebay_5057.jpg,69946549,,first,STANDARD,ebay
53804307/ebay_5059.jpg,53804307,,first,STANDARD,ebay
81210420/ebay_506.jpg,81210420,RA03-DE107,first,SPELL_TRAP,ebay
52040216/ebay_5061.jpg,52040216,,unlimited,STANDARD,ebay
81480460/ebay_5063.jpg,81480460,,limited,,ebay
44508094/ebay_5064.jpg,44508094,TOCH-DE050,first,STANDARD,ebay
38342335/ebay_5066.jpg,38342335,,,LINK,ebay
12266229/ebay_5068.jpg,12266229,,first,STANDARD,ebay
23856331/ebay_5071.jpg,23856331,,,STANDARD,ebay
57624336/ebay_5072.jpg,57624336,,first,PENDULUM,ebay
40605147/ebay_5073.jpg,40605147,,first,SPELL_TRAP,ebay
45112597/ebay_5074.jpg,45112597,RA04-DE082,first,LINK,ebay
24224830/ebay_5075.jpg,24224830,,first,SPELL_TRAP,ebay
59438930/ebay_5078.jpg,59438930,,first,STANDARD,ebay
09327502/ebay_508.jpg,09327502,,unlimited,STANDARD,ebay
90876561/ebay_5080.jpg,90876561,KICO-DE028,first,STANDARD,ebay
10443957/ebay_5082.jpg,10443957,,first,STANDARD,ebay
72989439/ebay_5083.jpg,72989439,TOCH-DE029,unlimited,STANDARD,ebay
15771991/ebay_5085.jpg,15771991,,unlimited,STANDARD,ebay
30576089/ebay_5086.jpg,30576089,RA02-DE017,first,STANDARD,ebay
96402918/ebay_5089.jpg,96402918,,first,STANDARD,ebay
63436931/ebay_5090.jpg,63436931,,first,STANDARD,ebay
87126721/ebay_5092.jpg,87126721,,unlimited,STANDARD,ebay
43694650/ebay_5093.jpg,43694650,,first,STANDARD,ebay
31443476/ebay_5094.jpg,31443476,,first,SPELL_TRAP,ebay
73915051/ebay_5095.jpg,73915051,,first,SPELL_TRAP,ebay
74644400/ebay_5096.jpg,74644400,,first,STANDARD,ebay
98645731/ebay_5097.jpg,98645731,,first,SPELL_TRAP,ebay
69890967/ebay_510.jpg,69890967,,first,STANDARD,ebay
83764718/ebay_5100.jpg,83764718,,first,,ebay
83764718/ebay_5104.jpg,83764718,,first,,ebay
43694650/ebay_5106.jpg,43694650,,first,STANDARD,ebay
24224830/ebay_5109.jpg,24224830,RA01-DE057,first,SPELL_TRAP,ebay
80117527/ebay_5110.jpg,80117527,,first,STANDARD,ebay
29284413/ebay_5113.jpg,29284413,,first,STANDARD,ebay
84211599/ebay_5114.jpg,84211599,,first,SPELL_TRAP,ebay
72272462/ebay_5115.jpg,72272462,,first,STANDARD,ebay
84797028/ebay_5116.jpg,84797028,,first,SPELL_TRAP,ebay
73452089/ebay_5118.jpg,73452089,,unlimited,STANDARD,ebay
87451661/ebay_5119.jpg,87451661,,first,STANDARD,ebay
13650422/ebay_5120.jpg,13650422,,first,STANDARD,ebay
73539069/ebay_5123.jpg,73539069,,first,LINK,ebay
30603688/ebay_5124.jpg,30603688,,first,STANDARD,ebay
33760966/ebay_5126.jpg,33760966,,first,STANDARD,ebay
60764609/ebay_5127.jpg,60764609,,first,STANDARD,ebay
86541496/ebay_5129.jpg,86541496,,first,SPELL_TRAP,ebay
52687916/ebay_5131.jpg,52687916,,first,STANDARD,ebay
21011044/ebay_5132.jpg,21011044,,unlimited,SPELL_TRAP,ebay
06728559/ebay_5133.jpg,06728559,,first,STANDARD,ebay
54550967/ebay_5135.jpg,54550967,,first,STANDARD,ebay
66975205/ebay_5136.jpg,66975205,RA05-DE073,first,SPELL_TRAP,ebay
50939127/ebay_5137.jpg,50939127,,,STANDARD,ebay
58570206/ebay_5139.jpg,58570206,,first,SPELL_TRAP,ebay
76794549/ebay_5140.jpg,76794549,,first,PENDULUM,ebay
72167543/ebay_5143.jpg,72167543,,first,STANDARD,ebay
85106525/ebay_5144.jpg,85106525,,first,SPELL_TRAP,ebay
85138716/ebay_5145.jpg,85138716,RA02-DE008,first,STANDARD,ebay
85442146/ebay_5147.jpg,85442146,,first,SPELL_TRAP,ebay
94145021/ebay_5149.jpg,94145021,,first,STANDARD,ebay
28803166/ebay_5150.jpg,28803166,,unlimited,STANDARD,ebay
63767246/ebay_5153.jpg,63767246,,first,STANDARD,ebay
44910027/ebay_5154.jpg,44910027,,unlimited,STANDARD,ebay
28985331/ebay_5159.jpg,28985331,,first,STANDARD,ebay
84941194/ebay_5160.jpg,84941194,,first,STANDARD,ebay
39256679/ebay_5162.jpg,39256679,,,STANDARD,ebay
70711847/ebay_5163.jpg,70711847,RA05-DE012,first,STANDARD,ebay
96729612/ebay_5164.jpg,96729612,RA02-DE056,first,SPELL_TRAP,ebay
72345736/ebay_5165.jpg,72345736,,first,SPELL_TRAP,ebay
64116319/ebay_5166.jpg,64116319,,,STANDARD,ebay
15771991/ebay_5169.jpg,15771991,,unlimited,STANDARD,ebay
60482781/ebay_5170.jpg,60482781,,first,STANDARD,ebay
52687916/ebay_5171.jpg,52687916,,first,STANDARD,ebay
60242223/ebay_5172.jpg,60242223,RA05-DE023,first,STANDARD,ebay
13048472/ebay_5173.jpg,13048472,,first,SPELL_TRAP,ebay
30576089/ebay_5175.jpg,30576089,,first,STANDARD,ebay
93969023/ebay_5176.jpg,93969023,,first,STANDARD,ebay
38033121/ebay_5177.jpg,38033121,CT2-EN004,limited,STANDARD,ebay
33066139/ebay_5178.jpg,33066139,,unlimited,STANDARD,ebay
24842059/ebay_5179.jpg,24842059,RA05-DE056,first,LINK,ebay
02263869/ebay_518.jpg,02263869,,first,SPELL_TRAP,ebay
16589042/ebay_5180.jpg,16589042,,first,STANDARD,ebay
01498449/ebay_5181.jpg,01498449,,first,STANDARD,ebay
59438930/ebay_5182.jpg,59438930,,first,STANDARD,ebay
99070951/ebay_5183.jpg,99070951,RA04-EN006,first,STANDARD,ebay
97651498/ebay_5184.jpg,97651498,,first,STANDARD,ebay
02857636/ebay_5186.jpg,02857636,,unlimited,LINK,ebay
23893227/ebay_5188.jpg,23893227,,first,STANDARD,ebay
38811586/ebay_5191.jpg,38811586,,first,STANDARD,ebay
66401502/ebay_5193.jpg,66401502,,first,STANDARD,ebay
46986414/ebay_5195.jpg,46986414,CT13-DE003,limited,STANDARD,ebay
53804307/ebay_5196.jpg,53804307,,first,STANDARD,ebay
57774843/ebay_5197.jpg,57774843,,first,STANDARD,ebay
95365081/ebay_5198.jpg,95365081,,first,STANDARD,ebay
33099732/ebay_5200.jpg,33099732,,first,SPELL_TRAP,ebay
01035143/ebay_5201.jpg,01035143,,first,STANDARD,ebay
69890967/ebay_5203.jpg,69890967,,limited,STANDARD,ebay
37405032/ebay_5204.jpg,37405032,MZTM-DE026,first,STANDARD,ebay
84941194/ebay_5205.jpg,84941194,,first,STANDARD,ebay
45141013/ebay_5206.jpg,45141013,,first,SPELL_TRAP,ebay
26973555/ebay_5207.jpg,26973555,,unlimited,STANDARD,ebay
56713174/ebay_5209.jpg,56713174,RA03-EN018,first,STANDARD,ebay
79606837/ebay_5210.jpg,79606837,,first,STANDARD,ebay
23064604/ebay_5212.jpg,23064604,,first,STANDARD,ebay
74311226/ebay_5216.jpg,74311226,,first,STANDARD,ebay
99011763/ebay_5218.jpg,99011763,,first,LINK,ebay
02061963/ebay_5221.jpg,02061963,,unlimited,STANDARD,ebay
96471335/ebay_5224.jpg,96471335,,,STANDARD,ebay
15025844/ebay_5226.jpg,15025844,LOB-DE062,unlimited,STANDARD,ebay
94977269/ebay_5227.jpg,94977269,,first,STANDARD,ebay
46986414/ebay_5228.jpg,46986414,,limited,STANDARD,ebay
32491822/ebay_5230.jpg,32491822,CT03-DE006,limited,STANDARD,ebay
33779875/ebay_5231.jpg,33779875,,first,STANDARD,ebay
90411554/ebay_5232.jpg,90411554,,first,STANDARD,ebay
32274490/ebay_5234.jpg,32274490,,first,STANDARD,ebay
23064604/ebay_5235.jpg,23064604,,first,STANDARD,ebay
25311006/ebay_5236.jpg,25311006,,first,SPELL_TRAP,ebay
06511113/ebay_5237.jpg,06511113,,first,STANDARD,ebay
80776622/ebay_5238.jpg,80776622,RA05-EN018,first,PENDULUM,ebay
70903634/ebay_5240.jpg,70903634,,limited,STANDARD,ebay
93509766/ebay_5241.jpg,93509766,,first,STANDARD,ebay
72989439/ebay_5243.jpg,72989439,,unlimited,STANDARD,ebay
23893227/ebay_5247.jpg,23893227,,first,STANDARD,ebay
55144522/ebay_5248.jpg,55144522,,first,SPELL_TRAP,ebay
95504778/ebay_525.jpg,95504778,,first,STANDARD,ebay
54878729/ebay_5250.jpg,54878729,,first,STANDARD,ebay
32600024/ebay_5251.jpg,32600024,,first,STANDARD,ebay
65589010/ebay_5252.jpg,65589010,,first,SPELL_TRAP,ebay
66431519/ebay_5253.jpg,66431519,,first,STANDARD,ebay
99745551/ebay_5254.jpg,99745551,,first,STANDARD,ebay
41175645/ebay_5255.jpg,41175645,,first,STANDARD,ebay
97077563/ebay_5257.jpg,97077563,RA05-DE076,first,SPELL_TRAP,ebay
93509766/ebay_5258.jpg,93509766,,first,STANDARD,ebay
33760966/ebay_5259.jpg,33760966,,first,STANDARD,ebay
26914168/ebay_5261.jpg,26914168,,first,STANDARD,ebay
90809975/ebay_5263.jpg,90809975,,unlimited,STANDARD,ebay
85252081/ebay_5264.jpg,85252081,,first,STANDARD,ebay
91025875/ebay_5266.jpg,91025875,,first,STANDARD,ebay
41069676/ebay_5267.jpg,41069676,,first,STANDARD,ebay
75064463/ebay_5268.jpg,75064463,,first,STANDARD,ebay
12369277/ebay_5271.jpg,12369277,,first,STANDARD,ebay
50237654/ebay_5274.jpg,50237654,,first,STANDARD,ebay
01498449/ebay_5275.jpg,01498449,,first,STANDARD,ebay
44686185/ebay_5276.jpg,44686185,,first,STANDARD,ebay
92248362/ebay_5277.jpg,92248362,JUSH-DE031,first,STANDARD,ebay
30576089/ebay_5281.jpg,30576089,,first,STANDARD,ebay
50237654/ebay_5283.jpg,50237654,,first,STANDARD,ebay
25862681/ebay_5287.jpg,25862681,,first,STANDARD,ebay
63436931/ebay_5289.jpg,63436931,,first,STANDARD,ebay
24094653/ebay_5291.jpg,24094653,RA03-DE051,first,SPELL_TRAP,ebay
15397015/ebay_5292.jpg,15397015,,,STANDARD,ebay
68468459/ebay_5295.jpg,68468459,,unlimited,STANDARD,ebay
85252081/ebay_5296.jpg,85252081,RA05-EN048,first,STANDARD,ebay
59464593/ebay_5297.jpg,59464593,,first,STANDARD,ebay
47172959/ebay_5299.jpg,47172959,,first,STANDARD,ebay
42035044/ebay_530.jpg,42035044,,unlimited,STANDARD,ebay
83764718/ebay_5301.jpg,83764718,,first,,ebay
28711704/ebay_5302.jpg,28711704,,unlimited,STANDARD,ebay
14087893/ebay_5304.jpg,14087893,RA02-DE050,first,SPELL_TRAP,ebay
82301904/ebay_5305.jpg,82301904,,first,STANDARD,ebay
54366836/ebay_5306.jpg,54366836,,unlimited,STANDARD,ebay
80776622/ebay_5307.jpg,80776622,RA05-DE018,first,PENDULUM,ebay
33407125/ebay_5309.jpg,33407125,,first,SPELL_TRAP,ebay
83011277/ebay_531.jpg,83011277,,first,,ebay
75347539/ebay_5310.jpg,75347539,,unlimited,STANDARD,ebay
52687916/ebay_5312.jpg,52687916,,first,STANDARD,ebay
16509007/ebay_5314.jpg,16509007,,first,STANDARD,ebay
24094653/ebay_5315.jpg,24094653,RA03-DE051,first,SPELL_TRAP,ebay
34909328/ebay_5316.jpg,34909328,,first,STANDARD,ebay
36326160/ebay_5317.jpg,36326160,,first,STANDARD,ebay
31425736/ebay_5318.jpg,31425736,JUSH-DE016,first,STANDARD,ebay
23893227/ebay_5319.jpg,23893227,,first,STANDARD,ebay
71044499/ebay_5320.jpg,71044499,,unlimited,SPELL_TRAP,ebay
90846359/ebay_5322.jpg,90846359,,unlimited,SPELL_TRAP,ebay
98173209/ebay_5326.jpg,98173209,,first,SPELL_TRAP,ebay
62279055/ebay_5327.jpg,62279055,LCYW-DE099,first,SPELL_TRAP,ebay
42741437/ebay_5328.jpg,42741437,RA05-DE050,first,STANDARD,ebay
62015408/ebay_5329.jpg,62015408,,first,STANDARD,ebay
30983281/ebay_5330.jpg,30983281,,first,STANDARD,ebay
49238328/ebay_5332.jpg,49238328,,first,SPELL_TRAP,ebay
84192580/ebay_5334.jpg,84192580,,unlimited,STANDARD,ebay
79109599/ebay_5335.jpg,79109599,,first,STANDARD,ebay
58851034/ebay_5336.jpg,58851034,,first,SPELL_TRAP,ebay
54562327/ebay_5337.jpg,54562327,,first,SPELL_TRAP,ebay
73452089/ebay_5338.jpg,73452089,,unlimited,STANDARD,ebay
39111158/ebay_5339.jpg,39111158,,first,STANDARD,ebay
90238142/ebay_5340.jpg,90238142,,limited,STANDARD,ebay
38517737/ebay_5344.jpg,38517737,RA02-DE010,first,STANDARD,ebay
59242457/ebay_5347.jpg,59242457,,first,STANDARD,ebay
29302858/ebay_5348.jpg,29302858,,first,STANDARD,ebay
08512558/ebay_5349.jpg,08512558,,first,STANDARD,ebay
57314798/ebay_5351.jpg,57314798,,first,STANDARD,ebay
68464358/ebay_5353.jpg,68464358,,first,STANDARD,ebay
29301450/ebay_5354.jpg,29301450,RA03-DE049,first,LINK,ebay
80802524/ebay_5355.jpg,80802524,,,SPELL_TRAP,ebay
81439173/ebay_5356.jpg,81439173,,first,SPELL_TRAP,ebay
62279055/ebay_5358.jpg,62279055,RP02-DE050,unlimited,SPELL_TRAP,ebay
15771991/ebay_5359.jpg,15771991,,,STANDARD,ebay
75892194/ebay_536.jpg,75892194,,first,STANDARD,ebay
53871273/ebay_5361.jpg,53871273,TOCH-EN008,unlimited,STANDARD,ebay
20508881/ebay_5362.jpg,20508881,RA05-DE075,first,SPELL_TRAP,ebay
04796100/ebay_5363.jpg,04796100,,first,STANDARD,ebay
31149212/ebay_5364.jpg,31149212,,first,STANDARD,ebay
38033121/ebay_5365.jpg,38033121,,first,STANDARD,ebay
83965310/ebay_5366.jpg,83965310,,first,STANDARD,ebay
84192580/ebay_5368.jpg,84192580,,unlimited,STANDARD,ebay
99011763/ebay_5369.jpg,99011763,,first,LINK,ebay
97687912/ebay_5371.jpg,97687912,,unlimited,SPELL_TRAP,ebay
95477924/ebay_5372.jpg,95477924,,first,SPELL_TRAP,ebay
27572350/ebay_5374.jpg,27572350,,first,STANDARD,ebay
81439173/ebay_5379.jpg,81439173,RA02-EN049,first,SPELL_TRAP,ebay
70711847/ebay_538.jpg,70711847,BLMR-DE059,first,STANDARD,ebay
93969023/ebay_5380.jpg,93969023,,first,STANDARD,ebay
31709826/ebay_5381.jpg,31709826,,unlimited,STANDARD,ebay
54757758/ebay_5382.jpg,54757758,,first,STANDARD,ebay
70711847/ebay_5384.jpg,70711847,RA05-EN012,first,STANDARD,ebay
61374414/ebay_5386.jpg,61374414,,unlimited,STANDARD,ebay
63519819/ebay_5387.jpg,63519819,,unlimited,STANDARD,ebay
38342335/ebay_5390.jpg,38342335,,first,LINK,ebay
85138716/ebay_5391.jpg,85138716,,first,STANDARD,ebay
81480460/ebay_5393.jpg,81480460,,unlimited,,ebay
98173209/ebay_5395.jpg,98173209,RA05-DE070,first,SPELL_TRAP,ebay
44508094/ebay_5398.jpg,44508094,CT05-DE001,limited,STANDARD,ebay
53347303/ebay_5399.jpg,53347303,,unlimited,STANDARD,ebay
41069676/ebay_5401.jpg,41069676,,first,STANDARD,ebay
06007213/ebay_5402.jpg,06007213,,limited,STANDARD,ebay
42741437/ebay_5404.jpg,42741437,RA05-DE050,first,STANDARD,ebay
45986603/ebay_5405.jpg,45986603,,first,SPELL_TRAP,ebay
63265554/ebay_5407.jpg,63265554,,unlimited,STANDARD,ebay
25366484/ebay_5409.jpg,25366484,,limited,STANDARD,ebay
44001993/ebay_541.jpg,44001993,,first,STANDARD,ebay
39402797/ebay_5410.jpg,39402797,,unlimited,STANDARD,ebay
67030233/ebay_5413.jpg,67030233,,first,STANDARD,ebay
97661969/ebay_5415.jpg,97661969,,first,LINK,ebay
16509007/ebay_5416.jpg,16509007,,first,STANDARD,ebay
74586817/ebay_5420.jpg,74586817,,first,STANDARD,ebay
97520701/ebay_5421.jpg,97520701,,first,SPELL_TRAP,ebay
90953320/ebay_5422.jpg,90953320,,first,STANDARD,ebay
01035143/ebay_5423.jpg,01035143,,first,STANDARD,ebay
53334641/ebay_5427.jpg,53334641,,first,STANDARD,ebay
02501624/ebay_5429.jpg,02501624,,first,STANDARD,ebay
90488465/ebay_5431.jpg,90488465,,unlimited,STANDARD,ebay
27243130/ebay_5436.jpg,27243130,,first,SPELL_TRAP,ebay
44335251/ebay_5437.jpg,44335251,,first,STANDARD,ebay
33698022/ebay_5439.jpg,33698022,,first,STANDARD,ebay
74677422/ebay_544.jpg,74677422,,first,STANDARD,ebay
74203495/ebay_5440.jpg,74203495,,first,STANDARD,ebay
18377261/ebay_5441.jpg,18377261,,first,STANDARD,ebay
83257450/ebay_5442.jpg,83257450,,first,STANDARD,ebay
35261759/ebay_5445.jpg,35261759,RA01-EN056,first,SPELL_TRAP,ebay
32828466/ebay_5447.jpg,32828466,,first,STANDARD,ebay
79606837/ebay_5448.jpg,79606837,,unlimited,STANDARD,ebay
38033121/ebay_5449.jpg,38033121,RA05-DE084,first,STANDARD,ebay
74388798/ebay_545.jpg,74388798,,first,STANDARD,ebay
83555666/ebay_5450.jpg,83555666,,first,SPELL_TRAP,ebay
42566602/ebay_5451.jpg,42566602,,first,STANDARD,ebay
45883110/ebay_5452.jpg,45883110,,first,STANDARD,ebay
83555666/ebay_5454.jpg,83555666,,unlimited,SPELL_TRAP,ebay
04031928/ebay_5456.jpg,04031928,,first,SPELL_TRAP,ebay
32274490/ebay_5457.jpg,32274490,,unlimited,STANDARD,ebay
68468459/ebay_5458.jpg,68468459,RA01-EN021,first,STANDARD,ebay
74677422/ebay_5459.jpg,74677422,,first,STANDARD,ebay
94886282/ebay_5462.jpg,94886282,,first,SPELL_TRAP,ebay
15180041/ebay_5463.jpg,15180041,,first,STANDARD,ebay
05852388/ebay_5464.jpg,05852388,,first,STANDARD,ebay
91800273/ebay_5466.jpg,91800273,,unlimited,STANDARD,ebay
38572779/ebay_5467.jpg,38572779,,first,STANDARD,ebay
89631139/ebay_5469.jpg,89631139,RA03-DE079,first,STANDARD,ebay
15771991/ebay_5470.jpg,15771991,,first,STANDARD,ebay
62873545/ebay_5473.jpg,62873545,,unlimited,STANDARD,ebay
85605684/ebay_5475.jpg,85605684,,unlimited,STANDARD,ebay
79109599/ebay_5476.jpg,79109599,JUSH-DE046,first,STANDARD,ebay
33017964/ebay_5477.jpg,33017964,,first,SPELL_TRAP,ebay
84013237/ebay_5478.jpg,84013237,,first,STANDARD,ebay
90488465/ebay_5479.jpg,90488465,,unlimited,STANDARD,ebay
59822133/ebay_548.jpg,59822133,RA02-DE030,first,STANDARD,ebay
28279543/ebay_5480.jpg,28279543,LOB-DE066,unlimited,STANDARD,ebay
17856505/ebay_5482.jpg,17856505,,first,STANDARD,ebay
59975920/ebay_5483.jpg,59975920,,first,STANDARD,ebay
05220687/ebay_5485.jpg,05220687,RA02-DE004,first,STANDARD,ebay
60242223/ebay_5486.jpg,60242223,RA05-EN023,first,STANDARD,ebay
05220687/ebay_5487.jpg,05220687,,first,STANDARD,ebay
74615388/ebay_5488.jpg,74615388,,first,STANDARD,ebay
70860415/ebay_5489.jpg,70860415,,first,STANDARD,ebay
89399912/ebay_5490.jpg,89399912,,,STANDARD,ebay
57314798/ebay_5493.jpg,57314798,,first,STANDARD,ebay
94886282/ebay_5494.jpg,94886282,,first,SPELL_TRAP,ebay
29369059/ebay_5495.jpg,29369059,,first,SPELL_TRAP,ebay
30603688/ebay_5498.jpg,30603688,,first,STANDARD,ebay
52040216/ebay_5499.jpg,52040216,,first,STANDARD,ebay
88120966/ebay_550.jpg,88120966,,first,STANDARD,ebay
96402918/ebay_5501.jpg,96402918,,first,STANDARD,ebay
29302858/ebay_5503.jpg,29302858,,first,STANDARD,ebay
57160136/ebay_5504.jpg,57160136,,first,SPELL_TRAP,ebay
36261276/ebay_5505.jpg,36261276,,unlimited,SPELL_TRAP,ebay
08124921/ebay_5506.jpg,08124921,,unlimited,STANDARD,ebay
34124316/ebay_5509.jpg,34124316,,unlimited,STANDARD,ebay
36637374/ebay_5510.jpg,36637374,,first,SPELL_TRAP,ebay
20295753/ebay_5511.jpg,20295753,RA05-EN020,first,STANDARD,ebay
27243130/ebay_5512.jpg,27243130,,first,SPELL_TRAP,ebay
95365081/ebay_5514.jpg,95365081,,first,STANDARD,ebay
74203495/ebay_5515.jpg,74203495,,first,STANDARD,ebay
72989439/ebay_5516.jpg,72989439,GLD4-DE013,limited,STANDARD,ebay
53129443/ebay_5517.jpg,53129443,LOB-DE052,unlimited,SPELL_TRAP,ebay
45141013/ebay_5519.jpg,45141013,,first,SPELL_TRAP,ebay
72090076/ebay_5520.jpg,72090076,,first,STANDARD,ebay
99745551/ebay_5521.jpg,99745551,RA04-EN027,first,STANDARD,ebay
44405066/ebay_5522.jpg,44405066,RA01-EN038,first,STANDARD,ebay
53982768/ebay_5524.jpg,53982768,,unlimited,STANDARD,ebay
46448938/ebay_5525.jpg,46448938,,first,SPELL_TRAP,ebay
23516703/ebay_5526.jpg,23516703,,first,SPELL_TRAP,ebay
45462149/ebay_5527.jpg,45462149,,first,LINK,ebay
20295753/ebay_5528.jpg,20295753,RA05-DE020,first,STANDARD,ebay
73915051/ebay_5529.jpg,73915051,,first,SPELL_TRAP,ebay
12206212/ebay_5530.jpg,12206212,MRD-DE009,unlimited,STANDARD,ebay
07477101/ebay_5531.jpg,07477101,,first,SPELL_TRAP,ebay
37267041/ebay_5534.jpg,37267041,WC5-DE001,unlimited,STANDARD,ebay
64202399/ebay_5535.jpg,64202399,RA01-DE016,first,STANDARD,ebay
97520701/ebay_5536.jpg,97520701,,first,SPELL_TRAP,ebay
58921041/ebay_5539.jpg,58921041,,first,SPELL_TRAP,ebay
19153590/ebay_554.jpg,19153590,,limited,STANDARD,ebay
15291624/ebay_5543.jpg,15291624,,first,STANDARD,ebay
80776622/ebay_5546.jpg,80776622,RA05-EN018,first,PENDULUM,ebay
95477924/ebay_5549.jpg,95477924,RA01-DE068,first,SPELL_TRAP,ebay
64182380/ebay_5550.jpg,64182380,,first,STANDARD,ebay
86937530/ebay_5551.jpg,86937530,,first,STANDARD,ebay
33787730/ebay_5553.jpg,33787730,CRBR-DE010,first,SPELL_TRAP,ebay
83326048/ebay_5554.jpg,83326048,,unlimited,SPELL_TRAP,ebay
74875003/ebay_5556.jpg,74875003,DRLG-DE024,first,STANDARD,ebay
60800381/ebay_5557.jpg,60800381,,first,STANDARD,ebay
75500286/ebay_5558.jpg,75500286,,first,SPELL_TRAP,ebay
73628505/ebay_5559.jpg,73628505,RA04-DE084,first,SPELL_TRAP,ebay
11443677/ebay_556.jpg,11443677,MP23-DE019,first,STANDARD,ebay
59859086/ebay_5561.jpg,59859086,,first,LINK,ebay
72302403/ebay_5562.jpg,72302403,LOB-DE101,unlimited,SPELL_TRAP,ebay
61705417/ebay_5563.jpg,61705417,,unlimited,SPELL_TRAP,ebay
64591429/ebay_5564.jpg,64591429,,first,STANDARD,ebay
45986603/ebay_5566.jpg,45986603,,first,SPELL_TRAP,ebay
26973555/ebay_5568.jpg,26973555,,first,STANDARD,ebay
12580477/ebay_5571.jpg,12580477,RA05-EN110,first,SPELL_TRAP,ebay
74677422/ebay_5572.jpg,74677422,,first,STANDARD,ebay
79856792/ebay_5573.jpg,79856792,,limited,STANDARD,ebay
98173209/ebay_5576.jpg,98173209,,first,SPELL_TRAP,ebay
51644030/ebay_5577.jpg,51644030,,first,STANDARD,ebay
92919429/ebay_5578.jpg,92919429,,first,STANDARD,ebay
64202399/ebay_5579.jpg,64202399,,first,STANDARD,ebay
94977269/ebay_5580.jpg,94977269,,first,STANDARD,ebay
24701066/ebay_5581.jpg,24701066,,first,STANDARD,ebay
74203495/ebay_5582.jpg,74203495,,first,STANDARD,ebay
69140098/ebay_5583.jpg,69140098,,first,STANDARD,ebay
94183877/ebay_5585.jpg,94183877,,first,STANDARD,ebay
72989439/ebay_5586.jpg,72989439,DR2-DE025,unlimited,STANDARD,ebay
99266988/ebay_5587.jpg,99266988,,first,SPELL_TRAP,ebay
92377303/ebay_5588.jpg,92377303,,first,STANDARD,ebay
24094653/ebay_5589.jpg,24094653,,first,SPELL_TRAP,ebay
98502113/ebay_559.jpg,98502113,,first,STANDARD,ebay
70147689/ebay_5591.jpg,70147689,,first,SPELL_TRAP,ebay
76145933/ebay_5592.jpg,76145933,,first,STANDARD,ebay
71625222/ebay_5593.jpg,71625222,,unlimited,STANDARD,ebay
25550531/ebay_5594.jpg,25550531,,first,STANDARD,ebay
49881766/ebay_5595.jpg,49881766,,unlimited,STANDARD,ebay
44519536/ebay_5596.jpg,44519536,,unlimited,STANDARD,ebay
34909328/ebay_5601.jpg,34909328,,first,STANDARD,ebay
57554544/ebay_5605.jpg,57554544,,first,SPELL_TRAP,ebay
22359980/ebay_5608.jpg,22359980,,unlimited,SPELL_TRAP,ebay
04206964/ebay_5609.jpg,04206964,,unlimited,SPELL_TRAP,ebay
38033121/ebay_561.jpg,38033121,,first,STANDARD,ebay
63265554/ebay_5610.jpg,63265554,,unlimited,STANDARD,ebay
37742478/ebay_5614.jpg,37742478,VASM-EN046,first,STANDARD,ebay
21296502/ebay_5615.jpg,21296502,,unlimited,STANDARD,ebay
23899727/ebay_5616.jpg,23899727,,first,STANDARD,ebay
70902743/ebay_5620.jpg,70902743,,first,STANDARD,ebay
57314798/ebay_5623.jpg,57314798,,first,STANDARD,ebay
92107604/ebay_5624.jpg,92107604,,first,SPELL_TRAP,ebay
70781052/ebay_5625.jpg,70781052,DPYG-DE002,first,STANDARD,ebay
37818794/ebay_5626.jpg,37818794,,first,STANDARD,ebay
74997493/ebay_5627.jpg,74997493,,first,LINK,ebay
23893227/ebay_5629.jpg,23893227,,unlimited,STANDARD,ebay
92248362/ebay_5630.jpg,92248362,,first,STANDARD,ebay
91512835/ebay_5631.jpg,91512835,,limited,STANDARD,ebay
72167543/ebay_5633.jpg,72167543,,first,STANDARD,ebay
43316238/ebay_5634.jpg,43316238,,first,STANDARD,ebay
11827244/ebay_5637.jpg,11827244,RA01-EN058,first,SPELL_TRAP,ebay
14558127/ebay_5638.jpg,14558127,,first,STANDARD,ebay
50584941/ebay_564.jpg,50584941,,first,SPELL_TRAP,ebay
23153227/ebay_5640.jpg,23153227,,first,SPELL_TRAP,ebay
08267140/ebay_5641.jpg,08267140,,first,SPELL_TRAP,ebay
49238328/ebay_5643.jpg,49238328,RA01-DE059,first,SPELL_TRAP,ebay
40044918/ebay_5645.jpg,40044918,,first,STANDARD,ebay
32909498/ebay_5646.jpg,32909498,,first,STANDARD,ebay
67723438/ebay_5647.jpg,67723438,RA02-DE053,first,SPELL_TRAP,ebay
96570609/ebay_5648.jpg,96570609,,first,STANDARD,ebay
18807108/ebay_5649.jpg,18807108,,unlimited,,ebay
13533678/ebay_5650.jpg,13533678,,first,STANDARD,ebay
81439173/ebay_5651.jpg,81439173,RA02-EN049,first,SPELL_TRAP,ebay
61496006/ebay_5653.jpg,61496006,,first,STANDARD,ebay
35269904/ebay_5654.jpg,35269904,,first,SPELL_TRAP,ebay
68304193/ebay_5655.jpg,68304193,,first,STANDARD,ebay
75926389/ebay_5656.jpg,75926389,,first,SPELL_TRAP,ebay
80845034/ebay_5657.jpg,80845034,,first,SPELL_TRAP,ebay
74677422/ebay_5658.jpg,74677422,,first,STANDARD,ebay
01984618/ebay_5659.jpg,01984618,,,SPELL_TRAP,ebay
99266988/ebay_5662.jpg,99266988,RA01-EN065,first,SPELL_TRAP,ebay
31006879/ebay_5664.jpg,31006879,MAZE-DE016,first,SPELL_TRAP,ebay
01498449/ebay_5665.jpg,01498449,,first,STANDARD,ebay
66401502/ebay_5667.jpg,66401502,RA04-EN044,first,STANDARD,ebay
77207191/ebay_5669.jpg,77207191,LCYW-DE045,first,STANDARD,ebay
76419637/ebay_567.jpg,76419637,,first,STANDARD,ebay
17375316/ebay_5670.jpg,17375316,,unlimited,SPELL_TRAP,ebay
93880808/ebay_5671.jpg,93880808,,first,STANDARD,ebay
25451383/ebay_5673.jpg,25451383,RA05-EN019,first,STANDARD,ebay
79759861/ebay_5675.jpg,79759861,,unlimited,SPELL_TRAP,ebay
89631139/ebay_5676.jpg,89631139,SDK-G001,unlimited,STANDARD,ebay
54387923/ebay_5677.jpg,54387923,,first,PENDULUM,ebay
09327502/ebay_5678.jpg,09327502,,unlimited,STANDARD,ebay
89631139/ebay_5679.jpg,89631139,MAGO-DE001,first,STANDARD,ebay
17080584/ebay_568.jpg,17080584,,first,STANDARD,ebay
39030163/ebay_5681.jpg,39030163,,first,STANDARD,ebay
29280200/ebay_5682.jpg,29280200,,first,STANDARD,ebay
64182380/ebay_5683.jpg,64182380,RA05-EN052,first,STANDARD,ebay
75347539/ebay_5685.jpg,75347539,,unlimited,STANDARD,ebay
25311006/ebay_5688.jpg,25311006,,first,SPELL_TRAP,ebay
25862681/ebay_569.jpg,25862681,,limited,STANDARD,ebay
49456901/ebay_5691.jpg,49456901,RA05-EN046,first,STANDARD,ebay
66788016/ebay_5692.jpg,66788016,HL2-EN006,unlimited,SPELL_TRAP,ebay
47051709/ebay_5695.jpg,47051709,RA05-EN026,first,STANDARD,ebay
73046708/ebay_5696.jpg,73046708,,first,SPELL_TRAP,ebay
05186893/ebay_5697.jpg,05186893,,first,STANDARD,ebay
62849088/ebay_5699.jpg,62849088,,first,STANDARD,ebay
77585513/ebay_5700.jpg,77585513,,first,STANDARD,ebay
14558127/ebay_5701.jpg,14558127,,unlimited,STANDARD,ebay
22046459/ebay_5702.jpg,22046459,,unlimited,SPELL_TRAP,ebay
36637374/ebay_5705.jpg,36637374,,first,SPELL_TRAP,ebay
59438930/ebay_5706.jpg,59438930,,first,STANDARD,ebay
82135803/ebay_5707.jpg,82135803,,first,STANDARD,ebay
14532163/ebay_5708.jpg,14532163,,first,SPELL_TRAP,ebay
70095154/ebay_571.jpg,70095154,CT03-DE002,first,STANDARD,ebay
10443957/ebay_5710.jpg,10443957,,first,STANDARD,ebay
91073013/ebay_5711.jpg,91073013,,unlimited,STANDARD,ebay
66401502/ebay_5713.jpg,66401502,,first,STANDARD,ebay
56824871/ebay_5714.jpg,56824871,,first,STANDARD,ebay
62962630/ebay_5715.jpg,62962630,,first,STANDARD,ebay
61650133/ebay_5716.jpg,61650133,,first,SPELL_TRAP,ebay
00102380/ebay_5717.jpg,00102380,,unlimited,STANDARD,ebay
90953320/ebay_5719.jpg,90953320,,first,STANDARD,ebay
87742943/ebay_572.jpg,87742943,,first,STANDARD,ebay
93777634/ebay_5722.jpg,93777634,,first,STANDARD,ebay
95440946/ebay_5723.jpg,95440946,,first,STANDARD,ebay
21593977/ebay_5724.jpg,21593977,,unlimited,STANDARD,ebay
86099788/ebay_5726.jpg,86099788,,unlimited,STANDARD,ebay
61405855/ebay_5727.jpg,61405855,,unlimited,SPELL_TRAP,ebay
92714517/ebay_5728.jpg,92714517,,first,SPELL_TRAP,ebay
35975813/ebay_5729.jpg,35975813,,unlimited,STANDARD,ebay
89558743/ebay_5730.jpg,89558743,,first,SPELL_TRAP,ebay
19739265/ebay_5731.jpg,19739265,,first,SPELL_TRAP,ebay
72989439/ebay_5732.jpg,72989439,DUSA-DE053,first,STANDARD,ebay
07093411/ebay_5733.jpg,07093411,,first,STANDARD,ebay
85106525/ebay_5734.jpg,85106525,,first,SPELL_TRAP,ebay
83121692/ebay_5735.jpg,83121692,,first,STANDARD,ebay
15397015/ebay_5736.jpg,15397015,,unlimited,STANDARD,ebay
00423705/ebay_5737.jpg,00423705,,unlimited,STANDARD,ebay
85138716/ebay_5738.jpg,85138716,,first,STANDARD,ebay
29369059/ebay_5739.jpg,29369059,RA05-DE074,first,SPELL_TRAP,ebay
58471134/ebay_5741.jpg,58471134,,first,STANDARD,ebay
91073013/ebay_5743.jpg,91073013,,first,STANDARD,ebay
46986414/ebay_5744.jpg,46986414,MAGO-DE002,first,STANDARD,ebay
61173621/ebay_5745.jpg,61173621,RA04-DE014,first,STANDARD,ebay
42703248/ebay_5748.jpg,42703248,,unlimited,SPELL_TRAP,ebay
92714517/ebay_5750.jpg,92714517,,first,SPELL_TRAP,ebay
12600382/ebay_5751.jpg,12600382,,limited,STANDARD,ebay
17856505/ebay_5752.jpg,17856505,,first,STANDARD,ebay
21887175/ebay_5753.jpg,21887175,,first,LINK,ebay
79979666/ebay_5756.jpg,79979666,,first,STANDARD,ebay
71101678/ebay_5757.jpg,71101678,,first,STANDARD,ebay
00706925/ebay_5758.jpg,00706925,,first,STANDARD,ebay
94145021/ebay_5759.jpg,94145021,,first,STANDARD,ebay
58071334/ebay_5760.jpg,58071334,,first,STANDARD,ebay
24550676/ebay_5761.jpg,24550676,RA04-EN053,first,STANDARD,ebay
70781052/ebay_5762.jpg,70781052,LCYW-DE010,first,STANDARD,ebay
58257569/ebay_5763.jpg,58257569,,first,STANDARD,ebay
48686504/ebay_5764.jpg,48686504,RA01-EN002,first,STANDARD,ebay
45986603/ebay_5766.jpg,45986603,,unlimited,SPELL_TRAP,ebay
89631139/ebay_5768.jpg,89631139,CT14-DE002,limited,STANDARD,ebay
28985331/ebay_5769.jpg,28985331,,first,STANDARD,ebay
69181753/ebay_577.jpg,69181753,,first,STANDARD,ebay
63977008/ebay_5770.jpg,63977008,DUSA-DE074,first,STANDARD,ebay
85800949/ebay_5771.jpg,85800949,,unlimited,STANDARD,ebay
36637374/ebay_5772.jpg,36637374,,unlimited,SPELL_TRAP,ebay
83764718/ebay_5773.jpg,83764718,,first,,ebay
89631139/ebay_5774.jpg,89631139,,first,STANDARD,ebay
55863245/ebay_5775.jpg,55863245,,first,STANDARD,ebay
65589010/ebay_5776.jpg,65589010,,first,SPELL_TRAP,ebay
78868119/ebay_5777.jpg,78868119,,first,STANDARD,ebay
37405032/ebay_5778.jpg,37405032,,first,STANDARD,ebay
38517737/ebay_5779.jpg,38517737,RA02-DE010,first,STANDARD,ebay
49721904/ebay_578.jpg,49721904,,unlimited,STANDARD,ebay
57046845/ebay_5780.jpg,57046845,,first,STANDARD,ebay
14198496/ebay_5781.jpg,14198496,,first,STANDARD,ebay
13722870/ebay_5782.jpg,13722870,,unlimited,STANDARD,ebay
56746202/ebay_5783.jpg,56746202,,first,STANDARD,ebay
59859086/ebay_5784.jpg,59859086,,first,LINK,ebay
58851034/ebay_5786.jpg,58851034,,first,SPELL_TRAP,ebay
98173209/ebay_5787.jpg,98173209,,first,SPELL_TRAP,ebay
86120751/ebay_5789.jpg,86120751,,first,STANDARD,ebay
07093411/ebay_579.jpg,07093411,,first,STANDARD,ebay
67616300/ebay_5790.jpg,67616300,,unlimited,SPELL_TRAP,ebay
50954680/ebay_5792.jpg,50954680,,first,STANDARD,ebay
93854893/ebay_5793.jpg,93854893,RA01-EN040,first,STANDARD,ebay
39256679/ebay_5796.jpg,39256679,DOR-G002,unlimited,STANDARD,ebay
33779875/ebay_5798.jpg,33779875,,first,STANDARD,ebay
16387555/ebay_5801.jpg,16387555,,first,STANDARD,ebay
80870883/ebay_5803.jpg,80870883,,first,STANDARD,ebay
80870883/ebay_5805.jpg,80870883,,first,STANDARD,ebay
00759393/ebay_5809.jpg,00759393,,first,STANDARD,ebay
67441435/ebay_581.jpg,67441435,,unlimited,STANDARD,ebay
26118970/ebay_5811.jpg,26118970,,first,STANDARD,ebay
64603182/ebay_5812.jpg,64603182,,first,STANDARD,ebay
58916810/ebay_5814.jpg,58916810,,first,STANDARD,ebay
06007213/ebay_5815.jpg,06007213,,first,STANDARD,ebay
23434538/ebay_5828.jpg,23434538,,first,STANDARD,ebay
22912101/ebay_5831.jpg,22912101,,first,STANDARD,ebay
53183600/ebay_5838.jpg,53183600,,first,STANDARD,ebay
28651380/ebay_584.jpg,28651380,,first,STANDARD,ebay
57294268/ebay_5840.jpg,57294268,,first,STANDARD,ebay
58143852/ebay_5841.jpg,58143852,MP25-DE004,first,STANDARD,ebay
64603182/ebay_5842.jpg,64603182,,first,STANDARD,ebay
89631139/ebay_5843.jpg,89631139,RA05-DE085,first,STANDARD,ebay
15735108/ebay_5844.jpg,15735108,,first,SPELL_TRAP,ebay
78397661/ebay_5847.jpg,78397661,,first,STANDARD,ebay
23856331/ebay_5850.jpg,23856331,,first,STANDARD,ebay
90448279/ebay_5851.jpg,90448279,RA05-EN103,first,STANDARD,ebay
29301450/ebay_5852.jpg,29301450,,first,LINK,ebay
62089826/ebay_5853.jpg,62089826,,,SPELL_TRAP,ebay
05821478/ebay_5854.jpg,05821478,,first,LINK,ebay
96345184/ebay_5855.jpg,96345184,,,STANDARD,ebay
89604813/ebay_586.jpg,89604813,SDWD-DE043,first,STANDARD,ebay
89943723/ebay_5861.jpg,89943723,,,STANDARD,ebay
37613663/ebay_5865.jpg,37613663,,first,SPELL_TRAP,ebay
31834488/ebay_5866.jpg,31834488,,first,SPELL_TRAP,ebay
37654623/ebay_5870.jpg,37654623,,first,SPELL_TRAP,ebay
16643334/ebay_5871.jpg,16643334,,first,STANDARD,ebay
47172959/ebay_5872.jpg,47172959,,first,STANDARD,ebay
34541940/ebay_5873.jpg,34541940,,first,STANDARD,ebay
28958464/ebay_5875.jpg,28958464,MP25-EN006,first,SPELL_TRAP,ebay
97077563/ebay_5879.jpg,97077563,,first,SPELL_TRAP,ebay
11827244/ebay_588.jpg,11827244,RA01-DE058,first,SPELL_TRAP,ebay
68304193/ebay_5880.jpg,68304193,,first,STANDARD,ebay
06637331/ebay_5881.jpg,06637331,,first,STANDARD,ebay
02347656/ebay_5884.jpg,02347656,,first,STANDARD,ebay
06007213/ebay_5885.jpg,06007213,,first,STANDARD,ebay
11443677/ebay_5886.jpg,11443677,MP25-EN042,first,STANDARD,ebay
12213463/ebay_5887.jpg,12213463,,first,STANDARD,ebay
96345184/ebay_5888.jpg,96345184,,first,STANDARD,ebay
73580471/ebay_5890.jpg,73580471,,first,STANDARD,ebay
80870883/ebay_5892.jpg,80870883,,first,STANDARD,ebay
99585850/ebay_5893.jpg,99585850,,unlimited,STANDARD,ebay
92248362/ebay_5894.jpg,92248362,,first,STANDARD,ebay
55878038/ebay_5895.jpg,55878038,,first,STANDARD,ebay
46986414/ebay_5900.jpg,46986414,RA05-DE083,first,STANDARD,ebay
76145933/ebay_5901.jpg,76145933,,first,STANDARD,ebay
46986414/ebay_5903.jpg,46986414,RA05-EN083,first,STANDARD,ebay
29053656/ebay_5904.jpg,29053656,,unlimited,STANDARD,ebay
14558127/ebay_5905.jpg,14558127,,first,STANDARD,ebay
12213463/ebay_5907.jpg,12213463,MP25-DE038,first,STANDARD,ebay
52687916/ebay_5908.jpg,52687916,,first,STANDARD,ebay
76636978/ebay_5909.jpg,76636978,,unlimited,STANDARD,ebay
17955766/ebay_5912.jpg,17955766,,first,STANDARD,ebay
55144522/ebay_5914.jpg,55144522,MP25-DE050,first,SPELL_TRAP,ebay
83764718/ebay_5915.jpg,83764718,,first,,ebay
88033975/ebay_5916.jpg,88033975,,first,STANDARD,ebay
54475145/ebay_5917.jpg,54475145,,first,STANDARD,ebay
82344137/ebay_5918.jpg,82344137,,unlimited,STANDARD,ebay
81866673/ebay_592.jpg,81866673,,first,STANDARD,ebay
35405755/ebay_5920.jpg,35405755,,first,STANDARD,ebay
87451661/ebay_5923.jpg,87451661,,first,STANDARD,ebay
33396948/ebay_5924.jpg,33396948,,unlimited,STANDARD,ebay
56196385/ebay_5925.jpg,56196385,,first,STANDARD,ebay
98173209/ebay_5927.jpg,98173209,RA05-DE070,first,SPELL_TRAP,ebay
42097666/ebay_5928.jpg,42097666,,first,LINK,ebay
29762407/ebay_5929.jpg,29762407,,first,SPELL_TRAP,ebay
84171830/ebay_5930.jpg,84171830,,first,SPELL_TRAP,ebay
66957584/ebay_5931.jpg,66957584,,first,SPELL_TRAP,ebay
05559570/ebay_5935.jpg,05559570,,first,STANDARD,ebay
09596126/ebay_5938.jpg,09596126,,first,STANDARD,ebay
08379983/ebay_5939.jpg,08379983,,unlimited,STANDARD,ebay
72656408/ebay_5940.jpg,72656408,,first,STANDARD,ebay
35952884/ebay_5941.jpg,35952884,,unlimited,STANDARD,ebay
27572350/ebay_5943.jpg,27572350,,first,STANDARD,ebay
90448279/ebay_5944.jpg,90448279,RA05-EN103,first,STANDARD,ebay
24224830/ebay_5946.jpg,24224830,,first,SPELL_TRAP,ebay
29325276/ebay_5948.jpg,29325276,,first,STANDARD,ebay
29762407/ebay_5949.jpg,29762407,,,SPELL_TRAP,ebay
26050548/ebay_595.jpg,26050548,,first,STANDARD,ebay
69680031/ebay_5950.jpg,69680031,,first,STANDARD,ebay
78144171/ebay_5953.jpg,78144171,,first,STANDARD,ebay
38033121/ebay_5958.jpg,38033121,,first,STANDARD,ebay
34408491/ebay_5959.jpg,34408491,,first,STANDARD,ebay
58053438/ebay_5960.jpg,58053438,,first,SPELL_TRAP,ebay
22850702/ebay_5961.jpg,22850702,,unlimited,STANDARD,ebay
28958464/ebay_5963.jpg,28958464,,first,SPELL_TRAP,ebay
58120309/ebay_5965.jpg,58120309,MP25-EN022,first,SPELL_TRAP,ebay
55144522/ebay_5966.jpg,55144522,,first,SPELL_TRAP,ebay
31443476/ebay_5968.jpg,31443476,,first,SPELL_TRAP,ebay
11443677/ebay_5969.jpg,11443677,MP25-DE042,first,STANDARD,ebay
22850702/ebay_5970.jpg,22850702,,first,STANDARD,ebay
34408491/ebay_5973.jpg,34408491,,first,STANDARD,ebay
18738846/ebay_5975.jpg,18738846,,first,STANDARD,ebay
24224830/ebay_5976.jpg,24224830,,first,SPELL_TRAP,ebay
06637331/ebay_5980.jpg,06637331,,first,STANDARD,ebay
79791878/ebay_5982.jpg,79791878,,first,SPELL_TRAP,ebay
28958464/ebay_5984.jpg,28958464,,first,SPELL_TRAP,ebay
82933935/ebay_5985.jpg,82933935,,,STANDARD,ebay
21140872/ebay_5986.jpg,21140872,,first,STANDARD,ebay
73602965/ebay_5987.jpg,73602965,,first,STANDARD,ebay
46986414/ebay_5988.jpg,46986414,RA05-DE083,first,STANDARD,ebay
80870883/ebay_5990.jpg,80870883,,first,STANDARD,ebay
58120309/ebay_5991.jpg,58120309,,first,SPELL_TRAP,ebay
12580477/ebay_5992.jpg,12580477,,first,SPELL_TRAP,ebay
21140872/ebay_5993.jpg,21140872,,first,STANDARD,ebay
74677422/ebay_5994.jpg,74677422,,first,STANDARD,ebay
61257789/ebay_5995.jpg,61257789,,first,STANDARD,ebay
37818794/ebay_5996.jpg,37818794,,first,STANDARD,ebay
58769832/ebay_5997.jpg,58769832,,first,STANDARD,ebay
77157846/ebay_5999.jpg,77157846,,first,PENDULUM,ebay
74631897/ebay_6001.jpg,74631897,,first,STANDARD,ebay
82344137/ebay_6002.jpg,82344137,,first,STANDARD,ebay
65541655/ebay_6003.jpg,65541655,,unlimited,STANDARD,ebay
95440946/ebay_6007.jpg,95440946,,first,STANDARD,ebay
81275020/ebay_6010.jpg,81275020,,first,STANDARD,ebay
35405755/ebay_6011.jpg,35405755,,unlimited,STANDARD,ebay
89631139/ebay_6013.jpg,89631139,,first,STANDARD,ebay
53183600/ebay_6016.jpg,53183600,,first,STANDARD,ebay
76145933/ebay_6017.jpg,76145933,,first,STANDARD,ebay
25538345/ebay_6020.jpg,25538345,,unlimited,STANDARD,ebay
55878038/ebay_6021.jpg,55878038,MP25-EN035,first,STANDARD,ebay
64061284/ebay_6024.jpg,64061284,RA05-DE063,first,SPELL_TRAP,ebay
37613663/ebay_6025.jpg,37613663,,first,SPELL_TRAP,ebay
76145933/ebay_6026.jpg,76145933,,first,STANDARD,ebay
62089826/ebay_6027.jpg,62089826,,first,SPELL_TRAP,ebay
89631139/ebay_6028.jpg,89631139,,first,STANDARD,ebay
31801517/ebay_6029.jpg,31801517,,,STANDARD,ebay
56196385/ebay_6030.jpg,56196385,,unlimited,STANDARD,ebay
70781052/ebay_6031.jpg,70781052,,first,STANDARD,ebay
65741786/ebay_6032.jpg,65741786,,first,LINK,ebay
09091064/ebay_6033.jpg,09091064,,unlimited,STANDARD,ebay
35240714/ebay_6036.jpg,35240714,,first,SPELL_TRAP,ebay
04227096/ebay_6037.jpg,04227096,,first,SPELL_TRAP,ebay
91025875/ebay_6038.jpg,91025875,,first,STANDARD,ebay
61257789/ebay_6039.jpg,61257789,,,STANDARD,ebay
35269904/ebay_6040.jpg,35269904,,first,SPELL_TRAP,ebay
67288539/ebay_6042.jpg,67288539,,unlimited,LINK,ebay
64182380/ebay_6043.jpg,64182380,,first,STANDARD,ebay
29401950/ebay_6044.jpg,29401950,,first,SPELL_TRAP,ebay
39568067/ebay_6045.jpg,39568067,,first,SPELL_TRAP,ebay
50251045/ebay_6047.jpg,50251045,,first,STANDARD,ebay
03078576/ebay_6048.jpg,03078576,,first,STANDARD,ebay
70711847/ebay_6049.jpg,70711847,RA05-DE012,first,STANDARD,ebay
98684220/ebay_6050.jpg,98684220,,first,STANDARD,ebay
94119480/ebay_6052.jpg,94119480,,first,STANDARD,ebay
60303688/ebay_6053.jpg,60303688,,unlimited,STANDARD,ebay
19652159/ebay_6057.jpg,19652159,,unlimited,STANDARD,ebay
38033121/ebay_6058.jpg,38033121,BLGG-DE003,first,STANDARD,ebay
52782439/ebay_6060.jpg,52782439,,first,SPELL_TRAP,ebay
15735108/ebay_6061.jpg,15735108,,first,SPELL_TRAP,ebay
37432075/ebay_6062.jpg,37432075,,first,SPELL_TRAP,ebay
91025875/ebay_6064.jpg,91025875,,unlimited,STANDARD,ebay
98829635/ebay_6065.jpg,98829635,,first,SPELL_TRAP,ebay
31443476/ebay_6066.jpg,31443476,,first,SPELL_TRAP,ebay
29981921/ebay_6070.jpg,29981921,,first,STANDARD,ebay
69053263/ebay_6075.jpg,69053263,,first,SPELL_TRAP,ebay
79844764/ebay_6076.jpg,79844764,MP25-DE024,first,SPELL_TRAP,ebay
98476659/ebay_6077.jpg,98476659,CORI-EN061,first,SPELL_TRAP,ebay
64043465/ebay_6078.jpg,64043465,,first,SPELL_TRAP,ebay
02372506/ebay_6079.jpg,02372506,,first,SPELL_TRAP,ebay
72989439/ebay_608.jpg,72989439,LCYW-DE025,first,STANDARD,ebay
23856331/ebay_6082.jpg,23856331,,first,STANDARD,ebay
78144171/ebay_6083.jpg,78144171,,first,STANDARD,ebay
90448279/ebay_6087.jpg,90448279,,first,STANDARD,ebay
55878038/ebay_6088.jpg,55878038,,first,STANDARD,ebay
54475145/ebay_6089.jpg,54475145,MP25-DE013,first,STANDARD,ebay
29301450/ebay_6091.jpg,29301450,,unlimited,LINK,ebay
73602965/ebay_6092.jpg,73602965,,first,STANDARD,ebay
35269904/ebay_6093.jpg,35269904,,first,SPELL_TRAP,ebay
25789292/ebay_6097.jpg,25789292,,first,SPELL_TRAP,ebay
33609262/ebay_6098.jpg,33609262,MP25-EN025,first,SPELL_TRAP,ebay
35842855/ebay_610.jpg,35842855,,first,STANDARD,ebay
65589010/ebay_6101.jpg,65589010,,first,SPELL_TRAP,ebay
79844764/ebay_6102.jpg,79844764,,first,SPELL_TRAP,ebay
89631139/ebay_6104.jpg,89631139,,first,STANDARD,ebay
56787189/ebay_6106.jpg,56787189,,first,SPELL_TRAP,ebay
50277355/ebay_6108.jpg,50277355,RA05-DE106,first,LINK,ebay
07477101/ebay_6109.jpg,07477101,BLGG-DE126,first,SPELL_TRAP,ebay
90681088/ebay_6110.jpg,90681088,,first,STANDARD,ebay
02347656/ebay_6113.jpg,02347656,,first,STANDARD,ebay
92919429/ebay_6114.jpg,92919429,,first,STANDARD,ebay
50251045/ebay_6115.jpg,50251045,,first,STANDARD,ebay
83257450/ebay_6116.jpg,83257450,,first,STANDARD,ebay
50073633/ebay_6118.jpg,50073633,,first,STANDARD,ebay
33609262/ebay_6119.jpg,33609262,,first,SPELL_TRAP,ebay
98502113/ebay_612.jpg,98502113,,first,STANDARD,ebay
58143852/ebay_6125.jpg,58143852,RA05-DE135,first,STANDARD,ebay
53183600/ebay_6127.jpg,53183600,,first,STANDARD,ebay
62279055/ebay_6129.jpg,62279055,,first,SPELL_TRAP,ebay
05318639/ebay_6132.jpg,05318639,,first,SPELL_TRAP,ebay
38354018/ebay_6134.jpg,38354018,,first,STANDARD,ebay
02526224/ebay_6135.jpg,02526224,RA05-EN032,first,STANDARD,ebay
83257450/ebay_6137.jpg,83257450,,first,STANDARD,ebay
26118970/ebay_6140.jpg,26118970,MP25-DE037,first,STANDARD,ebay
76636978/ebay_6143.jpg,76636978,,,STANDARD,ebay
81439173/ebay_6145.jpg,81439173,,first,SPELL_TRAP,ebay
89631139/ebay_615.jpg,89631139,,first,STANDARD,ebay
24701066/ebay_6150.jpg,24701066,,first,STANDARD,ebay
52068432/ebay_6152.jpg,52068432,,first,STANDARD,ebay
43904702/ebay_6154.jpg,43904702,,first,STANDARD,ebay
33609262/ebay_6155.jpg,33609262,,first,SPELL_TRAP,ebay
42125140/ebay_6157.jpg,42125140,,first,STANDARD,ebay
25592142/ebay_6159.jpg,25592142,,first,STANDARD,ebay
11398059/ebay_6160.jpg,11398059,,first,STANDARD,ebay
32274490/ebay_6164.jpg,32274490,RA05-EN087,first,STANDARD,ebay
02725599/ebay_6166.jpg,02725599,,first,LINK,ebay
40216089/ebay_6167.jpg,40216089,,first,LINK,ebay
80870883/ebay_6168.jpg,80870883,MP25-EN014,first,STANDARD,ebay
12213463/ebay_6171.jpg,12213463,MP25-EN038,first,STANDARD,ebay
46986418/ebay_6172.jpg,46986418,,,,ebay
13021682/ebay_6173.jpg,13021682,,unlimited,STANDARD,ebay
38811586/ebay_6174.jpg,38811586,,first,STANDARD,ebay
52038441/ebay_6179.jpg,52038441,RA05-DE096,first,STANDARD,ebay
74677422/ebay_618.jpg,74677422,,first,STANDARD,ebay
05821478/ebay_6181.jpg,05821478,,first,LINK,ebay
29762407/ebay_6182.jpg,29762407,,first,SPELL_TRAP,ebay
92919429/ebay_6183.jpg,92919429,,first,STANDARD,ebay
05559570/ebay_6185.jpg,05559570,,first,STANDARD,ebay
22912101/ebay_6187.jpg,22912101,,first,STANDARD,ebay
32759190/ebay_6189.jpg,32759190,,first,STANDARD,ebay
75046994/ebay_6190.jpg,75046994,,first,STANDARD,ebay
45906428/ebay_6191.jpg,45906428,,first,SPELL_TRAP,ebay
84171830/ebay_6194.jpg,84171830,,first,SPELL_TRAP,ebay
37458564/ebay_6195.jpg,37458564,,,LINK,ebay
55863245/ebay_6197.jpg,55863245,RA05-EN040,first,STANDARD,ebay
54475145/ebay_6198.jpg,54475145,MP25-DE013,first,STANDARD,ebay
30576089/ebay_6199.jpg,30576089,,first,STANDARD,ebay
32807846/ebay_6202.jpg,32807846,L26D-DES08,first,SPELL_TRAP,ebay
89631139/ebay_6206.jpg,89631139,RA05-DE085,first,STANDARD,ebay
37613663/ebay_6207.jpg,37613663,,first,SPELL_TRAP,ebay
83764718/ebay_6208.jpg,83764718,,first,,ebay
70522875/ebay_6209.jpg,70522875,,unlimited,LINK,ebay
85800949/ebay_621.jpg,85800949,,first,STANDARD,ebay
92377303/ebay_6211.jpg,92377303,,first,STANDARD,ebay
26236560/ebay_6212.jpg,26236560,,unlimited,STANDARD,ebay
52687916/ebay_6217.jpg,52687916,,first,STANDARD,ebay
37613663/ebay_6218.jpg,37613663,,first,SPELL_TRAP,ebay
44335251/ebay_6220.jpg,44335251,,first,STANDARD,ebay
83257450/ebay_6225.jpg,83257450,,first,STANDARD,ebay
92377303/ebay_6226.jpg,92377303,,first,STANDARD,ebay
11443677/ebay_6227.jpg,11443677,MP25-EN042,first,STANDARD,ebay
67768675/ebay_6229.jpg,67768675,,first,STANDARD,ebay
32909498/ebay_6230.jpg,32909498,RA05-DE024,first,STANDARD,ebay
90673288/ebay_6233.jpg,90673288,,,LINK,ebay
37613663/ebay_6234.jpg,37613663,,first,SPELL_TRAP,ebay
73915051/ebay_6235.jpg,73915051,,first,SPELL_TRAP,ebay
76145933/ebay_6237.jpg,76145933,,first,STANDARD,ebay
89631139/ebay_6240.jpg,89631139,RA05-DE085,first,STANDARD,ebay
38033121/ebay_6241.jpg,38033121,RA05-DE084,first,STANDARD,ebay
06637331/ebay_6242.jpg,06637331,,unlimited,STANDARD,ebay
94183877/ebay_6244.jpg,94183877,,first,STANDARD,ebay
66431519/ebay_6245.jpg,66431519,,first,STANDARD,ebay
60709218/ebay_6247.jpg,60709218,,first,SPELL_TRAP,ebay
34408491/ebay_6248.jpg,34408491,MP25-EN023,first,STANDARD,ebay
74677422/ebay_6249.jpg,74677422,,first,STANDARD,ebay
96402918/ebay_625.jpg,96402918,,first,STANDARD,ebay
74644400/ebay_6253.jpg,74644400,,first,STANDARD,ebay
33854624/ebay_6255.jpg,33854624,,first,STANDARD,ebay
53325667/ebay_6256.jpg,53325667,,first,STANDARD,ebay
06637331/ebay_6257.jpg,06637331,,first,STANDARD,ebay
26077387/ebay_6260.jpg,26077387,L26D-ENS01,first,STANDARD,ebay
85315450/ebay_6261.jpg,85315450,,first,STANDARD,ebay
09596126/ebay_6263.jpg,09596126,,first,STANDARD,ebay
15665977/ebay_6265.jpg,15665977,,first,STANDARD,ebay
74677422/ebay_6271.jpg,74677422,,first,STANDARD,ebay
91800273/ebay_6273.jpg,91800273,,first,STANDARD,ebay
65589010/ebay_6274.jpg,65589010,,first,SPELL_TRAP,ebay
62279055/ebay_6275.jpg,62279055,,first,SPELL_TRAP,ebay
23434538/ebay_6276.jpg,23434538,,first,STANDARD,ebay
35645105/ebay_6278.jpg,35645105,,first,STANDARD,ebay
68464358/ebay_6279.jpg,68464358,,first,STANDARD,ebay
94183877/ebay_6283.jpg,94183877,,first,STANDARD,ebay
60025883/ebay_6284.jpg,60025883,MP25-DE039,first,LINK,ebay
66452432/ebay_6286.jpg,66452432,,first,LINK,ebay
13597785/ebay_6287.jpg,13597785,,first,STANDARD,ebay
31286915/ebay_6288.jpg,31286915,,first,STANDARD,ebay
35405755/ebay_6292.jpg,35405755,,first,STANDARD,ebay
19434243/ebay_6297.jpg,19434243,,first,STANDARD,ebay
58916810/ebay_6298.jpg,58916810,,first,STANDARD,ebay
64603182/ebay_6299.jpg,64603182,MP25-EN003,first,STANDARD,ebay
74677422/ebay_630.jpg,74677422,,first,STANDARD,ebay
46986414/ebay_6301.jpg,46986414,RA05-DE083,first,STANDARD,ebay
56746202/ebay_6302.jpg,56746202,,first,STANDARD,ebay
15443125/ebay_6307.jpg,15443125,,first,SPELL_TRAP,ebay
55697723/ebay_6309.jpg,55697723,,first,STANDARD,ebay
80181649/ebay_6313.jpg,80181649,,first,SPELL_TRAP,ebay
92248362/ebay_6314.jpg,92248362,JUSH-DE031,first,STANDARD,ebay
25451383/ebay_6316.jpg,25451383,,first,STANDARD,ebay
46986414/ebay_6318.jpg,46986414,RA05-DE083,first,STANDARD,ebay
18144506/ebay_6320.jpg,18144506,,first,,ebay
55697723/ebay_6322.jpg,55697723,MP25-EN012,first,STANDARD,ebay
13533678/ebay_6324.jpg,13533678,,first,STANDARD,ebay
74677422/ebay_6327.jpg,74677422,,first,STANDARD,ebay
72656408/ebay_6328.jpg,72656408,,first,STANDARD,ebay
91800273/ebay_6331.jpg,91800273,RA05-EN132,first,STANDARD,ebay
41371602/ebay_6332.jpg,41371602,,first,SPELL_TRAP,ebay
58916810/ebay_6333.jpg,58916810,,first,STANDARD,ebay
67288539/ebay_6335.jpg,67288539,MP25-EN040,first,LINK,ebay
97077563/ebay_6337.jpg,97077563,,first,SPELL_TRAP,ebay
58143852/ebay_6338.jpg,58143852,,first,STANDARD,ebay
85442146/ebay_6339.jpg,85442146,,first,SPELL_TRAP,ebay
53129443/ebay_634.jpg,53129443,MP25-DE130,first,SPELL_TRAP,ebay
39576656/ebay_6342.jpg,39576656,,first,STANDARD,ebay
63198739/ebay_6343.jpg,63198739,,first,STANDARD,ebay
33423043/ebay_6344.jpg,33423043,MP25-EN020,first,SPELL_TRAP,ebay
02347656/ebay_6346.jpg,02347656,,unlimited,STANDARD,ebay
37613663/ebay_6348.jpg,37613663,,first,SPELL_TRAP,ebay
66431519/ebay_6349.jpg,66431519,RA05-EN031,first,STANDARD,ebay
88176533/ebay_635.jpg,88176533,,first,STANDARD,ebay
32274490/ebay_6350.jpg,32274490,,first,STANDARD,ebay
13171876/ebay_6351.jpg,13171876,RA05-EN095,first,STANDARD,ebay
76145933/ebay_6354.jpg,76145933,,first,STANDARD,ebay
68304193/ebay_6355.jpg,68304193,,first,STANDARD,ebay
84941194/ebay_6358.jpg,84941194,,first,STANDARD,ebay
15989522/ebay_6359.jpg,15989522,,first,STANDARD,ebay
90681088/ebay_6361.jpg,90681088,,first,STANDARD,ebay
74677422/ebay_6363.jpg,74677422,,first,STANDARD,ebay
46986414/ebay_6365.jpg,46986414,LC01-DE005,first,STANDARD,ebay
83257450/ebay_6366.jpg,83257450,MP25-EN008,first,STANDARD,ebay
84171830/ebay_6367.jpg,84171830,,first,SPELL_TRAP,ebay
57294268/ebay_6368.jpg,57294268,,first,STANDARD,ebay
60800381/ebay_6369.jpg,60800381,,first,STANDARD,ebay
12213463/ebay_6372.jpg,12213463,,first,STANDARD,ebay
09596126/ebay_6373.jpg,09596126,,first,STANDARD,ebay
28331069/ebay_6374.jpg,28331069,,unlimited,STANDARD,ebay
71612253/ebay_6376.jpg,71612253,,first,STANDARD,ebay
66431519/ebay_6377.jpg,66431519,,first,STANDARD,ebay
37617348/ebay_6378.jpg,37617348,MP25-DE046,first,STANDARD,ebay
09012916/ebay_6382.jpg,09012916,,first,STANDARD,ebay
32274490/ebay_6384.jpg,32274490,,first,STANDARD,ebay
64182380/ebay_6385.jpg,64182380,,first,STANDARD,ebay
79844764/ebay_6386.jpg,79844764,MP25-EN024,first,SPELL_TRAP,ebay
12580477/ebay_6388.jpg,12580477,,first,SPELL_TRAP,ebay
20366274/ebay_6389.jpg,20366274,,first,STANDARD,ebay
41420027/ebay_6391.jpg,41420027,,first,SPELL_TRAP,ebay
52687916/ebay_6394.jpg,52687916,,first,STANDARD,ebay
58143852/ebay_6396.jpg,58143852,RA05-DE135,first,STANDARD,ebay
73915051/ebay_6397.jpg,73915051,,first,SPELL_TRAP,ebay
92248362/ebay_6398.jpg,92248362,JUSH-EN031,unlimited,STANDARD,ebay
08264361/ebay_6399.jpg,08264361,BACH-EN049,first,LINK,ebay
60946049/ebay_6402.jpg,60946049,,first,STANDARD,ebay
53183600/ebay_6403.jpg,53183600,,first,STANDARD,ebay
79856792/ebay_6404.jpg,79856792,,limited,STANDARD,ebay
26118970/ebay_6407.jpg,26118970,MP25-EN037,first,STANDARD,ebay
76290637/ebay_6408.jpg,76290637,RA05-DE137,first,STANDARD,ebay
73915051/ebay_6409.jpg,73915051,,first,SPELL_TRAP,ebay
37617348/ebay_6411.jpg,37617348,MP25-DE046,first,STANDARD,ebay
70903634/ebay_6412.jpg,70903634,,first,STANDARD,ebay
06007213/ebay_6416.jpg,06007213,,first,STANDARD,ebay
46986414/ebay_6417.jpg,46986414,,first,STANDARD,ebay
83764718/ebay_6418.jpg,83764718,,first,,ebay
29981921/ebay_6419.jpg,29981921,,first,STANDARD,ebay
31699677/ebay_642.jpg,31699677,,first,STANDARD,ebay
14529511/ebay_6420.jpg,14529511,,,STANDARD,ebay
84171830/ebay_6421.jpg,84171830,,first,SPELL_TRAP,ebay
68231287/ebay_6422.jpg,68231287,DOOD-EN044,first,STANDARD,ebay
35405755/ebay_6424.jpg,35405755,,unlimited,STANDARD,ebay
17209452/ebay_6427.jpg,17209452,,first,STANDARD,ebay
10045474/ebay_6428.jpg,10045474,MP25-DE032,first,SPELL_TRAP,ebay
95134948/ebay_6430.jpg,95134948,,first,STANDARD,ebay
15005145/ebay_6431.jpg,15005145,,first,STANDARD,ebay
54475145/ebay_6434.jpg,54475145,,first,STANDARD,ebay
53971455/ebay_6435.jpg,53971455,,first,STANDARD,ebay
55697723/ebay_6437.jpg,55697723,,first,STANDARD,ebay
31286915/ebay_6438.jpg,31286915,,first,STANDARD,ebay
62089826/ebay_6440.jpg,62089826,MP25-DE041,first,SPELL_TRAP,ebay
23434538/ebay_6441.jpg,23434538,,first,STANDARD,ebay
69680031/ebay_6445.jpg,69680031,,first,STANDARD,ebay
80538047/ebay_6448.jpg,80538047,,first,STANDARD,ebay
12580477/ebay_6451.jpg,12580477,,unlimited,SPELL_TRAP,ebay
67288539/ebay_6453.jpg,67288539,,,LINK,ebay
97489701/ebay_6454.jpg,97489701,,first,STANDARD,ebay
59242457/ebay_6458.jpg,59242457,,unlimited,STANDARD,ebay
31443476/ebay_646.jpg,31443476,,first,SPELL_TRAP,ebay
05559570/ebay_6462.jpg,05559570,,first,STANDARD,ebay
98173209/ebay_6463.jpg,98173209,,first,SPELL_TRAP,ebay
06325660/ebay_6464.jpg,06325660,,first,SPELL_TRAP,ebay
37742478/ebay_6468.jpg,37742478,,first,STANDARD,ebay
34408491/ebay_6469.jpg,34408491,,first,STANDARD,ebay
52687916/ebay_647.jpg,52687916,,first,STANDARD,ebay
21637210/ebay_6472.jpg,21637210,,first,LINK,ebay
64603182/ebay_6477.jpg,64603182,,first,STANDARD,ebay
39568067/ebay_6478.jpg,39568067,RA05-DE119,first,SPELL_TRAP,ebay
25311006/ebay_648.jpg,25311006,,first,SPELL_TRAP,ebay
12381100/ebay_6480.jpg,12381100,,first,STANDARD,ebay
74644400/ebay_6481.jpg,74644400,RA05-EN013,first,STANDARD,ebay
54475145/ebay_6482.jpg,54475145,MP25-DE013,first,STANDARD,ebay
80776622/ebay_6483.jpg,80776622,RA05-DE018,first,PENDULUM,ebay
05318639/ebay_6484.jpg,05318639,,first,SPELL_TRAP,ebay
65541655/ebay_6486.jpg,65541655,,unlimited,STANDARD,ebay
54475145/ebay_6488.jpg,54475145,MP25-DE013,first,STANDARD,ebay
16643334/ebay_6489.jpg,16643334,,first,STANDARD,ebay
52687916/ebay_649.jpg,52687916,,unlimited,STANDARD,ebay
55697723/ebay_6493.jpg,55697723,,first,STANDARD,ebay
46986414/ebay_6494.jpg,46986414,RA05-EN083,first,STANDARD,ebay
98502113/ebay_6499.jpg,98502113,BLMM-EN008,first,STANDARD,ebay
95136979/ebay_6500.jpg,95136979,,unlimited,STANDARD,ebay
29302858/ebay_6501.jpg,29302858,,first,STANDARD,ebay
59975920/ebay_6502.jpg,59975920,,,STANDARD,ebay
26435595/ebay_6503.jpg,26435595,,first,PENDULUM,ebay
12369277/ebay_6505.jpg,12369277,,first,STANDARD,ebay
64043465/ebay_6507.jpg,64043465,,first,SPELL_TRAP,ebay
44335251/ebay_6509.jpg,44335251,,first,STANDARD,ebay
44508094/ebay_6510.jpg,44508094,,unlimited,STANDARD,ebay
33396948/ebay_6511.jpg,33396948,,first,STANDARD,ebay
17955766/ebay_6512.jpg,17955766,,first,STANDARD,ebay
15443125/ebay_6514.jpg,15443125,,first,SPELL_TRAP,ebay
37742478/ebay_6516.jpg,37742478,,first,STANDARD,ebay
14529511/ebay_6517.jpg,14529511,,first,STANDARD,ebay
54842941/ebay_6518.jpg,54842941,,first,PENDULUM,ebay
48680970/ebay_652.jpg,48680970,,limited,SPELL_TRAP,ebay
84941194/ebay_6521.jpg,84941194,,first,STANDARD,ebay
37617348/ebay_6522.jpg,37617348,,first,STANDARD,ebay
59438930/ebay_6524.jpg,59438930,,first,STANDARD,ebay
39341885/ebay_6526.jpg,39341885,,first,LINK,ebay
76290637/ebay_6528.jpg,76290637,,first,STANDARD,ebay
29302858/ebay_6529.jpg,29302858,,first,STANDARD,ebay
10375182/ebay_653.jpg,10375182,,unlimited,STANDARD,ebay
89631139/ebay_6534.jpg,89631139,,first,STANDARD,ebay
38814750/ebay_6535.jpg,38814750,,unlimited,STANDARD,ebay
59242457/ebay_6536.jpg,59242457,,first,STANDARD,ebay
79791878/ebay_6537.jpg,79791878,MP25-DE005,first,SPELL_TRAP,ebay
85252081/ebay_6538.jpg,85252081,RA05-EN048,first,STANDARD,ebay
74203495/ebay_6539.jpg,74203495,,first,STANDARD,ebay
67169062/ebay_6540.jpg,67169062,,first,SPELL_TRAP,ebay
52687916/ebay_6542.jpg,52687916,,first,STANDARD,ebay
92377303/ebay_6545.jpg,92377303,,first,STANDARD,ebay
60025883/ebay_6547.jpg,60025883,MP25-DE039,first,LINK,ebay
84013237/ebay_6550.jpg,84013237,,first,STANDARD,ebay
37742478/ebay_6553.jpg,37742478,BLMM-EN006,first,STANDARD,ebay
38814750/ebay_6558.jpg,38814750,RA05-DE006,first,STANDARD,ebay
92377303/ebay_6559.jpg,92377303,,first,STANDARD,ebay
67809530/ebay_6560.jpg,67809530,BLZD-EN036,first,STANDARD,ebay
41739381/ebay_6565.jpg,41739381,,first,LINK,ebay
03294539/ebay_6568.jpg,03294539,,first,STANDARD,ebay
94183877/ebay_6569.jpg,94183877,,first,STANDARD,ebay
53839837/ebay_6572.jpg,53839837,,unlimited,STANDARD,ebay
05821478/ebay_6575.jpg,05821478,,unlimited,LINK,ebay
64043465/ebay_6577.jpg,64043465,,first,SPELL_TRAP,ebay
46502744/ebay_6578.jpg,46502744,,first,STANDARD,ebay
67021206/ebay_6582.jpg,67021206,,first,STANDARD,ebay
29301450/ebay_6583.jpg,29301450,MP25-DE047,first,LINK,ebay
90681088/ebay_6586.jpg,90681088,MP25-EN048,first,STANDARD,ebay
72656408/ebay_6587.jpg,72656408,,first,STANDARD,ebay
85442146/ebay_6588.jpg,85442146,RA05-DE082,first,SPELL_TRAP,ebay
27204311/ebay_6589.jpg,27204311,RA05-DE094,first,STANDARD,ebay
60025883/ebay_6592.jpg,60025883,,first,LINK,ebay
87451661/ebay_6595.jpg,87451661,,first,STANDARD,ebay
71703785/ebay_6596.jpg,71703785,,unlimited,STANDARD,ebay
70551291/ebay_6597.jpg,70551291,,,STANDARD,ebay
89631139/ebay_6599.jpg,89631139,,,STANDARD,ebay
45425051/ebay_6603.jpg,45425051,WC4-001,unlimited,STANDARD,ebay
03078380/ebay_6607.jpg,03078380,MP23-EN003,first,STANDARD,ebay
45425051/ebay_6610.jpg,45425051,,unlimited,STANDARD,ebay
46986414/ebay_6611.jpg,46986414,,unlimited,STANDARD,ebay
38033121/ebay_6616.jpg,38033121,,unlimited,STANDARD,ebay
76636978/ebay_6619.jpg,76636978,,unlimited,STANDARD,ebay
77585513/ebay_662.jpg,77585513,,unlimited,STANDARD,ebay
18144506/ebay_6622.jpg,18144506,,unlimited,,ebay
15291624/ebay_6623.jpg,15291624,,,STANDARD,ebay
64335804/ebay_6624.jpg,64335804,,unlimited,,ebay
40237839/ebay_6628.jpg,40237839,,unlimited,STANDARD,ebay
40908371/ebay_663.jpg,40908371,LCKC-DE066,unlimited,STANDARD,ebay
80304126/ebay_6630.jpg,80304126,,unlimited,STANDARD,ebay
29053656/ebay_6631.jpg,29053656,,unlimited,STANDARD,ebay
11549357/ebay_6632.jpg,11549357,,,STANDARD,ebay
32731036/ebay_6633.jpg,32731036,MP23-DE160,first,STANDARD,ebay
05008836/ebay_6639.jpg,05008836,,first,STANDARD,ebay
33396948/ebay_6642.jpg,33396948,DDS-003,unlimited,STANDARD,ebay
46986414/ebay_6643.jpg,46986414,,unlimited,STANDARD,ebay
05556668/ebay_6645.jpg,05556668,,unlimited,SPELL_TRAP,ebay
84013237/ebay_6646.jpg,84013237,,,STANDARD,ebay
06021033/ebay_6647.jpg,06021033,,first,STANDARD,ebay
42006475/ebay_6648.jpg,42006475,,limited,STANDARD,ebay
59481082/ebay_6653.jpg,59481082,,first,STANDARD,ebay
50725996/ebay_6656.jpg,50725996,ROD-EN001,unlimited,STANDARD,ebay
15989522/ebay_6657.jpg,15989522,,first,STANDARD,ebay
32530043/ebay_6659.jpg,32530043,,first,STANDARD,ebay
70074904/ebay_666.jpg,70074904,,unlimited,STANDARD,ebay
08038143/ebay_6663.jpg,08038143,,first,SPELL_TRAP,ebay
13021682/ebay_6664.jpg,13021682,,unlimited,STANDARD,ebay
42006475/ebay_6665.jpg,42006475,TN19-EN004,limited,STANDARD,ebay
74137509/ebay_6666.jpg,74137509,,unlimited,SPELL_TRAP,ebay
89631139/ebay_6673.jpg,89631139,,unlimited,STANDARD,ebay
60110982/ebay_6676.jpg,60110982,,,STANDARD,ebay
08915275/ebay_6677.jpg,08915275,,unlimited,STANDARD,ebay
40640057/ebay_6678.jpg,40640057,,unlimited,STANDARD,ebay
05556668/ebay_6680.jpg,05556668,,unlimited,SPELL_TRAP,ebay
73642296/ebay_6682.jpg,73642296,,first,STANDARD,ebay
94141712/ebay_6686.jpg,94141712,,first,STANDARD,ebay
99267150/ebay_6687.jpg,99267150,,unlimited,STANDARD,ebay
28711704/ebay_6688.jpg,28711704,,unlimited,STANDARD,ebay
01710476/ebay_669.jpg,01710476,,limited,STANDARD,ebay
35659410/ebay_6690.jpg,35659410,,first,SPELL_TRAP,ebay
69272449/ebay_6692.jpg,69272449,,first,STANDARD,ebay
35405755/ebay_6694.jpg,35405755,,,STANDARD,ebay
42006475/ebay_6697.jpg,42006475,TN19-EN004,limited,STANDARD,ebay
65741786/ebay_6701.jpg,65741786,,unlimited,LINK,ebay
46986414/ebay_6702.jpg,46986414,,unlimited,STANDARD,ebay
70980824/ebay_6704.jpg,70980824,,unlimited,STANDARD,ebay
31699677/ebay_6705.jpg,31699677,,first,STANDARD,ebay
34016756/ebay_6707.jpg,34016756,,unlimited,SPELL_TRAP,ebay
73642296/ebay_6708.jpg,73642296,,first,STANDARD,ebay
00387282/ebay_6709.jpg,00387282,,first,STANDARD,ebay
10774240/ebay_6713.jpg,10774240,,first,STANDARD,ebay
74677422/ebay_6719.jpg,74677422,,first,STANDARD,ebay
58257569/ebay_672.jpg,58257569,,first,STANDARD,ebay
11962031/ebay_6722.jpg,11962031,,first,STANDARD,ebay
63198739/ebay_6724.jpg,63198739,,unlimited,STANDARD,ebay
26077387/ebay_6725.jpg,26077387,,first,STANDARD,ebay
07293697/ebay_6729.jpg,07293697,,unlimited,SPELL_TRAP,ebay
98567237/ebay_6730.jpg,98567237,MP25-DE093,first,SPELL_TRAP,ebay
77585513/ebay_6731.jpg,77585513,,unlimited,STANDARD,ebay
18165869/ebay_6732.jpg,18165869,,first,STANDARD,ebay
31829185/ebay_6733.jpg,31829185,,first,STANDARD,ebay
40139997/ebay_6736.jpg,40139997,,first,STANDARD,ebay
65681983/ebay_6737.jpg,65681983,MP22-EN265,first,SPELL_TRAP,ebay
02347656/ebay_6739.jpg,02347656,,unlimited,STANDARD,ebay
31733941/ebay_6740.jpg,31733941,,unlimited,STANDARD,ebay
74677422/ebay_6742.jpg,74677422,,unlimited,STANDARD,ebay
39402797/ebay_6744.jpg,39402797,,first,STANDARD,ebay
23617756/ebay_6746.jpg,23617756,,first,SPELL_TRAP,ebay
20366274/ebay_6747.jpg,20366274,,first,STANDARD,ebay
88570003/ebay_6751.jpg,88570003,,unlimited,STANDARD,ebay
68337209/ebay_6753.jpg,68337209,,first,SPELL_TRAP,ebay
71858682/ebay_6755.jpg,71858682,,first,STANDARD,ebay
68059897/ebay_6756.jpg,68059897,,first,LINK,ebay
08124921/ebay_6757.jpg,08124921,,unlimited,STANDARD,ebay
32061192/ebay_6761.jpg,32061192,,first,STANDARD,ebay
81497285/ebay_6762.jpg,81497285,,first,STANDARD,ebay
44519536/ebay_6764.jpg,44519536,,unlimited,STANDARD,ebay
82344137/ebay_6766.jpg,82344137,,unlimited,STANDARD,ebay
32268901/ebay_6767.jpg,32268901,,unlimited,SPELL_TRAP,ebay
21844576/ebay_6768.jpg,21844576,,unlimited,STANDARD,ebay
84916669/ebay_6769.jpg,84916669,,unlimited,STANDARD,ebay
67959180/ebay_6771.jpg,67959180,,unlimited,STANDARD,ebay
38331564/ebay_6772.jpg,38331564,,first,STANDARD,ebay
79415624/ebay_6774.jpg,79415624,,unlimited,STANDARD,ebay
13171876/ebay_6775.jpg,13171876,,unlimited,STANDARD,ebay
43228023/ebay_6776.jpg,43228023,,limited,STANDARD,ebay
33396948/ebay_6777.jpg,33396948,,unlimited,STANDARD,ebay
85059922/ebay_6778.jpg,85059922,,unlimited,STANDARD,ebay
46072770/ebay_6779.jpg,46072770,,unlimited,STANDARD,ebay
98777036/ebay_678.jpg,98777036,,unlimited,STANDARD,ebay
74137509/ebay_6781.jpg,74137509,TSC-E002,unlimited,SPELL_TRAP,ebay
46593546/ebay_6782.jpg,46593546,,first,PENDULUM,ebay
76636978/ebay_6785.jpg,76636978,,unlimited,STANDARD,ebay
65541655/ebay_6786.jpg,65541655,,unlimited,STANDARD,ebay
43316238/ebay_6788.jpg,43316238,,first,STANDARD,ebay
46986414/ebay_6790.jpg,46986414,PCY-G004,unlimited,STANDARD,ebay
66518509/ebay_6791.jpg,66518509,,first,SPELL_TRAP,ebay
59712426/ebay_6792.jpg,59712426,,unlimited,STANDARD,ebay
30698243/ebay_6795.jpg,30698243,,unlimited,STANDARD,ebay
81497285/ebay_6799.jpg,81497285,,unlimited,STANDARD,ebay
88240999/ebay_680.jpg,88240999,,unlimited,STANDARD,ebay
89631139/ebay_6801.jpg,89631139,PCK-G001,unlimited,STANDARD,ebay
68540058/ebay_6803.jpg,68540058,,unlimited,,ebay
92377303/ebay_6806.jpg,92377303,DOD-002,unlimited,STANDARD,ebay
11398059/ebay_6807.jpg,11398059,,unlimited,STANDARD,ebay
15989522/ebay_6809.jpg,15989522,,first,STANDARD,ebay
76636978/ebay_6810.jpg,76636978,,unlimited,STANDARD,ebay
25857977/ebay_6812.jpg,25857977,,,PENDULUM,ebay
11549357/ebay_6814.jpg,11549357,,unlimited,STANDARD,ebay
92714517/ebay_6816.jpg,92714517,MP24-EN074,first,SPELL_TRAP,ebay
73391962/ebay_6817.jpg,73391962,,first,STANDARD,ebay
99289828/ebay_6818.jpg,99289828,,first,SPELL_TRAP,ebay
20899496/ebay_6819.jpg,20899496,,first,SPELL_TRAP,ebay
22283204/ebay_682.jpg,22283204,,first,SPELL_TRAP,ebay
45663742/ebay_6820.jpg,45663742,,first,STANDARD,ebay
55273560/ebay_6821.jpg,55273560,,unlimited,STANDARD,ebay
99289828/ebay_6823.jpg,99289828,,first,SPELL_TRAP,ebay
46986414/ebay_6826.jpg,46986414,,unlimited,STANDARD,ebay
45467446/ebay_683.jpg,45467446,,first,STANDARD,ebay
48229808/ebay_6830.jpg,48229808,,unlimited,STANDARD,ebay
64335804/ebay_6834.jpg,64335804,,unlimited,,ebay
05556668/ebay_6836.jpg,05556668,,unlimited,SPELL_TRAP,ebay
92936364/ebay_6837.jpg,92936364,,unlimited,SPELL_TRAP,ebay
91110378/ebay_6838.jpg,91110378,,first,STANDARD,ebay
40237839/ebay_6840.jpg,40237839,,unlimited,STANDARD,ebay
81524756/ebay_6841.jpg,81524756,,first,STANDARD,ebay
59983499/ebay_6842.jpg,59983499,,unlimited,STANDARD,ebay
81524756/ebay_6845.jpg,81524756,,first,STANDARD,ebay
16528181/ebay_685.jpg,16528181,,first,SPELL_TRAP,ebay
72921536/ebay_6851.jpg,72921536,,unlimited,STANDARD,ebay
33184167/ebay_6853.jpg,33184167,,first,STANDARD,ebay
21296502/ebay_6855.jpg,21296502,,unlimited,STANDARD,ebay
21522601/ebay_6859.jpg,21522601,,unlimited,STANDARD,ebay
86066372/ebay_686.jpg,86066372,,first,LINK,ebay
27260347/ebay_6861.jpg,27260347,,first,STANDARD,ebay
89631139/ebay_6864.jpg,89631139,,first,STANDARD,ebay
79613121/ebay_6866.jpg,79613121,TN19-EN002,first,STANDARD,ebay
00126218/ebay_6867.jpg,00126218,,unlimited,SPELL_TRAP,ebay
41924516/ebay_6868.jpg,41924516,,first,STANDARD,ebay
04179255/ebay_6871.jpg,04179255,,unlimited,STANDARD,ebay
48393693/ebay_6873.jpg,48393693,,,STANDARD,ebay
38033121/ebay_6874.jpg,38033121,,unlimited,STANDARD,ebay
62873545/ebay_6876.jpg,62873545,,unlimited,STANDARD,ebay
95515789/ebay_6877.jpg,95515789,MP23-EN162,first,STANDARD,ebay
41350417/ebay_6878.jpg,41350417,,,SPELL_TRAP,ebay
48633301/ebay_6879.jpg,48633301,,unlimited,STANDARD,ebay
74677422/ebay_6880.jpg,74677422,,first,STANDARD,ebay
60037599/ebay_6881.jpg,60037599,,,STANDARD,ebay
00847217/ebay_6882.jpg,00847217,,,SPELL_TRAP,ebay
40418351/ebay_6885.jpg,40418351,,unlimited,STANDARD,ebay
52768390/ebay_6886.jpg,52768390,,,STANDARD,ebay
24842059/ebay_6890.jpg,24842059,MP25-DE142,first,LINK,ebay
46986414/ebay_6897.jpg,46986414,MVP1-ENGV3,limited,STANDARD,ebay
06763530/ebay_6899.jpg,06763530,,first,SPELL_TRAP,ebay
30397786/ebay_6901.jpg,30397786,,unlimited,STANDARD,ebay
59053232/ebay_6903.jpg,59053232,,unlimited,STANDARD,ebay
74577599/ebay_6904.jpg,74577599,,unlimited,SPELL_TRAP,ebay
62873545/ebay_6907.jpg,62873545,,unlimited,STANDARD,ebay
91152256/ebay_6909.jpg,91152256,,unlimited,STANDARD,ebay
71422989/ebay_691.jpg,71422989,,first,SPELL_TRAP,ebay
13974207/ebay_6912.jpg,13974207,,first,STANDARD,ebay
89190953/ebay_6913.jpg,89190953,,unlimited,SPELL_TRAP,ebay
48805472/ebay_6914.jpg,48805472,,first,SPELL_TRAP,ebay
05556668/ebay_6915.jpg,05556668,,,SPELL_TRAP,ebay
46986414/ebay_6922.jpg,46986414,,unlimited,STANDARD,ebay
61980241/ebay_6923.jpg,61980241,,first,STANDARD,ebay
68989420/ebay_6925.jpg,68989420,,unlimited,STANDARD,ebay
83629030/ebay_6926.jpg,83629030,,unlimited,STANDARD,ebay
87126721/ebay_6929.jpg,87126721,,unlimited,STANDARD,ebay
04779091/ebay_693.jpg,04779091,,first,STANDARD,ebay
48017189/ebay_6932.jpg,48017189,,unlimited,STANDARD,ebay
42006475/ebay_6934.jpg,42006475,,limited,STANDARD,ebay
40640057/ebay_6937.jpg,40640057,PCY-G005,unlimited,STANDARD,ebay
24799107/ebay_6939.jpg,24799107,,first,STANDARD,ebay
07093411/ebay_694.jpg,07093411,,limited,STANDARD,ebay
53765052/ebay_6940.jpg,53765052,,unlimited,STANDARD,ebay
90960358/ebay_6941.jpg,90960358,,unlimited,STANDARD,ebay
43892408/ebay_6947.jpg,43892408,,,STANDARD,ebay
54693926/ebay_6949.jpg,54693926,,,SPELL_TRAP,ebay
05556499/ebay_695.jpg,05556499,,unlimited,STANDARD,ebay
95718355/ebay_6951.jpg,95718355,,unlimited,STANDARD,ebay
11443677/ebay_6953.jpg,11443677,,first,STANDARD,ebay
34016756/ebay_6956.jpg,34016756,,unlimited,SPELL_TRAP,ebay
68508433/ebay_6958.jpg,68508433,,unlimited,PENDULUM,ebay
89631139/ebay_6959.jpg,89631139,,unlimited,STANDARD,ebay
34528176/ebay_6960.jpg,34528176,,unlimited,STANDARD,ebay
38033121/ebay_6967.jpg,38033121,MP22-EN268,first,STANDARD,ebay
34267821/ebay_6968.jpg,34267821,,unlimited,STANDARD,ebay
44519536/ebay_6969.jpg,44519536,,unlimited,STANDARD,ebay
74677422/ebay_697.jpg,74677422,,first,STANDARD,ebay
70903634/ebay_6970.jpg,70903634,,unlimited,STANDARD,ebay
92133240/ebay_6971.jpg,92133240,,first,STANDARD,ebay
89252157/ebay_6973.jpg,89252157,,unlimited,STANDARD,ebay
97211663/ebay_6974.jpg,97211663,,,SPELL_TRAP,ebay
34314989/ebay_6976.jpg,34314989,,unlimited,STANDARD,ebay
11962031/ebay_6977.jpg,11962031,,first,STANDARD,ebay
36795102/ebay_6979.jpg,36795102,,unlimited,STANDARD,ebay
80108118/ebay_698.jpg,80108118,,first,STANDARD,ebay
12580477/ebay_6982.jpg,12580477,,limited,SPELL_TRAP,ebay
73879377/ebay_6984.jpg,73879377,,unlimited,STANDARD,ebay
89631139/ebay_6985.jpg,89631139,MP22-DE266,first,STANDARD,ebay
30539496/ebay_6988.jpg,30539496,,,STANDARD,ebay
83104731/ebay_6990.jpg,83104731,,unlimited,STANDARD,ebay
94677445/ebay_6991.jpg,94677445,,unlimited,STANDARD,ebay
19327348/ebay_6992.jpg,19327348,,unlimited,STANDARD,ebay
43228023/ebay_6993.jpg,43228023,,limited,STANDARD,ebay
74677422/ebay_6998.jpg,74677422,,unlimited,STANDARD,ebay
89631139/ebay_6999.jpg,89631139,,first,STANDARD,ebay
13604200/ebay_7001.jpg,13604200,ROD-EN003,unlimited,SPELL_TRAP,ebay
04280258/ebay_7003.jpg,04280258,,first,LINK,ebay
30275298/ebay_7007.jpg,30275298,,unlimited,STANDARD,ebay
29053656/ebay_7009.jpg,29053656,,unlimited,STANDARD,ebay
90807199/ebay_701.jpg,90807199,,unlimited,STANDARD,ebay
52040216/ebay_7012.jpg,52040216,,unlimited,STANDARD,ebay
73082255/ebay_7014.jpg,73082255,,first,STANDARD,ebay
62962630/ebay_7017.jpg,62962630,MP22-EN123,first,STANDARD,ebay
87746184/ebay_7018.jpg,87746184,,unlimited,STANDARD,ebay
70551291/ebay_7023.jpg,70551291,,unlimited,STANDARD,ebay
44508094/ebay_7025.jpg,44508094,,,STANDARD,ebay
73879377/ebay_703.jpg,73879377,,first,STANDARD,ebay
58707981/ebay_7031.jpg,58707981,,first,PENDULUM,ebay
09822220/ebay_7032.jpg,09822220,MP22-EN205,first,STANDARD,ebay
75064463/ebay_7033.jpg,75064463,,unlimited,STANDARD,ebay
49674183/ebay_7034.jpg,49674183,,unlimited,STANDARD,ebay
66328392/ebay_7037.jpg,66328392,,first,SPELL_TRAP,ebay
70333910/ebay_7038.jpg,70333910,,unlimited,STANDARD,ebay
69140098/ebay_704.jpg,69140098,,first,STANDARD,ebay
44508094/ebay_7042.jpg,44508094,,unlimited,STANDARD,ebay
64664373/ebay_7044.jpg,64664373,MP25-DE075,first,SPELL_TRAP,ebay
53183600/ebay_7045.jpg,53183600,,unlimited,STANDARD,ebay
89631139/ebay_7047.jpg,89631139,,unlimited,STANDARD,ebay
69890967/ebay_7049.jpg,69890967,,first,STANDARD,ebay
27260347/ebay_7051.jpg,27260347,,first,STANDARD,ebay
13694209/ebay_7052.jpg,13694209,,first,STANDARD,ebay
16960120/ebay_7057.jpg,16960120,,unlimited,STANDARD,ebay
23151193/ebay_7058.jpg,23151193,,unlimited,STANDARD,ebay
73218989/ebay_7060.jpg,73218989,,unlimited,STANDARD,ebay
86028783/ebay_7063.jpg,86028783,,unlimited,STANDARD,ebay
91714772/ebay_7066.jpg,91714772,,unlimited,STANDARD,ebay
65726770/ebay_7073.jpg,65726770,,first,STANDARD,ebay
04965193/ebay_7078.jpg,04965193,,unlimited,STANDARD,ebay
23720856/ebay_7079.jpg,23720856,,unlimited,STANDARD,ebay
49088914/ebay_7082.jpg,49088914,,first,STANDARD,ebay
87746184/ebay_7083.jpg,87746184,,,STANDARD,ebay
28803166/ebay_7084.jpg,28803166,,first,STANDARD,ebay
95132338/ebay_7087.jpg,95132338,,unlimited,SPELL_TRAP,ebay
91800273/ebay_7088.jpg,91800273,,unlimited,STANDARD,ebay
28403802/ebay_7089.jpg,28403802,,unlimited,STANDARD,ebay
05556668/ebay_7090.jpg,05556668,,unlimited,SPELL_TRAP,ebay
56043446/ebay_7091.jpg,56043446,,unlimited,,ebay
72272462/ebay_7093.jpg,72272462,,first,STANDARD,ebay
46986414/ebay_7094.jpg,46986414,,unlimited,STANDARD,ebay
02752099/ebay_7098.jpg,02752099,,unlimited,STANDARD,ebay
29303524/ebay_7099.jpg,29303524,,first,STANDARD,ebay
43940008/ebay_7100.jpg,43940008,,first,SPELL_TRAP,ebay
70781052/ebay_7102.jpg,70781052,,unlimited,STANDARD,ebay
45742626/ebay_7103.jpg,45742626,,,STANDARD,ebay
08131171/ebay_7105.jpg,08131171,SDD-002,unlimited,STANDARD,ebay
39402797/ebay_7109.jpg,39402797,,first,STANDARD,ebay
96239878/ebay_711.jpg,96239878,,first,SPELL_TRAP,ebay
17209452/ebay_7110.jpg,17209452,,,STANDARD,ebay
34022970/ebay_7113.jpg,34022970,,first,STANDARD,ebay
42141493/ebay_7116.jpg,42141493,,unlimited,STANDARD,ebay
72228247/ebay_7118.jpg,72228247,,first,LINK,ebay
76442616/ebay_712.jpg,76442616,,unlimited,SPELL_TRAP,ebay
28803166/ebay_7122.jpg,28803166,,unlimited,STANDARD,ebay
73443672/ebay_7123.jpg,73443672,,,SPELL_TRAP,ebay
46789706/ebay_7125.jpg,46789706,,unlimited,STANDARD,ebay
36637374/ebay_7126.jpg,36637374,MP22-EN155,first,SPELL_TRAP,ebay
63265554/ebay_7127.jpg,63265554,,unlimited,STANDARD,ebay
72270339/ebay_7129.jpg,72270339,,unlimited,STANDARD,ebay
68084557/ebay_7130.jpg,68084557,,unlimited,STANDARD,ebay
66664203/ebay_7131.jpg,66664203,,unlimited,STANDARD,ebay
59744639/ebay_7133.jpg,59744639,,unlimited,SPELL_TRAP,ebay
99742859/ebay_7139.jpg,99742859,,unlimited,STANDARD,ebay
98558751/ebay_7141.jpg,98558751,,unlimited,STANDARD,ebay
76504386/ebay_7142.jpg,76504386,,unlimited,STANDARD,ebay
84192580/ebay_7143.jpg,84192580,,first,STANDARD,ebay
81146288/ebay_7144.jpg,81146288,,unlimited,STANDARD,ebay
16327715/ebay_7146.jpg,16327715,,unlimited,STANDARD,ebay
59744639/ebay_7147.jpg,59744639,,unlimited,SPELL_TRAP,ebay
87602890/ebay_7148.jpg,87602890,,unlimited,STANDARD,ebay
24224830/ebay_7149.jpg,24224830,,first,SPELL_TRAP,ebay
48486809/ebay_715.jpg,48486809,,first,STANDARD,ebay
85066822/ebay_7154.jpg,85066822,,unlimited,STANDARD,ebay
62962630/ebay_7156.jpg,62962630,,first,STANDARD,ebay
29479265/ebay_7159.jpg,29479265,,unlimited,LINK,ebay
16734927/ebay_716.jpg,16734927,,first,SPELL_TRAP,ebay
79928401/ebay_7162.jpg,79928401,,unlimited,STANDARD,ebay
98012938/ebay_7164.jpg,98012938,MP25-DE134,first,STANDARD,ebay
65815684/ebay_7165.jpg,65815684,,first,STANDARD,ebay
65240384/ebay_7168.jpg,65240384,,,STANDARD,ebay
91299846/ebay_717.jpg,91299846,,first,STANDARD,ebay
33302589/ebay_7174.jpg,33302589,,unlimited,STANDARD,ebay
94845588/ebay_7176.jpg,94845588,,first,SPELL_TRAP,ebay
12381100/ebay_7177.jpg,12381100,,unlimited,STANDARD,ebay
37495766/ebay_7179.jpg,37495766,,unlimited,STANDARD,ebay
69890967/ebay_7181.jpg,69890967,,first,STANDARD,ebay
38331564/ebay_7182.jpg,38331564,,first,STANDARD,ebay
80845034/ebay_7184.jpg,80845034,,,SPELL_TRAP,ebay
96026108/ebay_7187.jpg,96026108,,first,STANDARD,ebay
24749710/ebay_7188.jpg,24749710,,unlimited,SPELL_TRAP,ebay
90953320/ebay_7192.jpg,90953320,,unlimited,STANDARD,ebay
46986414/ebay_7193.jpg,46986414,,unlimited,STANDARD,ebay
70147689/ebay_7194.jpg,70147689,,unlimited,SPELL_TRAP,ebay
89631139/ebay_7198.jpg,89631139,,,STANDARD,ebay
74677422/ebay_7199.jpg,74677422,,unlimited,STANDARD,ebay
46986414/ebay_7201.jpg,46986414,,unlimited,STANDARD,ebay
05008836/ebay_7203.jpg,05008836,TN19-EN003,limited,STANDARD,ebay
95440946/ebay_7208.jpg,95440946,,,STANDARD,ebay
92919429/ebay_7209.jpg,92919429,MP22-EN056,first,STANDARD,ebay
77585513/ebay_721.jpg,77585513,,unlimited,STANDARD,ebay
97489701/ebay_7211.jpg,97489701,,unlimited,STANDARD,ebay
22912101/ebay_7212.jpg,22912101,,unlimited,STANDARD,ebay
66328392/ebay_7214.jpg,66328392,,first,SPELL_TRAP,ebay
53085623/ebay_7217.jpg,53085623,,first,STANDARD,ebay
61775475/ebay_7221.jpg,61775475,,unlimited,STANDARD,ebay
71564252/ebay_7222.jpg,71564252,,unlimited,STANDARD,ebay
52553102/ebay_7223.jpg,52553102,,unlimited,STANDARD,ebay
14558127/ebay_7224.jpg,14558127,,unlimited,STANDARD,ebay
74677422/ebay_7226.jpg,74677422,,unlimited,STANDARD,ebay
75402014/ebay_7227.jpg,75402014,,unlimited,STANDARD,ebay
36709484/ebay_7228.jpg,36709484,,unlimited,SPELL_TRAP,ebay
86682165/ebay_7230.jpg,86682165,,unlimited,STANDARD,ebay
25682811/ebay_7231.jpg,25682811,,unlimited,STANDARD,ebay
80304126/ebay_7233.jpg,80304126,,unlimited,STANDARD,ebay
59438930/ebay_7235.jpg,59438930,,unlimited,STANDARD,ebay
06659193/ebay_7237.jpg,06659193,,unlimited,STANDARD,ebay
90829280/ebay_7238.jpg,90829280,,first,STANDARD,ebay
81497285/ebay_7239.jpg,81497285,,,STANDARD,ebay
57282724/ebay_7240.jpg,57282724,,unlimited,LINK,ebay
87746184/ebay_7242.jpg,87746184,MP22-EN076,first,STANDARD,ebay
44663232/ebay_7243.jpg,44663232,,unlimited,STANDARD,ebay
97836203/ebay_7248.jpg,97836203,,unlimited,STANDARD,ebay
39402797/ebay_7249.jpg,39402797,,unlimited,STANDARD,ebay
70405001/ebay_7251.jpg,70405001,,unlimited,STANDARD,ebay
32302078/ebay_7252.jpg,32302078,,unlimited,STANDARD,ebay
54693926/ebay_7253.jpg,54693926,,limited,SPELL_TRAP,ebay
84192580/ebay_7254.jpg,84192580,,first,STANDARD,ebay
96676583/ebay_7255.jpg,96676583,,first,STANDARD,ebay
24915933/ebay_7256.jpg,24915933,,first,STANDARD,ebay
90829280/ebay_7257.jpg,90829280,,unlimited,STANDARD,ebay
38033121/ebay_726.jpg,38033121,RA04-DE107,first,STANDARD,ebay
30350202/ebay_7260.jpg,30350202,,unlimited,STANDARD,ebay
67972302/ebay_7261.jpg,67972302,,unlimited,STANDARD,ebay
94677445/ebay_7262.jpg,94677445,,unlimited,STANDARD,ebay
90448279/ebay_7263.jpg,90448279,,unlimited,STANDARD,ebay
30680659/ebay_7265.jpg,30680659,,,STANDARD,ebay
88570003/ebay_7266.jpg,88570003,,unlimited,STANDARD,ebay
73602965/ebay_7268.jpg,73602965,,first,STANDARD,ebay
89997728/ebay_7269.jpg,89997728,,unlimited,SPELL_TRAP,ebay
01784686/ebay_727.jpg,01784686,,first,SPELL_TRAP,ebay
76078185/ebay_7271.jpg,76078185,,first,STANDARD,ebay
41069676/ebay_7275.jpg,41069676,,unlimited,STANDARD,ebay
38517737/ebay_7276.jpg,38517737,,unlimited,STANDARD,ebay
54082269/ebay_7278.jpg,54082269,,,STANDARD,ebay
98431356/ebay_7279.jpg,98431356,,unlimited,SPELL_TRAP,ebay
99456344/ebay_7280.jpg,99456344,,first,STANDARD,ebay
71625222/ebay_7281.jpg,71625222,,unlimited,STANDARD,ebay
90809975/ebay_7282.jpg,90809975,,unlimited,STANDARD,ebay
51543904/ebay_7283.jpg,51543904,,unlimited,STANDARD,ebay
61307542/ebay_7284.jpg,61307542,,first,STANDARD,ebay
83965310/ebay_7285.jpg,83965310,,unlimited,STANDARD,ebay
30439101/ebay_7286.jpg,30439101,,unlimited,STANDARD,ebay
25643346/ebay_7287.jpg,25643346,,first,STANDARD,ebay
70781052/ebay_7288.jpg,70781052,,unlimited,STANDARD,ebay
48393693/ebay_7289.jpg,48393693,,unlimited,STANDARD,ebay
86188410/ebay_729.jpg,86188410,,first,STANDARD,ebay
15005145/ebay_7290.jpg,15005145,,first,STANDARD,ebay
13694209/ebay_7292.jpg,13694209,,first,STANDARD,ebay
37818794/ebay_7293.jpg,37818794,,first,STANDARD,ebay
48452496/ebay_7294.jpg,48452496,,first,STANDARD,ebay
13256226/ebay_7295.jpg,13256226,,unlimited,STANDARD,ebay
41578483/ebay_7296.jpg,41578483,,unlimited,STANDARD,ebay
54693926/ebay_7297.jpg,54693926,,limited,SPELL_TRAP,ebay
79523365/ebay_730.jpg,79523365,,first,STANDARD,ebay
81059524/ebay_7300.jpg,81059524,,,STANDARD,ebay
89631139/ebay_7303.jpg,89631139,,unlimited,STANDARD,ebay
13455674/ebay_7306.jpg,13455674,,unlimited,STANDARD,ebay
69890967/ebay_7313.jpg,69890967,,first,STANDARD,ebay
40237839/ebay_7314.jpg,40237839,,unlimited,STANDARD,ebay
38814750/ebay_7316.jpg,38814750,,unlimited,STANDARD,ebay
04423206/ebay_732.jpg,04423206,,first,STANDARD,ebay
40640057/ebay_7320.jpg,40640057,,unlimited,STANDARD,ebay
59438930/ebay_7322.jpg,59438930,,unlimited,STANDARD,ebay
90162951/ebay_7324.jpg,90162951,,unlimited,STANDARD,ebay
29303524/ebay_7325.jpg,29303524,,first,STANDARD,ebay
64664373/ebay_7327.jpg,64664373,,first,SPELL_TRAP,ebay
72409226/ebay_7328.jpg,72409226,,unlimited,STANDARD,ebay
86137485/ebay_733.jpg,86137485,,first,STANDARD,ebay
26364381/ebay_7330.jpg,26364381,,unlimited,STANDARD,ebay
37630732/ebay_7331.jpg,37630732,,,SPELL_TRAP,ebay
38192988/ebay_7333.jpg,38192988,,unlimited,STANDARD,ebay
26914168/ebay_7335.jpg,26914168,,unlimited,STANDARD,ebay
78144171/ebay_734.jpg,78144171,,first,STANDARD,ebay
13694209/ebay_7342.jpg,13694209,,unlimited,STANDARD,ebay
13604200/ebay_7343.jpg,13604200,,unlimited,SPELL_TRAP,ebay
50400231/ebay_7346.jpg,50400231,,unlimited,STANDARD,ebay
65403020/ebay_7347.jpg,65403020,,unlimited,STANDARD,ebay
65192027/ebay_7348.jpg,65192027,,unlimited,STANDARD,ebay
22373487/ebay_735.jpg,22373487,,unlimited,SPELL_TRAP,ebay
62967433/ebay_7350.jpg,62967433,,unlimited,STANDARD,ebay
85028288/ebay_7351.jpg,85028288,,unlimited,STANDARD,ebay
22125101/ebay_7352.jpg,22125101,,first,LINK,ebay
18738846/ebay_7354.jpg,18738846,,unlimited,STANDARD,ebay
63184227/ebay_7356.jpg,63184227,,unlimited,STANDARD,ebay
23617756/ebay_7357.jpg,23617756,,first,SPELL_TRAP,ebay
43143567/ebay_7360.jpg,43143567,,unlimited,STANDARD,ebay
03790062/ebay_7362.jpg,03790062,,unlimited,STANDARD,ebay
60992105/ebay_7363.jpg,60992105,,unlimited,STANDARD,ebay
08736823/ebay_7364.jpg,08736823,,first,STANDARD,ebay
40542825/ebay_7367.jpg,40542825,,unlimited,STANDARD,ebay
00613496/ebay_737.jpg,00613496,BLGG-DE034,first,SPELL_TRAP,ebay
70711847/ebay_7370.jpg,70711847,,first,STANDARD,ebay
42752141/ebay_7371.jpg,42752141,,unlimited,STANDARD,ebay
64603182/ebay_7375.jpg,64603182,,unlimited,STANDARD,ebay
96157835/ebay_7376.jpg,96157835,,unlimited,STANDARD,ebay
06007213/ebay_7378.jpg,06007213,,unlimited,STANDARD,ebay
22537443/ebay_7380.jpg,22537443,,unlimited,SPELL_TRAP,ebay
63288573/ebay_7382.jpg,63288573,,unlimited,LINK,ebay
18165869/ebay_7383.jpg,18165869,,first,STANDARD,ebay
34016756/ebay_7384.jpg,34016756,,unlimited,SPELL_TRAP,ebay
11443677/ebay_7386.jpg,11443677,MP23-DE019,first,STANDARD,ebay
66518509/ebay_7389.jpg,66518509,,first,SPELL_TRAP,ebay
45710945/ebay_7390.jpg,45710945,,unlimited,STANDARD,ebay
89631139/ebay_7391.jpg,89631139,MP22-DE266,first,STANDARD,ebay
03775068/ebay_7393.jpg,03775068,,unlimited,STANDARD,ebay
92907248/ebay_7395.jpg,92907248,,first,SPELL_TRAP,ebay
97077563/ebay_740.jpg,97077563,,first,SPELL_TRAP,ebay
89631139/ebay_7404.jpg,89631139,RA03-DE079,first,STANDARD,ebay
99267150/ebay_741.jpg,99267150,,first,STANDARD,ebay
07391448/ebay_745.jpg,07391448,,first,STANDARD,ebay
67169062/ebay_7450.jpg,67169062,,,SPELL_TRAP,ebay
46986414/ebay_7453.jpg,46986414,RA04-DE106,first,STANDARD,ebay
73602965/ebay_7463.jpg,73602965,,first,STANDARD,ebay
85138716/ebay_7475.jpg,85138716,,first,STANDARD,ebay
14878871/ebay_7476.jpg,14878871,,first,STANDARD,ebay
38033121/ebay_7477.jpg,38033121,,first,STANDARD,ebay
77075360/ebay_748.jpg,77075360,,limited,STANDARD,ebay
74677422/ebay_7493.jpg,74677422,RA04-EN109,first,STANDARD,ebay
73580471/ebay_7497.jpg,73580471,,first,STANDARD,ebay
78156759/ebay_7498.jpg,78156759,,first,STANDARD,ebay
38033121/ebay_7499.jpg,38033121,RA03-DE123,first,STANDARD,ebay
83039729/ebay_7501.jpg,83039729,,first,STANDARD,ebay
75190122/ebay_7508.jpg,75190122,,first,SPELL_TRAP,ebay
07093411/ebay_7511.jpg,07093411,,first,STANDARD,ebay
01357146/ebay_7513.jpg,01357146,,first,STANDARD,ebay
55623480/ebay_7515.jpg,55623480,RA04-DE269,first,STANDARD,ebay
89631139/ebay_7516.jpg,89631139,,first,STANDARD,ebay
74677422/ebay_7519.jpg,74677422,,first,STANDARD,ebay
71703785/ebay_7521.jpg,71703785,,unlimited,STANDARD,ebay
56832966/ebay_7526.jpg,56832966,,first,STANDARD,ebay
24094653/ebay_7528.jpg,24094653,,first,SPELL_TRAP,ebay
24590232/ebay_753.jpg,24590232,,first,SPELL_TRAP,ebay
42752141/ebay_7531.jpg,42752141,,first,STANDARD,ebay
41721210/ebay_7533.jpg,41721210,,first,STANDARD,ebay
61344030/ebay_7534.jpg,61344030,,first,STANDARD,ebay
86188410/ebay_7536.jpg,86188410,,unlimited,STANDARD,ebay
46986414/ebay_7537.jpg,46986414,RA04-EN106,first,STANDARD,ebay
10158145/ebay_754.jpg,10158145,,first,STANDARD,ebay
71703785/ebay_7543.jpg,71703785,,first,STANDARD,ebay
40908371/ebay_7544.jpg,40908371,RA04-DE208,first,STANDARD,ebay
74677422/ebay_7546.jpg,74677422,,first,STANDARD,ebay
05133471/ebay_7547.jpg,05133471,,first,SPELL_TRAP,ebay
61204971/ebay_7548.jpg,61204971,,first,STANDARD,ebay
14785765/ebay_7549.jpg,14785765,,first,STANDARD,ebay
27847700/ebay_7555.jpg,27847700,,first,,ebay
89631139/ebay_7559.jpg,89631139,,first,STANDARD,ebay
44686185/ebay_756.jpg,44686185,,first,STANDARD,ebay
89631139/ebay_7561.jpg,89631139,RA04-DE108,first,STANDARD,ebay
38033121/ebay_7562.jpg,38033121,RA03-EN123,first,STANDARD,ebay
42009836/ebay_7563.jpg,42009836,,unlimited,STANDARD,ebay
78193831/ebay_7566.jpg,78193831,RA04-DE115,first,STANDARD,ebay
38033121/ebay_757.jpg,38033121,MP22-DE268,first,STANDARD,ebay
18940556/ebay_7570.jpg,18940556,,first,STANDARD,ebay
21954587/ebay_7573.jpg,21954587,,first,STANDARD,ebay
89739383/ebay_7574.jpg,89739383,,first,SPELL_TRAP,ebay
59438930/ebay_7575.jpg,59438930,,first,STANDARD,ebay
65367484/ebay_7576.jpg,65367484,,first,STANDARD,ebay
79575620/ebay_7578.jpg,79575620,,first,STANDARD,ebay
07093411/ebay_7580.jpg,07093411,,first,STANDARD,ebay
06983839/ebay_7582.jpg,06983839,RA04-DE289,first,STANDARD,ebay
27243130/ebay_7584.jpg,27243130,RA02-EN058,first,SPELL_TRAP,ebay
46986414/ebay_7585.jpg,46986414,,first,STANDARD,ebay
25789292/ebay_7586.jpg,25789292,RA04-DE137,first,SPELL_TRAP,ebay
67169062/ebay_7587.jpg,67169062,,unlimited,SPELL_TRAP,ebay
46986414/ebay_7588.jpg,46986414,,first,STANDARD,ebay
72714392/ebay_7589.jpg,72714392,,unlimited,STANDARD,ebay
89631139/ebay_759.jpg,89631139,CT14-DE002,unlimited,STANDARD,ebay
36996508/ebay_7590.jpg,36996508,,first,,ebay
07359741/ebay_7594.jpg,07359741,,first,STANDARD,ebay
48156348/ebay_7595.jpg,48156348,,unlimited,STANDARD,ebay
35952884/ebay_7596.jpg,35952884,,first,STANDARD,ebay
23205979/ebay_7598.jpg,23205979,,first,STANDARD,ebay
50237654/ebay_7599.jpg,50237654,,first,STANDARD,ebay
38203732/ebay_760.jpg,38203732,,first,SPELL_TRAP,ebay
62279055/ebay_7600.jpg,62279055,RA03-DE115,first,SPELL_TRAP,ebay
63436931/ebay_7603.jpg,63436931,,first,STANDARD,ebay
12435193/ebay_7604.jpg,12435193,,first,STANDARD,ebay
53797637/ebay_7606.jpg,53797637,,first,STANDARD,ebay
89448140/ebay_761.jpg,89448140,,first,SPELL_TRAP,ebay
24317029/ebay_7611.jpg,24317029,,first,STANDARD,ebay
19613556/ebay_7613.jpg,19613556,,first,SPELL_TRAP,ebay
78010363/ebay_7615.jpg,78010363,RA03-DE091,first,STANDARD,ebay
96381979/ebay_7616.jpg,96381979,,limited,STANDARD,ebay
89185742/ebay_7617.jpg,89185742,,first,STANDARD,ebay
97077563/ebay_7618.jpg,97077563,,first,SPELL_TRAP,ebay
41721210/ebay_7619.jpg,41721210,,unlimited,STANDARD,ebay
66788016/ebay_7620.jpg,66788016,RA03-DE084,first,SPELL_TRAP,ebay
65367484/ebay_7621.jpg,65367484,,unlimited,STANDARD,ebay
46986414/ebay_7623.jpg,46986414,RA04-EN106,first,STANDARD,ebay
31560081/ebay_7626.jpg,31560081,,first,STANDARD,ebay
74677422/ebay_7628.jpg,74677422,,first,STANDARD,ebay
34001672/ebay_7629.jpg,34001672,,first,STANDARD,ebay
93854893/ebay_763.jpg,93854893,,first,STANDARD,ebay
93969023/ebay_7630.jpg,93969023,,first,STANDARD,ebay
12435193/ebay_7631.jpg,12435193,,first,STANDARD,ebay
71039903/ebay_7632.jpg,71039903,,first,STANDARD,ebay
74677422/ebay_7634.jpg,74677422,,first,STANDARD,ebay
33508719/ebay_7638.jpg,33508719,,first,STANDARD,ebay
70095154/ebay_7639.jpg,70095154,,first,STANDARD,ebay
53839837/ebay_7640.jpg,53839837,,first,STANDARD,ebay
36996508/ebay_7643.jpg,36996508,,first,,ebay
59438930/ebay_7645.jpg,59438930,,first,STANDARD,ebay
64599569/ebay_7647.jpg,64599569,,first,STANDARD,ebay
24317029/ebay_7648.jpg,24317029,,first,STANDARD,ebay
83104731/ebay_7650.jpg,83104731,,first,STANDARD,ebay
74677422/ebay_7651.jpg,74677422,,first,STANDARD,ebay
53334471/ebay_7652.jpg,53334471,,first,SPELL_TRAP,ebay
95477924/ebay_7653.jpg,95477924,RA01-DE068,first,SPELL_TRAP,ebay
03370104/ebay_7655.jpg,03370104,,first,STANDARD,ebay
74677422/ebay_7656.jpg,74677422,,first,STANDARD,ebay
46986414/ebay_7657.jpg,46986414,,first,STANDARD,ebay
85215458/ebay_7658.jpg,85215458,,first,STANDARD,ebay
10186633/ebay_766.jpg,10186633,,first,SPELL_TRAP,ebay
89882100/ebay_7660.jpg,89882100,RA04-DE182,first,SPELL_TRAP,ebay
49036338/ebay_7662.jpg,49036338,,,STANDARD,ebay
64599569/ebay_7663.jpg,64599569,,first,STANDARD,ebay
89631139/ebay_7664.jpg,89631139,,first,STANDARD,ebay
33508719/ebay_7665.jpg,33508719,RA03-EN098,first,STANDARD,ebay
41386308/ebay_7668.jpg,41386308,,first,STANDARD,ebay
56343672/ebay_767.jpg,56343672,,first,STANDARD,ebay
46986414/ebay_7670.jpg,46986414,RA04-DE106,first,STANDARD,ebay
10802915/ebay_7671.jpg,10802915,,first,STANDARD,ebay
41999284/ebay_7672.jpg,41999284,,unlimited,LINK,ebay
21044178/ebay_7674.jpg,21044178,RA02-EN033,first,STANDARD,ebay
68462976/ebay_7676.jpg,68462976,,first,SPELL_TRAP,ebay
61740673/ebay_7678.jpg,61740673,,first,SPELL_TRAP,ebay
59750328/ebay_7679.jpg,59750328,,first,SPELL_TRAP,ebay
98630720/ebay_7680.jpg,98630720,RA02-EN043,unlimited,LINK,ebay
52352005/ebay_7684.jpg,52352005,,first,STANDARD,ebay
52352005/ebay_7685.jpg,52352005,,first,STANDARD,ebay
20366274/ebay_7687.jpg,20366274,RA04-DE229,first,STANDARD,ebay
64664373/ebay_7688.jpg,64664373,RA04-DE100,first,SPELL_TRAP,ebay
74586817/ebay_7689.jpg,74586817,RA02-EN028,first,STANDARD,ebay
22842126/ebay_7690.jpg,22842126,,first,SPELL_TRAP,ebay
77585513/ebay_7691.jpg,77585513,,first,STANDARD,ebay
38033121/ebay_7693.jpg,38033121,,first,STANDARD,ebay
23015896/ebay_7694.jpg,23015896,,first,STANDARD,ebay
46986414/ebay_7695.jpg,46986414,RA04-DE106,first,STANDARD,ebay
89185742/ebay_7696.jpg,89185742,,first,STANDARD,ebay
61204971/ebay_7697.jpg,61204971,,first,STANDARD,ebay
12381100/ebay_7698.jpg,12381100,,first,STANDARD,ebay
61204971/ebay_7699.jpg,61204971,,unlimited,STANDARD,ebay
20663556/ebay_7700.jpg,20663556,RA03-DE197,unlimited,STANDARD,ebay
71413901/ebay_7701.jpg,71413901,RA03-DE125,first,STANDARD,ebay
07093411/ebay_7703.jpg,07093411,,first,STANDARD,ebay
52840267/ebay_7704.jpg,52840267,RA05-EN010,first,STANDARD,ebay
35027493/ebay_7705.jpg,35027493,,first,SPELL_TRAP,ebay
06498706/ebay_7707.jpg,06498706,RA02-EN065,first,SPELL_TRAP,ebay
59057152/ebay_7708.jpg,59057152,,first,STANDARD,ebay
90953320/ebay_7709.jpg,90953320,RA02-EN027,first,STANDARD,ebay
43973174/ebay_771.jpg,43973174,,first,SPELL_TRAP,ebay
41721210/ebay_7710.jpg,41721210,,first,STANDARD,ebay
37390589/ebay_7711.jpg,37390589,RA03-DE204,first,SPELL_TRAP,ebay
54652250/ebay_7713.jpg,54652250,,first,STANDARD,ebay
46986414/ebay_7714.jpg,46986414,RA03-DE080,first,STANDARD,ebay
45467446/ebay_7715.jpg,45467446,RA04-DE265,first,STANDARD,ebay
38033121/ebay_7717.jpg,38033121,RA04-DE107,first,STANDARD,ebay
40908371/ebay_7718.jpg,40908371,RA04-DE208,first,STANDARD,ebay
88264978/ebay_7721.jpg,88264978,,first,STANDARD,ebay
40605147/ebay_7725.jpg,40605147,,first,SPELL_TRAP,ebay
57774843/ebay_7727.jpg,57774843,,unlimited,STANDARD,ebay
01561110/ebay_7729.jpg,01561110,,first,STANDARD,ebay
74677422/ebay_7735.jpg,74677422,,first,STANDARD,ebay
00581014/ebay_7736.jpg,00581014,,first,STANDARD,ebay
07359741/ebay_7738.jpg,07359741,,first,STANDARD,ebay
46123974/ebay_774.jpg,46123974,,first,STANDARD,ebay
53567095/ebay_7742.jpg,53567095,RA03-EN165,first,SPELL_TRAP,ebay
74677422/ebay_7745.jpg,74677422,,first,STANDARD,ebay
10028593/ebay_7747.jpg,10028593,,first,STANDARD,ebay
81439173/ebay_7748.jpg,81439173,RA02-EN049,first,SPELL_TRAP,ebay
01845204/ebay_7749.jpg,01845204,,unlimited,SPELL_TRAP,ebay
86541496/ebay_7750.jpg,86541496,,first,SPELL_TRAP,ebay
81210420/ebay_7751.jpg,81210420,,first,SPELL_TRAP,ebay
03370104/ebay_7752.jpg,03370104,,first,STANDARD,ebay
46986414/ebay_7753.jpg,46986414,RA04-DE106,first,STANDARD,ebay
53797637/ebay_7755.jpg,53797637,,first,STANDARD,ebay
79106360/ebay_7756.jpg,79106360,,first,STANDARD,ebay
47217354/ebay_7757.jpg,47217354,,first,STANDARD,ebay
25311006/ebay_7759.jpg,25311006,RA01-EN063,first,SPELL_TRAP,ebay
53714009/ebay_776.jpg,53714009,,first,STANDARD,ebay
28912357/ebay_7760.jpg,28912357,,first,STANDARD,ebay
27412542/ebay_7762.jpg,27412542,RA02-EN064,first,SPELL_TRAP,ebay
03657444/ebay_7764.jpg,03657444,,first,STANDARD,ebay
67441435/ebay_7767.jpg,67441435,,first,STANDARD,ebay
73580471/ebay_7768.jpg,73580471,,first,STANDARD,ebay
91350799/ebay_7769.jpg,91350799,,first,STANDARD,ebay
98696958/ebay_777.jpg,98696958,,first,SPELL_TRAP,ebay
19739265/ebay_7770.jpg,19739265,RA02-EN068,first,SPELL_TRAP,ebay
01546123/ebay_7771.jpg,01546123,,first,STANDARD,ebay
49702428/ebay_7773.jpg,49702428,,first,SPELL_TRAP,ebay
85138716/ebay_7774.jpg,85138716,RA02-EN008,first,STANDARD,ebay
44330098/ebay_7776.jpg,44330098,,first,STANDARD,ebay
24224830/ebay_7778.jpg,24224830,,first,SPELL_TRAP,ebay
61344030/ebay_7780.jpg,61344030,,first,STANDARD,ebay
53839837/ebay_7782.jpg,53839837,,first,STANDARD,ebay
36042004/ebay_7784.jpg,36042004,RA04-DE131,first,STANDARD,ebay
04929256/ebay_7785.jpg,04929256,,,STANDARD,ebay
07391448/ebay_7786.jpg,07391448,,first,STANDARD,ebay
71413901/ebay_7787.jpg,71413901,RA03-DE125,first,STANDARD,ebay
54447022/ebay_7788.jpg,54447022,,first,SPELL_TRAP,ebay
25862681/ebay_7789.jpg,25862681,,first,STANDARD,ebay
50321796/ebay_7791.jpg,50321796,,unlimited,STANDARD,ebay
07359741/ebay_7792.jpg,07359741,,first,STANDARD,ebay
63436931/ebay_7794.jpg,63436931,,first,STANDARD,ebay
33420078/ebay_7795.jpg,33420078,,first,STANDARD,ebay
89631139/ebay_7797.jpg,89631139,,first,STANDARD,ebay
74294676/ebay_7801.jpg,74294676,RA04-DE160,first,STANDARD,ebay
19211362/ebay_7802.jpg,19211362,,first,STANDARD,ebay
55794644/ebay_7803.jpg,55794644,,first,STANDARD,ebay
99177923/ebay_7804.jpg,99177923,,first,STANDARD,ebay
40908371/ebay_7805.jpg,40908371,RA04-DE208,first,STANDARD,ebay
14342283/ebay_7806.jpg,14342283,,first,SPELL_TRAP,ebay
35255456/ebay_7807.jpg,35255456,,first,SPELL_TRAP,ebay
29948294/ebay_7808.jpg,29948294,,first,SPELL_TRAP,ebay
71044499/ebay_7811.jpg,71044499,,first,SPELL_TRAP,ebay
04206964/ebay_7812.jpg,04206964,,first,SPELL_TRAP,ebay
74677422/ebay_7813.jpg,74677422,,first,STANDARD,ebay
29981921/ebay_7814.jpg,29981921,,first,STANDARD,ebay
40605147/ebay_7817.jpg,40605147,,unlimited,SPELL_TRAP,ebay
80321197/ebay_7819.jpg,80321197,,first,STANDARD,ebay
45812361/ebay_7821.jpg,45812361,RA04-DE181,first,STANDARD,ebay
95477924/ebay_7822.jpg,95477924,RA01-EN068,first,SPELL_TRAP,ebay
51858306/ebay_7823.jpg,51858306,,first,STANDARD,ebay
38033121/ebay_7826.jpg,38033121,RA03-DE123,first,STANDARD,ebay
89631139/ebay_7827.jpg,89631139,RA03-DE079,first,STANDARD,ebay
16195942/ebay_7831.jpg,16195942,,limited,STANDARD,ebay
24224830/ebay_7832.jpg,24224830,RA01-DE057,first,SPELL_TRAP,ebay
51409648/ebay_7834.jpg,51409648,,first,STANDARD,ebay
69015963/ebay_7836.jpg,69015963,,first,STANDARD,ebay
28711704/ebay_7837.jpg,28711704,,first,STANDARD,ebay
46986414/ebay_7844.jpg,46986414,RA03-DE080,first,STANDARD,ebay
12538374/ebay_7845.jpg,12538374,,unlimited,STANDARD,ebay
51452091/ebay_7847.jpg,51452091,,first,SPELL_TRAP,ebay
36637374/ebay_7849.jpg,36637374,,first,SPELL_TRAP,ebay
06763530/ebay_785.jpg,06763530,,first,SPELL_TRAP,ebay
03429238/ebay_7852.jpg,03429238,,first,STANDARD,ebay
54652250/ebay_7854.jpg,54652250,RA03-EN082,first,STANDARD,ebay
91351370/ebay_7855.jpg,91351370,RA03-DE219,first,SPELL_TRAP,ebay
70781052/ebay_7856.jpg,70781052,,first,STANDARD,ebay
41175645/ebay_7860.jpg,41175645,RA02-EN012,first,STANDARD,ebay
78193831/ebay_7863.jpg,78193831,,first,STANDARD,ebay
46986414/ebay_7864.jpg,46986414,,first,STANDARD,ebay
77505534/ebay_7865.jpg,77505534,,unlimited,SPELL_TRAP,ebay
46986414/ebay_7867.jpg,46986414,RA04-DE106,first,STANDARD,ebay
89631139/ebay_7868.jpg,89631139,,first,STANDARD,ebay
38992735/ebay_7870.jpg,38992735,,first,SPELL_TRAP,ebay
40216089/ebay_7871.jpg,40216089,,unlimited,LINK,ebay
81674782/ebay_7873.jpg,81674782,,unlimited,SPELL_TRAP,ebay
49721904/ebay_7874.jpg,49721904,,first,STANDARD,ebay
38992735/ebay_7877.jpg,38992735,,first,SPELL_TRAP,ebay
18940556/ebay_7879.jpg,18940556,,first,STANDARD,ebay
38033121/ebay_7880.jpg,38033121,,first,STANDARD,ebay
59750328/ebay_7881.jpg,59750328,,first,SPELL_TRAP,ebay
91351370/ebay_7882.jpg,91351370,RA03-DE219,first,SPELL_TRAP,ebay
95929069/ebay_7884.jpg,95929069,,first,STANDARD,ebay
53804307/ebay_7885.jpg,53804307,,first,STANDARD,ebay
69140098/ebay_7886.jpg,69140098,,first,STANDARD,ebay
17259470/ebay_7887.jpg,17259470,RA03-EN185,first,STANDARD,ebay
38033121/ebay_7888.jpg,38033121,RA03-DE123,first,STANDARD,ebay
89312388/ebay_7889.jpg,89312388,,first,STANDARD,ebay
31764700/ebay_7891.jpg,31764700,,first,STANDARD,ebay
41721210/ebay_7892.jpg,41721210,RA03-EN268,first,STANDARD,ebay
00581014/ebay_7894.jpg,00581014,,first,STANDARD,ebay
04423206/ebay_7899.jpg,04423206,,first,STANDARD,ebay
49036338/ebay_7904.jpg,49036338,,first,STANDARD,ebay
88264978/ebay_7905.jpg,88264978,,first,STANDARD,ebay
82044279/ebay_7906.jpg,82044279,,first,,ebay
33508719/ebay_7908.jpg,33508719,,first,STANDARD,ebay
71703785/ebay_7913.jpg,71703785,,first,STANDARD,ebay
90809975/ebay_7914.jpg,90809975,,unlimited,STANDARD,ebay
25274141/ebay_7915.jpg,25274141,RA05-DE064,first,SPELL_TRAP,ebay
54652250/ebay_7916.jpg,54652250,,first,STANDARD,ebay
41209827/ebay_7920.jpg,41209827,,first,STANDARD,ebay
90508760/ebay_7921.jpg,90508760,,first,STANDARD,ebay
35952884/ebay_7922.jpg,35952884,,first,STANDARD,ebay
14943837/ebay_7924.jpg,14943837,,first,STANDARD,ebay
64202399/ebay_7927.jpg,64202399,RA01-DE016,unlimited,STANDARD,ebay
72989439/ebay_7928.jpg,72989439,RA03-DE132,unlimited,STANDARD,ebay
72167543/ebay_7929.jpg,72167543,,first,STANDARD,ebay
85087012/ebay_7932.jpg,85087012,,first,STANDARD,ebay
49721904/ebay_7934.jpg,49721904,,first,STANDARD,ebay
99365553/ebay_7935.jpg,99365553,,first,STANDARD,ebay
25484449/ebay_7936.jpg,25484449,,first,STANDARD,ebay
10796448/ebay_794.jpg,10796448,,first,STANDARD,ebay
74677422/ebay_7941.jpg,74677422,,first,STANDARD,ebay
46659709/ebay_7943.jpg,46659709,,first,STANDARD,ebay
23558733/ebay_7944.jpg,23558733,,first,STANDARD,ebay
15180041/ebay_7946.jpg,15180041,,first,STANDARD,ebay
74294676/ebay_7948.jpg,74294676,RA04-DE160,first,STANDARD,ebay
53855409/ebay_7949.jpg,53855409,,first,STANDARD,ebay
16226786/ebay_7950.jpg,16226786,,first,STANDARD,ebay
47596607/ebay_7951.jpg,47596607,,first,SPELL_TRAP,ebay
53839837/ebay_7952.jpg,53839837,,first,STANDARD,ebay
27970830/ebay_7953.jpg,27970830,RA03-DE229,first,SPELL_TRAP,ebay
41386308/ebay_7955.jpg,41386308,,first,STANDARD,ebay
81122844/ebay_7956.jpg,81122844,,first,STANDARD,ebay
82460246/ebay_7958.jpg,82460246,RA02-EN074,first,SPELL_TRAP,ebay
45809008/ebay_7959.jpg,45809008,,unlimited,SPELL_TRAP,ebay
18294799/ebay_796.jpg,18294799,,first,STANDARD,ebay
24610207/ebay_7961.jpg,24610207,,first,STANDARD,ebay
52687916/ebay_7962.jpg,52687916,RA02-EN026,first,STANDARD,ebay
20366274/ebay_7964.jpg,20366274,RA04-DE229,first,STANDARD,ebay
59765225/ebay_7967.jpg,59765225,,first,STANDARD,ebay
34710660/ebay_797.jpg,34710660,YGLD-DEA00,first,STANDARD,ebay
05220687/ebay_7970.jpg,05220687,,first,STANDARD,ebay
79106360/ebay_7972.jpg,79106360,RA03-EN100,first,STANDARD,ebay
64664373/ebay_7973.jpg,64664373,,first,SPELL_TRAP,ebay
46986414/ebay_7974.jpg,46986414,RA04-DE106,first,STANDARD,ebay
69884162/ebay_7976.jpg,69884162,,first,STANDARD,ebay
61441708/ebay_7977.jpg,61441708,,first,STANDARD,ebay
02203790/ebay_7978.jpg,02203790,,first,STANDARD,ebay
36996508/ebay_798.jpg,36996508,,unlimited,,ebay
43973174/ebay_7980.jpg,43973174,,first,SPELL_TRAP,ebay
18319762/ebay_7982.jpg,18319762,,unlimited,STANDARD,ebay
38033121/ebay_7983.jpg,38033121,,first,STANDARD,ebay
01005587/ebay_7984.jpg,01005587,,first,SPELL_TRAP,ebay
90432163/ebay_7985.jpg,90432163,,first,STANDARD,ebay
78004197/ebay_7986.jpg,78004197,,first,STANDARD,ebay
57624336/ebay_7987.jpg,57624336,,first,PENDULUM,ebay
81674782/ebay_7988.jpg,81674782,,first,SPELL_TRAP,ebay
69514125/ebay_799.jpg,69514125,,,STANDARD,ebay
69610924/ebay_7990.jpg,69610924,RA04-EN154,first,STANDARD,ebay
01561110/ebay_7993.jpg,01561110,,first,STANDARD,ebay
74677422/ebay_7994.jpg,74677422,,first,STANDARD,ebay
77538567/ebay_7996.jpg,77538567,,first,SPELL_TRAP,ebay
77585513/ebay_7997.jpg,77585513,RA03-EN099,first,STANDARD,ebay
27288416/ebay_7999.jpg,27288416,,first,STANDARD,ebay
37742478/ebay_800.jpg,37742478,,unlimited,STANDARD,ebay
63436931/ebay_8000.jpg,63436931,,first,STANDARD,ebay
38033121/ebay_8002.jpg,38033121,,first,STANDARD,ebay
67095270/ebay_8006.jpg,67095270,,first,SPELL_TRAP,ebay
79814787/ebay_8008.jpg,79814787,RA03-DE208,first,STANDARD,ebay
28912357/ebay_8009.jpg,28912357,,first,STANDARD,ebay
71413901/ebay_8010.jpg,71413901,,first,STANDARD,ebay
83764718/ebay_8014.jpg,83764718,,first,,ebay
40044918/ebay_8015.jpg,40044918,,first,STANDARD,ebay
12435193/ebay_8016.jpg,12435193,,first,STANDARD,ebay
51409648/ebay_8017.jpg,51409648,RA02-EN025,first,STANDARD,ebay
07359741/ebay_8018.jpg,07359741,,first,STANDARD,ebay
52068432/ebay_8019.jpg,52068432,,first,STANDARD,ebay
73810864/ebay_8021.jpg,73810864,,first,STANDARD,ebay
61740673/ebay_8023.jpg,61740673,,first,SPELL_TRAP,ebay
38033121/ebay_8025.jpg,38033121,,first,STANDARD,ebay
55144522/ebay_8027.jpg,55144522,MP25-DE050,first,SPELL_TRAP,ebay
46986414/ebay_8029.jpg,46986414,RA04-DE106,first,STANDARD,ebay
79814787/ebay_8030.jpg,79814787,RA03-DE208,first,STANDARD,ebay
46986414/ebay_8031.jpg,46986414,RA04-EN106,first,STANDARD,ebay
13171876/ebay_8032.jpg,13171876,,first,STANDARD,ebay
17259470/ebay_8033.jpg,17259470,,first,STANDARD,ebay
50237654/ebay_8034.jpg,50237654,,first,STANDARD,ebay
82301904/ebay_8037.jpg,82301904,,first,STANDARD,ebay
09748752/ebay_8038.jpg,09748752,,first,STANDARD,ebay
63166095/ebay_8040.jpg,63166095,,first,SPELL_TRAP,ebay
69015963/ebay_8042.jpg,69015963,,first,STANDARD,ebay
04423206/ebay_8043.jpg,04423206,,first,STANDARD,ebay
02857636/ebay_8044.jpg,02857636,,unlimited,LINK,ebay
98777036/ebay_8047.jpg,98777036,RA03-EN223,first,STANDARD,ebay
90953320/ebay_8048.jpg,90953320,,first,STANDARD,ebay
43316238/ebay_8049.jpg,43316238,,first,STANDARD,ebay
02526224/ebay_8050.jpg,02526224,,first,STANDARD,ebay
33420078/ebay_8051.jpg,33420078,,unlimited,STANDARD,ebay
03429238/ebay_8052.jpg,03429238,,first,STANDARD,ebay
95477924/ebay_8054.jpg,95477924,RA01-DE068,first,SPELL_TRAP,ebay
04779091/ebay_8056.jpg,04779091,,first,STANDARD,ebay
44665365/ebay_8058.jpg,44665365,,first,STANDARD,ebay
01546123/ebay_8059.jpg,01546123,,first,STANDARD,ebay
91351370/ebay_8060.jpg,91351370,RA03-EN219,first,SPELL_TRAP,ebay
35952884/ebay_8061.jpg,35952884,RA04-EN158,first,STANDARD,ebay
79106360/ebay_8062.jpg,79106360,,first,STANDARD,ebay
19162134/ebay_8063.jpg,19162134,,first,SPELL_TRAP,ebay
48156348/ebay_8064.jpg,48156348,,first,STANDARD,ebay
40133511/ebay_8065.jpg,40133511,,first,STANDARD,ebay
23434538/ebay_8066.jpg,23434538,,first,STANDARD,ebay
38033121/ebay_8067.jpg,38033121,,first,STANDARD,ebay
76794549/ebay_8069.jpg,76794549,,first,PENDULUM,ebay
60990740/ebay_807.jpg,60990740,PGL2-DE002,first,STANDARD,ebay
44335251/ebay_8070.jpg,44335251,,first,STANDARD,ebay
31991800/ebay_8071.jpg,31991800,,first,PENDULUM,ebay
19535693/ebay_8072.jpg,19535693,,first,STANDARD,ebay
33420078/ebay_8074.jpg,33420078,,first,STANDARD,ebay
06983839/ebay_8076.jpg,06983839,,first,STANDARD,ebay
46986414/ebay_8077.jpg,46986414,RA04-DE106,first,STANDARD,ebay
37694547/ebay_8078.jpg,37694547,,first,SPELL_TRAP,ebay
81034083/ebay_8079.jpg,81034083,,first,STANDARD,ebay
78868119/ebay_8080.jpg,78868119,,first,STANDARD,ebay
99177923/ebay_8081.jpg,99177923,,first,STANDARD,ebay
28912357/ebay_8082.jpg,28912357,,first,STANDARD,ebay
92107604/ebay_8083.jpg,92107604,,first,SPELL_TRAP,ebay
78868119/ebay_8086.jpg,78868119,,first,STANDARD,ebay
36996508/ebay_8088.jpg,36996508,,,,ebay
38572779/ebay_8089.jpg,38572779,,first,STANDARD,ebay
60764609/ebay_809.jpg,60764609,,first,STANDARD,ebay
21044178/ebay_8091.jpg,21044178,,first,STANDARD,ebay
58471134/ebay_8093.jpg,58471134,,first,STANDARD,ebay
86188410/ebay_8094.jpg,86188410,,first,STANDARD,ebay
64599569/ebay_8095.jpg,64599569,,first,STANDARD,ebay
89631139/ebay_8096.jpg,89631139,,first,STANDARD,ebay
81210420/ebay_8097.jpg,81210420,,first,SPELL_TRAP,ebay
05318639/ebay_8098.jpg,05318639,RA02-EN048,first,SPELL_TRAP,ebay
62476815/ebay_8099.jpg,62476815,,first,STANDARD,ebay
59438930/ebay_8102.jpg,59438930,,first,STANDARD,ebay
46772449/ebay_8104.jpg,46772449,,first,STANDARD,ebay
58120309/ebay_8106.jpg,58120309,,first,SPELL_TRAP,ebay
56713174/ebay_8107.jpg,56713174,RA03-EN018,first,STANDARD,ebay
36996508/ebay_8108.jpg,36996508,,first,,ebay
81843628/ebay_8109.jpg,81843628,,first,STANDARD,ebay
56506740/ebay_811.jpg,56506740,,first,SPELL_TRAP,ebay
40605147/ebay_8110.jpg,40605147,,first,SPELL_TRAP,ebay
23205979/ebay_8112.jpg,23205979,,first,STANDARD,ebay
81843628/ebay_8113.jpg,81843628,,first,STANDARD,ebay
01357146/ebay_8114.jpg,01357146,RA03-EN236,first,STANDARD,ebay
01561110/ebay_8117.jpg,01561110,,first,STANDARD,ebay
07394770/ebay_8119.jpg,07394770,,first,SPELL_TRAP,ebay
45986603/ebay_812.jpg,45986603,,first,SPELL_TRAP,ebay
01561110/ebay_8120.jpg,01561110,,first,STANDARD,ebay
95169481/ebay_8121.jpg,95169481,,first,STANDARD,ebay
90238142/ebay_8122.jpg,90238142,,first,STANDARD,ebay
83039729/ebay_8125.jpg,83039729,,first,STANDARD,ebay
84650463/ebay_8127.jpg,84650463,,first,STANDARD,ebay
26205777/ebay_8128.jpg,26205777,,first,STANDARD,ebay
43892408/ebay_8130.jpg,43892408,,first,STANDARD,ebay
70595331/ebay_8131.jpg,70595331,,first,STANDARD,ebay
31764700/ebay_8132.jpg,31764700,,unlimited,STANDARD,ebay
64599569/ebay_8133.jpg,64599569,,first,STANDARD,ebay
48452496/ebay_8135.jpg,48452496,,unlimited,STANDARD,ebay
15443125/ebay_8138.jpg,15443125,,,SPELL_TRAP,ebay
74677422/ebay_8139.jpg,74677422,,first,STANDARD,ebay
06983839/ebay_8140.jpg,06983839,RA04-DE289,first,STANDARD,ebay
84211599/ebay_8141.jpg,84211599,,first,SPELL_TRAP,ebay
07391448/ebay_8142.jpg,07391448,,first,STANDARD,ebay
01357146/ebay_8143.jpg,01357146,,first,STANDARD,ebay
18940556/ebay_8150.jpg,18940556,,first,STANDARD,ebay
74641045/ebay_8151.jpg,74641045,,first,STANDARD,ebay
30603688/ebay_8153.jpg,30603688,,first,STANDARD,ebay
44335251/ebay_8154.jpg,44335251,,first,STANDARD,ebay
62709239/ebay_8155.jpg,62709239,RA02-EN035,first,STANDARD,ebay
83104731/ebay_8157.jpg,83104731,,first,STANDARD,ebay
46986414/ebay_8158.jpg,46986414,,first,STANDARD,ebay
44095762/ebay_8159.jpg,44095762,RA03-DE093,first,SPELL_TRAP,ebay
25857246/ebay_8160.jpg,25857246,,first,STANDARD,ebay
89631139/ebay_8163.jpg,89631139,,limited,STANDARD,ebay
73580471/ebay_8165.jpg,73580471,,,STANDARD,ebay
65518099/ebay_8167.jpg,65518099,,first,PENDULUM,ebay
76774528/ebay_8169.jpg,76774528,,first,STANDARD,ebay
25542642/ebay_8170.jpg,25542642,,first,SPELL_TRAP,ebay
76774528/ebay_8171.jpg,76774528,,first,STANDARD,ebay
33198837/ebay_8173.jpg,33198837,,first,STANDARD,ebay
70828912/ebay_8177.jpg,70828912,,first,SPELL_TRAP,ebay
61740673/ebay_8178.jpg,61740673,,first,SPELL_TRAP,ebay
96334243/ebay_818.jpg,96334243,,first,STANDARD,ebay
46986414/ebay_8180.jpg,46986414,RA04-DE106,first,STANDARD,ebay
57314798/ebay_8181.jpg,57314798,,first,STANDARD,ebay
33698022/ebay_8182.jpg,33698022,,first,STANDARD,ebay
26202165/ebay_8183.jpg,26202165,,first,STANDARD,ebay
81674782/ebay_8186.jpg,81674782,,first,SPELL_TRAP,ebay
24094258/ebay_8188.jpg,24094258,,first,LINK,ebay
39512984/ebay_8189.jpg,39512984,,first,STANDARD,ebay
32619583/ebay_8190.jpg,32619583,,first,STANDARD,ebay
88264978/ebay_8191.jpg,88264978,,first,STANDARD,ebay
91812341/ebay_8192.jpg,91812341,,first,STANDARD,ebay
82301904/ebay_8193.jpg,82301904,,first,STANDARD,ebay
04031928/ebay_8194.jpg,04031928,,first,SPELL_TRAP,ebay
11012887/ebay_8195.jpg,11012887,,first,STANDARD,ebay
20663556/ebay_8196.jpg,20663556,RA03-DE197,first,STANDARD,ebay
17787975/ebay_8199.jpg,17787975,MVP1-ENG23,unlimited,SPELL_TRAP,ebay
69680031/ebay_820.jpg,69680031,,first,STANDARD,ebay
89631139/ebay_821.jpg,89631139,PCK-G001,unlimited,STANDARD,ebay
89631139/ebay_8228.jpg,89631139,SBCB-DE087,first,STANDARD,ebay
62279055/ebay_823.jpg,62279055,,first,SPELL_TRAP,ebay
98502113/ebay_8239.jpg,98502113,,first,STANDARD,ebay
59464593/ebay_8246.jpg,59464593,,first,STANDARD,ebay
31443476/ebay_8248.jpg,31443476,,first,SPELL_TRAP,ebay
22657402/ebay_8249.jpg,22657402,,first,STANDARD,ebay
01546123/ebay_825.jpg,01546123,,unlimited,STANDARD,ebay
65192027/ebay_8258.jpg,65192027,,first,STANDARD,ebay
33198837/ebay_826.jpg,33198837,,first,STANDARD,ebay
89631139/ebay_8261.jpg,89631139,MP22-DE266,unlimited,STANDARD,ebay
65403020/ebay_8262.jpg,65403020,,first,STANDARD,ebay
99666430/ebay_827.jpg,99666430,,first,STANDARD,ebay
25132288/ebay_8274.jpg,25132288,,first,STANDARD,ebay
08910971/ebay_8280.jpg,08910971,,first,STANDARD,ebay
25845518/ebay_8286.jpg,25845518,,first,SPELL_TRAP,ebay
26577155/ebay_8287.jpg,26577155,,first,STANDARD,ebay
65403020/ebay_8288.jpg,65403020,,first,STANDARD,ebay
57116033/ebay_8292.jpg,57116033,,first,STANDARD,ebay
01561110/ebay_8308.jpg,01561110,,first,STANDARD,ebay
05126490/ebay_8312.jpg,05126490,,first,STANDARD,ebay
67725394/ebay_8315.jpg,67725394,,first,STANDARD,ebay
33129626/ebay_832.jpg,33129626,,first,STANDARD,ebay
48891960/ebay_8324.jpg,48891960,,first,STANDARD,ebay
85059922/ebay_8326.jpg,85059922,,first,STANDARD,ebay
10966439/ebay_833.jpg,10966439,,first,STANDARD,ebay
96345184/ebay_8330.jpg,96345184,,first,STANDARD,ebay
44373896/ebay_8336.jpg,44373896,,first,STANDARD,ebay
34528176/ebay_8337.jpg,34528176,BLGG-DE013,first,STANDARD,ebay
15291624/ebay_8338.jpg,15291624,,first,STANDARD,ebay
25366484/ebay_8339.jpg,25366484,,first,STANDARD,ebay
91512835/ebay_8341.jpg,91512835,,first,STANDARD,ebay
45231177/ebay_8343.jpg,45231177,,first,STANDARD,ebay
50237654/ebay_8344.jpg,50237654,,first,STANDARD,ebay
96561011/ebay_8345.jpg,96561011,,first,STANDARD,ebay
46986414/ebay_8347.jpg,46986414,,first,STANDARD,ebay
69299029/ebay_8348.jpg,69299029,,first,SPELL_TRAP,ebay
60242223/ebay_8349.jpg,60242223,RA05-DE023,unlimited,STANDARD,ebay
99267150/ebay_8350.jpg,99267150,,first,STANDARD,ebay
89631139/ebay_8352.jpg,89631139,,first,STANDARD,ebay
56638325/ebay_8353.jpg,56638325,BLGG-DE010,first,STANDARD,ebay
25924653/ebay_8354.jpg,25924653,,first,STANDARD,ebay
22912101/ebay_8356.jpg,22912101,,first,STANDARD,ebay
10667321/ebay_8364.jpg,10667321,,first,SPELL_TRAP,ebay
59616123/ebay_8365.jpg,59616123,,first,SPELL_TRAP,ebay
80208158/ebay_837.jpg,80208158,,first,STANDARD,ebay
70095154/ebay_8372.jpg,70095154,SGX3-DEI28,first,STANDARD,ebay
73628505/ebay_8377.jpg,73628505,,first,SPELL_TRAP,ebay
33407125/ebay_8378.jpg,33407125,MP23-DE233,first,SPELL_TRAP,ebay
41420027/ebay_8379.jpg,41420027,,first,SPELL_TRAP,ebay
48891960/ebay_8381.jpg,48891960,,first,STANDARD,ebay
13482075/ebay_8383.jpg,13482075,,first,STANDARD,ebay
07614732/ebay_8385.jpg,07614732,,first,SPELL_TRAP,ebay
33655493/ebay_8387.jpg,33655493,,first,STANDARD,ebay
69140098/ebay_8389.jpg,69140098,,first,STANDARD,ebay
98684220/ebay_839.jpg,98684220,,first,STANDARD,ebay
28711704/ebay_8391.jpg,28711704,,first,STANDARD,ebay
73602965/ebay_8392.jpg,73602965,,first,STANDARD,ebay
71612253/ebay_8393.jpg,71612253,,first,STANDARD,ebay
39973386/ebay_8394.jpg,39973386,,first,SPELL_TRAP,ebay
23288411/ebay_8399.jpg,23288411,,,STANDARD,ebay
63854005/ebay_840.jpg,63854005,,first,SPELL_TRAP,ebay
71799173/ebay_8404.jpg,71799173,,first,STANDARD,ebay
89631139/ebay_8405.jpg,89631139,MVP1-DES55,first,STANDARD,ebay
93969023/ebay_8407.jpg,93969023,,first,STANDARD,ebay
30680659/ebay_8409.jpg,30680659,,first,STANDARD,ebay
15989522/ebay_841.jpg,15989522,,first,STANDARD,ebay
29302858/ebay_8414.jpg,29302858,,first,STANDARD,ebay
44178886/ebay_8418.jpg,44178886,,first,STANDARD,ebay
32909498/ebay_8419.jpg,32909498,MP23-DE163,first,STANDARD,ebay
13408726/ebay_8420.jpg,13408726,,unlimited,PENDULUM,ebay
40908371/ebay_8421.jpg,40908371,LCKC-DE066,first,STANDARD,ebay
54475145/ebay_8422.jpg,54475145,ROTA-DE004,first,STANDARD,ebay
90788081/ebay_8423.jpg,90788081,,first,STANDARD,ebay
49456901/ebay_8424.jpg,49456901,,first,STANDARD,ebay
22110647/ebay_8425.jpg,22110647,,unlimited,STANDARD,ebay
93969023/ebay_8431.jpg,93969023,,first,STANDARD,ebay
46986414/ebay_8432.jpg,46986414,,first,STANDARD,ebay
37750912/ebay_8433.jpg,37750912,,first,SPELL_TRAP,ebay
93729065/ebay_8434.jpg,93729065,,first,PENDULUM,ebay
18326736/ebay_8438.jpg,18326736,,first,STANDARD,ebay
38033121/ebay_844.jpg,38033121,MP22-DE268,first,STANDARD,ebay
29021114/ebay_8441.jpg,29021114,,first,STANDARD,ebay
80326401/ebay_8444.jpg,80326401,SDWD-DE042,first,SPELL_TRAP,ebay
62873545/ebay_8446.jpg,62873545,,first,STANDARD,ebay
39701395/ebay_8448.jpg,39701395,,unlimited,SPELL_TRAP,ebay
33904024/ebay_8449.jpg,33904024,,first,SPELL_TRAP,ebay
24094653/ebay_8450.jpg,24094653,SGX1-DEA12,first,SPELL_TRAP,ebay
30915572/ebay_8452.jpg,30915572,,first,STANDARD,ebay
94119480/ebay_8453.jpg,94119480,,first,STANDARD,ebay
90247311/ebay_8455.jpg,90247311,SHVA-DE013,first,STANDARD,ebay
24701066/ebay_8459.jpg,24701066,,first,STANDARD,ebay
46613515/ebay_8461.jpg,46613515,,unlimited,STANDARD,ebay
88305705/ebay_8462.jpg,88305705,,unlimited,STANDARD,ebay
53334641/ebay_8463.jpg,53334641,,first,STANDARD,ebay
22056710/ebay_8465.jpg,22056710,,first,STANDARD,ebay
80776622/ebay_8466.jpg,80776622,RA05-DE018,first,PENDULUM,ebay
09012916/ebay_8467.jpg,09012916,,first,STANDARD,ebay
22414174/ebay_8468.jpg,22414174,,first,SPELL_TRAP,ebay
25592142/ebay_847.jpg,25592142,,first,STANDARD,ebay
12450071/ebay_8471.jpg,12450071,,first,LINK,ebay
90434926/ebay_8472.jpg,90434926,GLAS-DE088,first,SPELL_TRAP,ebay
85059922/ebay_8474.jpg,85059922,,first,STANDARD,ebay
21200905/ebay_8476.jpg,21200905,,first,LINK,ebay
95477924/ebay_8478.jpg,95477924,,first,SPELL_TRAP,ebay
55343236/ebay_848.jpg,55343236,,first,STANDARD,ebay
01546123/ebay_8480.jpg,01546123,,first,STANDARD,ebay
28346136/ebay_8482.jpg,28346136,,first,STANDARD,ebay
09409625/ebay_8483.jpg,09409625,,first,SPELL_TRAP,ebay
83104731/ebay_8484.jpg,83104731,,first,STANDARD,ebay
10966439/ebay_8485.jpg,10966439,,first,STANDARD,ebay
20638610/ebay_8486.jpg,20638610,,first,SPELL_TRAP,ebay
95072744/ebay_8488.jpg,95072744,,first,STANDARD,ebay
03574681/ebay_8489.jpg,03574681,BLMR-EN035,first,SPELL_TRAP,ebay
00191749/ebay_8492.jpg,00191749,,first,SPELL_TRAP,ebay
68464358/ebay_8493.jpg,68464358,,first,STANDARD,ebay
80032567/ebay_8495.jpg,80032567,,first,STANDARD,ebay
85138716/ebay_8497.jpg,85138716,,first,STANDARD,ebay
81866673/ebay_8498.jpg,81866673,,first,STANDARD,ebay
12652643/ebay_8501.jpg,12652643,,first,STANDARD,ebay
45467446/ebay_8502.jpg,45467446,LCKC-DE018,first,STANDARD,ebay
33776734/ebay_8504.jpg,33776734,,unlimited,STANDARD,ebay
56292140/ebay_8505.jpg,56292140,,first,STANDARD,ebay
87054946/ebay_8506.jpg,87054946,,first,LINK,ebay
97403510/ebay_8507.jpg,97403510,BLMR-EN077,first,STANDARD,ebay
19747827/ebay_8508.jpg,19747827,,first,STANDARD,ebay
61740673/ebay_8509.jpg,61740673,,first,SPELL_TRAP,ebay
13256226/ebay_8511.jpg,13256226,,first,STANDARD,ebay
38033121/ebay_8512.jpg,38033121,,first,STANDARD,ebay
15610297/ebay_8514.jpg,15610297,,unlimited,STANDARD,ebay
71039903/ebay_8515.jpg,71039903,,first,STANDARD,ebay
44335251/ebay_8516.jpg,44335251,,first,STANDARD,ebay
61775475/ebay_8517.jpg,61775475,,first,STANDARD,ebay
65741786/ebay_8519.jpg,65741786,,first,LINK,ebay
48229808/ebay_852.jpg,48229808,,first,STANDARD,ebay
49275969/ebay_8521.jpg,49275969,,first,STANDARD,ebay
10802915/ebay_8522.jpg,10802915,EXVC-DE084,first,STANDARD,ebay
69015963/ebay_8523.jpg,69015963,,first,STANDARD,ebay
09069157/ebay_8524.jpg,09069157,,unlimited,STANDARD,ebay
34267821/ebay_8525.jpg,34267821,,first,STANDARD,ebay
65240384/ebay_8527.jpg,65240384,LCYW-DE032,first,STANDARD,ebay
80764541/ebay_8528.jpg,80764541,,first,STANDARD,ebay
93023479/ebay_8529.jpg,93023479,,first,STANDARD,ebay
93708824/ebay_8531.jpg,93708824,MP22-DE060,unlimited,STANDARD,ebay
15443125/ebay_8532.jpg,15443125,,first,SPELL_TRAP,ebay
56532353/ebay_8533.jpg,56532353,,first,STANDARD,ebay
49575521/ebay_8534.jpg,49575521,,first,STANDARD,ebay
36768783/ebay_8535.jpg,36768783,,unlimited,LINK,ebay
72283691/ebay_8536.jpg,72283691,,first,SPELL_TRAP,ebay
56910167/ebay_8537.jpg,56910167,,unlimited,STANDARD,ebay
53347303/ebay_8539.jpg,53347303,,first,STANDARD,ebay
55428811/ebay_8540.jpg,55428811,,first,SPELL_TRAP,ebay
09069157/ebay_8541.jpg,09069157,,first,STANDARD,ebay
02526224/ebay_8543.jpg,02526224,,first,STANDARD,ebay
02295440/ebay_8544.jpg,02295440,,first,SPELL_TRAP,ebay
16259549/ebay_8545.jpg,16259549,,unlimited,STANDARD,ebay
72167543/ebay_8546.jpg,72167543,,first,STANDARD,ebay
06039967/ebay_8547.jpg,06039967,,first,STANDARD,ebay
78371393/ebay_8549.jpg,78371393,,first,STANDARD,ebay
46986414/ebay_8550.jpg,46986414,SBC1-DEA01,first,STANDARD,ebay
53244294/ebay_8553.jpg,53244294,,first,STANDARD,ebay
67725394/ebay_8555.jpg,67725394,,first,STANDARD,ebay
86937530/ebay_8558.jpg,86937530,,first,STANDARD,ebay
29071332/ebay_856.jpg,29071332,,first,STANDARD,ebay
70711847/ebay_8560.jpg,70711847,,first,STANDARD,ebay
43845801/ebay_8561.jpg,43845801,,first,SPELL_TRAP,ebay
97651498/ebay_8563.jpg,97651498,,first,STANDARD,ebay
92609670/ebay_8566.jpg,92609670,,first,STANDARD,ebay
74644400/ebay_8567.jpg,74644400,RA05-DE013,first,STANDARD,ebay
91250514/ebay_8569.jpg,91250514,,first,STANDARD,ebay
33453260/ebay_8571.jpg,33453260,,first,SPELL_TRAP,ebay
25586143/ebay_8572.jpg,25586143,,first,STANDARD,ebay
46986414/ebay_8573.jpg,46986414,SBC1-DEA01,unlimited,STANDARD,ebay
24874630/ebay_8574.jpg,24874630,LCKC-DE030,first,SPELL_TRAP,ebay
59419719/ebay_8576.jpg,59419719,,first,SPELL_TRAP,ebay
37630732/ebay_8577.jpg,37630732,LCGX-DE184,first,SPELL_TRAP,ebay
13533678/ebay_8578.jpg,13533678,,first,STANDARD,ebay
39943352/ebay_8579.jpg,39943352,,first,PENDULUM,ebay
56713174/ebay_858.jpg,56713174,,first,STANDARD,ebay
58053438/ebay_8580.jpg,58053438,,first,SPELL_TRAP,ebay
55920742/ebay_8583.jpg,55920742,,first,STANDARD,ebay
85106525/ebay_8584.jpg,85106525,,first,SPELL_TRAP,ebay
63995093/ebay_8586.jpg,63995093,RA03-DE145,first,SPELL_TRAP,ebay
83764718/ebay_8587.jpg,83764718,,first,,ebay
54693926/ebay_8589.jpg,54693926,,first,SPELL_TRAP,ebay
18809562/ebay_8590.jpg,18809562,,unlimited,SPELL_TRAP,ebay
38033121/ebay_8592.jpg,38033121,MP22-DE268,first,STANDARD,ebay
70595331/ebay_8598.jpg,70595331,,first,STANDARD,ebay
86346643/ebay_8599.jpg,86346643,,first,STANDARD,ebay
63436931/ebay_8602.jpg,63436931,,unlimited,STANDARD,ebay
84797028/ebay_8603.jpg,84797028,,first,SPELL_TRAP,ebay
28827503/ebay_8604.jpg,28827503,,first,SPELL_TRAP,ebay
06614221/ebay_8606.jpg,06614221,LODT-DE098,first,STANDARD,ebay
25451652/ebay_8608.jpg,25451652,,first,STANDARD,ebay
70569684/ebay_8609.jpg,70569684,,first,SPELL_TRAP,ebay
16172067/ebay_861.jpg,16172067,,first,STANDARD,ebay
86937530/ebay_8610.jpg,86937530,,unlimited,STANDARD,ebay
37818794/ebay_8611.jpg,37818794,,first,STANDARD,ebay
16643334/ebay_8614.jpg,16643334,,first,STANDARD,ebay
35125879/ebay_8615.jpg,35125879,,first,SPELL_TRAP,ebay
42589641/ebay_8617.jpg,42589641,BLGG-DE098,first,STANDARD,ebay
79979666/ebay_8618.jpg,79979666,,first,STANDARD,ebay
35167375/ebay_8619.jpg,35167375,,first,SPELL_TRAP,ebay
30576089/ebay_862.jpg,30576089,BACH-DE004,first,STANDARD,ebay
63854005/ebay_8620.jpg,63854005,,first,SPELL_TRAP,ebay
79473793/ebay_8621.jpg,79473793,,first,STANDARD,ebay
56746202/ebay_8622.jpg,56746202,,first,STANDARD,ebay
70595331/ebay_8626.jpg,70595331,TAEV-EN088,first,STANDARD,ebay
27847700/ebay_8628.jpg,27847700,,first,,ebay
84477320/ebay_863.jpg,84477320,,first,STANDARD,ebay
81782376/ebay_8630.jpg,81782376,,unlimited,SPELL_TRAP,ebay
42228966/ebay_8631.jpg,42228966,BLMR-DE018,first,SPELL_TRAP,ebay
06728559/ebay_8632.jpg,06728559,,first,STANDARD,ebay
43898403/ebay_8633.jpg,43898403,,first,SPELL_TRAP,ebay
28985331/ebay_8634.jpg,28985331,,first,STANDARD,ebay
10443957/ebay_8635.jpg,10443957,,first,STANDARD,ebay
97462632/ebay_8638.jpg,97462632,,first,STANDARD,ebay
77075360/ebay_8639.jpg,77075360,,unlimited,STANDARD,ebay
16832845/ebay_8640.jpg,16832845,,unlimited,SPELL_TRAP,ebay
69678646/ebay_8641.jpg,69678646,,first,SPELL_TRAP,ebay
51808422/ebay_8642.jpg,51808422,,first,STANDARD,ebay
84797028/ebay_8644.jpg,84797028,,first,SPELL_TRAP,ebay
48686504/ebay_8646.jpg,48686504,RA01-DE002,first,STANDARD,ebay
02405631/ebay_8649.jpg,02405631,,first,STANDARD,ebay
45064756/ebay_8650.jpg,45064756,,unlimited,SPELL_TRAP,ebay
66975205/ebay_8651.jpg,66975205,RA05-DE073,first,SPELL_TRAP,ebay
65681983/ebay_8653.jpg,65681983,,first,SPELL_TRAP,ebay
41659072/ebay_8654.jpg,41659072,,unlimited,STANDARD,ebay
11020863/ebay_8655.jpg,11020863,,first,STANDARD,ebay
40392714/ebay_8656.jpg,40392714,,unlimited,STANDARD,ebay
27911549/ebay_8658.jpg,27911549,,first,STANDARD,ebay
90809975/ebay_866.jpg,90809975,,first,STANDARD,ebay
35269904/ebay_8660.jpg,35269904,,first,SPELL_TRAP,ebay
65403020/ebay_8661.jpg,65403020,,first,STANDARD,ebay
75380687/ebay_8663.jpg,75380687,,first,STANDARD,ebay
43385557/ebay_8665.jpg,43385557,,first,STANDARD,ebay
87025064/ebay_8666.jpg,87025064,,first,SPELL_TRAP,ebay
99590524/ebay_8668.jpg,99590524,,first,SPELL_TRAP,ebay
74677422/ebay_8669.jpg,74677422,,unlimited,STANDARD,ebay
37520316/ebay_8670.jpg,37520316,,first,SPELL_TRAP,ebay
32126000/ebay_8672.jpg,32126000,,first,STANDARD,ebay
61775475/ebay_8678.jpg,61775475,,first,STANDARD,ebay
65687442/ebay_8679.jpg,65687442,,first,SPELL_TRAP,ebay
18144506/ebay_8681.jpg,18144506,,first,,ebay
82627406/ebay_8682.jpg,82627406,,first,STANDARD,ebay
83764718/ebay_8684.jpg,83764718,,first,,ebay
11443677/ebay_8685.jpg,11443677,MP23-DE019,first,STANDARD,ebay
53375573/ebay_8688.jpg,53375573,,first,STANDARD,ebay
35645105/ebay_8689.jpg,35645105,,first,STANDARD,ebay
95372220/ebay_869.jpg,95372220,,first,LINK,ebay
34447918/ebay_8690.jpg,34447918,,first,SPELL_TRAP,ebay
29223325/ebay_8691.jpg,29223325,,first,SPELL_TRAP,ebay
82361809/ebay_8693.jpg,82361809,,first,STANDARD,ebay
49036338/ebay_8694.jpg,49036338,,first,STANDARD,ebay
57554544/ebay_8698.jpg,57554544,,first,SPELL_TRAP,ebay
19403423/ebay_8699.jpg,19403423,,first,SPELL_TRAP,ebay
69181753/ebay_8700.jpg,69181753,,first,STANDARD,ebay
20747792/ebay_8701.jpg,20747792,,first,STANDARD,ebay
62541668/ebay_8703.jpg,62541668,,first,STANDARD,ebay
06637331/ebay_8705.jpg,06637331,,first,STANDARD,ebay
77723643/ebay_8706.jpg,77723643,,first,STANDARD,ebay
01475311/ebay_8708.jpg,01475311,,first,SPELL_TRAP,ebay
43316238/ebay_8709.jpg,43316238,,first,STANDARD,ebay
58554959/ebay_8712.jpg,58554959,,,STANDARD,ebay
30650147/ebay_8713.jpg,30650147,,first,SPELL_TRAP,ebay
97631303/ebay_8714.jpg,97631303,,first,STANDARD,ebay
94119974/ebay_8715.jpg,94119974,,first,STANDARD,ebay
01249315/ebay_8717.jpg,01249315,,first,STANDARD,ebay
59822133/ebay_8720.jpg,59822133,SHVI-DE052,first,STANDARD,ebay
51570882/ebay_8721.jpg,51570882,FUEN-EN010,first,STANDARD,ebay
08252010/ebay_8723.jpg,08252010,,first,STANDARD,ebay
75380687/ebay_8726.jpg,75380687,,first,STANDARD,ebay
48626373/ebay_8727.jpg,48626373,,first,STANDARD,ebay
36996508/ebay_8728.jpg,36996508,,,,ebay
56655675/ebay_8731.jpg,56655675,,first,STANDARD,ebay
16169772/ebay_8734.jpg,16169772,,first,SPELL_TRAP,ebay
58570206/ebay_8738.jpg,58570206,,first,SPELL_TRAP,ebay
53347303/ebay_8739.jpg,53347303,,,STANDARD,ebay
80560728/ebay_8741.jpg,80560728,,unlimited,SPELL_TRAP,ebay
35269904/ebay_8742.jpg,35269904,,first,SPELL_TRAP,ebay
99266988/ebay_8743.jpg,99266988,,first,SPELL_TRAP,ebay
47596607/ebay_8744.jpg,47596607,,first,SPELL_TRAP,ebay
05008836/ebay_8745.jpg,05008836,,first,STANDARD,ebay
77402960/ebay_8746.jpg,77402960,,first,SPELL_TRAP,ebay
07889323/ebay_8747.jpg,07889323,MP23-DE198,first,SPELL_TRAP,ebay
59975920/ebay_8748.jpg,59975920,,first,STANDARD,ebay
64202399/ebay_875.jpg,64202399,RA01-DE016,first,STANDARD,ebay
35167375/ebay_8751.jpg,35167375,,first,SPELL_TRAP,ebay
32752319/ebay_8752.jpg,32752319,,first,STANDARD,ebay
90579153/ebay_8754.jpg,90579153,,first,STANDARD,ebay
71703785/ebay_8755.jpg,71703785,,first,STANDARD,ebay
12580477/ebay_8756.jpg,12580477,,limited,SPELL_TRAP,ebay
51934376/ebay_8757.jpg,51934376,,first,STANDARD,ebay
85639257/ebay_8758.jpg,85639257,,first,STANDARD,ebay
25274141/ebay_8759.jpg,25274141,RA05-DE064,first,SPELL_TRAP,ebay
20938824/ebay_8764.jpg,20938824,,first,STANDARD,ebay
38898779/ebay_8765.jpg,38898779,,first,STANDARD,ebay
61322713/ebay_8766.jpg,61322713,,first,SPELL_TRAP,ebay
05556668/ebay_8767.jpg,05556668,,first,SPELL_TRAP,ebay
59859086/ebay_8768.jpg,59859086,,first,LINK,ebay
36361633/ebay_8769.jpg,36361633,,first,SPELL_TRAP,ebay
09411399/ebay_8770.jpg,09411399,,first,STANDARD,ebay
69327790/ebay_8771.jpg,69327790,,first,STANDARD,ebay
75372290/ebay_8772.jpg,75372290,,limited,STANDARD,ebay
89631139/ebay_8773.jpg,89631139,MVP1-DES55,first,STANDARD,ebay
50954680/ebay_8774.jpg,50954680,,first,STANDARD,ebay
40908371/ebay_8775.jpg,40908371,RA04-DE208,first,STANDARD,ebay
95626382/ebay_8778.jpg,95626382,,first,STANDARD,ebay
32126000/ebay_8779.jpg,32126000,,first,STANDARD,ebay
21844576/ebay_8780.jpg,21844576,,first,STANDARD,ebay
89631139/ebay_8781.jpg,89631139,MP22-DE266,first,STANDARD,ebay
79856792/ebay_8784.jpg,79856792,,first,STANDARD,ebay
02725599/ebay_8785.jpg,02725599,,first,LINK,ebay
10443957/ebay_8786.jpg,10443957,MP16-EN237,first,STANDARD,ebay
97001138/ebay_8787.jpg,97001138,,first,SPELL_TRAP,ebay
62265044/ebay_8789.jpg,62265044,,first,SPELL_TRAP,ebay
96162588/ebay_8792.jpg,96162588,,unlimited,SPELL_TRAP,ebay
43175858/ebay_8794.jpg,43175858,,first,SPELL_TRAP,ebay
12580477/ebay_8795.jpg,12580477,,first,SPELL_TRAP,ebay
74677422/ebay_8796.jpg,74677422,,first,STANDARD,ebay
98502113/ebay_8798.jpg,98502113,,first,STANDARD,ebay
38033121/ebay_880.jpg,38033121,,first,STANDARD,ebay
45809008/ebay_8802.jpg,45809008,,first,SPELL_TRAP,ebay
63533837/ebay_8803.jpg,63533837,,first,STANDARD,ebay
97051536/ebay_8804.jpg,97051536,,first,STANDARD,ebay
65741786/ebay_8805.jpg,65741786,,first,LINK,ebay
31230289/ebay_8806.jpg,31230289,,first,STANDARD,ebay
22804410/ebay_8807.jpg,22804410,,first,STANDARD,ebay
70744296/ebay_8808.jpg,70744296,,first,STANDARD,ebay
03356494/ebay_8809.jpg,03356494,,first,LINK,ebay
58139997/ebay_8810.jpg,58139997,,first,STANDARD,ebay
53347303/ebay_8812.jpg,53347303,,first,STANDARD,ebay
03149401/ebay_8813.jpg,03149401,,first,STANDARD,ebay
65403020/ebay_8814.jpg,65403020,,first,STANDARD,ebay
89631139/ebay_8815.jpg,89631139,,first,STANDARD,ebay
92353449/ebay_8817.jpg,92353449,,first,SPELL_TRAP,ebay
60806437/ebay_8819.jpg,60806437,,first,STANDARD,ebay
74388798/ebay_882.jpg,74388798,EEN-DESE4,limited,STANDARD,ebay
29590752/ebay_8820.jpg,29590752,,first,STANDARD,ebay
34447918/ebay_8821.jpg,34447918,,first,SPELL_TRAP,ebay
29053656/ebay_8823.jpg,29053656,,unlimited,STANDARD,ebay
08129306/ebay_8824.jpg,08129306,,first,STANDARD,ebay
55410871/ebay_8825.jpg,55410871,,unlimited,STANDARD,ebay
38517737/ebay_8829.jpg,38517737,,unlimited,STANDARD,ebay
03167573/ebay_883.jpg,03167573,,unlimited,STANDARD,ebay
69678646/ebay_8830.jpg,69678646,,first,SPELL_TRAP,ebay
69890967/ebay_8833.jpg,69890967,,first,STANDARD,ebay
53839837/ebay_8836.jpg,53839837,DCR-000,first,STANDARD,ebay
76145933/ebay_8838.jpg,76145933,,first,STANDARD,ebay
94259633/ebay_8840.jpg,94259633,BROL-EN087,first,LINK,ebay
30576089/ebay_8841.jpg,30576089,MP23-DE004,first,STANDARD,ebay
94183877/ebay_8842.jpg,94183877,,first,STANDARD,ebay
54366836/ebay_8843.jpg,54366836,,first,STANDARD,ebay
74677422/ebay_8844.jpg,74677422,,first,STANDARD,ebay
45809008/ebay_8845.jpg,45809008,,first,SPELL_TRAP,ebay
81497285/ebay_8846.jpg,81497285,,first,STANDARD,ebay
32126000/ebay_8847.jpg,32126000,,unlimited,STANDARD,ebay
04026187/ebay_8848.jpg,04026187,,first,STANDARD,ebay
81034083/ebay_8849.jpg,81034083,,first,STANDARD,ebay
20654247/ebay_8850.jpg,20654247,LDS2-DE017,first,STANDARD,ebay
12580477/ebay_8851.jpg,12580477,,first,SPELL_TRAP,ebay
88225269/ebay_8852.jpg,88225269,,first,STANDARD,ebay
53129443/ebay_8853.jpg,53129443,BLMR-EN086,first,SPELL_TRAP,ebay
74055055/ebay_8854.jpg,74055055,,first,SPELL_TRAP,ebay
28346136/ebay_8857.jpg,28346136,,first,STANDARD,ebay
31443476/ebay_8858.jpg,31443476,,first,SPELL_TRAP,ebay
00900787/ebay_8859.jpg,00900787,,first,STANDARD,ebay
10960419/ebay_886.jpg,10960419,,first,STANDARD,ebay
73628505/ebay_8860.jpg,73628505,BLMR-DE087,first,SPELL_TRAP,ebay
64061284/ebay_8862.jpg,64061284,RA05-DE063,first,SPELL_TRAP,ebay
73082255/ebay_8863.jpg,73082255,,first,STANDARD,ebay
95286165/ebay_8864.jpg,95286165,LCKC-DE044,first,SPELL_TRAP,ebay
88654892/ebay_8866.jpg,88654892,,first,SPELL_TRAP,ebay
01637760/ebay_8867.jpg,01637760,PGL3-DE040,first,SPELL_TRAP,ebay
38814750/ebay_8868.jpg,38814750,RA05-DE006,first,STANDARD,ebay
29596581/ebay_8869.jpg,29596581,,first,STANDARD,ebay
46186135/ebay_887.jpg,46186135,,first,STANDARD,ebay
94145021/ebay_8871.jpg,94145021,,first,STANDARD,ebay
52792430/ebay_8872.jpg,52792430,,first,STANDARD,ebay
05043010/ebay_8873.jpg,05043010,,first,LINK,ebay
72090076/ebay_8874.jpg,72090076,,first,STANDARD,ebay
40133511/ebay_8875.jpg,40133511,,first,STANDARD,ebay
02295440/ebay_8876.jpg,02295440,RA03-DE056,first,SPELL_TRAP,ebay
20721928/ebay_8877.jpg,20721928,,unlimited,STANDARD,ebay
89312388/ebay_8878.jpg,89312388,,first,STANDARD,ebay
35726888/ebay_8881.jpg,35726888,,first,SPELL_TRAP,ebay
36256625/ebay_8883.jpg,36256625,,first,STANDARD,ebay
12266229/ebay_8884.jpg,12266229,,first,STANDARD,ebay
64880894/ebay_8885.jpg,64880894,,first,STANDARD,ebay
53129443/ebay_8886.jpg,53129443,BLMR-DE086,,SPELL_TRAP,ebay
22446869/ebay_8889.jpg,22446869,,first,STANDARD,ebay
46593546/ebay_8890.jpg,46593546,,first,PENDULUM,ebay
87126721/ebay_8891.jpg,87126721,,first,STANDARD,ebay
39321065/ebay_8894.jpg,39321065,,first,STANDARD,ebay
04031928/ebay_8895.jpg,04031928,,first,SPELL_TRAP,ebay
75874514/ebay_8896.jpg,75874514,,first,STANDARD,ebay
40089744/ebay_8898.jpg,40089744,,first,SPELL_TRAP,ebay
24915933/ebay_8899.jpg,24915933,,first,STANDARD,ebay
81881839/ebay_8900.jpg,81881839,,first,SPELL_TRAP,ebay
92472273/ebay_8902.jpg,92472273,,first,STANDARD,ebay
65726770/ebay_8904.jpg,65726770,,first,STANDARD,ebay
32126000/ebay_8906.jpg,32126000,BLGG-DE026,first,STANDARD,ebay
42589641/ebay_8908.jpg,42589641,BLGG-DE098,first,STANDARD,ebay
82404868/ebay_8909.jpg,82404868,,unlimited,SPELL_TRAP,ebay
52823314/ebay_891.jpg,52823314,,first,STANDARD,ebay
12266229/ebay_8910.jpg,12266229,,first,STANDARD,ebay
43385557/ebay_8913.jpg,43385557,,first,STANDARD,ebay
39943352/ebay_8914.jpg,39943352,,first,PENDULUM,ebay
06186304/ebay_8915.jpg,06186304,,first,SPELL_TRAP,ebay
38445524/ebay_8917.jpg,38445524,,first,STANDARD,ebay
11321089/ebay_8918.jpg,11321089,,first,STANDARD,ebay
35269904/ebay_8921.jpg,35269904,MP24-EN073,first,SPELL_TRAP,ebay
57103969/ebay_8922.jpg,57103969,,first,SPELL_TRAP,ebay
06579928/ebay_8924.jpg,06579928,,first,STANDARD,ebay
43959432/ebay_8926.jpg,43959432,,unlimited,SPELL_TRAP,ebay
37343995/ebay_8927.jpg,37343995,,first,STANDARD,ebay
21011044/ebay_8928.jpg,21011044,RA01-DE077,first,SPELL_TRAP,ebay
28803166/ebay_893.jpg,28803166,,first,STANDARD,ebay
34267821/ebay_8930.jpg,34267821,,first,STANDARD,ebay
02203790/ebay_8931.jpg,02203790,,first,STANDARD,ebay
98645731/ebay_8932.jpg,98645731,,first,SPELL_TRAP,ebay
09411399/ebay_8933.jpg,09411399,,first,STANDARD,ebay
24842059/ebay_8934.jpg,24842059,RA05-DE056,first,LINK,ebay
75878039/ebay_8935.jpg,75878039,,first,STANDARD,ebay
13504844/ebay_8936.jpg,13504844,,first,SPELL_TRAP,ebay
01546123/ebay_8938.jpg,01546123,,first,STANDARD,ebay
75249652/ebay_894.jpg,75249652,,first,SPELL_TRAP,ebay
74157028/ebay_8940.jpg,74157028,,first,STANDARD,ebay
25274141/ebay_8941.jpg,25274141,,first,SPELL_TRAP,ebay
31123642/ebay_8942.jpg,31123642,,unlimited,STANDARD,ebay
68299524/ebay_8943.jpg,68299524,,unlimited,STANDARD,ebay
98954106/ebay_8944.jpg,98954106,,first,SPELL_TRAP,ebay
61775475/ebay_8946.jpg,61775475,,first,STANDARD,ebay
54297661/ebay_8947.jpg,54297661,,unlimited,SPELL_TRAP,ebay
37993923/ebay_8948.jpg,37993923,,limited,STANDARD,ebay
65192027/ebay_8949.jpg,65192027,,first,STANDARD,ebay
83764718/ebay_8950.jpg,83764718,,first,,ebay
79791878/ebay_8951.jpg,79791878,,,SPELL_TRAP,ebay
06511113/ebay_8952.jpg,06511113,,first,STANDARD,ebay
03643300/ebay_8953.jpg,03643300,SBC1-DEC01,first,STANDARD,ebay
54498517/ebay_8954.jpg,54498517,,first,STANDARD,ebay
40216089/ebay_8955.jpg,40216089,,first,LINK,ebay
54577949/ebay_8956.jpg,54577949,CORI-DE081,first,STANDARD,ebay
81497285/ebay_8958.jpg,81497285,,first,STANDARD,ebay
38445524/ebay_8959.jpg,38445524,GLAS-DE091,first,STANDARD,ebay
57314798/ebay_8960.jpg,57314798,,first,STANDARD,ebay
22865492/ebay_8961.jpg,22865492,,first,STANDARD,ebay
49575521/ebay_8962.jpg,49575521,,first,STANDARD,ebay
59975920/ebay_8963.jpg,59975920,,first,STANDARD,ebay
65884091/ebay_8965.jpg,65884091,,first,STANDARD,ebay
83011277/ebay_8966.jpg,83011277,,first,,ebay
89631139/ebay_8967.jpg,89631139,,first,STANDARD,ebay
20960340/ebay_8968.jpg,20960340,,unlimited,SPELL_TRAP,ebay
37926346/ebay_8970.jpg,37926346,GENF-EN099,first,STANDARD,ebay
30576089/ebay_8971.jpg,30576089,BACH-DE004,first,STANDARD,ebay
69230391/ebay_8973.jpg,69230391,,first,STANDARD,ebay
63533837/ebay_8974.jpg,63533837,,first,STANDARD,ebay
45885288/ebay_8976.jpg,45885288,,first,STANDARD,ebay
03259760/ebay_8978.jpg,03259760,,first,SPELL_TRAP,ebay
34116027/ebay_8979.jpg,34116027,,first,STANDARD,ebay
48486809/ebay_898.jpg,48486809,,first,STANDARD,ebay
39618799/ebay_8981.jpg,39618799,,first,STANDARD,ebay
19959563/ebay_8983.jpg,19959563,,first,STANDARD,ebay
59755122/ebay_8984.jpg,59755122,,first,STANDARD,ebay
17170970/ebay_8985.jpg,17170970,,first,STANDARD,ebay
97520701/ebay_8986.jpg,97520701,,first,SPELL_TRAP,ebay
70903634/ebay_8987.jpg,70903634,,first,STANDARD,ebay
51808422/ebay_8989.jpg,51808422,,first,STANDARD,ebay
15800838/ebay_8990.jpg,15800838,,first,SPELL_TRAP,ebay
06021033/ebay_8991.jpg,06021033,,unlimited,STANDARD,ebay
46640168/ebay_8995.jpg,46640168,,first,STANDARD,ebay
73121813/ebay_8996.jpg,73121813,,first,STANDARD,ebay
63198739/ebay_8997.jpg,63198739,,unlimited,STANDARD,ebay
83102080/ebay_9000.jpg,83102080,,first,SPELL_TRAP,ebay
24317029/ebay_9002.jpg,24317029,,unlimited,STANDARD,ebay
21313376/ebay_9003.jpg,21313376,,first,STANDARD,ebay
45710945/ebay_9005.jpg,45710945,,first,STANDARD,ebay
44771289/ebay_9006.jpg,44771289,,first,SPELL_TRAP,ebay
46986414/ebay_9007.jpg,46986414,,unlimited,STANDARD,ebay
74677422/ebay_9008.jpg,74677422,,first,STANDARD,ebay
92826944/ebay_901.jpg,92826944,,unlimited,STANDARD,ebay
46986414/ebay_9010.jpg,46986414,MAGO-DE002,first,STANDARD,ebay
88453933/ebay_9011.jpg,88453933,,first,STANDARD,ebay
46986414/ebay_9012.jpg,46986414,,first,STANDARD,ebay
89631139/ebay_9014.jpg,89631139,MVP1-DEG55,first,STANDARD,ebay
46986414/ebay_9017.jpg,46986414,,limited,STANDARD,ebay
42009836/ebay_9018.jpg,42009836,,first,STANDARD,ebay
89631139/ebay_9019.jpg,89631139,MVP1-DEG55,first,STANDARD,ebay
66889139/ebay_9021.jpg,66889139,,first,STANDARD,ebay
56532353/ebay_9022.jpg,56532353,,first,STANDARD,ebay
08131171/ebay_9024.jpg,08131171,,first,STANDARD,ebay
46986414/ebay_9025.jpg,46986414,MGED-DE002,unlimited,STANDARD,ebay
81059524/ebay_9027.jpg,81059524,,first,STANDARD,ebay
70902743/ebay_9028.jpg,70902743,,first,STANDARD,ebay
89631139/ebay_9029.jpg,89631139,,first,STANDARD,ebay
68299524/ebay_9030.jpg,68299524,,first,STANDARD,ebay
74677422/ebay_9033.jpg,74677422,,first,STANDARD,ebay
33396948/ebay_9034.jpg,33396948,,first,STANDARD,ebay
55410871/ebay_9036.jpg,55410871,MVP1-DEG04,first,STANDARD,ebay
83555666/ebay_9038.jpg,83555666,,first,SPELL_TRAP,ebay
00423585/ebay_9040.jpg,00423585,,unlimited,STANDARD,ebay
78004197/ebay_9041.jpg,78004197,,limited,STANDARD,ebay
71413901/ebay_9042.jpg,71413901,PGLD-DE052,first,STANDARD,ebay
73580471/ebay_9043.jpg,73580471,,unlimited,STANDARD,ebay
46986414/ebay_9045.jpg,46986414,,first,STANDARD,ebay
94561645/ebay_9052.jpg,94561645,,first,SPELL_TRAP,ebay
74677422/ebay_9053.jpg,74677422,MGED-EN003,unlimited,STANDARD,ebay
18940556/ebay_9054.jpg,18940556,,unlimited,STANDARD,ebay
73580471/ebay_9055.jpg,73580471,,first,STANDARD,ebay
08124921/ebay_9056.jpg,08124921,,,STANDARD,ebay
75500286/ebay_9060.jpg,75500286,,first,SPELL_TRAP,ebay
74677422/ebay_9061.jpg,74677422,,first,STANDARD,ebay
16964437/ebay_9062.jpg,16964437,,first,SPELL_TRAP,ebay
46986414/ebay_9064.jpg,46986414,MVP1-DEG54,first,STANDARD,ebay
46986414/ebay_9069.jpg,46986414,MAGO-DE002,first,STANDARD,ebay
46986414/ebay_9070.jpg,46986414,,first,STANDARD,ebay
15862758/ebay_9071.jpg,15862758,,unlimited,STANDARD,ebay
78004197/ebay_9072.jpg,78004197,,unlimited,STANDARD,ebay
89631139/ebay_9073.jpg,89631139,,first,STANDARD,ebay
89631139/ebay_9075.jpg,89631139,MGED-DE001,first,STANDARD,ebay
33396948/ebay_9076.jpg,33396948,,first,STANDARD,ebay
05650082/ebay_9077.jpg,05650082,,first,SPELL_TRAP,ebay
89631139/ebay_9089.jpg,89631139,MAGO-DE001,first,STANDARD,ebay
77585513/ebay_9092.jpg,77585513,,unlimited,STANDARD,ebay
89631139/ebay_9093.jpg,89631139,,first,STANDARD,ebay
74677422/ebay_9100.jpg,74677422,,first,STANDARD,ebay
38033121/ebay_9102.jpg,38033121,MVP1-DEG56,first,STANDARD,ebay
71413901/ebay_9103.jpg,71413901,PGLD-DE052,first,STANDARD,ebay
58120309/ebay_9104.jpg,58120309,,unlimited,SPELL_TRAP,ebay
53567095/ebay_9106.jpg,53567095,PGLD-DE080,unlimited,SPELL_TRAP,ebay
22804410/ebay_9108.jpg,22804410,,first,STANDARD,ebay
83764718/ebay_9109.jpg,83764718,,first,,ebay
71280811/ebay_911.jpg,71280811,,first,STANDARD,ebay
00691925/ebay_9110.jpg,00691925,,unlimited,SPELL_TRAP,ebay
73580471/ebay_9111.jpg,73580471,,first,STANDARD,ebay
40542825/ebay_9113.jpg,40542825,,first,STANDARD,ebay
89631139/ebay_9114.jpg,89631139,MGED-DE001,first,STANDARD,ebay
89631139/ebay_9115.jpg,89631139,MGED-DE001,unlimited,STANDARD,ebay
04227096/ebay_9116.jpg,04227096,PGL3-DE089,first,SPELL_TRAP,ebay
70369116/ebay_9120.jpg,70369116,,first,LINK,ebay
74677422/ebay_9123.jpg,74677422,,first,STANDARD,ebay
46986414/ebay_9124.jpg,46986414,MVP1-DEG54,first,STANDARD,ebay
64599569/ebay_9128.jpg,64599569,,unlimited,STANDARD,ebay
75500286/ebay_9133.jpg,75500286,,first,SPELL_TRAP,ebay
66889139/ebay_9138.jpg,66889139,,first,STANDARD,ebay
94145021/ebay_9140.jpg,94145021,,unlimited,STANDARD,ebay
44508094/ebay_9141.jpg,44508094,PGLD-DE076,unlimited,STANDARD,ebay
41420027/ebay_9143.jpg,41420027,,first,SPELL_TRAP,ebay
55878038/ebay_9144.jpg,55878038,,first,STANDARD,ebay
23434538/ebay_9147.jpg,23434538,,first,STANDARD,ebay
13650422/ebay_9148.jpg,13650422,,first,STANDARD,ebay
56984514/ebay_9150.jpg,56984514,,first,SPELL_TRAP,ebay
89631139/ebay_9151.jpg,89631139,,unlimited,STANDARD,ebay
68299524/ebay_9152.jpg,68299524,,,STANDARD,ebay
33396948/ebay_9153.jpg,33396948,,first,STANDARD,ebay
89631139/ebay_9154.jpg,89631139,,first,STANDARD,ebay
33396948/ebay_9155.jpg,33396948,,unlimited,STANDARD,ebay
65192027/ebay_9157.jpg,65192027,,first,STANDARD,ebay
89477759/ebay_9158.jpg,89477759,,unlimited,STANDARD,ebay
08131171/ebay_9162.jpg,08131171,PGL2-EN027,first,STANDARD,ebay
93717133/ebay_9164.jpg,93717133,,unlimited,STANDARD,ebay
73580471/ebay_9165.jpg,73580471,,first,STANDARD,ebay
74677422/ebay_9166.jpg,74677422,,first,STANDARD,ebay
74677422/ebay_9167.jpg,74677422,,first,STANDARD,ebay
85087012/ebay_9168.jpg,85087012,PGL2-DE028,first,STANDARD,ebay
26577155/ebay_917.jpg,26577155,,first,STANDARD,ebay
79747096/ebay_9171.jpg,79747096,,first,STANDARD,ebay
81983656/ebay_9172.jpg,81983656,,first,STANDARD,ebay
88453933/ebay_9174.jpg,88453933,,first,STANDARD,ebay
56532353/ebay_9175.jpg,56532353,MVP1-DEG01,first,STANDARD,ebay
12580477/ebay_9176.jpg,12580477,,unlimited,SPELL_TRAP,ebay
83764718/ebay_9177.jpg,83764718,,first,,ebay
29311166/ebay_9178.jpg,29311166,,first,STANDARD,ebay
71703785/ebay_9179.jpg,71703785,,first,STANDARD,ebay
73642296/ebay_918.jpg,73642296,,first,STANDARD,ebay
24094653/ebay_9181.jpg,24094653,MAGO-DE044,first,SPELL_TRAP,ebay
53567095/ebay_9183.jpg,53567095,,first,SPELL_TRAP,ebay
15862758/ebay_9184.jpg,15862758,,first,STANDARD,ebay
69031175/ebay_9186.jpg,69031175,,unlimited,STANDARD,ebay
09596126/ebay_9187.jpg,09596126,,unlimited,STANDARD,ebay
09748752/ebay_9190.jpg,09748752,,first,STANDARD,ebay
40921744/ebay_9191.jpg,40921744,,limited,STANDARD,ebay
74677422/ebay_9192.jpg,74677422,MAGO-EN003,first,STANDARD,ebay
20522190/ebay_9193.jpg,20522190,,first,SPELL_TRAP,ebay
89631139/ebay_9194.jpg,89631139,MAGO-DE001,first,STANDARD,ebay
33396948/ebay_9195.jpg,33396948,,unlimited,STANDARD,ebay
88264978/ebay_9198.jpg,88264978,,unlimited,STANDARD,ebay
48130397/ebay_9199.jpg,48130397,,first,SPELL_TRAP,ebay
73628505/ebay_920.jpg,73628505,RA04-DE084,first,SPELL_TRAP,ebay
75500286/ebay_9202.jpg,75500286,,first,SPELL_TRAP,ebay
18940556/ebay_9204.jpg,18940556,,first,STANDARD,ebay
04179255/ebay_9205.jpg,04179255,,first,STANDARD,ebay
89631139/ebay_9207.jpg,89631139,MGED-DE001,unlimited,STANDARD,ebay
99177923/ebay_9208.jpg,99177923,,limited,STANDARD,ebay
00423585/ebay_9209.jpg,00423585,,limited,STANDARD,ebay
81059524/ebay_9211.jpg,81059524,,unlimited,STANDARD,ebay
88264978/ebay_9213.jpg,88264978,,unlimited,STANDARD,ebay
88264978/ebay_9215.jpg,88264978,,unlimited,STANDARD,ebay
22653490/ebay_9216.jpg,22653490,,first,STANDARD,ebay
09596126/ebay_9217.jpg,09596126,,limited,STANDARD,ebay
53582587/ebay_9218.jpg,53582587,MGED-DE052,first,SPELL_TRAP,ebay
33396948/ebay_9221.jpg,33396948,,first,STANDARD,ebay
81059524/ebay_9222.jpg,81059524,,first,STANDARD,ebay
89631139/ebay_9224.jpg,89631139,,unlimited,STANDARD,ebay
21123811/ebay_9226.jpg,21123811,,first,STANDARD,ebay
74677422/ebay_9227.jpg,74677422,,first,STANDARD,ebay
89631139/ebay_9228.jpg,89631139,,first,STANDARD,ebay
18491580/ebay_9229.jpg,18491580,,limited,STANDARD,ebay
92826944/ebay_9231.jpg,92826944,GLD3-EN018,limited,STANDARD,ebay
83764718/ebay_9233.jpg,83764718,,first,,ebay
89631139/ebay_9235.jpg,89631139,,first,STANDARD,ebay
23205979/ebay_9237.jpg,23205979,,limited,STANDARD,ebay
10443957/ebay_9238.jpg,10443957,MAGO-EN033,first,STANDARD,ebay
62624486/ebay_9239.jpg,62624486,,first,STANDARD,ebay
70711847/ebay_9240.jpg,70711847,MGED-DE019,unlimited,STANDARD,ebay
25460258/ebay_9241.jpg,25460258,,,STANDARD,ebay
63288573/ebay_9242.jpg,63288573,,first,LINK,ebay
72302403/ebay_9244.jpg,72302403,PGLD-DE057,first,SPELL_TRAP,ebay
53582587/ebay_9245.jpg,53582587,PGLD-EN060,unlimited,SPELL_TRAP,ebay
92826944/ebay_9247.jpg,92826944,,unlimited,STANDARD,ebay
72664875/ebay_9249.jpg,72664875,,first,STANDARD,ebay
71218746/ebay_925.jpg,71218746,,first,STANDARD,ebay
24317029/ebay_9250.jpg,24317029,,unlimited,STANDARD,ebay
23205979/ebay_9251.jpg,23205979,,unlimited,STANDARD,ebay
75500286/ebay_9253.jpg,75500286,,unlimited,SPELL_TRAP,ebay
68084557/ebay_9254.jpg,68084557,,first,STANDARD,ebay
77585513/ebay_9255.jpg,77585513,,limited,STANDARD,ebay
33746252/ebay_9256.jpg,33746252,,first,STANDARD,ebay
71703785/ebay_9259.jpg,71703785,,first,STANDARD,ebay
73580471/ebay_9260.jpg,73580471,,unlimited,STANDARD,ebay
14558127/ebay_9262.jpg,14558127,,first,STANDARD,ebay
20747792/ebay_9263.jpg,20747792,,first,STANDARD,ebay
81059524/ebay_9264.jpg,81059524,,first,STANDARD,ebay
09748752/ebay_9265.jpg,09748752,,unlimited,STANDARD,ebay
79229522/ebay_9267.jpg,79229522,,first,STANDARD,ebay
69031175/ebay_9268.jpg,69031175,,limited,STANDARD,ebay
29401950/ebay_9269.jpg,29401950,,first,SPELL_TRAP,ebay
89448140/ebay_9271.jpg,89448140,MVP1-ENG28,unlimited,SPELL_TRAP,ebay
63746411/ebay_9272.jpg,63746411,,first,STANDARD,ebay
89631139/ebay_9273.jpg,89631139,,limited,STANDARD,ebay
93749093/ebay_9275.jpg,93749093,,first,STANDARD,ebay
72302403/ebay_9276.jpg,72302403,NKRT-DE025,unlimited,SPELL_TRAP,ebay
37520316/ebay_9277.jpg,37520316,,limited,SPELL_TRAP,ebay
83039729/ebay_9278.jpg,83039729,,limited,STANDARD,ebay
21502796/ebay_9279.jpg,21502796,,unlimited,STANDARD,ebay
64202399/ebay_928.jpg,64202399,LDS2-DE015,unlimited,STANDARD,ebay
33396948/ebay_9281.jpg,33396948,,unlimited,STANDARD,ebay
64599569/ebay_9284.jpg,64599569,,limited,STANDARD,ebay
13650422/ebay_9286.jpg,13650422,,first,STANDARD,ebay
96385345/ebay_9287.jpg,96385345,,first,STANDARD,ebay
59305593/ebay_9288.jpg,59305593,,first,SPELL_TRAP,ebay
58120309/ebay_9289.jpg,58120309,,first,SPELL_TRAP,ebay
38517737/ebay_9290.jpg,38517737,,first,STANDARD,ebay
31924889/ebay_9295.jpg,31924889,,first,STANDARD,ebay
76459806/ebay_9298.jpg,76459806,,limited,STANDARD,ebay
81059524/ebay_9299.jpg,81059524,,unlimited,STANDARD,ebay
09012916/ebay_930.jpg,09012916,,limited,STANDARD,ebay
00691925/ebay_9301.jpg,00691925,,unlimited,SPELL_TRAP,ebay
24224830/ebay_9302.jpg,24224830,MAGO-DE156,first,SPELL_TRAP,ebay
77585513/ebay_9303.jpg,77585513,,first,STANDARD,ebay
33746252/ebay_9306.jpg,33746252,,first,STANDARD,ebay
19353570/ebay_9307.jpg,19353570,,first,STANDARD,ebay
63356631/ebay_9308.jpg,63356631,,unlimited,SPELL_TRAP,ebay
44508094/ebay_9310.jpg,44508094,,unlimited,STANDARD,ebay
72989439/ebay_9312.jpg,72989439,,unlimited,STANDARD,ebay
07198399/ebay_9314.jpg,07198399,,first,STANDARD,ebay
68543408/ebay_9315.jpg,68543408,,unlimited,STANDARD,ebay
73580471/ebay_9316.jpg,73580471,MGED-EN026,first,STANDARD,ebay
42009836/ebay_9317.jpg,42009836,,first,STANDARD,ebay
24317029/ebay_9318.jpg,24317029,,limited,STANDARD,ebay
76913983/ebay_9319.jpg,76913983,GLD3-EN039,limited,STANDARD,ebay
23995346/ebay_9321.jpg,23995346,RP01-DE000,first,STANDARD,ebay
99267150/ebay_9322.jpg,99267150,,first,STANDARD,ebay
16037007/ebay_9323.jpg,16037007,,first,STANDARD,ebay
56132807/ebay_9324.jpg,56132807,,unlimited,STANDARD,ebay
83039729/ebay_9325.jpg,83039729,,limited,STANDARD,ebay
33776843/ebay_9326.jpg,33776843,,first,STANDARD,ebay
00423585/ebay_9327.jpg,00423585,,unlimited,STANDARD,ebay
12744567/ebay_9328.jpg,12744567,,first,STANDARD,ebay
23205979/ebay_9329.jpg,23205979,,unlimited,STANDARD,ebay
89477759/ebay_9330.jpg,89477759,,first,STANDARD,ebay
10443957/ebay_9331.jpg,10443957,,first,STANDARD,ebay
00911883/ebay_9332.jpg,00911883,,,SPELL_TRAP,ebay
46986414/ebay_9333.jpg,46986414,SDY-G005,,STANDARD,ebay
78004197/ebay_9334.jpg,78004197,GLD1-EN024,limited,STANDARD,ebay
78661338/ebay_9335.jpg,78661338,,first,STANDARD,ebay
75500286/ebay_9336.jpg,75500286,,first,SPELL_TRAP,ebay
89631139/ebay_9337.jpg,89631139,,first,STANDARD,ebay
77585513/ebay_9338.jpg,77585513,,unlimited,STANDARD,ebay
78642798/ebay_9339.jpg,78642798,,first,STANDARD,ebay
67169062/ebay_9341.jpg,67169062,GLD4-DE040,limited,SPELL_TRAP,ebay
74677422/ebay_9343.jpg,74677422,,unlimited,STANDARD,ebay
72302403/ebay_9344.jpg,72302403,PGLD-DE057,first,SPELL_TRAP,ebay
89631139/ebay_9345.jpg,89631139,,first,STANDARD,ebay
14087893/ebay_9346.jpg,14087893,MGED-DE039,first,SPELL_TRAP,ebay
94145021/ebay_9348.jpg,94145021,MAGO-EN006,first,STANDARD,ebay
46986414/ebay_9349.jpg,46986414,MAGO-DE002,first,STANDARD,ebay
46565218/ebay_9350.jpg,46565218,,first,STANDARD,ebay
38517737/ebay_9352.jpg,38517737,MVP1-DEG46,first,STANDARD,ebay
09596126/ebay_9353.jpg,09596126,,unlimited,STANDARD,ebay
24317029/ebay_9355.jpg,24317029,,limited,STANDARD,ebay
83965310/ebay_9356.jpg,83965310,,unlimited,STANDARD,ebay
92003832/ebay_9357.jpg,92003832,CYAC-EN086,first,STANDARD,ebay
81059524/ebay_9358.jpg,81059524,,first,STANDARD,ebay
18940556/ebay_9359.jpg,18940556,,first,STANDARD,ebay
56638325/ebay_936.jpg,56638325,,first,STANDARD,ebay
44335251/ebay_9360.jpg,44335251,,first,STANDARD,ebay
57728570/ebay_9361.jpg,57728570,,limited,SPELL_TRAP,ebay
46986414/ebay_9362.jpg,46986414,MVP1-DEGV3,limited,STANDARD,ebay
60990740/ebay_9364.jpg,60990740,PGL2-DE002,first,STANDARD,ebay
66889139/ebay_9365.jpg,66889139,,first,STANDARD,ebay
69512157/ebay_9366.jpg,69512157,,first,PENDULUM,ebay
74677422/ebay_9367.jpg,74677422,,first,STANDARD,ebay
10443957/ebay_9368.jpg,10443957,,first,STANDARD,ebay
57707471/ebay_9369.jpg,57707471,,first,STANDARD,ebay
68299524/ebay_9370.jpg,68299524,,first,STANDARD,ebay
89631139/ebay_9371.jpg,89631139,,first,STANDARD,ebay
81344070/ebay_9372.jpg,81344070,,first,STANDARD,ebay
10443957/ebay_9376.jpg,10443957,,unlimited,STANDARD,ebay
97268402/ebay_9377.jpg,97268402,PGLD-DE036,first,STANDARD,ebay
89631139/ebay_9378.jpg,89631139,,first,STANDARD,ebay
71490127/ebay_9379.jpg,71490127,,first,SPELL_TRAP,ebay
85399281/ebay_938.jpg,85399281,,unlimited,STANDARD,ebay
46986414/ebay_9380.jpg,46986414,MVP1-DEG54,first,STANDARD,ebay
80532587/ebay_9381.jpg,80532587,,first,STANDARD,ebay
66765023/ebay_9382.jpg,66765023,,first,STANDARD,ebay
89943723/ebay_9383.jpg,89943723,,unlimited,STANDARD,ebay
46145256/ebay_9388.jpg,46145256,,first,STANDARD,ebay
69512157/ebay_9390.jpg,69512157,PGL3-EN041,first,PENDULUM,ebay
48333324/ebay_9391.jpg,48333324,,first,SPELL_TRAP,ebay
70095154/ebay_9392.jpg,70095154,GLD1-DE022,limited,STANDARD,ebay
93302695/ebay_9393.jpg,93302695,,first,STANDARD,ebay
56832966/ebay_9395.jpg,56832966,,first,STANDARD,ebay
46986414/ebay_9398.jpg,46986414,MAGO-DE002,unlimited,STANDARD,ebay
46986414/ebay_9400.jpg,46986414,SYE-DE001,first,STANDARD,ebay
74063034/ebay_9402.jpg,74063034,,unlimited,SPELL_TRAP,ebay
76913983/ebay_9403.jpg,76913983,,unlimited,STANDARD,ebay
12580477/ebay_9404.jpg,12580477,,first,SPELL_TRAP,ebay
69279219/ebay_9409.jpg,69279219,GLD3-EN041,first,SPELL_TRAP,ebay
89631139/ebay_9410.jpg,89631139,,first,STANDARD,ebay
40737112/ebay_9412.jpg,40737112,,first,STANDARD,ebay
98827725/ebay_9414.jpg,98827725,,first,SPELL_TRAP,ebay
74677422/ebay_9416.jpg,74677422,,first,STANDARD,ebay
87910978/ebay_9417.jpg,87910978,,first,SPELL_TRAP,ebay
75500286/ebay_9419.jpg,75500286,,unlimited,SPELL_TRAP,ebay
97120394/ebay_9420.jpg,97120394,,first,SPELL_TRAP,ebay
57103969/ebay_9421.jpg,57103969,PGLD-DE050,unlimited,SPELL_TRAP,ebay
71413901/ebay_9423.jpg,71413901,PGLD-EN052,first,STANDARD,ebay
89943723/ebay_9424.jpg,89943723,,first,STANDARD,ebay
74677422/ebay_9425.jpg,74677422,,first,STANDARD,ebay
89631139/ebay_9429.jpg,89631139,,first,STANDARD,ebay
38445524/ebay_943.jpg,38445524,,first,STANDARD,ebay
16960120/ebay_9430.jpg,16960120,,first,STANDARD,ebay
26077387/ebay_9431.jpg,26077387,,first,STANDARD,ebay
70095154/ebay_9432.jpg,70095154,GLD1-DE022,limited,STANDARD,ebay
13650422/ebay_9434.jpg,13650422,,first,STANDARD,ebay
74677422/ebay_9435.jpg,74677422,,first,STANDARD,ebay
89631139/ebay_9436.jpg,89631139,MAGO-DE001,first,STANDARD,ebay
90434657/ebay_9438.jpg,90434657,,first,SPELL_TRAP,ebay
74157028/ebay_9439.jpg,74157028,,unlimited,STANDARD,ebay
38033121/ebay_9440.jpg,38033121,,first,STANDARD,ebay
72006609/ebay_9441.jpg,72006609,,unlimited,LINK,ebay
21502796/ebay_9443.jpg,21502796,,unlimited,STANDARD,ebay
81059524/ebay_9444.jpg,81059524,PGLD-EN061,unlimited,STANDARD,ebay
72989439/ebay_9445.jpg,72989439,PGLD-DE085,first,STANDARD,ebay
69058960/ebay_9446.jpg,69058960,,first,STANDARD,ebay
83965310/ebay_9447.jpg,83965310,,first,STANDARD,ebay
75500286/ebay_9448.jpg,75500286,,first,SPELL_TRAP,ebay
89516305/ebay_9451.jpg,89516305,,first,STANDARD,ebay
15862758/ebay_9452.jpg,15862758,,first,STANDARD,ebay
89943723/ebay_9454.jpg,89943723,,unlimited,STANDARD,ebay
56746202/ebay_9455.jpg,56746202,,first,STANDARD,ebay
89194033/ebay_9456.jpg,89194033,,first,STANDARD,ebay
24348804/ebay_9457.jpg,24348804,,unlimited,SPELL_TRAP,ebay
79747096/ebay_9458.jpg,79747096,,first,STANDARD,ebay
96385345/ebay_9459.jpg,96385345,,first,STANDARD,ebay
89631139/ebay_9460.jpg,89631139,MVP1-DEGV4,first,STANDARD,ebay
46986414/ebay_9462.jpg,46986414,MGED-DE002,first,STANDARD,ebay
72989439/ebay_9463.jpg,72989439,,first,STANDARD,ebay
28637168/ebay_9465.jpg,28637168,,first,STANDARD,ebay
21140872/ebay_9466.jpg,21140872,,first,STANDARD,ebay
70711847/ebay_9467.jpg,70711847,MGED-DE019,first,STANDARD,ebay
89631139/ebay_9468.jpg,89631139,,first,STANDARD,ebay
78642798/ebay_9470.jpg,78642798,,unlimited,STANDARD,ebay
12014404/ebay_9471.jpg,12014404,,first,STANDARD,ebay
89631139/ebay_9473.jpg,89631139,MGED-DE001,first,STANDARD,ebay
71564252/ebay_9474.jpg,71564252,GLD3-EN020,limited,STANDARD,ebay
44519536/ebay_9476.jpg,44519536,,first,STANDARD,ebay
08038143/ebay_9479.jpg,08038143,,first,SPELL_TRAP,ebay
62125438/ebay_9483.jpg,62125438,MAGO-DE094,first,STANDARD,ebay
89631139/ebay_9484.jpg,89631139,PGL2-DE080,first,STANDARD,ebay
48130397/ebay_9485.jpg,48130397,,first,SPELL_TRAP,ebay
98502113/ebay_9486.jpg,98502113,,unlimited,STANDARD,ebay
10443957/ebay_9487.jpg,10443957,MAGO-EN033,first,STANDARD,ebay
89631139/ebay_9488.jpg,89631139,MVP1-DEGV4,first,STANDARD,ebay
95440946/ebay_9490.jpg,95440946,,first,STANDARD,ebay
26949946/ebay_9491.jpg,26949946,,first,STANDARD,ebay
10045474/ebay_9492.jpg,10045474,MAGO-DE052,first,SPELL_TRAP,ebay
96561011/ebay_9496.jpg,96561011,,first,STANDARD,ebay
60990740/ebay_9499.jpg,60990740,,first,STANDARD,ebay
81059524/ebay_9501.jpg,81059524,,unlimited,STANDARD,ebay
42006475/ebay_9502.jpg,42006475,,first,STANDARD,ebay
78371393/ebay_9504.jpg,78371393,,first,STANDARD,ebay
63356631/ebay_9506.jpg,63356631,,first,SPELL_TRAP,ebay
33396948/ebay_9509.jpg,33396948,,first,STANDARD,ebay
89312388/ebay_9510.jpg,89312388,,first,STANDARD,ebay
89631139/ebay_9515.jpg,89631139,,unlimited,STANDARD,ebay
00911883/ebay_9516.jpg,00911883,,first,SPELL_TRAP,ebay
09596126/ebay_9517.jpg,09596126,,limited,STANDARD,ebay
68084557/ebay_9518.jpg,68084557,,unlimited,STANDARD,ebay
48130397/ebay_9519.jpg,48130397,,first,SPELL_TRAP,ebay
89631139/ebay_9520.jpg,89631139,,first,STANDARD,ebay
29587993/ebay_9522.jpg,29587993,,first,STANDARD,ebay
29587993/ebay_9523.jpg,29587993,,first,STANDARD,ebay
75500286/ebay_9524.jpg,75500286,,unlimited,SPELL_TRAP,ebay
75500286/ebay_9525.jpg,75500286,,first,SPELL_TRAP,ebay
44698398/ebay_9526.jpg,44698398,,first,STANDARD,ebay
70368879/ebay_9528.jpg,70368879,,first,SPELL_TRAP,ebay
20586572/ebay_9529.jpg,20586572,,unlimited,STANDARD,ebay
16195942/ebay_9532.jpg,16195942,,first,STANDARD,ebay
02055403/ebay_9533.jpg,02055403,PGL3-DE039,first,SPELL_TRAP,ebay
96385345/ebay_9534.jpg,96385345,,first,STANDARD,ebay
31437713/ebay_9535.jpg,31437713,,first,STANDARD,ebay
70095154/ebay_9536.jpg,70095154,,limited,STANDARD,ebay
63356631/ebay_9537.jpg,63356631,,,SPELL_TRAP,ebay
76922029/ebay_9540.jpg,76922029,,limited,STANDARD,ebay
21481146/ebay_9542.jpg,21481146,,first,SPELL_TRAP,ebay
46986414/ebay_9543.jpg,46986414,MVP1-DEGV3,limited,STANDARD,ebay
27243130/ebay_9544.jpg,27243130,,unlimited,SPELL_TRAP,ebay
13650422/ebay_9545.jpg,13650422,,first,STANDARD,ebay
89194033/ebay_9547.jpg,89194033,,first,STANDARD,ebay
18239909/ebay_9550.jpg,18239909,,first,STANDARD,ebay
08198620/ebay_9551.jpg,08198620,,unlimited,STANDARD,ebay
43959432/ebay_9554.jpg,43959432,,first,SPELL_TRAP,ebay
35058588/ebay_9556.jpg,35058588,,first,SPELL_TRAP,ebay
68464358/ebay_9557.jpg,68464358,,first,STANDARD,ebay
99267150/ebay_9558.jpg,99267150,,limited,STANDARD,ebay
39765958/ebay_9567.jpg,39765958,,first,STANDARD,ebay
36042004/ebay_9568.jpg,36042004,MGED-DE056,unlimited,STANDARD,ebay
16269385/ebay_9569.jpg,16269385,,first,SPELL_TRAP,ebay
65192027/ebay_957.jpg,65192027,,first,STANDARD,ebay
75500286/ebay_9570.jpg,75500286,,first,SPELL_TRAP,ebay
74530899/ebay_9571.jpg,74530899,,first,STANDARD,ebay
53129443/ebay_9572.jpg,53129443,PGL2-DE089,first,SPELL_TRAP,ebay
89943723/ebay_9573.jpg,89943723,,unlimited,STANDARD,ebay
31766317/ebay_9574.jpg,31766317,,first,STANDARD,ebay
12580477/ebay_9575.jpg,12580477,,unlimited,SPELL_TRAP,ebay
38491199/ebay_9576.jpg,38491199,,first,STANDARD,ebay
89883517/ebay_9577.jpg,89883517,,first,SPELL_TRAP,ebay
33897356/ebay_9578.jpg,33897356,,first,LINK,ebay
84433295/ebay_958.jpg,84433295,,first,STANDARD,ebay
79844764/ebay_9581.jpg,79844764,,first,SPELL_TRAP,ebay
53550467/ebay_9582.jpg,53550467,,first,STANDARD,ebay
61901281/ebay_9583.jpg,61901281,MGED-DE133,first,STANDARD,ebay
20936251/ebay_9585.jpg,20936251,MGED-EN051,unlimited,SPELL_TRAP,ebay
14087893/ebay_9586.jpg,14087893,,first,SPELL_TRAP,ebay
73580471/ebay_9587.jpg,73580471,,first,STANDARD,ebay
01033312/ebay_959.jpg,01033312,,first,SPELL_TRAP,ebay
42752141/ebay_9594.jpg,42752141,,first,STANDARD,ebay
89631139/ebay_9595.jpg,89631139,,unlimited,STANDARD,ebay
57774843/ebay_9597.jpg,57774843,,unlimited,STANDARD,ebay
94145021/ebay_9599.jpg,94145021,,first,STANDARD,ebay
13650422/ebay_9601.jpg,13650422,,first,STANDARD,ebay
52687916/ebay_9602.jpg,52687916,,first,STANDARD,ebay
46986414/ebay_9603.jpg,46986414,MVP1-DEGV3,first,STANDARD,ebay
74063034/ebay_9604.jpg,74063034,,first,SPELL_TRAP,ebay
31924889/ebay_9605.jpg,31924889,,first,STANDARD,ebay
77402960/ebay_9606.jpg,77402960,,first,SPELL_TRAP,ebay
75249652/ebay_9607.jpg,75249652,,first,SPELL_TRAP,ebay
85692042/ebay_9609.jpg,85692042,,first,STANDARD,ebay
55410871/ebay_9610.jpg,55410871,MVP1-DEG04,first,STANDARD,ebay
46986414/ebay_9611.jpg,46986414,MAGO-DE002,,STANDARD,ebay
38033121/ebay_9612.jpg,38033121,,first,STANDARD,ebay
05008836/ebay_9613.jpg,05008836,,limited,STANDARD,ebay
78700060/ebay_9614.jpg,78700060,,first,STANDARD,ebay
75500286/ebay_9615.jpg,75500286,,,SPELL_TRAP,ebay
32600024/ebay_9619.jpg,32600024,,first,STANDARD,ebay
09012916/ebay_962.jpg,09012916,,first,STANDARD,ebay
46986414/ebay_9623.jpg,46986414,MGED-DE002,unlimited,STANDARD,ebay
59305593/ebay_9624.jpg,59305593,,first,SPELL_TRAP,ebay
80908502/ebay_9626.jpg,80908502,,unlimited,STANDARD,ebay
46986414/ebay_9628.jpg,46986414,,unlimited,STANDARD,ebay
46986414/ebay_9629.jpg,46986414,,first,STANDARD,ebay
41375811/ebay_9631.jpg,41375811,,unlimited,STANDARD,ebay
25789292/ebay_9632.jpg,25789292,PGLD-DE047,first,SPELL_TRAP,ebay
27204311/ebay_9635.jpg,27204311,MAGO-DE019,first,STANDARD,ebay
89631139/ebay_9636.jpg,89631139,,limited,STANDARD,ebay
83102080/ebay_9638.jpg,83102080,,first,SPELL_TRAP,ebay
07902349/ebay_9639.jpg,07902349,,first,STANDARD,ebay
33396948/ebay_9641.jpg,33396948,,first,STANDARD,ebay
42006475/ebay_9644.jpg,42006475,,limited,STANDARD,ebay
56746202/ebay_9647.jpg,56746202,,first,STANDARD,ebay
46986414/ebay_9648.jpg,46986414,,first,STANDARD,ebay
57103969/ebay_9649.jpg,57103969,MGED-DE042,first,SPELL_TRAP,ebay
75500286/ebay_9650.jpg,75500286,,unlimited,SPELL_TRAP,ebay
64599569/ebay_9651.jpg,64599569,,unlimited,STANDARD,ebay
22657402/ebay_9652.jpg,22657402,,first,STANDARD,ebay
74677422/ebay_9654.jpg,74677422,,first,STANDARD,ebay
38814750/ebay_9656.jpg,38814750,MGED-DE012,unlimited,STANDARD,ebay
76922029/ebay_9657.jpg,76922029,,unlimited,STANDARD,ebay
05318639/ebay_9658.jpg,05318639,,unlimited,SPELL_TRAP,ebay
67007102/ebay_966.jpg,67007102,,first,SPELL_TRAP,ebay
07409792/ebay_9661.jpg,07409792,,unlimited,STANDARD,ebay
46565218/ebay_9664.jpg,46565218,,first,STANDARD,ebay
46565218/ebay_9665.jpg,46565218,,first,STANDARD,ebay
95442074/ebay_9666.jpg,95442074,,first,STANDARD,ebay
20936251/ebay_9668.jpg,20936251,,unlimited,SPELL_TRAP,ebay
02501624/ebay_967.jpg,02501624,,first,STANDARD,ebay
22653490/ebay_9671.jpg,22653490,PGL3-EN070,first,STANDARD,ebay
53567095/ebay_9674.jpg,53567095,,unlimited,SPELL_TRAP,ebay
75500286/ebay_9676.jpg,75500286,,first,SPELL_TRAP,ebay
44508094/ebay_9677.jpg,44508094,GLD3-EN037,limited,STANDARD,ebay
12580477/ebay_9678.jpg,12580477,,unlimited,SPELL_TRAP,ebay
76913983/ebay_9679.jpg,76913983,PGLD-EN078,unlimited,STANDARD,ebay
06351147/ebay_968.jpg,06351147,,first,SPELL_TRAP,ebay
33256280/ebay_9680.jpg,33256280,GFTP-EN102,first,PENDULUM,ebay
89631139/ebay_9684.jpg,89631139,MAGO-DE001,first,STANDARD,ebay
29669359/ebay_9685.jpg,29669359,PGL3-DE073,first,STANDARD,ebay
48905153/ebay_9687.jpg,48905153,,first,STANDARD,ebay
46986414/ebay_9688.jpg,46986414,,first,STANDARD,ebay
74677422/ebay_9689.jpg,74677422,,first,STANDARD,ebay
70711847/ebay_9690.jpg,70711847,,unlimited,STANDARD,ebay
57103969/ebay_9693.jpg,57103969,PGLD-DE050,first,SPELL_TRAP,ebay
34492631/ebay_9694.jpg,34492631,,first,STANDARD,ebay
08198620/ebay_9696.jpg,08198620,,unlimited,STANDARD,ebay
78625448/ebay_9697.jpg,78625448,,first,STANDARD,ebay
90809975/ebay_9698.jpg,90809975,,first,STANDARD,ebay
26082117/ebay_9699.jpg,26082117,,unlimited,STANDARD,ebay
09070454/ebay_970.jpg,09070454,,first,SPELL_TRAP,ebay
96163807/ebay_9701.jpg,96163807,,first,STANDARD,ebay
73468603/ebay_9702.jpg,73468603,,first,SPELL_TRAP,ebay
54178659/ebay_9705.jpg,54178659,,unlimited,LINK,ebay
08910971/ebay_9706.jpg,08910971,,first,STANDARD,ebay
05318639/ebay_9708.jpg,05318639,,unlimited,SPELL_TRAP,ebay
46986414/ebay_9709.jpg,46986414,MGED-DE002,first,STANDARD,ebay
24317029/ebay_9710.jpg,24317029,PGLD-EN082,unlimited,STANDARD,ebay
72302403/ebay_9712.jpg,72302403,PGLD-DE057,first,SPELL_TRAP,ebay
89943723/ebay_9713.jpg,89943723,,first,STANDARD,ebay
75500286/ebay_9714.jpg,75500286,,first,SPELL_TRAP,ebay
33396948/ebay_9715.jpg,33396948,,first,STANDARD,ebay
32696942/ebay_9716.jpg,32696942,PGLD-EN004,first,STANDARD,ebay
89399912/ebay_9717.jpg,89399912,,first,STANDARD,ebay
66889139/ebay_9718.jpg,66889139,,first,STANDARD,ebay
61070601/ebay_9719.jpg,61070601,,first,SPELL_TRAP,ebay
46986414/ebay_9721.jpg,46986414,MGED-DE002,first,STANDARD,ebay
00423585/ebay_9722.jpg,00423585,,limited,STANDARD,ebay
07391448/ebay_9724.jpg,07391448,,first,STANDARD,ebay
77585513/ebay_9725.jpg,77585513,,limited,STANDARD,ebay
38491199/ebay_9726.jpg,38491199,,first,STANDARD,ebay
83764718/ebay_9727.jpg,83764718,,first,,ebay
74677422/ebay_9729.jpg,74677422,,first,STANDARD,ebay
64599569/ebay_9730.jpg,64599569,PGLD-EN056,unlimited,STANDARD,ebay
89516305/ebay_9731.jpg,89516305,MAGO-EN059,first,STANDARD,ebay
68299524/ebay_9734.jpg,68299524,,first,STANDARD,ebay
83965310/ebay_9736.jpg,83965310,,first,STANDARD,ebay
26077387/ebay_9737.jpg,26077387,,first,STANDARD,ebay
00423585/ebay_9738.jpg,00423585,,unlimited,STANDARD,ebay
09596126/ebay_9741.jpg,09596126,,first,STANDARD,ebay
38033121/ebay_9743.jpg,38033121,MVP1-DEG56,first,STANDARD,ebay
25339070/ebay_9745.jpg,25339070,,unlimited,STANDARD,ebay
75500286/ebay_9749.jpg,75500286,RA02-EN052,first,SPELL_TRAP,ebay
52840267/ebay_9751.jpg,52840267,,first,STANDARD,ebay
20590515/ebay_9753.jpg,20590515,,unlimited,SPELL_TRAP,ebay
83039729/ebay_9757.jpg,83039729,,limited,STANDARD,ebay
09753964/ebay_9760.jpg,09753964,,first,STANDARD,ebay
82633039/ebay_9762.jpg,82633039,,first,STANDARD,ebay
05318639/ebay_9763.jpg,05318639,,first,SPELL_TRAP,ebay
20936251/ebay_9765.jpg,20936251,,first,SPELL_TRAP,ebay
89516305/ebay_9766.jpg,89516305,,first,STANDARD,ebay
97729135/ebay_9768.jpg,97729135,,unlimited,SPELL_TRAP,ebay
88264978/ebay_9769.jpg,88264978,,first,STANDARD,ebay
31643613/ebay_9770.jpg,31643613,,first,SPELL_TRAP,ebay
46986414/ebay_9771.jpg,46986414,MAGO-DE002,first,STANDARD,ebay
70095154/ebay_9772.jpg,70095154,GLD1-DE022,limited,STANDARD,ebay
55878038/ebay_9774.jpg,55878038,,first,STANDARD,ebay
26077387/ebay_9775.jpg,26077387,,first,STANDARD,ebay
94886282/ebay_9777.jpg,94886282,,first,SPELL_TRAP,ebay
38033121/ebay_978.jpg,38033121,LCYW-DE022,first,STANDARD,ebay
81439173/ebay_9780.jpg,81439173,,first,SPELL_TRAP,ebay
21313376/ebay_9781.jpg,21313376,,first,STANDARD,ebay
89399912/ebay_9783.jpg,89399912,,first,STANDARD,ebay
10443957/ebay_9784.jpg,10443957,,first,STANDARD,ebay
83102080/ebay_9785.jpg,83102080,,first,SPELL_TRAP,ebay
12580477/ebay_9788.jpg,12580477,,unlimited,SPELL_TRAP,ebay
46195773/ebay_979.jpg,46195773,,limited,STANDARD,ebay
44508094/ebay_9791.jpg,44508094,GLD3-DE037,limited,STANDARD,ebay
83764718/ebay_9792.jpg,83764718,,first,,ebay
16964437/ebay_9793.jpg,16964437,,first,SPELL_TRAP,ebay
80908502/ebay_9796.jpg,80908502,,unlimited,STANDARD,ebay
81191584/ebay_980.jpg,81191584,,unlimited,SPELL_TRAP,ebay
75190122/ebay_981.jpg,75190122,,limited,SPELL_TRAP,ebay
86346643/ebay_985.jpg,86346643,,first,STANDARD,ebay
93437091/ebay_995.jpg,93437091,,first,SPELL_TRAP,ebay
19153590/ebay_996.jpg,19153590,,limited,STANDARD,ebay
59438930/ebay_999.jpg,59438930,,first,STANDARD,ebay
89943723/pool_105.jpg,89943723,,first,STANDARD,ebay
46986414/pool_107.jpg,46986414,,unlimited,STANDARD,ebay
40921744/pool_11.jpg,40921744,,unlimited,STANDARD,ebay
89631139/pool_113.jpg,89631139,,first,STANDARD,ebay
75434695/pool_119.jpg,75434695,,unlimited,STANDARD,ebay
65240384/pool_120.jpg,65240384,,first,STANDARD,ebay
56733747/pool_128.jpg,56733747,,first,STANDARD,ebay
31386180/pool_134.jpg,31386180,,first,STANDARD,ebay
25652259/pool_148.jpg,25652259,,,STANDARD,ebay
91438674/pool_15.jpg,91438674,,,STANDARD,ebay
15693423/pool_154.jpg,15693423,,,SPELL_TRAP,ebay
52840267/pool_158.jpg,52840267,,first,STANDARD,ebay
85442146/pool_159.jpg,85442146,RA05-DE082,first,SPELL_TRAP,ebay
29948294/pool_160.jpg,29948294,,first,SPELL_TRAP,ebay
74615388/pool_161.jpg,74615388,,first,STANDARD,ebay
90953320/pool_162.jpg,90953320,,first,STANDARD,ebay
50237654/pool_163.jpg,50237654,,first,STANDARD,ebay
52687916/pool_164.jpg,52687916,,first,STANDARD,ebay
60465049/pool_165.jpg,60465049,,first,STANDARD,ebay
23995346/pool_17.jpg,23995346,RP01-DE000,,STANDARD,ebay
46986414/pool_171.jpg,46986414,RA05-DE083,first,STANDARD,ebay
29301450/pool_180.jpg,29301450,,first,LINK,ebay
16387555/pool_181.jpg,16387555,,first,STANDARD,ebay
33760966/pool_182.jpg,33760966,,first,STANDARD,ebay
58916810/pool_185.jpg,58916810,,unlimited,STANDARD,ebay
12197223/pool_188.jpg,12197223,,first,STANDARD,ebay
79853073/pool_191.jpg,79853073,WC4-002,unlimited,STANDARD,ebay
89631139/pool_194.jpg,89631139,PCK-G001,unlimited,STANDARD,ebay
23512906/pool_196.jpg,23512906,,first,STANDARD,ebay
63854005/pool_198.jpg,63854005,,first,SPELL_TRAP,ebay
64631466/pool_30.jpg,64631466,,first,STANDARD,ebay
46986414/pool_31.jpg,46986414,,first,STANDARD,ebay
44095762/pool_33.jpg,44095762,,unlimited,SPELL_TRAP,ebay
44508094/pool_34.jpg,44508094,,first,STANDARD,ebay
67030233/pool_48.jpg,67030233,,,STANDARD,ebay
79856792/pool_50.jpg,79856792,,first,STANDARD,ebay
44508094/pool_53.jpg,44508094,TDGS-DE040,first,STANDARD,ebay
89631139/pool_60.jpg,89631139,,first,STANDARD,ebay
79856792/pool_61.jpg,79856792,,unlimited,STANDARD,ebay
01784686/pool_63.jpg,01784686,,first,SPELL_TRAP,ebay
38517737/pool_65.jpg,38517737,,first,STANDARD,ebay
33248692/pool_71.jpg,33248692,,,SPELL_TRAP,ebay
69890967/pool_78.jpg,69890967,,,STANDARD,ebay
73628505/pool_80.jpg,73628505,,,SPELL_TRAP,ebay
07841112/pool_81.jpg,07841112,,,STANDARD,ebay
20357457/pool_86.jpg,20357457,,unlimited,STANDARD,ebay
38033121/pool_9.jpg,38033121,,,STANDARD,ebay
38033121/pool_94.jpg,38033121,,first,STANDARD,ebay
